fund_id,fund_name,class_id,period_end,nav_return,status,confidence,source_url,accession,filing_date,report_date
S000000856,Parnassus Core Equity Fund,C000002471,2019-07-31,0.00018800000000000002,disclosed,1.0,https://www.sec.gov/Archives/edgar/data/866256/000114554919048973/primary_doc.xml,0001145549-19-048973,2019-11-27,2019-09-30
S000000856,Parnassus Core Equity Fund,C000002471,2019-08-31,-8e-06,disclosed,1.0,https://www.sec.gov/Archives/edgar/data/866256/000114554919048973/primary_doc.xml,0001145549-19-048973,2019-11-27,2019-09-30
S000000856,Parnassus Core Equity Fund,C000002471,2019-09-30,5e-05,disclosed,1.0,https://www.sec.gov/Archives/edgar/data/866256/000114554919048973/primary_doc.xml,0001145549-19-048973,2019-11-27,2019-09-30
S000000856,Parnassus Core Equity Fund,C000002471,2019-10-31,3.2e-05,disclosed,1.0,https://www.sec.gov/Archives/edgar/data/866256/000114554920011320/primary_doc.xml,0001145549-20-011320,2020-02-28,2019-12-31
S000000856,Parnassus Core Equity Fund,C000002471,2019-11-30,0.00038100000000000005,disclosed,1.0,https://www.sec.gov/Archives/edgar/data/866256/000114554920011320/primary_doc.xml,0001145549-20-011320,2020-02-28,2019-12-31
S000000856,Parnassus Core Equity Fund,C000002471,2019-12-31,0.00020400000000000003,disclosed,1.0,https://www.sec.gov/Archives/edgar/data/866256/000114554920011320/primary_doc.xml,0001145549-20-011320,2020-02-28,2019-12-31
S000000856,Parnassus Core Equity Fund,C000002471,2020-01-31,1.1000000000000001e-05,disclosed,1.0,https://www.sec.gov/Archives/edgar/data/866256/000114554920025929/primary_doc.xml,0001145549-20-025929,2020-05-21,2020-03-31
S000000856,Parnassus Core Equity Fund,C000002471,2020-02-29,-0.0007729999999999999,disclosed,1.0,https://www.sec.gov/Archives/edgar/data/866256/000114554920025929/primary_doc.xml,0001145549-20-025929,2020-05-21,2020-03-31
S000000856,Parnassus Core Equity Fund,C000002471,2020-03-31,-0.0010040000000000001,disclosed,1.0,https://www.sec.gov/Archives/edgar/data/866256/000114554920025929/primary_doc.xml,0001145549-20-025929,2020-05-21,2020-03-31
S000000856,Parnassus Core Equity Fund,C000002471,2020-04-30,0.001016,disclosed,1.0,https://www.sec.gov/Archives/edgar/data/866256/000114554920050623/primary_doc.xml,0001145549-20-050623,2020-08-27,2020-06-30
S000000856,Parnassus Core Equity Fund,C000002471,2020-05-31,0.000457,disclosed,1.0,https://www.sec.gov/Archives/edgar/data/866256/000114554920050623/primary_doc.xml,0001145549-20-050623,2020-08-27,2020-06-30
S000000856,Parnassus Core Equity Fund,C000002471,2020-06-30,0.00023199999999999997,disclosed,1.0,https://www.sec.gov/Archives/edgar/data/866256/000114554920050623/primary_doc.xml,0001145549-20-050623,2020-08-27,2020-06-30
S000000856,Parnassus Core Equity Fund,C000002471,2020-07-31,0.00068,disclosed,1.0,https://www.sec.gov/Archives/edgar/data/866256/000114554920067360/primary_doc.xml,0001145549-20-067360,2020-11-20,2020-09-30
S000000856,Parnassus Core Equity Fund,C000002471,2020-08-31,0.0006169999999999999,disclosed,1.0,https://www.sec.gov/Archives/edgar/data/866256/000114554920067360/primary_doc.xml,0001145549-20-067360,2020-11-20,2020-09-30
S000000856,Parnassus Core Equity Fund,C000002471,2020-09-30,-0.00017500000000000003,disclosed,1.0,https://www.sec.gov/Archives/edgar/data/866256/000114554920067360/primary_doc.xml,0001145549-20-067360,2020-11-20,2020-09-30
S000000856,Parnassus Core Equity Fund,C000002471,2020-10-31,-0.00025299999999999997,disclosed,1.0,https://www.sec.gov/Archives/edgar/data/866256/000114554921007121/primary_doc.xml,0001145549-21-007121,2021-02-17,2020-12-31
S000000856,Parnassus Core Equity Fund,C000002471,2020-11-30,0.001036,disclosed,1.0,https://www.sec.gov/Archives/edgar/data/866256/000114554921007121/primary_doc.xml,0001145549-21-007121,2021-02-17,2020-12-31
S000000856,Parnassus Core Equity Fund,C000002471,2020-12-31,0.00032599999999999996,disclosed,1.0,https://www.sec.gov/Archives/edgar/data/866256/000114554921007121/primary_doc.xml,0001145549-21-007121,2021-02-17,2020-12-31
S000000856,Parnassus Core Equity Fund,C000002471,2021-01-31,-0.000164,disclosed,1.0,https://www.sec.gov/Archives/edgar/data/866256/000114554921028487/primary_doc.xml,0001145549-21-028487,2021-05-24,2021-03-31
S000000856,Parnassus Core Equity Fund,C000002471,2021-02-28,0.000398,disclosed,1.0,https://www.sec.gov/Archives/edgar/data/866256/000114554921028487/primary_doc.xml,0001145549-21-028487,2021-05-24,2021-03-31
S000000856,Parnassus Core Equity Fund,C000002471,2021-03-31,0.000475,disclosed,1.0,https://www.sec.gov/Archives/edgar/data/866256/000114554921028487/primary_doc.xml,0001145549-21-028487,2021-05-24,2021-03-31
S000000856,Parnassus Core Equity Fund,C000002471,2021-04-30,0.00046,disclosed,1.0,https://www.sec.gov/Archives/edgar/data/866256/000114554921047088/primary_doc.xml,0001145549-21-047088,2021-08-23,2021-06-30
S000000856,Parnassus Core Equity Fund,C000002471,2021-05-31,6.7e-05,disclosed,1.0,https://www.sec.gov/Archives/edgar/data/866256/000114554921047088/primary_doc.xml,0001145549-21-047088,2021-08-23,2021-06-30
S000000856,Parnassus Core Equity Fund,C000002471,2021-06-30,0.000199,disclosed,1.0,https://www.sec.gov/Archives/edgar/data/866256/000114554921047088/primary_doc.xml,0001145549-21-047088,2021-08-23,2021-06-30
S000000856,Parnassus Core Equity Fund,C000002471,2021-07-31,0.00032599999999999996,disclosed,1.0,https://www.sec.gov/Archives/edgar/data/866256/000114554921065835/primary_doc.xml,0001145549-21-065835,2021-11-17,2021-09-30
S000000856,Parnassus Core Equity Fund,C000002471,2021-08-31,0.000281,disclosed,1.0,https://www.sec.gov/Archives/edgar/data/866256/000114554921065835/primary_doc.xml,0001145549-21-065835,2021-11-17,2021-09-30
S000000856,Parnassus Core Equity Fund,C000002471,2021-09-30,-0.000569,disclosed,1.0,https://www.sec.gov/Archives/edgar/data/866256/000114554921065835/primary_doc.xml,0001145549-21-065835,2021-11-17,2021-09-30
S000000856,Parnassus Core Equity Fund,C000002471,2021-10-31,0.000586,disclosed,1.0,https://www.sec.gov/Archives/edgar/data/866256/000114554922011150/primary_doc.xml,0001145549-22-011150,2022-02-25,2021-12-31
S000000856,Parnassus Core Equity Fund,C000002471,2021-11-30,2.3999999999999997e-05,disclosed,1.0,https://www.sec.gov/Archives/edgar/data/866256/000114554922011150/primary_doc.xml,0001145549-22-011150,2022-02-25,2021-12-31
S000000856,Parnassus Core Equity Fund,C000002471,2021-12-31,0.00043499999999999995,disclosed,1.0,https://www.sec.gov/Archives/edgar/data/866256/000114554922011150/primary_doc.xml,0001145549-22-011150,2022-02-25,2021-12-31
S000000856,Parnassus Core Equity Fund,C000002471,2022-01-31,-0.000503,disclosed,1.0,https://www.sec.gov/Archives/edgar/data/866256/000114554922029272/primary_doc.xml,0001145549-22-029272,2022-05-24,2022-03-31
S000000856,Parnassus Core Equity Fund,C000002471,2022-02-28,-0.000392,disclosed,1.0,https://www.sec.gov/Archives/edgar/data/866256/000114554922029272/primary_doc.xml,0001145549-22-029272,2022-05-24,2022-03-31
S000000856,Parnassus Core Equity Fund,C000002471,2022-03-31,0.00033,disclosed,1.0,https://www.sec.gov/Archives/edgar/data/866256/000114554922029272/primary_doc.xml,0001145549-22-029272,2022-05-24,2022-03-31
S000000856,Parnassus Core Equity Fund,C000002471,2022-04-30,-0.000824,disclosed,1.0,https://www.sec.gov/Archives/edgar/data/866256/000114554922046955/primary_doc.xml,0001145549-22-046955,2022-08-09,2022-06-30
S000000856,Parnassus Core Equity Fund,C000002471,2022-05-31,-0.000117,disclosed,1.0,https://www.sec.gov/Archives/edgar/data/866256/000114554922046955/primary_doc.xml,0001145549-22-046955,2022-08-09,2022-06-30
S000000856,Parnassus Core Equity Fund,C000002471,2022-06-30,-0.000665,disclosed,1.0,https://www.sec.gov/Archives/edgar/data/866256/000114554922046955/primary_doc.xml,0001145549-22-046955,2022-08-09,2022-06-30
S000000856,Parnassus Core Equity Fund,C000002471,2022-07-31,0.000794,disclosed,1.0,https://www.sec.gov/Archives/edgar/data/866256/000114554922069797/primary_doc.xml,0001145549-22-069797,2022-11-25,2022-09-30
S000000856,Parnassus Core Equity Fund,C000002471,2022-08-31,-0.000427,disclosed,1.0,https://www.sec.gov/Archives/edgar/data/866256/000114554922069797/primary_doc.xml,0001145549-22-069797,2022-11-25,2022-09-30
S000000856,Parnassus Core Equity Fund,C000002471,2022-09-30,-0.000993,disclosed,1.0,https://www.sec.gov/Archives/edgar/data/866256/000114554922069797/primary_doc.xml,0001145549-22-069797,2022-11-25,2022-09-30
S000000856,Parnassus Core Equity Fund,C000002471,2022-10-31,0.000786,disclosed,1.0,https://www.sec.gov/Archives/edgar/data/866256/000114554923007275/primary_doc.xml,0001145549-23-007275,2023-02-21,2022-12-31
S000000856,Parnassus Core Equity Fund,C000002471,2022-11-30,0.000751,disclosed,1.0,https://www.sec.gov/Archives/edgar/data/866256/000114554923007275/primary_doc.xml,0001145549-23-007275,2023-02-21,2022-12-31
S000000856,Parnassus Core Equity Fund,C000002471,2022-12-31,-0.00055,disclosed,1.0,https://www.sec.gov/Archives/edgar/data/866256/000114554923007275/primary_doc.xml,0001145549-23-007275,2023-02-21,2022-12-31
S000000856,Parnassus Core Equity Fund,C000002471,2023-01-31,0.000548,disclosed,1.0,https://www.sec.gov/Archives/edgar/data/866256/000114554923035343/primary_doc.xml,0001145549-23-035343,2023-05-30,2023-03-31
S000000856,Parnassus Core Equity Fund,C000002471,2023-01-31,0.000548,disclosed,1.0,https://www.sec.gov/Archives/edgar/data/866256/000114554923036817/primary_doc.xml,0001145549-23-036817,2023-06-13,2023-03-31
S000000856,Parnassus Core Equity Fund,C000002471,2023-01-31,0.000548,disclosed,1.0,https://www.sec.gov/Archives/edgar/data/866256/000114554923037015/primary_doc.xml,0001145549-23-037015,2023-06-14,2023-03-31
S000000856,Parnassus Core Equity Fund,C000002471,2023-02-28,-0.000257,disclosed,1.0,https://www.sec.gov/Archives/edgar/data/866256/000114554923035343/primary_doc.xml,0001145549-23-035343,2023-05-30,2023-03-31
S000000856,Parnassus Core Equity Fund,C000002471,2023-02-28,-0.000257,disclosed,1.0,https://www.sec.gov/Archives/edgar/data/866256/000114554923036817/primary_doc.xml,0001145549-23-036817,2023-06-13,2023-03-31
S000000856,Parnassus Core Equity Fund,C000002471,2023-02-28,-0.000257,disclosed,1.0,https://www.sec.gov/Archives/edgar/data/866256/000114554923037015/primary_doc.xml,0001145549-23-037015,2023-06-14,2023-03-31
S000000856,Parnassus Core Equity Fund,C000002471,2023-03-31,0.00046399999999999995,disclosed,1.0,https://www.sec.gov/Archives/edgar/data/866256/000114554923035343/primary_doc.xml,0001145549-23-035343,2023-05-30,2023-03-31
S000000856,Parnassus Core Equity Fund,C000002471,2023-03-31,0.00046399999999999995,disclosed,1.0,https://www.sec.gov/Archives/edgar/data/866256/000114554923036817/primary_doc.xml,0001145549-23-036817,2023-06-13,2023-03-31
S000000856,Parnassus Core Equity Fund,C000002471,2023-03-31,0.00046399999999999995,disclosed,1.0,https://www.sec.gov/Archives/edgar/data/866256/000114554923037015/primary_doc.xml,0001145549-23-037015,2023-06-14,2023-03-31
S000000856,Parnassus Core Equity Fund,C000002471,2023-04-30,0.000155,disclosed,1.0,https://www.sec.gov/Archives/edgar/data/866256/000114554923046828/primary_doc.xml,0001145549-23-046828,2023-08-14,2023-06-30
S000000856,Parnassus Core Equity Fund,C000002471,2023-05-31,4e-06,disclosed,1.0,https://www.sec.gov/Archives/edgar/data/866256/000114554923046828/primary_doc.xml,0001145549-23-046828,2023-08-14,2023-06-30
S000000856,Parnassus Core Equity Fund,C000002471,2023-06-30,0.000579,disclosed,1.0,https://www.sec.gov/Archives/edgar/data/866256/000114554923046828/primary_doc.xml,0001145549-23-046828,2023-08-14,2023-06-30
S000000856,Parnassus Core Equity Fund,C000002471,2023-07-31,0.000338,disclosed,1.0,https://www.sec.gov/Archives/edgar/data/866256/000114554923066472/primary_doc.xml,0001145549-23-066472,2023-11-08,2023-09-30
S000000856,Parnassus Core Equity Fund,C000002471,2023-08-31,-0.000127,disclosed,1.0,https://www.sec.gov/Archives/edgar/data/866256/000114554923066472/primary_doc.xml,0001145549-23-066472,2023-11-08,2023-09-30
S000000856,Parnassus Core Equity Fund,C000002471,2023-09-30,-0.000525,disclosed,1.0,https://www.sec.gov/Archives/edgar/data/866256/000114554923066472/primary_doc.xml,0001145549-23-066472,2023-11-08,2023-09-30
S000000856,Parnassus Core Equity Fund,C000002471,2023-10-31,-0.00016299999999999998,disclosed,1.0,https://www.sec.gov/Archives/edgar/data/866256/000114554924005796/primary_doc.xml,0001145549-24-005796,2024-02-07,2023-12-31
S000000856,Parnassus Core Equity Fund,C000002471,2023-11-30,0.000903,disclosed,1.0,https://www.sec.gov/Archives/edgar/data/866256/000114554924005796/primary_doc.xml,0001145549-24-005796,2024-02-07,2023-12-31
S000000856,Parnassus Core Equity Fund,C000002471,2023-12-31,0.000421,disclosed,1.0,https://www.sec.gov/Archives/edgar/data/866256/000114554924005796/primary_doc.xml,0001145549-24-005796,2024-02-07,2023-12-31
S000000856,Parnassus Core Equity Fund,C000002471,2024-01-31,0.000169,disclosed,1.0,https://www.sec.gov/Archives/edgar/data/866256/000114554924027353/primary_doc.xml,0001145549-24-027353,2024-05-16,2024-03-31
S000000856,Parnassus Core Equity Fund,C000002471,2024-02-29,0.000446,disclosed,1.0,https://www.sec.gov/Archives/edgar/data/866256/000114554924027353/primary_doc.xml,0001145549-24-027353,2024-05-16,2024-03-31
S000000856,Parnassus Core Equity Fund,C000002471,2024-03-31,0.00035499999999999996,disclosed,1.0,https://www.sec.gov/Archives/edgar/data/866256/000114554924027353/primary_doc.xml,0001145549-24-027353,2024-05-16,2024-03-31
S000000856,Parnassus Core Equity Fund,C000002471,2024-04-30,-0.0481,disclosed,1.0,https://www.sec.gov/Archives/edgar/data/866256/000175272424172713/primary_doc.xml,0001752724-24-172713,2024-08-12,2024-06-30
S000000856,Parnassus Core Equity Fund,C000002471,2024-05-31,0.0285,disclosed,1.0,https://www.sec.gov/Archives/edgar/data/866256/000175272424172713/primary_doc.xml,0001752724-24-172713,2024-08-12,2024-06-30
S000000856,Parnassus Core Equity Fund,C000002471,2024-06-30,0.0404,disclosed,1.0,https://www.sec.gov/Archives/edgar/data/866256/000175272424172713/primary_doc.xml,0001752724-24-172713,2024-08-12,2024-06-30
S000000856,Parnassus Core Equity Fund,C000002471,2024-07-31,0.019,disclosed,1.0,https://www.sec.gov/Archives/edgar/data/866256/000175272424246668/primary_doc.xml,0001752724-24-246668,2024-11-08,2024-09-30
S000000856,Parnassus Core Equity Fund,C000002471,2024-08-31,0.015,disclosed,1.0,https://www.sec.gov/Archives/edgar/data/866256/000175272424246668/primary_doc.xml,0001752724-24-246668,2024-11-08,2024-09-30
S000000856,Parnassus Core Equity Fund,C000002471,2024-09-30,0.020099999999999996,disclosed,1.0,https://www.sec.gov/Archives/edgar/data/866256/000175272424246668/primary_doc.xml,0001752724-24-246668,2024-11-08,2024-09-30
S000000856,Parnassus Core Equity Fund,C000002471,2024-10-31,-0.0182,disclosed,1.0,https://www.sec.gov/Archives/edgar/data/866256/000175272425024370/primary_doc.xml,0001752724-25-024370,2025-02-14,2024-12-31
S000000856,Parnassus Core Equity Fund,C000002471,2024-11-30,0.0572,disclosed,1.0,https://www.sec.gov/Archives/edgar/data/866256/000175272425024370/primary_doc.xml,0001752724-25-024370,2025-02-14,2024-12-31
S000000856,Parnassus Core Equity Fund,C000002471,2024-12-31,-0.034,disclosed,1.0,https://www.sec.gov/Archives/edgar/data/866256/000175272425024370/primary_doc.xml,0001752724-25-024370,2025-02-14,2024-12-31
S000000856,Parnassus Core Equity Fund,C000002471,2025-01-31,0.037599999999999995,disclosed,1.0,https://www.sec.gov/Archives/edgar/data/866256/000175272425097835/primary_doc.xml,0001752724-25-097835,2025-05-05,2025-03-31
S000000856,Parnassus Core Equity Fund,C000002471,2025-02-28,-0.0121,disclosed,1.0,https://www.sec.gov/Archives/edgar/data/866256/000175272425097835/primary_doc.xml,0001752724-25-097835,2025-05-05,2025-03-31
S000000856,Parnassus Core Equity Fund,C000002471,2025-03-31,-0.0482,disclosed,1.0,https://www.sec.gov/Archives/edgar/data/866256/000175272425097835/primary_doc.xml,0001752724-25-097835,2025-05-05,2025-03-31
S000000856,Parnassus Core Equity Fund,C000002471,2025-04-30,0.0009,disclosed,1.0,https://www.sec.gov/Archives/edgar/data/866256/000175272425181415/primary_doc.xml,0001752724-25-181415,2025-07-29,2025-06-30
S000000856,Parnassus Core Equity Fund,C000002471,2025-05-31,0.0518,disclosed,1.0,https://www.sec.gov/Archives/edgar/data/866256/000175272425181415/primary_doc.xml,0001752724-25-181415,2025-07-29,2025-06-30
S000000856,Parnassus Core Equity Fund,C000002471,2025-06-30,0.0432,disclosed,1.0,https://www.sec.gov/Archives/edgar/data/866256/000175272425181415/primary_doc.xml,0001752724-25-181415,2025-07-29,2025-06-30
S000000856,Parnassus Core Equity Fund,C000002471,2025-07-31,0.022000000000000002,disclosed,1.0,https://www.sec.gov/Archives/edgar/data/866256/000100371525001032/primary_doc.xml,0001003715-25-001032,2025-10-30,2025-09-30
S000000856,Parnassus Core Equity Fund,C000002471,2025-08-31,-0.002,disclosed,1.0,https://www.sec.gov/Archives/edgar/data/866256/000100371525001032/primary_doc.xml,0001003715-25-001032,2025-10-30,2025-09-30
S000000856,Parnassus Core Equity Fund,C000002471,2025-09-30,0.005699999999999999,disclosed,1.0,https://www.sec.gov/Archives/edgar/data/866256/000100371525001032/primary_doc.xml,0001003715-25-001032,2025-10-30,2025-09-30
S000000856,Parnassus Core Equity Fund,C000002471,2025-10-31,0.0176,disclosed,1.0,https://www.sec.gov/Archives/edgar/data/866256/000100371526000215/primary_doc.xml,0001003715-26-000215,2026-01-23,2025-12-31
S000000856,Parnassus Core Equity Fund,C000002471,2025-11-30,0.0053,disclosed,1.0,https://www.sec.gov/Archives/edgar/data/866256/000100371526000215/primary_doc.xml,0001003715-26-000215,2026-01-23,2025-12-31
S000000856,Parnassus Core Equity Fund,C000002471,2025-12-31,-0.0068000000000000005,disclosed,1.0,https://www.sec.gov/Archives/edgar/data/866256/000100371526000215/primary_doc.xml,0001003715-26-000215,2026-01-23,2025-12-31
S000000856,Parnassus Core Equity Fund,C000002471,2026-01-31,0.0148,disclosed,1.0,https://www.sec.gov/Archives/edgar/data/866256/000100371526001630/primary_doc.xml,0001003715-26-001630,2026-05-06,2026-03-31
S000000856,Parnassus Core Equity Fund,C000002471,2026-02-28,-0.015,disclosed,1.0,https://www.sec.gov/Archives/edgar/data/866256/000100371526001630/primary_doc.xml,0001003715-26-001630,2026-05-06,2026-03-31
S000000856,Parnassus Core Equity Fund,C000002471,2026-03-31,-0.061399999999999996,disclosed,1.0,https://www.sec.gov/Archives/edgar/data/866256/000100371526001630/primary_doc.xml,0001003715-26-001630,2026-05-06,2026-03-31
S000000856,Parnassus Core Equity Fund,C000002471,2026-04-30,0.1033,disclosed,1.0,https://www.sec.gov/Archives/edgar/data/866256/000100371526002722/primary_doc.xml,0001003715-26-002722,2026-07-20,2026-06-30
S000000856,Parnassus Core Equity Fund,C000002471,2026-05-31,0.0256,disclosed,1.0,https://www.sec.gov/Archives/edgar/data/866256/000100371526002722/primary_doc.xml,0001003715-26-002722,2026-07-20,2026-06-30
S000000856,Parnassus Core Equity Fund,C000002471,2026-06-30,0.0325,disclosed,1.0,https://www.sec.gov/Archives/edgar/data/866256/000100371526002722/primary_doc.xml,0001003715-26-002722,2026-07-20,2026-06-30
S000000856,Parnassus Core Equity Fund,C000102327,2019-07-31,0.00018999999999999998,disclosed,1.0,https://www.sec.gov/Archives/edgar/data/866256/000114554919048973/primary_doc.xml,0001145549-19-048973,2019-11-27,2019-09-30
S000000856,Parnassus Core Equity Fund,C000102327,2019-08-31,-5.999999999999999e-06,disclosed,1.0,https://www.sec.gov/Archives/edgar/data/866256/000114554919048973/primary_doc.xml,0001145549-19-048973,2019-11-27,2019-09-30
S000000856,Parnassus Core Equity Fund,C000102327,2019-09-30,5.4000000000000005e-05,disclosed,1.0,https://www.sec.gov/Archives/edgar/data/866256/000114554919048973/primary_doc.xml,0001145549-19-048973,2019-11-27,2019-09-30
S000000856,Parnassus Core Equity Fund,C000102327,2019-10-31,3.1e-05,disclosed,1.0,https://www.sec.gov/Archives/edgar/data/866256/000114554920011320/primary_doc.xml,0001145549-20-011320,2020-02-28,2019-12-31
S000000856,Parnassus Core Equity Fund,C000102327,2019-11-30,0.000383,disclosed,1.0,https://www.sec.gov/Archives/edgar/data/866256/000114554920011320/primary_doc.xml,0001145549-20-011320,2020-02-28,2019-12-31
S000000856,Parnassus Core Equity Fund,C000102327,2019-12-31,0.000208,disclosed,1.0,https://www.sec.gov/Archives/edgar/data/866256/000114554920011320/primary_doc.xml,0001145549-20-011320,2020-02-28,2019-12-31
S000000856,Parnassus Core Equity Fund,C000102327,2020-01-31,1.1000000000000001e-05,disclosed,1.0,https://www.sec.gov/Archives/edgar/data/866256/000114554920025929/primary_doc.xml,0001145549-20-025929,2020-05-21,2020-03-31
S000000856,Parnassus Core Equity Fund,C000102327,2020-02-29,-0.0007679999999999999,disclosed,1.0,https://www.sec.gov/Archives/edgar/data/866256/000114554920025929/primary_doc.xml,0001145549-20-025929,2020-05-21,2020-03-31
S000000856,Parnassus Core Equity Fund,C000102327,2020-03-31,-0.001,disclosed,1.0,https://www.sec.gov/Archives/edgar/data/866256/000114554920025929/primary_doc.xml,0001145549-20-025929,2020-05-21,2020-03-31
S000000856,Parnassus Core Equity Fund,C000102327,2020-04-30,0.0010140000000000001,disclosed,1.0,https://www.sec.gov/Archives/edgar/data/866256/000114554920050623/primary_doc.xml,0001145549-20-050623,2020-08-27,2020-06-30
S000000856,Parnassus Core Equity Fund,C000102327,2020-05-31,0.00046,disclosed,1.0,https://www.sec.gov/Archives/edgar/data/866256/000114554920050623/primary_doc.xml,0001145549-20-050623,2020-08-27,2020-06-30
S000000856,Parnassus Core Equity Fund,C000102327,2020-06-30,0.000234,disclosed,1.0,https://www.sec.gov/Archives/edgar/data/866256/000114554920050623/primary_doc.xml,0001145549-20-050623,2020-08-27,2020-06-30
S000000856,Parnassus Core Equity Fund,C000102327,2020-07-31,0.000683,disclosed,1.0,https://www.sec.gov/Archives/edgar/data/866256/000114554920067360/primary_doc.xml,0001145549-20-067360,2020-11-20,2020-09-30
S000000856,Parnassus Core Equity Fund,C000102327,2020-08-31,0.0006169999999999999,disclosed,1.0,https://www.sec.gov/Archives/edgar/data/866256/000114554920067360/primary_doc.xml,0001145549-20-067360,2020-11-20,2020-09-30
S000000856,Parnassus Core Equity Fund,C000102327,2020-09-30,-0.000173,disclosed,1.0,https://www.sec.gov/Archives/edgar/data/866256/000114554920067360/primary_doc.xml,0001145549-20-067360,2020-11-20,2020-09-30
S000000856,Parnassus Core Equity Fund,C000102327,2020-10-31,-0.000252,disclosed,1.0,https://www.sec.gov/Archives/edgar/data/866256/000114554921007121/primary_doc.xml,0001145549-21-007121,2021-02-17,2020-12-31
S000000856,Parnassus Core Equity Fund,C000102327,2020-11-30,0.00104,disclosed,1.0,https://www.sec.gov/Archives/edgar/data/866256/000114554921007121/primary_doc.xml,0001145549-21-007121,2021-02-17,2020-12-31
S000000856,Parnassus Core Equity Fund,C000102327,2020-12-31,0.00032599999999999996,disclosed,1.0,https://www.sec.gov/Archives/edgar/data/866256/000114554921007121/primary_doc.xml,0001145549-21-007121,2021-02-17,2020-12-31
S000000856,Parnassus Core Equity Fund,C000102327,2021-01-31,-0.00016199999999999998,disclosed,1.0,https://www.sec.gov/Archives/edgar/data/866256/000114554921028487/primary_doc.xml,0001145549-21-028487,2021-05-24,2021-03-31
S000000856,Parnassus Core Equity Fund,C000102327,2021-02-28,0.000399,disclosed,1.0,https://www.sec.gov/Archives/edgar/data/866256/000114554921028487/primary_doc.xml,0001145549-21-028487,2021-05-24,2021-03-31
S000000856,Parnassus Core Equity Fund,C000102327,2021-03-31,0.000477,disclosed,1.0,https://www.sec.gov/Archives/edgar/data/866256/000114554921028487/primary_doc.xml,0001145549-21-028487,2021-05-24,2021-03-31
S000000856,Parnassus Core Equity Fund,C000102327,2021-04-30,0.00046199999999999995,disclosed,1.0,https://www.sec.gov/Archives/edgar/data/866256/000114554921047088/primary_doc.xml,0001145549-21-047088,2021-08-23,2021-06-30
S000000856,Parnassus Core Equity Fund,C000102327,2021-05-31,6.6e-05,disclosed,1.0,https://www.sec.gov/Archives/edgar/data/866256/000114554921047088/primary_doc.xml,0001145549-21-047088,2021-08-23,2021-06-30
S000000856,Parnassus Core Equity Fund,C000102327,2021-06-30,0.000201,disclosed,1.0,https://www.sec.gov/Archives/edgar/data/866256/000114554921047088/primary_doc.xml,0001145549-21-047088,2021-08-23,2021-06-30
S000000856,Parnassus Core Equity Fund,C000102327,2021-07-31,0.000327,disclosed,1.0,https://www.sec.gov/Archives/edgar/data/866256/000114554921065835/primary_doc.xml,0001145549-21-065835,2021-11-17,2021-09-30
S000000856,Parnassus Core Equity Fund,C000102327,2021-08-31,0.000284,disclosed,1.0,https://www.sec.gov/Archives/edgar/data/866256/000114554921065835/primary_doc.xml,0001145549-21-065835,2021-11-17,2021-09-30
S000000856,Parnassus Core Equity Fund,C000102327,2021-09-30,-0.000567,disclosed,1.0,https://www.sec.gov/Archives/edgar/data/866256/000114554921065835/primary_doc.xml,0001145549-21-065835,2021-11-17,2021-09-30
S000000856,Parnassus Core Equity Fund,C000102327,2021-10-31,0.000586,disclosed,1.0,https://www.sec.gov/Archives/edgar/data/866256/000114554922011150/primary_doc.xml,0001145549-22-011150,2022-02-25,2021-12-31
S000000856,Parnassus Core Equity Fund,C000102327,2021-11-30,2.7000000000000002e-05,disclosed,1.0,https://www.sec.gov/Archives/edgar/data/866256/000114554922011150/primary_doc.xml,0001145549-22-011150,2022-02-25,2021-12-31
S000000856,Parnassus Core Equity Fund,C000102327,2021-12-31,0.00043700000000000005,disclosed,1.0,https://www.sec.gov/Archives/edgar/data/866256/000114554922011150/primary_doc.xml,0001145549-22-011150,2022-02-25,2021-12-31
S000000856,Parnassus Core Equity Fund,C000102327,2022-01-31,-0.0005020000000000001,disclosed,1.0,https://www.sec.gov/Archives/edgar/data/866256/000114554922029272/primary_doc.xml,0001145549-22-029272,2022-05-24,2022-03-31
S000000856,Parnassus Core Equity Fund,C000102327,2022-02-28,-0.00038899999999999997,disclosed,1.0,https://www.sec.gov/Archives/edgar/data/866256/000114554922029272/primary_doc.xml,0001145549-22-029272,2022-05-24,2022-03-31
S000000856,Parnassus Core Equity Fund,C000102327,2022-03-31,0.00033099999999999997,disclosed,1.0,https://www.sec.gov/Archives/edgar/data/866256/000114554922029272/primary_doc.xml,0001145549-22-029272,2022-05-24,2022-03-31
S000000856,Parnassus Core Equity Fund,C000102327,2022-04-30,-0.00082,disclosed,1.0,https://www.sec.gov/Archives/edgar/data/866256/000114554922046955/primary_doc.xml,0001145549-22-046955,2022-08-09,2022-06-30
S000000856,Parnassus Core Equity Fund,C000102327,2022-05-31,-0.00011599999999999999,disclosed,1.0,https://www.sec.gov/Archives/edgar/data/866256/000114554922046955/primary_doc.xml,0001145549-22-046955,2022-08-09,2022-06-30
S000000856,Parnassus Core Equity Fund,C000102327,2022-06-30,-0.000663,disclosed,1.0,https://www.sec.gov/Archives/edgar/data/866256/000114554922046955/primary_doc.xml,0001145549-22-046955,2022-08-09,2022-06-30
S000000856,Parnassus Core Equity Fund,C000102327,2022-07-31,0.000796,disclosed,1.0,https://www.sec.gov/Archives/edgar/data/866256/000114554922069797/primary_doc.xml,0001145549-22-069797,2022-11-25,2022-09-30
S000000856,Parnassus Core Equity Fund,C000102327,2022-08-31,-0.000426,disclosed,1.0,https://www.sec.gov/Archives/edgar/data/866256/000114554922069797/primary_doc.xml,0001145549-22-069797,2022-11-25,2022-09-30
S000000856,Parnassus Core Equity Fund,C000102327,2022-09-30,-0.000991,disclosed,1.0,https://www.sec.gov/Archives/edgar/data/866256/000114554922069797/primary_doc.xml,0001145549-22-069797,2022-11-25,2022-09-30
S000000856,Parnassus Core Equity Fund,C000102327,2022-10-31,0.000789,disclosed,1.0,https://www.sec.gov/Archives/edgar/data/866256/000114554923007275/primary_doc.xml,0001145549-23-007275,2023-02-21,2022-12-31
S000000856,Parnassus Core Equity Fund,C000102327,2022-11-30,0.000751,disclosed,1.0,https://www.sec.gov/Archives/edgar/data/866256/000114554923007275/primary_doc.xml,0001145549-23-007275,2023-02-21,2022-12-31
S000000856,Parnassus Core Equity Fund,C000102327,2022-12-31,-0.000548,disclosed,1.0,https://www.sec.gov/Archives/edgar/data/866256/000114554923007275/primary_doc.xml,0001145549-23-007275,2023-02-21,2022-12-31
S000000856,Parnassus Core Equity Fund,C000102327,2023-01-31,0.0005510000000000001,disclosed,1.0,https://www.sec.gov/Archives/edgar/data/866256/000114554923035343/primary_doc.xml,0001145549-23-035343,2023-05-30,2023-03-31
S000000856,Parnassus Core Equity Fund,C000102327,2023-01-31,0.0005510000000000001,disclosed,1.0,https://www.sec.gov/Archives/edgar/data/866256/000114554923036817/primary_doc.xml,0001145549-23-036817,2023-06-13,2023-03-31
S000000856,Parnassus Core Equity Fund,C000102327,2023-01-31,0.0005510000000000001,disclosed,1.0,https://www.sec.gov/Archives/edgar/data/866256/000114554923037015/primary_doc.xml,0001145549-23-037015,2023-06-14,2023-03-31
S000000856,Parnassus Core Equity Fund,C000102327,2023-02-28,-0.000256,disclosed,1.0,https://www.sec.gov/Archives/edgar/data/866256/000114554923035343/primary_doc.xml,0001145549-23-035343,2023-05-30,2023-03-31
S000000856,Parnassus Core Equity Fund,C000102327,2023-02-28,-0.000256,disclosed,1.0,https://www.sec.gov/Archives/edgar/data/866256/000114554923036817/primary_doc.xml,0001145549-23-036817,2023-06-13,2023-03-31
S000000856,Parnassus Core Equity Fund,C000102327,2023-02-28,-0.000256,disclosed,1.0,https://www.sec.gov/Archives/edgar/data/866256/000114554923037015/primary_doc.xml,0001145549-23-037015,2023-06-14,2023-03-31
S000000856,Parnassus Core Equity Fund,C000102327,2023-03-31,0.00046600000000000005,disclosed,1.0,https://www.sec.gov/Archives/edgar/data/866256/000114554923035343/primary_doc.xml,0001145549-23-035343,2023-05-30,2023-03-31
S000000856,Parnassus Core Equity Fund,C000102327,2023-03-31,0.00046600000000000005,disclosed,1.0,https://www.sec.gov/Archives/edgar/data/866256/000114554923036817/primary_doc.xml,0001145549-23-036817,2023-06-13,2023-03-31
S000000856,Parnassus Core Equity Fund,C000102327,2023-03-31,0.00046600000000000005,disclosed,1.0,https://www.sec.gov/Archives/edgar/data/866256/000114554923037015/primary_doc.xml,0001145549-23-037015,2023-06-14,2023-03-31
S000000856,Parnassus Core Equity Fund,C000102327,2023-04-30,0.000156,disclosed,1.0,https://www.sec.gov/Archives/edgar/data/866256/000114554923046828/primary_doc.xml,0001145549-23-046828,2023-08-14,2023-06-30
S000000856,Parnassus Core Equity Fund,C000102327,2023-05-31,5.999999999999999e-06,disclosed,1.0,https://www.sec.gov/Archives/edgar/data/866256/000114554923046828/primary_doc.xml,0001145549-23-046828,2023-08-14,2023-06-30
S000000856,Parnassus Core Equity Fund,C000102327,2023-06-30,0.0005870000000000001,disclosed,1.0,https://www.sec.gov/Archives/edgar/data/866256/000114554923046828/primary_doc.xml,0001145549-23-046828,2023-08-14,2023-06-30
S000000856,Parnassus Core Equity Fund,C000102327,2023-07-31,0.000341,disclosed,1.0,https://www.sec.gov/Archives/edgar/data/866256/000114554923066472/primary_doc.xml,0001145549-23-066472,2023-11-08,2023-09-30
S000000856,Parnassus Core Equity Fund,C000102327,2023-08-31,-0.000127,disclosed,1.0,https://www.sec.gov/Archives/edgar/data/866256/000114554923066472/primary_doc.xml,0001145549-23-066472,2023-11-08,2023-09-30
S000000856,Parnassus Core Equity Fund,C000102327,2023-09-30,-0.000523,disclosed,1.0,https://www.sec.gov/Archives/edgar/data/866256/000114554923066472/primary_doc.xml,0001145549-23-066472,2023-11-08,2023-09-30
S000000856,Parnassus Core Equity Fund,C000102327,2023-10-31,-0.00016,disclosed,1.0,https://www.sec.gov/Archives/edgar/data/866256/000114554924005796/primary_doc.xml,0001145549-24-005796,2024-02-07,2023-12-31
S000000856,Parnassus Core Equity Fund,C000102327,2023-11-30,0.000904,disclosed,1.0,https://www.sec.gov/Archives/edgar/data/866256/000114554924005796/primary_doc.xml,0001145549-24-005796,2024-02-07,2023-12-31
S000000856,Parnassus Core Equity Fund,C000102327,2023-12-31,0.000424,disclosed,1.0,https://www.sec.gov/Archives/edgar/data/866256/000114554924005796/primary_doc.xml,0001145549-24-005796,2024-02-07,2023-12-31
S000000856,Parnassus Core Equity Fund,C000102327,2024-01-31,0.00017,disclosed,1.0,https://www.sec.gov/Archives/edgar/data/866256/000114554924027353/primary_doc.xml,0001145549-24-027353,2024-05-16,2024-03-31
S000000856,Parnassus Core Equity Fund,C000102327,2024-02-29,0.00044699999999999997,disclosed,1.0,https://www.sec.gov/Archives/edgar/data/866256/000114554924027353/primary_doc.xml,0001145549-24-027353,2024-05-16,2024-03-31
S000000856,Parnassus Core Equity Fund,C000102327,2024-03-31,0.000356,disclosed,1.0,https://www.sec.gov/Archives/edgar/data/866256/000114554924027353/primary_doc.xml,0001145549-24-027353,2024-05-16,2024-03-31
S000000856,Parnassus Core Equity Fund,C000102327,2024-04-30,-0.0479,disclosed,1.0,https://www.sec.gov/Archives/edgar/data/866256/000175272424172713/primary_doc.xml,0001752724-24-172713,2024-08-12,2024-06-30
S000000856,Parnassus Core Equity Fund,C000102327,2024-05-31,0.0285,disclosed,1.0,https://www.sec.gov/Archives/edgar/data/866256/000175272424172713/primary_doc.xml,0001752724-24-172713,2024-08-12,2024-06-30
S000000856,Parnassus Core Equity Fund,C000102327,2024-06-30,0.0407,disclosed,1.0,https://www.sec.gov/Archives/edgar/data/866256/000175272424172713/primary_doc.xml,0001752724-24-172713,2024-08-12,2024-06-30
S000000856,Parnassus Core Equity Fund,C000102327,2024-07-31,0.019299999999999998,disclosed,1.0,https://www.sec.gov/Archives/edgar/data/866256/000175272424246668/primary_doc.xml,0001752724-24-246668,2024-11-08,2024-09-30
S000000856,Parnassus Core Equity Fund,C000102327,2024-08-31,0.0151,disclosed,1.0,https://www.sec.gov/Archives/edgar/data/866256/000175272424246668/primary_doc.xml,0001752724-24-246668,2024-11-08,2024-09-30
S000000856,Parnassus Core Equity Fund,C000102327,2024-09-30,0.0203,disclosed,1.0,https://www.sec.gov/Archives/edgar/data/866256/000175272424246668/primary_doc.xml,0001752724-24-246668,2024-11-08,2024-09-30
S000000856,Parnassus Core Equity Fund,C000102327,2024-10-31,-0.0181,disclosed,1.0,https://www.sec.gov/Archives/edgar/data/866256/000175272425024370/primary_doc.xml,0001752724-25-024370,2025-02-14,2024-12-31
S000000856,Parnassus Core Equity Fund,C000102327,2024-11-30,0.0575,disclosed,1.0,https://www.sec.gov/Archives/edgar/data/866256/000175272425024370/primary_doc.xml,0001752724-25-024370,2025-02-14,2024-12-31
S000000856,Parnassus Core Equity Fund,C000102327,2024-12-31,-0.0338,disclosed,1.0,https://www.sec.gov/Archives/edgar/data/866256/000175272425024370/primary_doc.xml,0001752724-25-024370,2025-02-14,2024-12-31
S000000856,Parnassus Core Equity Fund,C000102327,2025-01-31,0.0378,disclosed,1.0,https://www.sec.gov/Archives/edgar/data/866256/000175272425097835/primary_doc.xml,0001752724-25-097835,2025-05-05,2025-03-31
S000000856,Parnassus Core Equity Fund,C000102327,2025-02-28,-0.011899999999999999,disclosed,1.0,https://www.sec.gov/Archives/edgar/data/866256/000175272425097835/primary_doc.xml,0001752724-25-097835,2025-05-05,2025-03-31
S000000856,Parnassus Core Equity Fund,C000102327,2025-03-31,-0.0482,disclosed,1.0,https://www.sec.gov/Archives/edgar/data/866256/000175272425097835/primary_doc.xml,0001752724-25-097835,2025-05-05,2025-03-31
S000000856,Parnassus Core Equity Fund,C000102327,2025-04-30,0.0012,disclosed,1.0,https://www.sec.gov/Archives/edgar/data/866256/000175272425181415/primary_doc.xml,0001752724-25-181415,2025-07-29,2025-06-30
S000000856,Parnassus Core Equity Fund,C000102327,2025-05-31,0.0519,disclosed,1.0,https://www.sec.gov/Archives/edgar/data/866256/000175272425181415/primary_doc.xml,0001752724-25-181415,2025-07-29,2025-06-30
S000000856,Parnassus Core Equity Fund,C000102327,2025-06-30,0.0432,disclosed,1.0,https://www.sec.gov/Archives/edgar/data/866256/000175272425181415/primary_doc.xml,0001752724-25-181415,2025-07-29,2025-06-30
S000000856,Parnassus Core Equity Fund,C000102327,2025-07-31,0.0222,disclosed,1.0,https://www.sec.gov/Archives/edgar/data/866256/000100371525001032/primary_doc.xml,0001003715-25-001032,2025-10-30,2025-09-30
S000000856,Parnassus Core Equity Fund,C000102327,2025-08-31,-0.0018,disclosed,1.0,https://www.sec.gov/Archives/edgar/data/866256/000100371525001032/primary_doc.xml,0001003715-25-001032,2025-10-30,2025-09-30
S000000856,Parnassus Core Equity Fund,C000102327,2025-09-30,0.0059,disclosed,1.0,https://www.sec.gov/Archives/edgar/data/866256/000100371525001032/primary_doc.xml,0001003715-25-001032,2025-10-30,2025-09-30
S000000856,Parnassus Core Equity Fund,C000102327,2025-10-31,0.0178,disclosed,1.0,https://www.sec.gov/Archives/edgar/data/866256/000100371526000215/primary_doc.xml,0001003715-26-000215,2026-01-23,2025-12-31
S000000856,Parnassus Core Equity Fund,C000102327,2025-11-30,0.0054,disclosed,1.0,https://www.sec.gov/Archives/edgar/data/866256/000100371526000215/primary_doc.xml,0001003715-26-000215,2026-01-23,2025-12-31
S000000856,Parnassus Core Equity Fund,C000102327,2025-12-31,-0.0066,disclosed,1.0,https://www.sec.gov/Archives/edgar/data/866256/000100371526000215/primary_doc.xml,0001003715-26-000215,2026-01-23,2025-12-31
S000000856,Parnassus Core Equity Fund,C000102327,2026-01-31,0.015,disclosed,1.0,https://www.sec.gov/Archives/edgar/data/866256/000100371526001630/primary_doc.xml,0001003715-26-001630,2026-05-06,2026-03-31
S000000856,Parnassus Core Equity Fund,C000102327,2026-02-28,-0.0149,disclosed,1.0,https://www.sec.gov/Archives/edgar/data/866256/000100371526001630/primary_doc.xml,0001003715-26-001630,2026-05-06,2026-03-31
S000000856,Parnassus Core Equity Fund,C000102327,2026-03-31,-0.0611,disclosed,1.0,https://www.sec.gov/Archives/edgar/data/866256/000100371526001630/primary_doc.xml,0001003715-26-001630,2026-05-06,2026-03-31
S000000856,Parnassus Core Equity Fund,C000102327,2026-04-30,0.1035,disclosed,1.0,https://www.sec.gov/Archives/edgar/data/866256/000100371526002722/primary_doc.xml,0001003715-26-002722,2026-07-20,2026-06-30
S000000856,Parnassus Core Equity Fund,C000102327,2026-05-31,0.0256,disclosed,1.0,https://www.sec.gov/Archives/edgar/data/866256/000100371526002722/primary_doc.xml,0001003715-26-002722,2026-07-20,2026-06-30
S000000856,Parnassus Core Equity Fund,C000102327,2026-06-30,0.0327,disclosed,1.0,https://www.sec.gov/Archives/edgar/data/866256/000100371526002722/primary_doc.xml,0001003715-26-002722,2026-07-20,2026-06-30
S000004310,iShares Core S&P 500 ETF,C000012040,2019-07-31,0.0144,disclosed,1.0,https://www.sec.gov/Archives/edgar/data/1100663/000175272419177847/primary_doc.xml,0001752724-19-177847,2019-11-25,2019-09-30
S000004310,iShares Core S&P 500 ETF,C000012040,2019-08-31,-0.0159,disclosed,1.0,https://www.sec.gov/Archives/edgar/data/1100663/000175272419177847/primary_doc.xml,0001752724-19-177847,2019-11-25,2019-09-30
S000004310,iShares Core S&P 500 ETF,C000012040,2019-09-30,0.0187,disclosed,1.0,https://www.sec.gov/Archives/edgar/data/1100663/000175272419177847/primary_doc.xml,0001752724-19-177847,2019-11-25,2019-09-30
S000004310,iShares Core S&P 500 ETF,C000012040,2019-10-31,0.0216,disclosed,1.0,https://www.sec.gov/Archives/edgar/data/1100663/000175272420038725/primary_doc.xml,0001752724-20-038725,2020-02-27,2019-12-31
S000004310,iShares Core S&P 500 ETF,C000012040,2019-11-30,0.0362,disclosed,1.0,https://www.sec.gov/Archives/edgar/data/1100663/000175272420038725/primary_doc.xml,0001752724-20-038725,2020-02-27,2019-12-31
S000004310,iShares Core S&P 500 ETF,C000012040,2019-12-31,0.0302,disclosed,1.0,https://www.sec.gov/Archives/edgar/data/1100663/000175272420038725/primary_doc.xml,0001752724-20-038725,2020-02-27,2019-12-31
S000004310,iShares Core S&P 500 ETF,C000012040,2020-01-31,-0.0004,disclosed,1.0,https://www.sec.gov/Archives/edgar/data/1100663/000175272420112027/primary_doc.xml,0001752724-20-112027,2020-06-01,2020-03-31
S000004310,iShares Core S&P 500 ETF,C000012040,2020-02-29,-0.0823,disclosed,1.0,https://www.sec.gov/Archives/edgar/data/1100663/000175272420112027/primary_doc.xml,0001752724-20-112027,2020-06-01,2020-03-31
S000004310,iShares Core S&P 500 ETF,C000012040,2020-03-31,-0.1235,disclosed,1.0,https://www.sec.gov/Archives/edgar/data/1100663/000175272420112027/primary_doc.xml,0001752724-20-112027,2020-06-01,2020-03-31
S000004310,iShares Core S&P 500 ETF,C000012040,2020-04-30,0.1282,disclosed,1.0,https://www.sec.gov/Archives/edgar/data/1100663/000175272420176909/primary_doc.xml,0001752724-20-176909,2020-08-27,2020-06-30
S000004310,iShares Core S&P 500 ETF,C000012040,2020-05-31,0.047599999999999996,disclosed,1.0,https://www.sec.gov/Archives/edgar/data/1100663/000175272420176909/primary_doc.xml,0001752724-20-176909,2020-08-27,2020-06-30
S000004310,iShares Core S&P 500 ETF,C000012040,2020-06-30,0.0199,disclosed,1.0,https://www.sec.gov/Archives/edgar/data/1100663/000175272420176909/primary_doc.xml,0001752724-20-176909,2020-08-27,2020-06-30
S000004310,iShares Core S&P 500 ETF,C000012040,2020-07-31,0.0564,disclosed,1.0,https://www.sec.gov/Archives/edgar/data/1100663/000175272420247818/primary_doc.xml,0001752724-20-247818,2020-11-25,2020-09-30
S000004310,iShares Core S&P 500 ETF,C000012040,2020-08-31,0.0719,disclosed,1.0,https://www.sec.gov/Archives/edgar/data/1100663/000175272420247818/primary_doc.xml,0001752724-20-247818,2020-11-25,2020-09-30
S000004310,iShares Core S&P 500 ETF,C000012040,2020-09-30,-0.038,disclosed,1.0,https://www.sec.gov/Archives/edgar/data/1100663/000175272420247818/primary_doc.xml,0001752724-20-247818,2020-11-25,2020-09-30
S000004310,iShares Core S&P 500 ETF,C000012040,2020-10-31,-0.026600000000000002,disclosed,1.0,https://www.sec.gov/Archives/edgar/data/1100663/000175272421040719/primary_doc.xml,0001752724-21-040719,2021-02-25,2020-12-31
S000004310,iShares Core S&P 500 ETF,C000012040,2020-11-30,0.10949999999999999,disclosed,1.0,https://www.sec.gov/Archives/edgar/data/1100663/000175272421040719/primary_doc.xml,0001752724-21-040719,2021-02-25,2020-12-31
S000004310,iShares Core S&P 500 ETF,C000012040,2020-12-31,0.0384,disclosed,1.0,https://www.sec.gov/Archives/edgar/data/1100663/000175272421040719/primary_doc.xml,0001752724-21-040719,2021-02-25,2020-12-31
S000004310,iShares Core S&P 500 ETF,C000012040,2021-01-31,-0.0101,disclosed,1.0,https://www.sec.gov/Archives/edgar/data/1100663/000175272421116363/primary_doc.xml,0001752724-21-116363,2021-05-27,2021-03-31
S000004310,iShares Core S&P 500 ETF,C000012040,2021-02-28,0.0275,disclosed,1.0,https://www.sec.gov/Archives/edgar/data/1100663/000175272421116363/primary_doc.xml,0001752724-21-116363,2021-05-27,2021-03-31
S000004310,iShares Core S&P 500 ETF,C000012040,2021-03-31,0.0437,disclosed,1.0,https://www.sec.gov/Archives/edgar/data/1100663/000175272421116363/primary_doc.xml,0001752724-21-116363,2021-05-27,2021-03-31
S000004310,iShares Core S&P 500 ETF,C000012040,2021-04-30,0.0533,disclosed,1.0,https://www.sec.gov/Archives/edgar/data/1100663/000175272421186201/primary_doc.xml,0001752724-21-186201,2021-08-26,2021-06-30
S000004310,iShares Core S&P 500 ETF,C000012040,2021-05-31,0.0069,disclosed,1.0,https://www.sec.gov/Archives/edgar/data/1100663/000175272421186201/primary_doc.xml,0001752724-21-186201,2021-08-26,2021-06-30
S000004310,iShares Core S&P 500 ETF,C000012040,2021-06-30,0.0233,disclosed,1.0,https://www.sec.gov/Archives/edgar/data/1100663/000175272421186201/primary_doc.xml,0001752724-21-186201,2021-08-26,2021-06-30
S000004310,iShares Core S&P 500 ETF,C000012040,2021-07-31,0.023700000000000002,disclosed,1.0,https://www.sec.gov/Archives/edgar/data/1100663/000175272421255857/primary_doc.xml,0001752724-21-255857,2021-11-24,2021-09-30
S000004310,iShares Core S&P 500 ETF,C000012040,2021-08-31,0.0304,disclosed,1.0,https://www.sec.gov/Archives/edgar/data/1100663/000175272421255857/primary_doc.xml,0001752724-21-255857,2021-11-24,2021-09-30
S000004310,iShares Core S&P 500 ETF,C000012040,2021-09-30,-0.04650000000000001,disclosed,1.0,https://www.sec.gov/Archives/edgar/data/1100663/000175272421255857/primary_doc.xml,0001752724-21-255857,2021-11-24,2021-09-30
S000004310,iShares Core S&P 500 ETF,C000012040,2021-10-31,0.07,disclosed,1.0,https://www.sec.gov/Archives/edgar/data/1100663/000175272422046281/primary_doc.xml,0001752724-22-046281,2022-02-25,2021-12-31
S000004310,iShares Core S&P 500 ETF,C000012040,2021-11-30,-0.0069,disclosed,1.0,https://www.sec.gov/Archives/edgar/data/1100663/000175272422046281/primary_doc.xml,0001752724-22-046281,2022-02-25,2021-12-31
S000004310,iShares Core S&P 500 ETF,C000012040,2021-12-31,0.044800000000000006,disclosed,1.0,https://www.sec.gov/Archives/edgar/data/1100663/000175272422046281/primary_doc.xml,0001752724-22-046281,2022-02-25,2021-12-31
S000004310,iShares Core S&P 500 ETF,C000012040,2022-01-31,-0.0518,disclosed,1.0,https://www.sec.gov/Archives/edgar/data/1100663/000175272422122805/primary_doc.xml,0001752724-22-122805,2022-05-26,2022-03-31
S000004310,iShares Core S&P 500 ETF,C000012040,2022-02-28,-0.03,disclosed,1.0,https://www.sec.gov/Archives/edgar/data/1100663/000175272422122805/primary_doc.xml,0001752724-22-122805,2022-05-26,2022-03-31
S000004310,iShares Core S&P 500 ETF,C000012040,2022-03-31,0.0371,disclosed,1.0,https://www.sec.gov/Archives/edgar/data/1100663/000175272422122805/primary_doc.xml,0001752724-22-122805,2022-05-26,2022-03-31
S000004310,iShares Core S&P 500 ETF,C000012040,2022-04-30,-0.0872,disclosed,1.0,https://www.sec.gov/Archives/edgar/data/1100663/000175272422193652/primary_doc.xml,0001752724-22-193652,2022-08-25,2022-06-30
S000004310,iShares Core S&P 500 ETF,C000012040,2022-05-31,0.0018,disclosed,1.0,https://www.sec.gov/Archives/edgar/data/1100663/000175272422193652/primary_doc.xml,0001752724-22-193652,2022-08-25,2022-06-30
S000004310,iShares Core S&P 500 ETF,C000012040,2022-06-30,-0.08259999999999999,disclosed,1.0,https://www.sec.gov/Archives/edgar/data/1100663/000175272422193652/primary_doc.xml,0001752724-22-193652,2022-08-25,2022-06-30
S000004310,iShares Core S&P 500 ETF,C000012040,2022-07-31,0.0922,disclosed,1.0,https://www.sec.gov/Archives/edgar/data/1100663/000175272422268673/primary_doc.xml,0001752724-22-268673,2022-11-28,2022-09-30
S000004310,iShares Core S&P 500 ETF,C000012040,2022-08-31,-0.04081018,disclosed,1.0,https://www.sec.gov/Archives/edgar/data/1100663/000175272422268673/primary_doc.xml,0001752724-22-268673,2022-11-28,2022-09-30
S000004310,iShares Core S&P 500 ETF,C000012040,2022-09-30,-0.09213297000000001,disclosed,1.0,https://www.sec.gov/Archives/edgar/data/1100663/000175272422268673/primary_doc.xml,0001752724-22-268673,2022-11-28,2022-09-30
S000004310,iShares Core S&P 500 ETF,C000012040,2022-10-31,0.08092987000000001,disclosed,1.0,https://www.sec.gov/Archives/edgar/data/1100663/000175272423039243/primary_doc.xml,0001752724-23-039243,2023-02-24,2022-12-31
S000004310,iShares Core S&P 500 ETF,C000012040,2022-11-30,0.05585076,disclosed,1.0,https://www.sec.gov/Archives/edgar/data/1100663/000175272423039243/primary_doc.xml,0001752724-23-039243,2023-02-24,2022-12-31
S000004310,iShares Core S&P 500 ETF,C000012040,2022-12-31,-0.057623930000000004,disclosed,1.0,https://www.sec.gov/Archives/edgar/data/1100663/000175272423039243/primary_doc.xml,0001752724-23-039243,2023-02-24,2022-12-31
S000004310,iShares Core S&P 500 ETF,C000012040,2023-01-31,0.06281209,disclosed,1.0,https://www.sec.gov/Archives/edgar/data/1100663/000175272423123220/primary_doc.xml,0001752724-23-123220,2023-05-26,2023-03-31
S000004310,iShares Core S&P 500 ETF,C000012040,2023-02-28,-0.02440751,disclosed,1.0,https://www.sec.gov/Archives/edgar/data/1100663/000175272423123220/primary_doc.xml,0001752724-23-123220,2023-05-26,2023-03-31
S000004310,iShares Core S&P 500 ETF,C000012040,2023-03-31,0.03669972,disclosed,1.0,https://www.sec.gov/Archives/edgar/data/1100663/000175272423123220/primary_doc.xml,0001752724-23-123220,2023-05-26,2023-03-31
S000004310,iShares Core S&P 500 ETF,C000012040,2023-04-30,0.01560376,disclosed,1.0,https://www.sec.gov/Archives/edgar/data/1100663/000175272423191503/primary_doc.xml,0001752724-23-191503,2023-08-25,2023-06-30
S000004310,iShares Core S&P 500 ETF,C000012040,2023-05-31,0.00430574,disclosed,1.0,https://www.sec.gov/Archives/edgar/data/1100663/000175272423191503/primary_doc.xml,0001752724-23-191503,2023-08-25,2023-06-30
S000004310,iShares Core S&P 500 ETF,C000012040,2023-06-30,0.06603895,disclosed,1.0,https://www.sec.gov/Archives/edgar/data/1100663/000175272423191503/primary_doc.xml,0001752724-23-191503,2023-08-25,2023-06-30
S000004310,iShares Core S&P 500 ETF,C000012040,2023-07-31,0.03211989,disclosed,1.0,https://www.sec.gov/Archives/edgar/data/1100663/000175272423264277/primary_doc.xml,0001752724-23-264277,2023-11-22,2023-09-30
S000004310,iShares Core S&P 500 ETF,C000012040,2023-08-31,-0.01584446,disclosed,1.0,https://www.sec.gov/Archives/edgar/data/1100663/000175272423264277/primary_doc.xml,0001752724-23-264277,2023-11-22,2023-09-30
S000004310,iShares Core S&P 500 ETF,C000012040,2023-09-30,-0.047686450000000005,disclosed,1.0,https://www.sec.gov/Archives/edgar/data/1100663/000175272423264277/primary_doc.xml,0001752724-23-264277,2023-11-22,2023-09-30
S000004310,iShares Core S&P 500 ETF,C000012040,2023-10-31,-0.02104146,disclosed,1.0,https://www.sec.gov/Archives/edgar/data/1100663/000175272424043113/primary_doc.xml,0001752724-24-043113,2024-02-27,2023-12-31
S000004310,iShares Core S&P 500 ETF,C000012040,2023-11-30,0.09130598000000001,disclosed,1.0,https://www.sec.gov/Archives/edgar/data/1100663/000175272424043113/primary_doc.xml,0001752724-24-043113,2024-02-27,2023-12-31
S000004310,iShares Core S&P 500 ETF,C000012040,2023-12-31,0.04540701999999999,disclosed,1.0,https://www.sec.gov/Archives/edgar/data/1100663/000175272424043113/primary_doc.xml,0001752724-24-043113,2024-02-27,2023-12-31
S000004310,iShares Core S&P 500 ETF,C000012040,2024-01-31,0.01677935,disclosed,1.0,https://www.sec.gov/Archives/edgar/data/1100663/000175272424123331/primary_doc.xml,0001752724-24-123331,2024-05-28,2024-03-31
S000004310,iShares Core S&P 500 ETF,C000012040,2024-02-29,0.05334902,disclosed,1.0,https://www.sec.gov/Archives/edgar/data/1100663/000175272424123331/primary_doc.xml,0001752724-24-123331,2024-05-28,2024-03-31
S000004310,iShares Core S&P 500 ETF,C000012040,2024-03-31,0.032164820000000004,disclosed,1.0,https://www.sec.gov/Archives/edgar/data/1100663/000175272424123331/primary_doc.xml,0001752724-24-123331,2024-05-28,2024-03-31
S000004310,iShares Core S&P 500 ETF,C000012040,2024-04-30,-0.040850090000000006,disclosed,1.0,https://www.sec.gov/Archives/edgar/data/1100663/000175272424194289/primary_doc.xml,0001752724-24-194289,2024-08-27,2024-06-30
S000004310,iShares Core S&P 500 ETF,C000012040,2024-05-31,0.04957575,disclosed,1.0,https://www.sec.gov/Archives/edgar/data/1100663/000175272424194289/primary_doc.xml,0001752724-24-194289,2024-08-27,2024-06-30
S000004310,iShares Core S&P 500 ETF,C000012040,2024-06-30,0.03588715,disclosed,1.0,https://www.sec.gov/Archives/edgar/data/1100663/000175272424194289/primary_doc.xml,0001752724-24-194289,2024-08-27,2024-06-30
S000004310,iShares Core S&P 500 ETF,C000012040,2024-07-31,0.012159109999999999,disclosed,1.0,https://www.sec.gov/Archives/edgar/data/1100663/000175272424269943/primary_doc.xml,0001752724-24-269943,2024-11-26,2024-09-30
S000004310,iShares Core S&P 500 ETF,C000012040,2024-08-31,0.02420801,disclosed,1.0,https://www.sec.gov/Archives/edgar/data/1100663/000175272424269943/primary_doc.xml,0001752724-24-269943,2024-11-26,2024-09-30
S000004310,iShares Core S&P 500 ETF,C000012040,2024-09-30,0.02133409,disclosed,1.0,https://www.sec.gov/Archives/edgar/data/1100663/000175272424269943/primary_doc.xml,0001752724-24-269943,2024-11-26,2024-09-30
S000004310,iShares Core S&P 500 ETF,C000012040,2024-10-31,-0.00909656,disclosed,1.0,https://www.sec.gov/Archives/edgar/data/1100663/000175272425043800/primary_doc.xml,0001752724-25-043800,2025-02-27,2024-12-31
S000004310,iShares Core S&P 500 ETF,C000012040,2024-11-30,0.05866213,disclosed,1.0,https://www.sec.gov/Archives/edgar/data/1100663/000175272425043800/primary_doc.xml,0001752724-25-043800,2025-02-27,2024-12-31
S000004310,iShares Core S&P 500 ETF,C000012040,2024-12-31,-0.02385907,disclosed,1.0,https://www.sec.gov/Archives/edgar/data/1100663/000175272425043800/primary_doc.xml,0001752724-25-043800,2025-02-27,2024-12-31
S000004310,iShares Core S&P 500 ETF,C000012040,2025-01-31,0.02779804,disclosed,1.0,https://www.sec.gov/Archives/edgar/data/1100663/000175272425119791/primary_doc.xml,0001752724-25-119791,2025-05-27,2025-03-31
S000004310,iShares Core S&P 500 ETF,C000012040,2025-02-28,-0.01310529,disclosed,1.0,https://www.sec.gov/Archives/edgar/data/1100663/000175272425119791/primary_doc.xml,0001752724-25-119791,2025-05-27,2025-03-31
S000004310,iShares Core S&P 500 ETF,C000012040,2025-03-31,-0.05631999000000001,disclosed,1.0,https://www.sec.gov/Archives/edgar/data/1100663/000175272425119791/primary_doc.xml,0001752724-25-119791,2025-05-27,2025-03-31
S000004310,iShares Core S&P 500 ETF,C000012040,2025-04-30,-0.00680232,disclosed,1.0,https://www.sec.gov/Archives/edgar/data/1100663/000175272425210389/primary_doc.xml,0001752724-25-210389,2025-08-28,2025-06-30
S000004310,iShares Core S&P 500 ETF,C000012040,2025-05-31,0.06292339,disclosed,1.0,https://www.sec.gov/Archives/edgar/data/1100663/000175272425210389/primary_doc.xml,0001752724-25-210389,2025-08-28,2025-06-30
S000004310,iShares Core S&P 500 ETF,C000012040,2025-06-30,0.050840630000000005,disclosed,1.0,https://www.sec.gov/Archives/edgar/data/1100663/000175272425210389/primary_doc.xml,0001752724-25-210389,2025-08-28,2025-06-30
S000004310,iShares Core S&P 500 ETF,C000012040,2025-07-31,0.02239205,disclosed,1.0,https://www.sec.gov/Archives/edgar/data/1100663/000207169125007634/primary_doc.xml,0002071691-25-007634,2025-11-26,2025-09-30
S000004310,iShares Core S&P 500 ETF,C000012040,2025-07-31,0.02239205,disclosed,1.0,https://www.sec.gov/Archives/edgar/data/1100663/000207169126015790/primary_doc.xml,0002071691-26-015790,2026-07-13,2025-09-30
S000004310,iShares Core S&P 500 ETF,C000012040,2025-08-31,0.020255830000000002,disclosed,1.0,https://www.sec.gov/Archives/edgar/data/1100663/000207169125007634/primary_doc.xml,0002071691-25-007634,2025-11-26,2025-09-30
S000004310,iShares Core S&P 500 ETF,C000012040,2025-08-31,0.020255830000000002,disclosed,1.0,https://www.sec.gov/Archives/edgar/data/1100663/000207169126015790/primary_doc.xml,0002071691-26-015790,2026-07-13,2025-09-30
S000004310,iShares Core S&P 500 ETF,C000012040,2025-09-30,0.0365041,disclosed,1.0,https://www.sec.gov/Archives/edgar/data/1100663/000207169125007634/primary_doc.xml,0002071691-25-007634,2025-11-26,2025-09-30
S000004310,iShares Core S&P 500 ETF,C000012040,2025-09-30,0.0365041,disclosed,1.0,https://www.sec.gov/Archives/edgar/data/1100663/000207169126015790/primary_doc.xml,0002071691-26-015790,2026-07-13,2025-09-30
S000004310,iShares Core S&P 500 ETF,C000012040,2025-10-31,0.02340071,disclosed,1.0,https://www.sec.gov/Archives/edgar/data/1100663/000207169126004238/primary_doc.xml,0002071691-26-004238,2026-02-25,2025-12-31
S000004310,iShares Core S&P 500 ETF,C000012040,2025-11-30,0.00239073,disclosed,1.0,https://www.sec.gov/Archives/edgar/data/1100663/000207169126004238/primary_doc.xml,0002071691-26-004238,2026-02-25,2025-12-31
S000004310,iShares Core S&P 500 ETF,C000012040,2025-12-31,0.0005832,disclosed,1.0,https://www.sec.gov/Archives/edgar/data/1100663/000207169126004238/primary_doc.xml,0002071691-26-004238,2026-02-25,2025-12-31
S000004310,iShares Core S&P 500 ETF,C000012040,2026-01-31,0.01443967,disclosed,1.0,https://www.sec.gov/Archives/edgar/data/1100663/000207169126012459/primary_doc.xml,0002071691-26-012459,2026-05-28,2026-03-31
S000004310,iShares Core S&P 500 ETF,C000012040,2026-02-28,-0.007633760000000001,disclosed,1.0,https://www.sec.gov/Archives/edgar/data/1100663/000207169126012459/primary_doc.xml,0002071691-26-012459,2026-05-28,2026-03-31
S000004310,iShares Core S&P 500 ETF,C000012040,2026-03-31,-0.04977263,disclosed,1.0,https://www.sec.gov/Archives/edgar/data/1100663/000207169126012459/primary_doc.xml,0002071691-26-012459,2026-05-28,2026-03-31
S000004310,iShares Core S&P 500 ETF,C000012040,2026-04-30,0.10491626,disclosed,1.0,https://www.sec.gov/Archives/edgar/data/1100663/000207169126019760/primary_doc.xml,0002071691-26-019760,2026-08-25,2026-06-30
S000004310,iShares Core S&P 500 ETF,C000012040,2026-05-31,0.05263223,disclosed,1.0,https://www.sec.gov/Archives/edgar/data/1100663/000207169126019760/primary_doc.xml,0002071691-26-019760,2026-08-25,2026-06-30
S000004310,iShares Core S&P 500 ETF,C000012040,2026-06-30,-0.00956209,disclosed,1.0,https://www.sec.gov/Archives/edgar/data/1100663/000207169126019760/primary_doc.xml,0002071691-26-019760,2026-08-25,2026-06-30
S000004347,iShares Russell 1000 ETF,C000012077,2019-07-31,0.0154,disclosed,1.0,https://www.sec.gov/Archives/edgar/data/1100663/000175272419177695/primary_doc.xml,0001752724-19-177695,2019-11-25,2019-09-30
S000004347,iShares Russell 1000 ETF,C000012077,2019-08-31,-0.0184,disclosed,1.0,https://www.sec.gov/Archives/edgar/data/1100663/000175272419177695/primary_doc.xml,0001752724-19-177695,2019-11-25,2019-09-30
S000004347,iShares Russell 1000 ETF,C000012077,2019-09-30,0.0172,disclosed,1.0,https://www.sec.gov/Archives/edgar/data/1100663/000175272419177695/primary_doc.xml,0001752724-19-177695,2019-11-25,2019-09-30
S000004347,iShares Russell 1000 ETF,C000012077,2019-10-31,0.021099999999999997,disclosed,1.0,https://www.sec.gov/Archives/edgar/data/1100663/000175272420038715/primary_doc.xml,0001752724-20-038715,2020-02-27,2019-12-31
S000004347,iShares Russell 1000 ETF,C000012077,2019-11-30,0.0377,disclosed,1.0,https://www.sec.gov/Archives/edgar/data/1100663/000175272420038715/primary_doc.xml,0001752724-20-038715,2020-02-27,2019-12-31
S000004347,iShares Russell 1000 ETF,C000012077,2019-12-31,0.0287,disclosed,1.0,https://www.sec.gov/Archives/edgar/data/1100663/000175272420038715/primary_doc.xml,0001752724-20-038715,2020-02-27,2019-12-31
S000004347,iShares Russell 1000 ETF,C000012077,2020-01-31,0.001,disclosed,1.0,https://www.sec.gov/Archives/edgar/data/1100663/000175272420112063/primary_doc.xml,0001752724-20-112063,2020-06-01,2020-03-31
S000004347,iShares Russell 1000 ETF,C000012077,2020-02-29,-0.0818,disclosed,1.0,https://www.sec.gov/Archives/edgar/data/1100663/000175272420112063/primary_doc.xml,0001752724-20-112063,2020-06-01,2020-03-31
S000004347,iShares Russell 1000 ETF,C000012077,2020-03-31,-0.1322,disclosed,1.0,https://www.sec.gov/Archives/edgar/data/1100663/000175272420112063/primary_doc.xml,0001752724-20-112063,2020-06-01,2020-03-31
S000004347,iShares Russell 1000 ETF,C000012077,2020-04-30,0.1321,disclosed,1.0,https://www.sec.gov/Archives/edgar/data/1100663/000175272420176948/primary_doc.xml,0001752724-20-176948,2020-08-27,2020-06-30
S000004347,iShares Russell 1000 ETF,C000012077,2020-05-31,0.0527,disclosed,1.0,https://www.sec.gov/Archives/edgar/data/1100663/000175272420176948/primary_doc.xml,0001752724-20-176948,2020-08-27,2020-06-30
S000004347,iShares Russell 1000 ETF,C000012077,2020-06-30,0.022000000000000002,disclosed,1.0,https://www.sec.gov/Archives/edgar/data/1100663/000175272420176948/primary_doc.xml,0001752724-20-176948,2020-08-27,2020-06-30
S000004347,iShares Russell 1000 ETF,C000012077,2020-07-31,0.0584,disclosed,1.0,https://www.sec.gov/Archives/edgar/data/1100663/000175272420247751/primary_doc.xml,0001752724-20-247751,2020-11-25,2020-09-30
S000004347,iShares Russell 1000 ETF,C000012077,2020-08-31,0.0733,disclosed,1.0,https://www.sec.gov/Archives/edgar/data/1100663/000175272420247751/primary_doc.xml,0001752724-20-247751,2020-11-25,2020-09-30
S000004347,iShares Russell 1000 ETF,C000012077,2020-09-30,-0.036699999999999997,disclosed,1.0,https://www.sec.gov/Archives/edgar/data/1100663/000175272420247751/primary_doc.xml,0001752724-20-247751,2020-11-25,2020-09-30
S000004347,iShares Russell 1000 ETF,C000012077,2020-10-31,-0.024300000000000002,disclosed,1.0,https://www.sec.gov/Archives/edgar/data/1100663/000175272421040717/primary_doc.xml,0001752724-21-040717,2021-02-25,2020-12-31
S000004347,iShares Russell 1000 ETF,C000012077,2020-11-30,0.1176,disclosed,1.0,https://www.sec.gov/Archives/edgar/data/1100663/000175272421040717/primary_doc.xml,0001752724-21-040717,2021-02-25,2020-12-31
S000004347,iShares Russell 1000 ETF,C000012077,2020-12-31,0.0421,disclosed,1.0,https://www.sec.gov/Archives/edgar/data/1100663/000175272421040717/primary_doc.xml,0001752724-21-040717,2021-02-25,2020-12-31
S000004347,iShares Russell 1000 ETF,C000012077,2021-01-31,-0.0084,disclosed,1.0,https://www.sec.gov/Archives/edgar/data/1100663/000175272421116413/primary_doc.xml,0001752724-21-116413,2021-05-27,2021-03-31
S000004347,iShares Russell 1000 ETF,C000012077,2021-02-28,0.028900000000000002,disclosed,1.0,https://www.sec.gov/Archives/edgar/data/1100663/000175272421116413/primary_doc.xml,0001752724-21-116413,2021-05-27,2021-03-31
S000004347,iShares Russell 1000 ETF,C000012077,2021-03-31,0.0377,disclosed,1.0,https://www.sec.gov/Archives/edgar/data/1100663/000175272421116413/primary_doc.xml,0001752724-21-116413,2021-05-27,2021-03-31
S000004347,iShares Russell 1000 ETF,C000012077,2021-04-30,0.0537,disclosed,1.0,https://www.sec.gov/Archives/edgar/data/1100663/000175272421186108/primary_doc.xml,0001752724-21-186108,2021-08-26,2021-06-30
S000004347,iShares Russell 1000 ETF,C000012077,2021-05-31,0.0046,disclosed,1.0,https://www.sec.gov/Archives/edgar/data/1100663/000175272421186108/primary_doc.xml,0001752724-21-186108,2021-08-26,2021-06-30
S000004347,iShares Russell 1000 ETF,C000012077,2021-06-30,0.024900000000000002,disclosed,1.0,https://www.sec.gov/Archives/edgar/data/1100663/000175272421186108/primary_doc.xml,0001752724-21-186108,2021-08-26,2021-06-30
S000004347,iShares Russell 1000 ETF,C000012077,2021-07-31,0.0206,disclosed,1.0,https://www.sec.gov/Archives/edgar/data/1100663/000175272421255902/primary_doc.xml,0001752724-21-255902,2021-11-24,2021-09-30
S000004347,iShares Russell 1000 ETF,C000012077,2021-08-31,0.0288,disclosed,1.0,https://www.sec.gov/Archives/edgar/data/1100663/000175272421255902/primary_doc.xml,0001752724-21-255902,2021-11-24,2021-09-30
S000004347,iShares Russell 1000 ETF,C000012077,2021-09-30,-0.046,disclosed,1.0,https://www.sec.gov/Archives/edgar/data/1100663/000175272421255902/primary_doc.xml,0001752724-21-255902,2021-11-24,2021-09-30
S000004347,iShares Russell 1000 ETF,C000012077,2021-10-31,0.0693,disclosed,1.0,https://www.sec.gov/Archives/edgar/data/1100663/000175272422046365/primary_doc.xml,0001752724-22-046365,2022-02-25,2021-12-31
S000004347,iShares Russell 1000 ETF,C000012077,2021-11-30,-0.013500000000000002,disclosed,1.0,https://www.sec.gov/Archives/edgar/data/1100663/000175272422046365/primary_doc.xml,0001752724-22-046365,2022-02-25,2021-12-31
S000004347,iShares Russell 1000 ETF,C000012077,2021-12-31,0.0404,disclosed,1.0,https://www.sec.gov/Archives/edgar/data/1100663/000175272422046365/primary_doc.xml,0001752724-22-046365,2022-02-25,2021-12-31
S000004347,iShares Russell 1000 ETF,C000012077,2022-01-31,-0.0565,disclosed,1.0,https://www.sec.gov/Archives/edgar/data/1100663/000175272422122790/primary_doc.xml,0001752724-22-122790,2022-05-26,2022-03-31
S000004347,iShares Russell 1000 ETF,C000012077,2022-02-28,-0.0276,disclosed,1.0,https://www.sec.gov/Archives/edgar/data/1100663/000175272422122790/primary_doc.xml,0001752724-22-122790,2022-05-26,2022-03-31
S000004347,iShares Russell 1000 ETF,C000012077,2022-03-31,0.0336,disclosed,1.0,https://www.sec.gov/Archives/edgar/data/1100663/000175272422122790/primary_doc.xml,0001752724-22-122790,2022-05-26,2022-03-31
S000004347,iShares Russell 1000 ETF,C000012077,2022-04-30,-0.0892,disclosed,1.0,https://www.sec.gov/Archives/edgar/data/1100663/000175272422193681/primary_doc.xml,0001752724-22-193681,2022-08-25,2022-06-30
S000004347,iShares Russell 1000 ETF,C000012077,2022-05-31,-0.0016,disclosed,1.0,https://www.sec.gov/Archives/edgar/data/1100663/000175272422193681/primary_doc.xml,0001752724-22-193681,2022-08-25,2022-06-30
S000004347,iShares Russell 1000 ETF,C000012077,2022-06-30,-0.0839,disclosed,1.0,https://www.sec.gov/Archives/edgar/data/1100663/000175272422193681/primary_doc.xml,0001752724-22-193681,2022-08-25,2022-06-30
S000004347,iShares Russell 1000 ETF,C000012077,2022-07-31,0.09300000000000001,disclosed,1.0,https://www.sec.gov/Archives/edgar/data/1100663/000175272422269712/primary_doc.xml,0001752724-22-269712,2022-11-28,2022-09-30
S000004347,iShares Russell 1000 ETF,C000012077,2022-08-31,-0.0385,disclosed,1.0,https://www.sec.gov/Archives/edgar/data/1100663/000175272422269712/primary_doc.xml,0001752724-22-269712,2022-11-28,2022-09-30
S000004347,iShares Russell 1000 ETF,C000012077,2022-09-30,-0.0926,disclosed,1.0,https://www.sec.gov/Archives/edgar/data/1100663/000175272422269712/primary_doc.xml,0001752724-22-269712,2022-11-28,2022-09-30
S000004347,iShares Russell 1000 ETF,C000012077,2022-10-31,0.0801,disclosed,1.0,https://www.sec.gov/Archives/edgar/data/1100663/000175272423039564/primary_doc.xml,0001752724-23-039564,2023-02-24,2022-12-31
S000004347,iShares Russell 1000 ETF,C000012077,2022-11-30,0.054000000000000006,disclosed,1.0,https://www.sec.gov/Archives/edgar/data/1100663/000175272423039564/primary_doc.xml,0001752724-23-039564,2023-02-24,2022-12-31
S000004347,iShares Russell 1000 ETF,C000012077,2022-12-31,-0.0582,disclosed,1.0,https://www.sec.gov/Archives/edgar/data/1100663/000175272423039564/primary_doc.xml,0001752724-23-039564,2023-02-24,2022-12-31
S000004347,iShares Russell 1000 ETF,C000012077,2023-01-31,0.0669,disclosed,1.0,https://www.sec.gov/Archives/edgar/data/1100663/000175272423114943/primary_doc.xml,0001752724-23-114943,2023-05-24,2023-03-31
S000004347,iShares Russell 1000 ETF,C000012077,2023-02-28,-0.0239,disclosed,1.0,https://www.sec.gov/Archives/edgar/data/1100663/000175272423114943/primary_doc.xml,0001752724-23-114943,2023-05-24,2023-03-31
S000004347,iShares Russell 1000 ETF,C000012077,2023-03-31,0.0315,disclosed,1.0,https://www.sec.gov/Archives/edgar/data/1100663/000175272423114943/primary_doc.xml,0001752724-23-114943,2023-05-24,2023-03-31
S000004347,iShares Russell 1000 ETF,C000012077,2023-04-30,0.0123,disclosed,1.0,https://www.sec.gov/Archives/edgar/data/1100663/000175272423192398/primary_doc.xml,0001752724-23-192398,2023-08-28,2023-06-30
S000004347,iShares Russell 1000 ETF,C000012077,2023-05-31,0.0045000000000000005,disclosed,1.0,https://www.sec.gov/Archives/edgar/data/1100663/000175272423192398/primary_doc.xml,0001752724-23-192398,2023-08-28,2023-06-30
S000004347,iShares Russell 1000 ETF,C000012077,2023-06-30,0.0674,disclosed,1.0,https://www.sec.gov/Archives/edgar/data/1100663/000175272423192398/primary_doc.xml,0001752724-23-192398,2023-08-28,2023-06-30
S000004347,iShares Russell 1000 ETF,C000012077,2023-07-31,0.034300000000000004,disclosed,1.0,https://www.sec.gov/Archives/edgar/data/1100663/000175272423265165/primary_doc.xml,0001752724-23-265165,2023-11-24,2023-09-30
S000004347,iShares Russell 1000 ETF,C000012077,2023-08-31,-0.0175,disclosed,1.0,https://www.sec.gov/Archives/edgar/data/1100663/000175272423265165/primary_doc.xml,0001752724-23-265165,2023-11-24,2023-09-30
S000004347,iShares Russell 1000 ETF,C000012077,2023-09-30,-0.0471,disclosed,1.0,https://www.sec.gov/Archives/edgar/data/1100663/000175272423265165/primary_doc.xml,0001752724-23-265165,2023-11-24,2023-09-30
S000004347,iShares Russell 1000 ETF,C000012077,2023-10-31,-0.024300000000000002,disclosed,1.0,https://www.sec.gov/Archives/edgar/data/1100663/000175272424034803/primary_doc.xml,0001752724-24-034803,2024-02-23,2023-12-31
S000004347,iShares Russell 1000 ETF,C000012077,2023-11-30,0.09359999999999999,disclosed,1.0,https://www.sec.gov/Archives/edgar/data/1100663/000175272424034803/primary_doc.xml,0001752724-24-034803,2024-02-23,2023-12-31
S000004347,iShares Russell 1000 ETF,C000012077,2023-12-31,0.0493,disclosed,1.0,https://www.sec.gov/Archives/edgar/data/1100663/000175272424034803/primary_doc.xml,0001752724-24-034803,2024-02-23,2023-12-31
S000004347,iShares Russell 1000 ETF,C000012077,2024-01-31,0.0138,disclosed,1.0,https://www.sec.gov/Archives/edgar/data/1100663/000175272424118351/primary_doc.xml,0001752724-24-118351,2024-05-24,2024-03-31
S000004347,iShares Russell 1000 ETF,C000012077,2024-02-29,0.053899999999999997,disclosed,1.0,https://www.sec.gov/Archives/edgar/data/1100663/000175272424118351/primary_doc.xml,0001752724-24-118351,2024-05-24,2024-03-31
S000004347,iShares Russell 1000 ETF,C000012077,2024-03-31,0.0319,disclosed,1.0,https://www.sec.gov/Archives/edgar/data/1100663/000175272424118351/primary_doc.xml,0001752724-24-118351,2024-05-24,2024-03-31
S000004347,iShares Russell 1000 ETF,C000012077,2024-04-30,-0.042699999999999995,disclosed,1.0,https://www.sec.gov/Archives/edgar/data/1100663/000175272424189684/primary_doc.xml,0001752724-24-189684,2024-08-26,2024-06-30
S000004347,iShares Russell 1000 ETF,C000012077,2024-05-31,0.047,disclosed,1.0,https://www.sec.gov/Archives/edgar/data/1100663/000175272424189684/primary_doc.xml,0001752724-24-189684,2024-08-26,2024-06-30
S000004347,iShares Russell 1000 ETF,C000012077,2024-06-30,0.033,disclosed,1.0,https://www.sec.gov/Archives/edgar/data/1100663/000175272424189684/primary_doc.xml,0001752724-24-189684,2024-08-26,2024-06-30
S000004347,iShares Russell 1000 ETF,C000012077,2024-07-31,0.014499999999999999,disclosed,1.0,https://www.sec.gov/Archives/edgar/data/1100663/000175272424268869/primary_doc.xml,0001752724-24-268869,2024-11-26,2024-09-30
S000004347,iShares Russell 1000 ETF,C000012077,2024-08-31,0.0236,disclosed,1.0,https://www.sec.gov/Archives/edgar/data/1100663/000175272424268869/primary_doc.xml,0001752724-24-268869,2024-11-26,2024-09-30
S000004347,iShares Russell 1000 ETF,C000012077,2024-09-30,0.0212,disclosed,1.0,https://www.sec.gov/Archives/edgar/data/1100663/000175272424268869/primary_doc.xml,0001752724-24-268869,2024-11-26,2024-09-30
S000004347,iShares Russell 1000 ETF,C000012077,2024-10-31,-0.0070999999999999995,disclosed,1.0,https://www.sec.gov/Archives/edgar/data/1100663/000175272425034052/primary_doc.xml,0001752724-25-034052,2025-02-24,2024-12-31
S000004347,iShares Russell 1000 ETF,C000012077,2024-11-30,0.0643,disclosed,1.0,https://www.sec.gov/Archives/edgar/data/1100663/000175272425034052/primary_doc.xml,0001752724-25-034052,2025-02-24,2024-12-31
S000004347,iShares Russell 1000 ETF,C000012077,2024-12-31,-0.027999999999999997,disclosed,1.0,https://www.sec.gov/Archives/edgar/data/1100663/000175272425034052/primary_doc.xml,0001752724-25-034052,2025-02-24,2024-12-31
S000004347,iShares Russell 1000 ETF,C000012077,2025-01-31,0.0317,disclosed,1.0,https://www.sec.gov/Archives/edgar/data/1100663/000175272425118607/primary_doc.xml,0001752724-25-118607,2025-05-23,2025-03-31
S000004347,iShares Russell 1000 ETF,C000012077,2025-02-28,-0.0176,disclosed,1.0,https://www.sec.gov/Archives/edgar/data/1100663/000175272425118607/primary_doc.xml,0001752724-25-118607,2025-05-23,2025-03-31
S000004347,iShares Russell 1000 ETF,C000012077,2025-03-31,-0.057999999999999996,disclosed,1.0,https://www.sec.gov/Archives/edgar/data/1100663/000175272425118607/primary_doc.xml,0001752724-25-118607,2025-05-23,2025-03-31
S000004347,iShares Russell 1000 ETF,C000012077,2025-04-30,-0.0060999999999999995,disclosed,1.0,https://www.sec.gov/Archives/edgar/data/1100663/000175272425204367/primary_doc.xml,0001752724-25-204367,2025-08-26,2025-06-30
S000004347,iShares Russell 1000 ETF,C000012077,2025-05-31,0.0637,disclosed,1.0,https://www.sec.gov/Archives/edgar/data/1100663/000175272425204367/primary_doc.xml,0001752724-25-204367,2025-08-26,2025-06-30
S000004347,iShares Russell 1000 ETF,C000012077,2025-06-30,0.050499999999999996,disclosed,1.0,https://www.sec.gov/Archives/edgar/data/1100663/000175272425204367/primary_doc.xml,0001752724-25-204367,2025-08-26,2025-06-30
S000004347,iShares Russell 1000 ETF,C000012077,2025-07-31,0.022099999999999998,disclosed,1.0,https://www.sec.gov/Archives/edgar/data/1100663/000100472625002043/primary_doc.xml,0001004726-25-002043,2025-11-25,2025-09-30
S000004347,iShares Russell 1000 ETF,C000012077,2025-08-31,0.021,disclosed,1.0,https://www.sec.gov/Archives/edgar/data/1100663/000100472625002043/primary_doc.xml,0001004726-25-002043,2025-11-25,2025-09-30
S000004347,iShares Russell 1000 ETF,C000012077,2025-09-30,0.0346,disclosed,1.0,https://www.sec.gov/Archives/edgar/data/1100663/000100472625002043/primary_doc.xml,0001004726-25-002043,2025-11-25,2025-09-30
S000004347,iShares Russell 1000 ETF,C000012077,2025-10-31,0.021400000000000002,disclosed,1.0,https://www.sec.gov/Archives/edgar/data/1100663/000100472626000805/primary_doc.xml,0001004726-26-000805,2026-02-23,2025-12-31
S000004347,iShares Russell 1000 ETF,C000012077,2025-11-30,0.0024,disclosed,1.0,https://www.sec.gov/Archives/edgar/data/1100663/000100472626000805/primary_doc.xml,0001004726-26-000805,2026-02-23,2025-12-31
S000004347,iShares Russell 1000 ETF,C000012077,2025-12-31,-0.0001,disclosed,1.0,https://www.sec.gov/Archives/edgar/data/1100663/000100472626000805/primary_doc.xml,0001004726-26-000805,2026-02-23,2025-12-31
S000004347,iShares Russell 1000 ETF,C000012077,2026-01-31,0.0137,disclosed,1.0,https://www.sec.gov/Archives/edgar/data/1100663/000100472626003726/primary_doc.xml,0001004726-26-003726,2026-05-22,2026-03-31
S000004347,iShares Russell 1000 ETF,C000012077,2026-02-28,-0.0054,disclosed,1.0,https://www.sec.gov/Archives/edgar/data/1100663/000100472626003726/primary_doc.xml,0001004726-26-003726,2026-05-22,2026-03-31
S000004347,iShares Russell 1000 ETF,C000012077,2026-03-31,-0.049800000000000004,disclosed,1.0,https://www.sec.gov/Archives/edgar/data/1100663/000100472626003726/primary_doc.xml,0001004726-26-003726,2026-05-22,2026-03-31
S000004347,iShares Russell 1000 ETF,C000012077,2026-04-30,0.1009,disclosed,1.0,https://www.sec.gov/Archives/edgar/data/1100663/000100472626007016/primary_doc.xml,0001004726-26-007016,2026-08-24,2026-06-30
S000004347,iShares Russell 1000 ETF,C000012077,2026-05-31,0.0509,disclosed,1.0,https://www.sec.gov/Archives/edgar/data/1100663/000100472626007016/primary_doc.xml,0001004726-26-007016,2026-08-24,2026-06-30
S000004347,iShares Russell 1000 ETF,C000012077,2026-06-30,-0.0052,disclosed,1.0,https://www.sec.gov/Archives/edgar/data/1100663/000100472626007016/primary_doc.xml,0001004726-26-007016,2026-08-24,2026-06-30
S000005371,Nuveen Large Cap Responsible Equity Fund,C000014633,2019-08-31,-0.019057170000000002,disclosed,1.0,https://www.sec.gov/Archives/edgar/data/1084380/000175272419203901/primary_doc.xml,0001752724-19-203901,2019-12-27,2019-10-31
S000005371,Nuveen Large Cap Responsible Equity Fund,C000014633,2019-09-30,0.02096114,disclosed,1.0,https://www.sec.gov/Archives/edgar/data/1084380/000175272419203901/primary_doc.xml,0001752724-19-203901,2019-12-27,2019-10-31
S000005371,Nuveen Large Cap Responsible Equity Fund,C000014633,2019-10-31,0.019529289999999998,disclosed,1.0,https://www.sec.gov/Archives/edgar/data/1084380/000175272419203901/primary_doc.xml,0001752724-19-203901,2019-12-27,2019-10-31
S000005371,Nuveen Large Cap Responsible Equity Fund,C000014633,2019-11-30,0.03487229,disclosed,1.0,https://www.sec.gov/Archives/edgar/data/1084380/000175272420057260/primary_doc.xml,0001752724-20-057260,2020-03-24,2020-01-31
S000005371,Nuveen Large Cap Responsible Equity Fund,C000014633,2019-12-31,0.03342572,disclosed,1.0,https://www.sec.gov/Archives/edgar/data/1084380/000175272420057260/primary_doc.xml,0001752724-20-057260,2020-03-24,2020-01-31
S000005371,Nuveen Large Cap Responsible Equity Fund,C000014633,2020-01-31,0.0,disclosed,1.0,https://www.sec.gov/Archives/edgar/data/1084380/000175272420057260/primary_doc.xml,0001752724-20-057260,2020-03-24,2020-01-31
S000005371,Nuveen Large Cap Responsible Equity Fund,C000014633,2020-02-29,-0.08052073,disclosed,1.0,https://www.sec.gov/Archives/edgar/data/1084380/000175272420130132/primary_doc.xml,0001752724-20-130132,2020-06-26,2020-04-30
S000005371,Nuveen Large Cap Responsible Equity Fund,C000014633,2020-03-31,-0.13529102999999998,disclosed,1.0,https://www.sec.gov/Archives/edgar/data/1084380/000175272420130132/primary_doc.xml,0001752724-20-130132,2020-06-26,2020-04-30
S000005371,Nuveen Large Cap Responsible Equity Fund,C000014633,2020-04-30,0.13462704,disclosed,1.0,https://www.sec.gov/Archives/edgar/data/1084380/000175272420130132/primary_doc.xml,0001752724-20-130132,2020-06-26,2020-04-30
S000005371,Nuveen Large Cap Responsible Equity Fund,C000014633,2020-05-31,0.052378400000000006,disclosed,1.0,https://www.sec.gov/Archives/edgar/data/1084380/000175272420191233/primary_doc.xml,0001752724-20-191233,2020-09-23,2020-07-31
S000005371,Nuveen Large Cap Responsible Equity Fund,C000014633,2020-06-30,0.023869980000000002,disclosed,1.0,https://www.sec.gov/Archives/edgar/data/1084380/000175272420191233/primary_doc.xml,0001752724-20-191233,2020-09-23,2020-07-31
S000005371,Nuveen Large Cap Responsible Equity Fund,C000014633,2020-07-31,0.04761904,disclosed,1.0,https://www.sec.gov/Archives/edgar/data/1084380/000175272420191233/primary_doc.xml,0001752724-20-191233,2020-09-23,2020-07-31
S000005371,Nuveen Large Cap Responsible Equity Fund,C000014633,2020-08-31,0.07054924,disclosed,1.0,https://www.sec.gov/Archives/edgar/data/1084380/000175272420272666/primary_doc.xml,0001752724-20-272666,2020-12-28,2020-10-31
S000005371,Nuveen Large Cap Responsible Equity Fund,C000014633,2020-09-30,-0.03272888,disclosed,1.0,https://www.sec.gov/Archives/edgar/data/1084380/000175272420272666/primary_doc.xml,0001752724-20-272666,2020-12-28,2020-10-31
S000005371,Nuveen Large Cap Responsible Equity Fund,C000014633,2020-10-31,-0.020576129999999998,disclosed,1.0,https://www.sec.gov/Archives/edgar/data/1084380/000175272420272666/primary_doc.xml,0001752724-20-272666,2020-12-28,2020-10-31
S000005371,Nuveen Large Cap Responsible Equity Fund,C000014633,2020-11-30,0.11811391,disclosed,1.0,https://www.sec.gov/Archives/edgar/data/1084380/000175272421062232/primary_doc.xml,0001752724-21-062232,2021-03-25,2021-01-31
S000005371,Nuveen Large Cap Responsible Equity Fund,C000014633,2020-12-31,0.04214589,disclosed,1.0,https://www.sec.gov/Archives/edgar/data/1084380/000175272421062232/primary_doc.xml,0001752724-21-062232,2021-03-25,2021-01-31
S000005371,Nuveen Large Cap Responsible Equity Fund,C000014633,2021-01-31,0.00040633000000000005,disclosed,1.0,https://www.sec.gov/Archives/edgar/data/1084380/000175272421062232/primary_doc.xml,0001752724-21-062232,2021-03-25,2021-01-31
S000005371,Nuveen Large Cap Responsible Equity Fund,C000014633,2021-02-28,0.0324939,disclosed,1.0,https://www.sec.gov/Archives/edgar/data/1084380/000175272421136402/primary_doc.xml,0001752724-21-136402,2021-06-25,2021-04-30
S000005371,Nuveen Large Cap Responsible Equity Fund,C000014633,2021-03-31,0.03815893,disclosed,1.0,https://www.sec.gov/Archives/edgar/data/1084380/000175272421136402/primary_doc.xml,0001752724-21-136402,2021-06-25,2021-04-30
S000005371,Nuveen Large Cap Responsible Equity Fund,C000014633,2021-04-30,0.04281925,disclosed,1.0,https://www.sec.gov/Archives/edgar/data/1084380/000175272421136402/primary_doc.xml,0001752724-21-136402,2021-06-25,2021-04-30
S000005371,Nuveen Large Cap Responsible Equity Fund,C000014633,2021-05-31,0.012718020000000002,disclosed,1.0,https://www.sec.gov/Archives/edgar/data/1084380/000175272421205915/primary_doc.xml,0001752724-21-205915,2021-09-24,2021-07-31
S000005371,Nuveen Large Cap Responsible Equity Fund,C000014633,2021-06-30,0.02404018,disclosed,1.0,https://www.sec.gov/Archives/edgar/data/1084380/000175272421205915/primary_doc.xml,0001752724-21-205915,2021-09-24,2021-07-31
S000005371,Nuveen Large Cap Responsible Equity Fund,C000014633,2021-07-31,0.01471618,disclosed,1.0,https://www.sec.gov/Archives/edgar/data/1084380/000175272421205915/primary_doc.xml,0001752724-21-205915,2021-09-24,2021-07-31
S000005371,Nuveen Large Cap Responsible Equity Fund,C000014633,2021-08-31,0.026933699999999998,disclosed,1.0,https://www.sec.gov/Archives/edgar/data/1084380/000175272421276357/primary_doc.xml,0001752724-21-276357,2021-12-21,2021-10-31
S000005371,Nuveen Large Cap Responsible Equity Fund,C000014633,2021-09-30,-0.044048420000000005,disclosed,1.0,https://www.sec.gov/Archives/edgar/data/1084380/000175272421276357/primary_doc.xml,0001752724-21-276357,2021-12-21,2021-10-31
S000005371,Nuveen Large Cap Responsible Equity Fund,C000014633,2021-10-31,0.07069995999999999,disclosed,1.0,https://www.sec.gov/Archives/edgar/data/1084380/000175272421276357/primary_doc.xml,0001752724-21-276357,2021-12-21,2021-10-31
S000005371,Nuveen Large Cap Responsible Equity Fund,C000014633,2021-11-30,-0.02266754,disclosed,1.0,https://www.sec.gov/Archives/edgar/data/1084380/000175272422075839/primary_doc.xml,0001752724-22-075839,2022-03-29,2022-01-31
S000005371,Nuveen Large Cap Responsible Equity Fund,C000014633,2021-12-31,0.04613964,disclosed,1.0,https://www.sec.gov/Archives/edgar/data/1084380/000175272422075839/primary_doc.xml,0001752724-22-075839,2022-03-29,2022-01-31
S000005371,Nuveen Large Cap Responsible Equity Fund,C000014633,2022-01-31,-0.06516379,disclosed,1.0,https://www.sec.gov/Archives/edgar/data/1084380/000175272422075839/primary_doc.xml,0001752724-22-075839,2022-03-29,2022-01-31
S000005371,Nuveen Large Cap Responsible Equity Fund,C000014633,2022-02-28,-0.03014318,disclosed,1.0,https://www.sec.gov/Archives/edgar/data/1084380/000175272422147734/primary_doc.xml,0001752724-22-147734,2022-06-27,2022-04-30
S000005371,Nuveen Large Cap Responsible Equity Fund,C000014633,2022-03-31,0.030303029999999998,disclosed,1.0,https://www.sec.gov/Archives/edgar/data/1084380/000175272422147734/primary_doc.xml,0001752724-22-147734,2022-06-27,2022-04-30
S000005371,Nuveen Large Cap Responsible Equity Fund,C000014633,2022-04-30,-0.08182503,disclosed,1.0,https://www.sec.gov/Archives/edgar/data/1084380/000175272422147734/primary_doc.xml,0001752724-22-147734,2022-06-27,2022-04-30
S000005371,Nuveen Large Cap Responsible Equity Fund,C000014633,2022-05-31,0.00041066999999999997,disclosed,1.0,https://www.sec.gov/Archives/edgar/data/1084380/000175272422217118/primary_doc.xml,0001752724-22-217118,2022-09-27,2022-07-31
S000005371,Nuveen Large Cap Responsible Equity Fund,C000014633,2022-06-30,-0.08579637999999999,disclosed,1.0,https://www.sec.gov/Archives/edgar/data/1084380/000175272422217118/primary_doc.xml,0001752724-22-217118,2022-09-27,2022-07-31
S000005371,Nuveen Large Cap Responsible Equity Fund,C000014633,2022-07-31,0.09070498,disclosed,1.0,https://www.sec.gov/Archives/edgar/data/1084380/000175272422217118/primary_doc.xml,0001752724-22-217118,2022-09-27,2022-07-31
S000005371,Nuveen Large Cap Responsible Equity Fund,C000014633,2022-08-31,-0.03705228,disclosed,1.0,https://www.sec.gov/Archives/edgar/data/1084380/000175272422288504/primary_doc.xml,0001752724-22-288504,2022-12-22,2022-10-31
S000005371,Nuveen Large Cap Responsible Equity Fund,C000014633,2022-09-30,-0.09063702,disclosed,1.0,https://www.sec.gov/Archives/edgar/data/1084380/000175272422288504/primary_doc.xml,0001752724-22-288504,2022-12-22,2022-10-31
S000005371,Nuveen Large Cap Responsible Equity Fund,C000014633,2022-10-31,0.09073812,disclosed,1.0,https://www.sec.gov/Archives/edgar/data/1084380/000175272422288504/primary_doc.xml,0001752724-22-288504,2022-12-22,2022-10-31
S000005371,Nuveen Large Cap Responsible Equity Fund,C000014633,2022-11-30,0.06551724,disclosed,1.0,https://www.sec.gov/Archives/edgar/data/1084380/000175272423069517/primary_doc.xml,0001752724-23-069517,2023-03-28,2023-01-31
S000005371,Nuveen Large Cap Responsible Equity Fund,C000014633,2022-12-31,-0.055565800000000005,disclosed,1.0,https://www.sec.gov/Archives/edgar/data/1084380/000175272423069517/primary_doc.xml,0001752724-23-069517,2023-03-28,2023-01-31
S000005371,Nuveen Large Cap Responsible Equity Fund,C000014633,2023-01-31,0.07008086,disclosed,1.0,https://www.sec.gov/Archives/edgar/data/1084380/000175272423069517/primary_doc.xml,0001752724-23-069517,2023-03-28,2023-01-31
S000005371,Nuveen Large Cap Responsible Equity Fund,C000014633,2023-02-28,-0.02686817,disclosed,1.0,https://www.sec.gov/Archives/edgar/data/1084380/000175272423143992/primary_doc.xml,0001752724-23-143992,2023-06-26,2023-04-30
S000005371,Nuveen Large Cap Responsible Equity Fund,C000014633,2023-03-31,0.015962030000000002,disclosed,1.0,https://www.sec.gov/Archives/edgar/data/1084380/000175272423143992/primary_doc.xml,0001752724-23-143992,2023-06-26,2023-04-30
S000005371,Nuveen Large Cap Responsible Equity Fund,C000014633,2023-04-30,0.0,disclosed,1.0,https://www.sec.gov/Archives/edgar/data/1084380/000175272423143992/primary_doc.xml,0001752724-23-143992,2023-06-26,2023-04-30
S000005371,Nuveen Large Cap Responsible Equity Fund,C000014633,2023-05-31,-0.00636942,disclosed,1.0,https://www.sec.gov/Archives/edgar/data/1084380/000175272423219045/primary_doc.xml,0001752724-23-219045,2023-09-27,2023-07-31
S000005371,Nuveen Large Cap Responsible Equity Fund,C000014633,2023-06-30,0.07051281999999999,disclosed,1.0,https://www.sec.gov/Archives/edgar/data/1084380/000175272423219045/primary_doc.xml,0001752724-23-219045,2023-09-27,2023-07-31
S000005371,Nuveen Large Cap Responsible Equity Fund,C000014633,2023-07-31,0.03113772,disclosed,1.0,https://www.sec.gov/Archives/edgar/data/1084380/000175272423219045/primary_doc.xml,0001752724-23-219045,2023-09-27,2023-07-31
S000005371,Nuveen Large Cap Responsible Equity Fund,C000014633,2023-08-31,-0.013937280000000002,disclosed,1.0,https://www.sec.gov/Archives/edgar/data/1084380/000175272423292699/primary_doc.xml,0001752724-23-292699,2023-12-27,2023-10-31
S000005371,Nuveen Large Cap Responsible Equity Fund,C000014633,2023-09-30,-0.0502552,disclosed,1.0,https://www.sec.gov/Archives/edgar/data/1084380/000175272423292699/primary_doc.xml,0001752724-23-292699,2023-12-27,2023-10-31
S000005371,Nuveen Large Cap Responsible Equity Fund,C000014633,2023-10-31,-0.026870599999999998,disclosed,1.0,https://www.sec.gov/Archives/edgar/data/1084380/000175272423292699/primary_doc.xml,0001752724-23-292699,2023-12-27,2023-10-31
S000005371,Nuveen Large Cap Responsible Equity Fund,C000014633,2023-11-30,0.10025487999999999,disclosed,1.0,https://www.sec.gov/Archives/edgar/data/1084380/000175272424065443/primary_doc.xml,0001752724-24-065443,2024-03-25,2024-01-31
S000005371,Nuveen Large Cap Responsible Equity Fund,C000014633,2023-12-31,0.05278727,disclosed,1.0,https://www.sec.gov/Archives/edgar/data/1084380/000175272424065443/primary_doc.xml,0001752724-24-065443,2024-03-25,2024-01-31
S000005371,Nuveen Large Cap Responsible Equity Fund,C000014633,2024-01-31,0.012815529999999999,disclosed,1.0,https://www.sec.gov/Archives/edgar/data/1084380/000175272424065443/primary_doc.xml,0001752724-24-065443,2024-03-25,2024-01-31
S000005371,Nuveen Large Cap Responsible Equity Fund,C000014633,2024-02-29,0.05214723,disclosed,1.0,https://www.sec.gov/Archives/edgar/data/1084380/000175272424144490/primary_doc.xml,0001752724-24-144490,2024-06-25,2024-04-30
S000005371,Nuveen Large Cap Responsible Equity Fund,C000014633,2024-02-29,0.05214723,disclosed,1.0,https://www.sec.gov/Archives/edgar/data/1084380/000175272424167009/primary_doc.xml,0001752724-24-167009,2024-07-26,2024-04-30
S000005371,Nuveen Large Cap Responsible Equity Fund,C000014633,2024-03-31,0.03316326,disclosed,1.0,https://www.sec.gov/Archives/edgar/data/1084380/000175272424144490/primary_doc.xml,0001752724-24-144490,2024-06-25,2024-04-30
S000005371,Nuveen Large Cap Responsible Equity Fund,C000014633,2024-03-31,0.03316326,disclosed,1.0,https://www.sec.gov/Archives/edgar/data/1084380/000175272424167009/primary_doc.xml,0001752724-24-167009,2024-07-26,2024-04-30
S000005371,Nuveen Large Cap Responsible Equity Fund,C000014633,2024-04-30,-0.051146380000000005,disclosed,1.0,https://www.sec.gov/Archives/edgar/data/1084380/000175272424144490/primary_doc.xml,0001752724-24-144490,2024-06-25,2024-04-30
S000005371,Nuveen Large Cap Responsible Equity Fund,C000014633,2024-04-30,-0.051146380000000005,disclosed,1.0,https://www.sec.gov/Archives/edgar/data/1084380/000175272424167009/primary_doc.xml,0001752724-24-167009,2024-07-26,2024-04-30
S000005371,Nuveen Large Cap Responsible Equity Fund,C000014633,2024-05-31,0.04200743,disclosed,1.0,https://www.sec.gov/Archives/edgar/data/1084380/000175272424214063/primary_doc.xml,0001752724-24-214063,2024-09-24,2024-07-31
S000005371,Nuveen Large Cap Responsible Equity Fund,C000014633,2024-06-30,0.02675704,disclosed,1.0,https://www.sec.gov/Archives/edgar/data/1084380/000175272424214063/primary_doc.xml,0001752724-24-214063,2024-09-24,2024-07-31
S000005371,Nuveen Large Cap Responsible Equity Fund,C000014633,2024-07-31,0.01876303,disclosed,1.0,https://www.sec.gov/Archives/edgar/data/1084380/000175272424214063/primary_doc.xml,0001752724-24-214063,2024-09-24,2024-07-31
S000005371,Nuveen Large Cap Responsible Equity Fund,C000014633,2024-08-31,0.023192360000000002,disclosed,1.0,https://www.sec.gov/Archives/edgar/data/1084380/000175272424296068/primary_doc.xml,0001752724-24-296068,2024-12-26,2024-10-31
S000005371,Nuveen Large Cap Responsible Equity Fund,C000014633,2024-09-30,0.01933333,disclosed,1.0,https://www.sec.gov/Archives/edgar/data/1084380/000175272424296068/primary_doc.xml,0001752724-24-296068,2024-12-26,2024-10-31
S000005371,Nuveen Large Cap Responsible Equity Fund,C000014633,2024-10-31,-0.015369520000000001,disclosed,1.0,https://www.sec.gov/Archives/edgar/data/1084380/000175272424296068/primary_doc.xml,0001752724-24-296068,2024-12-26,2024-10-31
S000005371,Nuveen Large Cap Responsible Equity Fund,C000014633,2024-11-30,0.07339754,disclosed,1.0,https://www.sec.gov/Archives/edgar/data/1084380/000175272425067629/primary_doc.xml,0001752724-25-067629,2025-03-26,2025-01-31
S000005371,Nuveen Large Cap Responsible Equity Fund,C000014633,2024-12-31,-0.05797123,disclosed,1.0,https://www.sec.gov/Archives/edgar/data/1084380/000175272425067629/primary_doc.xml,0001752724-25-067629,2025-03-26,2025-01-31
S000005371,Nuveen Large Cap Responsible Equity Fund,C000014633,2025-01-31,0.024343849999999997,disclosed,1.0,https://www.sec.gov/Archives/edgar/data/1084380/000175272425067629/primary_doc.xml,0001752724-25-067629,2025-03-26,2025-01-31
S000005371,Nuveen Large Cap Responsible Equity Fund,C000014633,2025-02-28,-0.0037133300000000004,disclosed,1.0,https://www.sec.gov/Archives/edgar/data/1084380/000175272425157635/primary_doc.xml,0001752724-25-157635,2025-06-26,2025-04-30
S000005371,Nuveen Large Cap Responsible Equity Fund,C000014633,2025-03-31,-0.05106224,disclosed,1.0,https://www.sec.gov/Archives/edgar/data/1084380/000175272425157635/primary_doc.xml,0001752724-25-157635,2025-06-26,2025-04-30
S000005371,Nuveen Large Cap Responsible Equity Fund,C000014633,2025-04-30,0.0035349500000000002,disclosed,1.0,https://www.sec.gov/Archives/edgar/data/1084380/000175272425157635/primary_doc.xml,0001752724-25-157635,2025-06-26,2025-04-30
S000005371,Nuveen Large Cap Responsible Equity Fund,C000014633,2025-05-31,0.06223092,disclosed,1.0,https://www.sec.gov/Archives/edgar/data/1084380/000108438025000139/primary_doc.xml,0001084380-25-000139,2025-09-26,2025-07-31
S000005371,Nuveen Large Cap Responsible Equity Fund,C000014633,2025-06-30,0.053426669999999996,disclosed,1.0,https://www.sec.gov/Archives/edgar/data/1084380/000108438025000139/primary_doc.xml,0001084380-25-000139,2025-09-26,2025-07-31
S000005371,Nuveen Large Cap Responsible Equity Fund,C000014633,2025-07-31,0.0178384,disclosed,1.0,https://www.sec.gov/Archives/edgar/data/1084380/000108438025000139/primary_doc.xml,0001084380-25-000139,2025-09-26,2025-07-31
S000005371,Nuveen Large Cap Responsible Equity Fund,C000014633,2025-08-31,0.00511596,disclosed,1.0,https://www.sec.gov/Archives/edgar/data/1084380/000108438025000523/primary_doc.xml,0001084380-25-000523,2025-12-30,2025-10-31
S000005371,Nuveen Large Cap Responsible Equity Fund,C000014633,2025-09-30,0.01968103,disclosed,1.0,https://www.sec.gov/Archives/edgar/data/1084380/000108438025000523/primary_doc.xml,0001084380-25-000523,2025-12-30,2025-10-31
S000005371,Nuveen Large Cap Responsible Equity Fund,C000014633,2025-10-31,0.020299499999999998,disclosed,1.0,https://www.sec.gov/Archives/edgar/data/1084380/000108438025000523/primary_doc.xml,0001084380-25-000523,2025-12-30,2025-10-31
S000005371,Nuveen Large Cap Responsible Equity Fund,C000014633,2025-11-30,-0.010763199999999999,disclosed,1.0,https://www.sec.gov/Archives/edgar/data/1084380/000108438026000373/primary_doc.xml,0001084380-26-000373,2026-03-25,2026-01-31
S000005371,Nuveen Large Cap Responsible Equity Fund,C000014633,2025-12-31,0.01080659,disclosed,1.0,https://www.sec.gov/Archives/edgar/data/1084380/000108438026000373/primary_doc.xml,0001084380-26-000373,2026-03-25,2026-01-31
S000005371,Nuveen Large Cap Responsible Equity Fund,C000014633,2026-01-31,0.01581722,disclosed,1.0,https://www.sec.gov/Archives/edgar/data/1084380/000108438026000373/primary_doc.xml,0001084380-26-000373,2026-03-25,2026-01-31
S000005371,Nuveen Large Cap Responsible Equity Fund,C000014633,2026-02-28,-0.00034602,disclosed,1.0,https://www.sec.gov/Archives/edgar/data/1084380/000108438026000760/primary_doc.xml,0001084380-26-000760,2026-06-24,2026-04-30
S000005371,Nuveen Large Cap Responsible Equity Fund,C000014633,2026-03-31,-0.048459669999999996,disclosed,1.0,https://www.sec.gov/Archives/edgar/data/1084380/000108438026000760/primary_doc.xml,0001084380-26-000760,2026-06-24,2026-04-30
S000005371,Nuveen Large Cap Responsible Equity Fund,C000014633,2026-04-30,0.11240451,disclosed,1.0,https://www.sec.gov/Archives/edgar/data/1084380/000108438026000760/primary_doc.xml,0001084380-26-000760,2026-06-24,2026-04-30
S000005371,Nuveen Large Cap Responsible Equity Fund,C000014633,2026-05-31,0.041857420000000006,disclosed,1.0,https://www.sec.gov/Archives/edgar/data/1084380/000108438026001234/primary_doc.xml,0001084380-26-001234,2026-09-25,2026-07-31
S000005371,Nuveen Large Cap Responsible Equity Fund,C000014633,2026-06-30,0.01412429,disclosed,1.0,https://www.sec.gov/Archives/edgar/data/1084380/000108438026001234/primary_doc.xml,0001084380-26-001234,2026-09-25,2026-07-31
S000005371,Nuveen Large Cap Responsible Equity Fund,C000014633,2026-07-31,-0.011451560000000001,disclosed,1.0,https://www.sec.gov/Archives/edgar/data/1084380/000108438026001234/primary_doc.xml,0001084380-26-001234,2026-09-25,2026-07-31
S000005371,Nuveen Large Cap Responsible Equity Fund,C000014634,2019-08-31,-0.019259250000000002,disclosed,1.0,https://www.sec.gov/Archives/edgar/data/1084380/000175272419203901/primary_doc.xml,0001752724-19-203901,2019-12-27,2019-10-31
S000005371,Nuveen Large Cap Responsible Equity Fund,C000014634,2019-09-30,0.02064451,disclosed,1.0,https://www.sec.gov/Archives/edgar/data/1084380/000175272419203901/primary_doc.xml,0001752724-19-203901,2019-12-27,2019-10-31
S000005371,Nuveen Large Cap Responsible Equity Fund,C000014634,2019-10-31,0.01924025,disclosed,1.0,https://www.sec.gov/Archives/edgar/data/1084380/000175272419203901/primary_doc.xml,0001752724-19-203901,2019-12-27,2019-10-31
S000005371,Nuveen Large Cap Responsible Equity Fund,C000014634,2019-11-30,0.03484995,disclosed,1.0,https://www.sec.gov/Archives/edgar/data/1084380/000175272420057260/primary_doc.xml,0001752724-20-057260,2020-03-24,2020-01-31
S000005371,Nuveen Large Cap Responsible Equity Fund,C000014634,2019-12-31,0.033086199999999996,disclosed,1.0,https://www.sec.gov/Archives/edgar/data/1084380/000175272420057260/primary_doc.xml,0001752724-20-057260,2020-03-24,2020-01-31
S000005371,Nuveen Large Cap Responsible Equity Fund,C000014634,2020-01-31,-0.00047392999999999996,disclosed,1.0,https://www.sec.gov/Archives/edgar/data/1084380/000175272420057260/primary_doc.xml,0001752724-20-057260,2020-03-24,2020-01-31
S000005371,Nuveen Large Cap Responsible Equity Fund,C000014634,2020-02-29,-0.08060692,disclosed,1.0,https://www.sec.gov/Archives/edgar/data/1084380/000175272420130132/primary_doc.xml,0001752724-20-130132,2020-06-26,2020-04-30
S000005371,Nuveen Large Cap Responsible Equity Fund,C000014634,2020-03-31,-0.13512119,disclosed,1.0,https://www.sec.gov/Archives/edgar/data/1084380/000175272420130132/primary_doc.xml,0001752724-20-130132,2020-06-26,2020-04-30
S000005371,Nuveen Large Cap Responsible Equity Fund,C000014634,2020-04-30,0.13416814999999999,disclosed,1.0,https://www.sec.gov/Archives/edgar/data/1084380/000175272420130132/primary_doc.xml,0001752724-20-130132,2020-06-26,2020-04-30
S000005371,Nuveen Large Cap Responsible Equity Fund,C000014634,2020-05-31,0.05205047,disclosed,1.0,https://www.sec.gov/Archives/edgar/data/1084380/000175272420191233/primary_doc.xml,0001752724-20-191233,2020-09-23,2020-07-31
S000005371,Nuveen Large Cap Responsible Equity Fund,C000014634,2020-06-30,0.023988,disclosed,1.0,https://www.sec.gov/Archives/edgar/data/1084380/000175272420191233/primary_doc.xml,0001752724-20-191233,2020-09-23,2020-07-31
S000005371,Nuveen Large Cap Responsible Equity Fund,C000014634,2020-07-31,0.04685212,disclosed,1.0,https://www.sec.gov/Archives/edgar/data/1084380/000175272420191233/primary_doc.xml,0001752724-20-191233,2020-09-23,2020-07-31
S000005371,Nuveen Large Cap Responsible Equity Fund,C000014634,2020-08-31,0.07086247,disclosed,1.0,https://www.sec.gov/Archives/edgar/data/1084380/000175272420272666/primary_doc.xml,0001752724-20-272666,2020-12-28,2020-10-31
S000005371,Nuveen Large Cap Responsible Equity Fund,C000014634,2020-09-30,-0.03308663,disclosed,1.0,https://www.sec.gov/Archives/edgar/data/1084380/000175272420272666/primary_doc.xml,0001752724-20-272666,2020-12-28,2020-10-31
S000005371,Nuveen Large Cap Responsible Equity Fund,C000014634,2020-10-31,-0.02071139,disclosed,1.0,https://www.sec.gov/Archives/edgar/data/1084380/000175272420272666/primary_doc.xml,0001752724-20-272666,2020-12-28,2020-10-31
S000005371,Nuveen Large Cap Responsible Equity Fund,C000014634,2020-11-30,0.11770114,disclosed,1.0,https://www.sec.gov/Archives/edgar/data/1084380/000175272421062232/primary_doc.xml,0001752724-21-062232,2021-03-25,2021-01-31
S000005371,Nuveen Large Cap Responsible Equity Fund,C000014634,2020-12-31,0.04220555,disclosed,1.0,https://www.sec.gov/Archives/edgar/data/1084380/000175272421062232/primary_doc.xml,0001752724-21-062232,2021-03-25,2021-01-31
S000005371,Nuveen Large Cap Responsible Equity Fund,C000014634,2021-01-31,0.0,disclosed,1.0,https://www.sec.gov/Archives/edgar/data/1084380/000175272421062232/primary_doc.xml,0001752724-21-062232,2021-03-25,2021-01-31
S000005371,Nuveen Large Cap Responsible Equity Fund,C000014634,2021-02-28,0.03234824,disclosed,1.0,https://www.sec.gov/Archives/edgar/data/1084380/000175272421136402/primary_doc.xml,0001752724-21-136402,2021-06-25,2021-04-30
S000005371,Nuveen Large Cap Responsible Equity Fund,C000014634,2021-03-31,0.03791102,disclosed,1.0,https://www.sec.gov/Archives/edgar/data/1084380/000175272421136402/primary_doc.xml,0001752724-21-136402,2021-06-25,2021-04-30
S000005371,Nuveen Large Cap Responsible Equity Fund,C000014634,2021-04-30,0.04248975,disclosed,1.0,https://www.sec.gov/Archives/edgar/data/1084380/000175272421136402/primary_doc.xml,0001752724-21-136402,2021-06-25,2021-04-30
S000005371,Nuveen Large Cap Responsible Equity Fund,C000014634,2021-05-31,0.0125134,disclosed,1.0,https://www.sec.gov/Archives/edgar/data/1084380/000175272421205915/primary_doc.xml,0001752724-21-205915,2021-09-24,2021-07-31
S000005371,Nuveen Large Cap Responsible Equity Fund,C000014634,2021-06-30,0.023658190000000003,disclosed,1.0,https://www.sec.gov/Archives/edgar/data/1084380/000175272421205915/primary_doc.xml,0001752724-21-205915,2021-09-24,2021-07-31
S000005371,Nuveen Large Cap Responsible Equity Fund,C000014634,2021-07-31,0.0148327,disclosed,1.0,https://www.sec.gov/Archives/edgar/data/1084380/000175272421205915/primary_doc.xml,0001752724-21-205915,2021-09-24,2021-07-31
S000005371,Nuveen Large Cap Responsible Equity Fund,C000014634,2021-08-31,0.02685248,disclosed,1.0,https://www.sec.gov/Archives/edgar/data/1084380/000175272421276357/primary_doc.xml,0001752724-21-276357,2021-12-21,2021-10-31
S000005371,Nuveen Large Cap Responsible Equity Fund,C000014634,2021-09-30,-0.04435617,disclosed,1.0,https://www.sec.gov/Archives/edgar/data/1084380/000175272421276357/primary_doc.xml,0001752724-21-276357,2021-12-21,2021-10-31
S000005371,Nuveen Large Cap Responsible Equity Fund,C000014634,2021-10-31,0.07031520000000001,disclosed,1.0,https://www.sec.gov/Archives/edgar/data/1084380/000175272421276357/primary_doc.xml,0001752724-21-276357,2021-12-21,2021-10-31
S000005371,Nuveen Large Cap Responsible Equity Fund,C000014634,2021-11-30,-0.022653720000000002,disclosed,1.0,https://www.sec.gov/Archives/edgar/data/1084380/000175272422075839/primary_doc.xml,0001752724-22-075839,2022-03-29,2022-01-31
S000005371,Nuveen Large Cap Responsible Equity Fund,C000014634,2021-12-31,0.04557003,disclosed,1.0,https://www.sec.gov/Archives/edgar/data/1084380/000175272422075839/primary_doc.xml,0001752724-22-075839,2022-03-29,2022-01-31
S000005371,Nuveen Large Cap Responsible Equity Fund,C000014634,2022-01-31,-0.06500691,disclosed,1.0,https://www.sec.gov/Archives/edgar/data/1084380/000175272422075839/primary_doc.xml,0001752724-22-075839,2022-03-29,2022-01-31
S000005371,Nuveen Large Cap Responsible Equity Fund,C000014634,2022-02-28,-0.030695260000000002,disclosed,1.0,https://www.sec.gov/Archives/edgar/data/1084380/000175272422147734/primary_doc.xml,0001752724-22-147734,2022-06-27,2022-04-30
S000005371,Nuveen Large Cap Responsible Equity Fund,C000014634,2022-03-31,0.03014116,disclosed,1.0,https://www.sec.gov/Archives/edgar/data/1084380/000175272422147734/primary_doc.xml,0001752724-22-147734,2022-06-27,2022-04-30
S000005371,Nuveen Large Cap Responsible Equity Fund,C000014634,2022-04-30,-0.08185185,disclosed,1.0,https://www.sec.gov/Archives/edgar/data/1084380/000175272422147734/primary_doc.xml,0001752724-22-147734,2022-06-27,2022-04-30
S000005371,Nuveen Large Cap Responsible Equity Fund,C000014634,2022-05-31,0.0,disclosed,1.0,https://www.sec.gov/Archives/edgar/data/1084380/000175272422217118/primary_doc.xml,0001752724-22-217118,2022-09-27,2022-07-31
S000005371,Nuveen Large Cap Responsible Equity Fund,C000014634,2022-06-30,-0.08592174,disclosed,1.0,https://www.sec.gov/Archives/edgar/data/1084380/000175272422217118/primary_doc.xml,0001752724-22-217118,2022-09-27,2022-07-31
S000005371,Nuveen Large Cap Responsible Equity Fund,C000014634,2022-07-31,0.09046778,disclosed,1.0,https://www.sec.gov/Archives/edgar/data/1084380/000175272422217118/primary_doc.xml,0001752724-22-217118,2022-09-27,2022-07-31
S000005371,Nuveen Large Cap Responsible Equity Fund,C000014634,2022-08-31,-0.037231890000000004,disclosed,1.0,https://www.sec.gov/Archives/edgar/data/1084380/000175272422288504/primary_doc.xml,0001752724-22-288504,2022-12-22,2022-10-31
S000005371,Nuveen Large Cap Responsible Equity Fund,C000014634,2022-09-30,-0.09079445,disclosed,1.0,https://www.sec.gov/Archives/edgar/data/1084380/000175272422288504/primary_doc.xml,0001752724-22-288504,2022-12-22,2022-10-31
S000005371,Nuveen Large Cap Responsible Equity Fund,C000014634,2022-10-31,0.09061488000000001,disclosed,1.0,https://www.sec.gov/Archives/edgar/data/1084380/000175272422288504/primary_doc.xml,0001752724-22-288504,2022-12-22,2022-10-31
S000005371,Nuveen Large Cap Responsible Equity Fund,C000014634,2022-11-30,0.06528189000000001,disclosed,1.0,https://www.sec.gov/Archives/edgar/data/1084380/000175272423069517/primary_doc.xml,0001752724-23-069517,2023-03-28,2023-01-31
S000005371,Nuveen Large Cap Responsible Equity Fund,C000014634,2022-12-31,-0.05603102,disclosed,1.0,https://www.sec.gov/Archives/edgar/data/1084380/000175272423069517/primary_doc.xml,0001752724-23-069517,2023-03-28,2023-01-31
S000005371,Nuveen Large Cap Responsible Equity Fund,C000014634,2023-01-31,0.07004405,disclosed,1.0,https://www.sec.gov/Archives/edgar/data/1084380/000175272423069517/primary_doc.xml,0001752724-23-069517,2023-03-28,2023-01-31
S000005371,Nuveen Large Cap Responsible Equity Fund,C000014634,2023-02-28,-0.02675998,disclosed,1.0,https://www.sec.gov/Archives/edgar/data/1084380/000175272423143992/primary_doc.xml,0001752724-23-143992,2023-06-26,2023-04-30
S000005371,Nuveen Large Cap Responsible Equity Fund,C000014634,2023-03-31,0.01522842,disclosed,1.0,https://www.sec.gov/Archives/edgar/data/1084380/000175272423143992/primary_doc.xml,0001752724-23-143992,2023-06-26,2023-04-30
S000005371,Nuveen Large Cap Responsible Equity Fund,C000014634,2023-04-30,0.0,disclosed,1.0,https://www.sec.gov/Archives/edgar/data/1084380/000175272423143992/primary_doc.xml,0001752724-23-143992,2023-06-26,2023-04-30
S000005371,Nuveen Large Cap Responsible Equity Fund,C000014634,2023-05-31,-0.00666666,disclosed,1.0,https://www.sec.gov/Archives/edgar/data/1084380/000175272423219045/primary_doc.xml,0001752724-23-219045,2023-09-27,2023-07-31
S000005371,Nuveen Large Cap Responsible Equity Fund,C000014634,2023-06-30,0.07046979,disclosed,1.0,https://www.sec.gov/Archives/edgar/data/1084380/000175272423219045/primary_doc.xml,0001752724-23-219045,2023-09-27,2023-07-31
S000005371,Nuveen Large Cap Responsible Equity Fund,C000014634,2023-07-31,0.03095611,disclosed,1.0,https://www.sec.gov/Archives/edgar/data/1084380/000175272423219045/primary_doc.xml,0001752724-23-219045,2023-09-27,2023-07-31
S000005371,Nuveen Large Cap Responsible Equity Fund,C000014634,2023-08-31,-0.01444317,disclosed,1.0,https://www.sec.gov/Archives/edgar/data/1084380/000175272423292699/primary_doc.xml,0001752724-23-292699,2023-12-27,2023-10-31
S000005371,Nuveen Large Cap Responsible Equity Fund,C000014634,2023-09-30,-0.05013497,disclosed,1.0,https://www.sec.gov/Archives/edgar/data/1084380/000175272423292699/primary_doc.xml,0001752724-23-292699,2023-12-27,2023-10-31
S000005371,Nuveen Large Cap Responsible Equity Fund,C000014634,2023-10-31,-0.02720259,disclosed,1.0,https://www.sec.gov/Archives/edgar/data/1084380/000175272423292699/primary_doc.xml,0001752724-23-292699,2023-12-27,2023-10-31
S000005371,Nuveen Large Cap Responsible Equity Fund,C000014634,2023-11-30,0.09974958,disclosed,1.0,https://www.sec.gov/Archives/edgar/data/1084380/000175272424065443/primary_doc.xml,0001752724-24-065443,2024-03-25,2024-01-31
S000005371,Nuveen Large Cap Responsible Equity Fund,C000014634,2023-12-31,0.05269095,disclosed,1.0,https://www.sec.gov/Archives/edgar/data/1084380/000175272424065443/primary_doc.xml,0001752724-24-065443,2024-03-25,2024-01-31
S000005371,Nuveen Large Cap Responsible Equity Fund,C000014634,2024-01-31,0.01293267,disclosed,1.0,https://www.sec.gov/Archives/edgar/data/1084380/000175272424065443/primary_doc.xml,0001752724-24-065443,2024-03-25,2024-01-31
S000005371,Nuveen Large Cap Responsible Equity Fund,C000014634,2024-02-29,0.05182125,disclosed,1.0,https://www.sec.gov/Archives/edgar/data/1084380/000175272424144490/primary_doc.xml,0001752724-24-144490,2024-06-25,2024-04-30
S000005371,Nuveen Large Cap Responsible Equity Fund,C000014634,2024-02-29,0.05182125,disclosed,1.0,https://www.sec.gov/Archives/edgar/data/1084380/000175272424167009/primary_doc.xml,0001752724-24-167009,2024-07-26,2024-04-30
S000005371,Nuveen Large Cap Responsible Equity Fund,C000014634,2024-03-31,0.03284541,disclosed,1.0,https://www.sec.gov/Archives/edgar/data/1084380/000175272424144490/primary_doc.xml,0001752724-24-144490,2024-06-25,2024-04-30
S000005371,Nuveen Large Cap Responsible Equity Fund,C000014634,2024-03-31,0.03284541,disclosed,1.0,https://www.sec.gov/Archives/edgar/data/1084380/000175272424167009/primary_doc.xml,0001752724-24-167009,2024-07-26,2024-04-30
S000005371,Nuveen Large Cap Responsible Equity Fund,C000014634,2024-04-30,-0.051157959999999995,disclosed,1.0,https://www.sec.gov/Archives/edgar/data/1084380/000175272424144490/primary_doc.xml,0001752724-24-144490,2024-06-25,2024-04-30
S000005371,Nuveen Large Cap Responsible Equity Fund,C000014634,2024-04-30,-0.051157959999999995,disclosed,1.0,https://www.sec.gov/Archives/edgar/data/1084380/000175272424167009/primary_doc.xml,0001752724-24-167009,2024-07-26,2024-04-30
S000005371,Nuveen Large Cap Responsible Equity Fund,C000014634,2024-05-31,0.041530050000000006,disclosed,1.0,https://www.sec.gov/Archives/edgar/data/1084380/000175272424214063/primary_doc.xml,0001752724-24-214063,2024-09-24,2024-07-31
S000005371,Nuveen Large Cap Responsible Equity Fund,C000014634,2024-06-30,0.02658272,disclosed,1.0,https://www.sec.gov/Archives/edgar/data/1084380/000175272424214063/primary_doc.xml,0001752724-24-214063,2024-09-24,2024-07-31
S000005371,Nuveen Large Cap Responsible Equity Fund,C000014634,2024-07-31,0.01873935,disclosed,1.0,https://www.sec.gov/Archives/edgar/data/1084380/000175272424214063/primary_doc.xml,0001752724-24-214063,2024-09-24,2024-07-31
S000005371,Nuveen Large Cap Responsible Equity Fund,C000014634,2024-08-31,0.02274247,disclosed,1.0,https://www.sec.gov/Archives/edgar/data/1084380/000175272424296068/primary_doc.xml,0001752724-24-296068,2024-12-26,2024-10-31
S000005371,Nuveen Large Cap Responsible Equity Fund,C000014634,2024-09-30,0.01929365,disclosed,1.0,https://www.sec.gov/Archives/edgar/data/1084380/000175272424296068/primary_doc.xml,0001752724-24-296068,2024-12-26,2024-10-31
S000005371,Nuveen Large Cap Responsible Equity Fund,C000014634,2024-10-31,-0.01572024,disclosed,1.0,https://www.sec.gov/Archives/edgar/data/1084380/000175272424296068/primary_doc.xml,0001752724-24-296068,2024-12-26,2024-10-31
S000005371,Nuveen Large Cap Responsible Equity Fund,C000014634,2024-11-30,0.07333767,disclosed,1.0,https://www.sec.gov/Archives/edgar/data/1084380/000175272425067629/primary_doc.xml,0001752724-25-067629,2025-03-26,2025-01-31
S000005371,Nuveen Large Cap Responsible Equity Fund,C000014634,2024-12-31,-0.05844756,disclosed,1.0,https://www.sec.gov/Archives/edgar/data/1084380/000175272425067629/primary_doc.xml,0001752724-25-067629,2025-03-26,2025-01-31
S000005371,Nuveen Large Cap Responsible Equity Fund,C000014634,2025-01-31,0.02413665,disclosed,1.0,https://www.sec.gov/Archives/edgar/data/1084380/000175272425067629/primary_doc.xml,0001752724-25-067629,2025-03-26,2025-01-31
S000005371,Nuveen Large Cap Responsible Equity Fund,C000014634,2025-02-28,-0.0036258099999999997,disclosed,1.0,https://www.sec.gov/Archives/edgar/data/1084380/000175272425157635/primary_doc.xml,0001752724-25-157635,2025-06-26,2025-04-30
S000005371,Nuveen Large Cap Responsible Equity Fund,C000014634,2025-03-31,-0.05131004,disclosed,1.0,https://www.sec.gov/Archives/edgar/data/1084380/000175272425157635/primary_doc.xml,0001752724-25-157635,2025-06-26,2025-04-30
S000005371,Nuveen Large Cap Responsible Equity Fund,C000014634,2025-04-30,0.0030686600000000004,disclosed,1.0,https://www.sec.gov/Archives/edgar/data/1084380/000175272425157635/primary_doc.xml,0001752724-25-157635,2025-06-26,2025-04-30
S000005371,Nuveen Large Cap Responsible Equity Fund,C000014634,2025-05-31,0.062332689999999996,disclosed,1.0,https://www.sec.gov/Archives/edgar/data/1084380/000108438025000139/primary_doc.xml,0001084380-25-000139,2025-09-26,2025-07-31
S000005371,Nuveen Large Cap Responsible Equity Fund,C000014634,2025-06-30,0.05291576,disclosed,1.0,https://www.sec.gov/Archives/edgar/data/1084380/000108438025000139/primary_doc.xml,0001084380-25-000139,2025-09-26,2025-07-31
S000005371,Nuveen Large Cap Responsible Equity Fund,C000014634,2025-07-31,0.01777777,disclosed,1.0,https://www.sec.gov/Archives/edgar/data/1084380/000108438025000139/primary_doc.xml,0001084380-25-000139,2025-09-26,2025-07-31
S000005371,Nuveen Large Cap Responsible Equity Fund,C000014634,2025-08-31,0.00533511,disclosed,1.0,https://www.sec.gov/Archives/edgar/data/1084380/000108438025000523/primary_doc.xml,0001084380-25-000523,2025-12-30,2025-10-31
S000005371,Nuveen Large Cap Responsible Equity Fund,C000014634,2025-09-30,0.01923714,disclosed,1.0,https://www.sec.gov/Archives/edgar/data/1084380/000108438025000523/primary_doc.xml,0001084380-25-000523,2025-12-30,2025-10-31
S000005371,Nuveen Large Cap Responsible Equity Fund,C000014634,2025-10-31,0.0198503,disclosed,1.0,https://www.sec.gov/Archives/edgar/data/1084380/000108438025000523/primary_doc.xml,0001084380-25-000523,2025-12-30,2025-10-31
S000005371,Nuveen Large Cap Responsible Equity Fund,C000014634,2025-11-30,-0.01052967,disclosed,1.0,https://www.sec.gov/Archives/edgar/data/1084380/000108438026000373/primary_doc.xml,0001084380-26-000373,2026-03-25,2026-01-31
S000005371,Nuveen Large Cap Responsible Equity Fund,C000014634,2025-12-31,0.010543130000000001,disclosed,1.0,https://www.sec.gov/Archives/edgar/data/1084380/000108438026000373/primary_doc.xml,0001084380-26-000373,2026-03-25,2026-01-31
S000005371,Nuveen Large Cap Responsible Equity Fund,C000014634,2026-01-31,0.01540568,disclosed,1.0,https://www.sec.gov/Archives/edgar/data/1084380/000108438026000373/primary_doc.xml,0001084380-26-000373,2026-03-25,2026-01-31
S000005371,Nuveen Large Cap Responsible Equity Fund,C000014634,2026-02-28,-0.00033715000000000004,disclosed,1.0,https://www.sec.gov/Archives/edgar/data/1084380/000108438026000760/primary_doc.xml,0001084380-26-000760,2026-06-24,2026-04-30
S000005371,Nuveen Large Cap Responsible Equity Fund,C000014634,2026-03-31,-0.048903869999999995,disclosed,1.0,https://www.sec.gov/Archives/edgar/data/1084380/000108438026000760/primary_doc.xml,0001084380-26-000760,2026-06-24,2026-04-30
S000005371,Nuveen Large Cap Responsible Equity Fund,C000014634,2026-04-30,0.11241134000000001,disclosed,1.0,https://www.sec.gov/Archives/edgar/data/1084380/000108438026000760/primary_doc.xml,0001084380-26-000760,2026-06-24,2026-04-30
S000005371,Nuveen Large Cap Responsible Equity Fund,C000014634,2026-05-31,0.041440859999999996,disclosed,1.0,https://www.sec.gov/Archives/edgar/data/1084380/000108438026001234/primary_doc.xml,0001084380-26-001234,2026-09-25,2026-07-31
S000005371,Nuveen Large Cap Responsible Equity Fund,C000014634,2026-06-30,0.013774109999999999,disclosed,1.0,https://www.sec.gov/Archives/edgar/data/1084380/000108438026001234/primary_doc.xml,0001084380-26-001234,2026-09-25,2026-07-31
S000005371,Nuveen Large Cap Responsible Equity Fund,C000014634,2026-07-31,-0.01147343,disclosed,1.0,https://www.sec.gov/Archives/edgar/data/1084380/000108438026001234/primary_doc.xml,0001084380-26-001234,2026-09-25,2026-07-31
S000005371,Nuveen Large Cap Responsible Equity Fund,C000033990,2019-08-31,-0.01919819,disclosed,1.0,https://www.sec.gov/Archives/edgar/data/1084380/000175272419203901/primary_doc.xml,0001752724-19-203901,2019-12-27,2019-10-31
S000005371,Nuveen Large Cap Responsible Equity Fund,C000033990,2019-09-30,0.02014968,disclosed,1.0,https://www.sec.gov/Archives/edgar/data/1084380/000175272419203901/primary_doc.xml,0001752724-19-203901,2019-12-27,2019-10-31
S000005371,Nuveen Large Cap Responsible Equity Fund,C000033990,2019-10-31,0.01975169,disclosed,1.0,https://www.sec.gov/Archives/edgar/data/1084380/000175272419203901/primary_doc.xml,0001752724-19-203901,2019-12-27,2019-10-31
S000005371,Nuveen Large Cap Responsible Equity Fund,C000033990,2019-11-30,0.03486441,disclosed,1.0,https://www.sec.gov/Archives/edgar/data/1084380/000175272420057260/primary_doc.xml,0001752724-20-057260,2020-03-24,2020-01-31
S000005371,Nuveen Large Cap Responsible Equity Fund,C000033990,2019-12-31,0.03281486,disclosed,1.0,https://www.sec.gov/Archives/edgar/data/1084380/000175272420057260/primary_doc.xml,0001752724-20-057260,2020-03-24,2020-01-31
S000005371,Nuveen Large Cap Responsible Equity Fund,C000033990,2020-01-31,-0.00054555,disclosed,1.0,https://www.sec.gov/Archives/edgar/data/1084380/000175272420057260/primary_doc.xml,0001752724-20-057260,2020-03-24,2020-01-31
S000005371,Nuveen Large Cap Responsible Equity Fund,C000033990,2020-02-29,-0.08024017,disclosed,1.0,https://www.sec.gov/Archives/edgar/data/1084380/000175272420130132/primary_doc.xml,0001752724-20-130132,2020-06-26,2020-04-30
S000005371,Nuveen Large Cap Responsible Equity Fund,C000033990,2020-03-31,-0.13590504,disclosed,1.0,https://www.sec.gov/Archives/edgar/data/1084380/000175272420130132/primary_doc.xml,0001752724-20-130132,2020-06-26,2020-04-30
S000005371,Nuveen Large Cap Responsible Equity Fund,C000033990,2020-04-30,0.13461537999999998,disclosed,1.0,https://www.sec.gov/Archives/edgar/data/1084380/000175272420130132/primary_doc.xml,0001752724-20-130132,2020-06-26,2020-04-30
S000005371,Nuveen Large Cap Responsible Equity Fund,C000033990,2020-05-31,0.05205811,disclosed,1.0,https://www.sec.gov/Archives/edgar/data/1084380/000175272420191233/primary_doc.xml,0001752724-20-191233,2020-09-23,2020-07-31
S000005371,Nuveen Large Cap Responsible Equity Fund,C000033990,2020-06-30,0.024165700000000002,disclosed,1.0,https://www.sec.gov/Archives/edgar/data/1084380/000175272420191233/primary_doc.xml,0001752724-20-191233,2020-09-23,2020-07-31
S000005371,Nuveen Large Cap Responsible Equity Fund,C000033990,2020-07-31,0.04662921,disclosed,1.0,https://www.sec.gov/Archives/edgar/data/1084380/000175272420191233/primary_doc.xml,0001752724-20-191233,2020-09-23,2020-07-31
S000005371,Nuveen Large Cap Responsible Equity Fund,C000033990,2020-08-31,0.07085346000000001,disclosed,1.0,https://www.sec.gov/Archives/edgar/data/1084380/000175272420272666/primary_doc.xml,0001752724-20-272666,2020-12-28,2020-10-31
S000005371,Nuveen Large Cap Responsible Equity Fund,C000033990,2020-09-30,-0.0330827,disclosed,1.0,https://www.sec.gov/Archives/edgar/data/1084380/000175272420272666/primary_doc.xml,0001752724-20-272666,2020-12-28,2020-10-31
S000005371,Nuveen Large Cap Responsible Equity Fund,C000033990,2020-10-31,-0.021254529999999997,disclosed,1.0,https://www.sec.gov/Archives/edgar/data/1084380/000175272420272666/primary_doc.xml,0001752724-20-272666,2020-12-28,2020-10-31
S000005371,Nuveen Large Cap Responsible Equity Fund,C000033990,2020-11-30,0.1181144,disclosed,1.0,https://www.sec.gov/Archives/edgar/data/1084380/000175272421062232/primary_doc.xml,0001752724-21-062232,2021-03-25,2021-01-31
S000005371,Nuveen Large Cap Responsible Equity Fund,C000033990,2020-12-31,0.041954269999999995,disclosed,1.0,https://www.sec.gov/Archives/edgar/data/1084380/000175272421062232/primary_doc.xml,0001752724-21-062232,2021-03-25,2021-01-31
S000005371,Nuveen Large Cap Responsible Equity Fund,C000033990,2021-01-31,0.00046081999999999997,disclosed,1.0,https://www.sec.gov/Archives/edgar/data/1084380/000175272421062232/primary_doc.xml,0001752724-21-062232,2021-03-25,2021-01-31
S000005371,Nuveen Large Cap Responsible Equity Fund,C000033990,2021-02-28,0.0322432,disclosed,1.0,https://www.sec.gov/Archives/edgar/data/1084380/000175272421136402/primary_doc.xml,0001752724-21-136402,2021-06-25,2021-04-30
S000005371,Nuveen Large Cap Responsible Equity Fund,C000033990,2021-03-31,0.03748326,disclosed,1.0,https://www.sec.gov/Archives/edgar/data/1084380/000175272421136402/primary_doc.xml,0001752724-21-136402,2021-06-25,2021-04-30
S000005371,Nuveen Large Cap Responsible Equity Fund,C000033990,2021-04-30,0.04301075,disclosed,1.0,https://www.sec.gov/Archives/edgar/data/1084380/000175272421136402/primary_doc.xml,0001752724-21-136402,2021-06-25,2021-04-30
S000005371,Nuveen Large Cap Responsible Equity Fund,C000033990,2021-05-31,0.01237113,disclosed,1.0,https://www.sec.gov/Archives/edgar/data/1084380/000175272421205915/primary_doc.xml,0001752724-21-205915,2021-09-24,2021-07-31
S000005371,Nuveen Large Cap Responsible Equity Fund,C000033990,2021-06-30,0.02362525,disclosed,1.0,https://www.sec.gov/Archives/edgar/data/1084380/000175272421205915/primary_doc.xml,0001752724-21-205915,2021-09-24,2021-07-31
S000005371,Nuveen Large Cap Responsible Equity Fund,C000033990,2021-07-31,0.01472343,disclosed,1.0,https://www.sec.gov/Archives/edgar/data/1084380/000175272421205915/primary_doc.xml,0001752724-21-205915,2021-09-24,2021-07-31
S000005371,Nuveen Large Cap Responsible Equity Fund,C000033990,2021-08-31,0.026666660000000002,disclosed,1.0,https://www.sec.gov/Archives/edgar/data/1084380/000175272421276357/primary_doc.xml,0001752724-21-276357,2021-12-21,2021-10-31
S000005371,Nuveen Large Cap Responsible Equity Fund,C000033990,2021-09-30,-0.04430863,disclosed,1.0,https://www.sec.gov/Archives/edgar/data/1084380/000175272421276357/primary_doc.xml,0001752724-21-276357,2021-12-21,2021-10-31
S000005371,Nuveen Large Cap Responsible Equity Fund,C000033990,2021-10-31,0.07034372,disclosed,1.0,https://www.sec.gov/Archives/edgar/data/1084380/000175272421276357/primary_doc.xml,0001752724-21-276357,2021-12-21,2021-10-31
S000005371,Nuveen Large Cap Responsible Equity Fund,C000033990,2021-11-30,-0.02277819,disclosed,1.0,https://www.sec.gov/Archives/edgar/data/1084380/000175272422075839/primary_doc.xml,0001752724-22-075839,2022-03-29,2022-01-31
S000005371,Nuveen Large Cap Responsible Equity Fund,C000033990,2021-12-31,0.04606943,disclosed,1.0,https://www.sec.gov/Archives/edgar/data/1084380/000175272422075839/primary_doc.xml,0001752724-22-075839,2022-03-29,2022-01-31
S000005371,Nuveen Large Cap Responsible Equity Fund,C000033990,2022-01-31,-0.0651558,disclosed,1.0,https://www.sec.gov/Archives/edgar/data/1084380/000175272422075839/primary_doc.xml,0001752724-22-075839,2022-03-29,2022-01-31
S000005371,Nuveen Large Cap Responsible Equity Fund,C000033990,2022-02-28,-0.030303029999999998,disclosed,1.0,https://www.sec.gov/Archives/edgar/data/1084380/000175272422147734/primary_doc.xml,0001752724-22-147734,2022-06-27,2022-04-30
S000005371,Nuveen Large Cap Responsible Equity Fund,C000033990,2022-03-31,0.029910709999999997,disclosed,1.0,https://www.sec.gov/Archives/edgar/data/1084380/000175272422147734/primary_doc.xml,0001752724-22-147734,2022-06-27,2022-04-30
S000005371,Nuveen Large Cap Responsible Equity Fund,C000033990,2022-04-30,-0.08192456999999999,disclosed,1.0,https://www.sec.gov/Archives/edgar/data/1084380/000175272422147734/primary_doc.xml,0001752724-22-147734,2022-06-27,2022-04-30
S000005371,Nuveen Large Cap Responsible Equity Fund,C000033990,2022-05-31,0.0,disclosed,1.0,https://www.sec.gov/Archives/edgar/data/1084380/000175272422217118/primary_doc.xml,0001752724-22-217118,2022-09-27,2022-07-31
S000005371,Nuveen Large Cap Responsible Equity Fund,C000033990,2022-06-30,-0.08593012,disclosed,1.0,https://www.sec.gov/Archives/edgar/data/1084380/000175272422217118/primary_doc.xml,0001752724-22-217118,2022-09-27,2022-07-31
S000005371,Nuveen Large Cap Responsible Equity Fund,C000033990,2022-07-31,0.09039256,disclosed,1.0,https://www.sec.gov/Archives/edgar/data/1084380/000175272422217118/primary_doc.xml,0001752724-22-217118,2022-09-27,2022-07-31
S000005371,Nuveen Large Cap Responsible Equity Fund,C000033990,2022-08-31,-0.03694931,disclosed,1.0,https://www.sec.gov/Archives/edgar/data/1084380/000175272422288504/primary_doc.xml,0001752724-22-288504,2022-12-22,2022-10-31
S000005371,Nuveen Large Cap Responsible Equity Fund,C000033990,2022-09-30,-0.09099852,disclosed,1.0,https://www.sec.gov/Archives/edgar/data/1084380/000175272422288504/primary_doc.xml,0001752724-22-288504,2022-12-22,2022-10-31
S000005371,Nuveen Large Cap Responsible Equity Fund,C000033990,2022-10-31,0.09036796000000001,disclosed,1.0,https://www.sec.gov/Archives/edgar/data/1084380/000175272422288504/primary_doc.xml,0001752724-22-288504,2022-12-22,2022-10-31
S000005371,Nuveen Large Cap Responsible Equity Fund,C000033990,2022-11-30,0.06550868,disclosed,1.0,https://www.sec.gov/Archives/edgar/data/1084380/000175272423069517/primary_doc.xml,0001752724-23-069517,2023-03-28,2023-01-31
S000005371,Nuveen Large Cap Responsible Equity Fund,C000033990,2022-12-31,-0.056042560000000005,disclosed,1.0,https://www.sec.gov/Archives/edgar/data/1084380/000175272423069517/primary_doc.xml,0001752724-23-069517,2023-03-28,2023-01-31
S000005371,Nuveen Large Cap Responsible Equity Fund,C000033990,2023-01-31,0.0702028,disclosed,1.0,https://www.sec.gov/Archives/edgar/data/1084380/000175272423069517/primary_doc.xml,0001752724-23-069517,2023-03-28,2023-01-31
S000005371,Nuveen Large Cap Responsible Equity Fund,C000033990,2023-02-28,-0.02721088,disclosed,1.0,https://www.sec.gov/Archives/edgar/data/1084380/000175272423143992/primary_doc.xml,0001752724-23-143992,2023-06-26,2023-04-30
S000005371,Nuveen Large Cap Responsible Equity Fund,C000033990,2023-03-31,0.01548451,disclosed,1.0,https://www.sec.gov/Archives/edgar/data/1084380/000175272423143992/primary_doc.xml,0001752724-23-143992,2023-06-26,2023-04-30
S000005371,Nuveen Large Cap Responsible Equity Fund,C000033990,2023-04-30,0.0,disclosed,1.0,https://www.sec.gov/Archives/edgar/data/1084380/000175272423143992/primary_doc.xml,0001752724-23-143992,2023-06-26,2023-04-30
S000005371,Nuveen Large Cap Responsible Equity Fund,C000033990,2023-05-31,-0.00688637,disclosed,1.0,https://www.sec.gov/Archives/edgar/data/1084380/000175272423219045/primary_doc.xml,0001752724-23-219045,2023-09-27,2023-07-31
S000005371,Nuveen Large Cap Responsible Equity Fund,C000033990,2023-06-30,0.07082714,disclosed,1.0,https://www.sec.gov/Archives/edgar/data/1084380/000175272423219045/primary_doc.xml,0001752724-23-219045,2023-09-27,2023-07-31
S000005371,Nuveen Large Cap Responsible Equity Fund,C000033990,2023-07-31,0.03052729,disclosed,1.0,https://www.sec.gov/Archives/edgar/data/1084380/000175272423219045/primary_doc.xml,0001752724-23-219045,2023-09-27,2023-07-31
S000005371,Nuveen Large Cap Responsible Equity Fund,C000033990,2023-08-31,-0.01436265,disclosed,1.0,https://www.sec.gov/Archives/edgar/data/1084380/000175272423292699/primary_doc.xml,0001752724-23-292699,2023-12-27,2023-10-31
S000005371,Nuveen Large Cap Responsible Equity Fund,C000033990,2023-09-30,-0.05009107,disclosed,1.0,https://www.sec.gov/Archives/edgar/data/1084380/000175272423292699/primary_doc.xml,0001752724-23-292699,2023-12-27,2023-10-31
S000005371,Nuveen Large Cap Responsible Equity Fund,C000033990,2023-10-31,-0.027325020000000002,disclosed,1.0,https://www.sec.gov/Archives/edgar/data/1084380/000175272423292699/primary_doc.xml,0001752724-23-292699,2023-12-27,2023-10-31
S000005371,Nuveen Large Cap Responsible Equity Fund,C000033990,2023-11-30,0.10004927999999999,disclosed,1.0,https://www.sec.gov/Archives/edgar/data/1084380/000175272424065443/primary_doc.xml,0001752724-24-065443,2024-03-25,2024-01-31
S000005371,Nuveen Large Cap Responsible Equity Fund,C000033990,2023-12-31,0.05272982,disclosed,1.0,https://www.sec.gov/Archives/edgar/data/1084380/000175272424065443/primary_doc.xml,0001752724-24-065443,2024-03-25,2024-01-31
S000005371,Nuveen Large Cap Responsible Equity Fund,C000033990,2024-01-31,0.012704169999999999,disclosed,1.0,https://www.sec.gov/Archives/edgar/data/1084380/000175272424065443/primary_doc.xml,0001752724-24-065443,2024-03-25,2024-01-31
S000005371,Nuveen Large Cap Responsible Equity Fund,C000033990,2024-02-29,0.05152329,disclosed,1.0,https://www.sec.gov/Archives/edgar/data/1084380/000175272424167009/primary_doc.xml,0001752724-24-167009,2024-07-26,2024-04-30
S000005371,Nuveen Large Cap Responsible Equity Fund,C000033990,2024-03-31,0.032807840000000005,disclosed,1.0,https://www.sec.gov/Archives/edgar/data/1084380/000175272424167009/primary_doc.xml,0001752724-24-167009,2024-07-26,2024-04-30
S000005371,Nuveen Large Cap Responsible Equity Fund,C000033990,2024-04-30,-0.05115511,disclosed,1.0,https://www.sec.gov/Archives/edgar/data/1084380/000175272424167009/primary_doc.xml,0001752724-24-167009,2024-07-26,2024-04-30
S000005371,Nuveen Large Cap Responsible Equity Fund,C000033990,2024-05-31,0.04173913,disclosed,1.0,https://www.sec.gov/Archives/edgar/data/1084380/000175272424214063/primary_doc.xml,0001752724-24-214063,2024-09-24,2024-07-31
S000005371,Nuveen Large Cap Responsible Equity Fund,C000033990,2024-06-30,0.026711179999999998,disclosed,1.0,https://www.sec.gov/Archives/edgar/data/1084380/000175272424214063/primary_doc.xml,0001752724-24-214063,2024-09-24,2024-07-31
S000005371,Nuveen Large Cap Responsible Equity Fund,C000033990,2024-07-31,0.01829268,disclosed,1.0,https://www.sec.gov/Archives/edgar/data/1084380/000175272424214063/primary_doc.xml,0001752724-24-214063,2024-09-24,2024-07-31
S000005371,Nuveen Large Cap Responsible Equity Fund,C000033990,2024-08-31,0.02315369,disclosed,1.0,https://www.sec.gov/Archives/edgar/data/1084380/000175272424296068/primary_doc.xml,0001752724-24-296068,2024-12-26,2024-10-31
S000005371,Nuveen Large Cap Responsible Equity Fund,C000033990,2024-09-30,0.01911822,disclosed,1.0,https://www.sec.gov/Archives/edgar/data/1084380/000175272424296068/primary_doc.xml,0001752724-24-296068,2024-12-26,2024-10-31
S000005371,Nuveen Large Cap Responsible Equity Fund,C000033990,2024-10-31,-0.01569678,disclosed,1.0,https://www.sec.gov/Archives/edgar/data/1084380/000175272424296068/primary_doc.xml,0001752724-24-296068,2024-12-26,2024-10-31
S000005371,Nuveen Large Cap Responsible Equity Fund,C000033990,2024-11-30,0.07312329000000001,disclosed,1.0,https://www.sec.gov/Archives/edgar/data/1084380/000175272425067629/primary_doc.xml,0001752724-25-067629,2025-03-26,2025-01-31
S000005371,Nuveen Large Cap Responsible Equity Fund,C000033990,2024-12-31,-0.058364269999999996,disclosed,1.0,https://www.sec.gov/Archives/edgar/data/1084380/000175272425067629/primary_doc.xml,0001752724-25-067629,2025-03-26,2025-01-31
S000005371,Nuveen Large Cap Responsible Equity Fund,C000033990,2025-01-31,0.02421196,disclosed,1.0,https://www.sec.gov/Archives/edgar/data/1084380/000175272425067629/primary_doc.xml,0001752724-25-067629,2025-03-26,2025-01-31
S000005371,Nuveen Large Cap Responsible Equity Fund,C000033990,2025-02-28,-0.0040142699999999995,disclosed,1.0,https://www.sec.gov/Archives/edgar/data/1084380/000175272425157635/primary_doc.xml,0001752724-25-157635,2025-06-26,2025-04-30
S000005371,Nuveen Large Cap Responsible Equity Fund,C000033990,2025-03-31,-0.05105239,disclosed,1.0,https://www.sec.gov/Archives/edgar/data/1084380/000175272425157635/primary_doc.xml,0001752724-25-157635,2025-06-26,2025-04-30
S000005371,Nuveen Large Cap Responsible Equity Fund,C000033990,2025-04-30,0.00283152,disclosed,1.0,https://www.sec.gov/Archives/edgar/data/1084380/000175272425157635/primary_doc.xml,0001752724-25-157635,2025-06-26,2025-04-30
S000005371,Nuveen Large Cap Responsible Equity Fund,C000033990,2025-05-31,0.062117639999999995,disclosed,1.0,https://www.sec.gov/Archives/edgar/data/1084380/000108438025000139/primary_doc.xml,0001084380-25-000139,2025-09-26,2025-07-31
S000005371,Nuveen Large Cap Responsible Equity Fund,C000033990,2025-06-30,0.05316792000000001,disclosed,1.0,https://www.sec.gov/Archives/edgar/data/1084380/000108438025000139/primary_doc.xml,0001084380-25-000139,2025-09-26,2025-07-31
S000005371,Nuveen Large Cap Responsible Equity Fund,C000033990,2025-07-31,0.01766933,disclosed,1.0,https://www.sec.gov/Archives/edgar/data/1084380/000108438025000139/primary_doc.xml,0001084380-25-000139,2025-09-26,2025-07-31
S000005371,Nuveen Large Cap Responsible Equity Fund,C000033990,2025-08-31,0.00492206,disclosed,1.0,https://www.sec.gov/Archives/edgar/data/1084380/000108438025000523/primary_doc.xml,0001084380-25-000523,2025-12-30,2025-10-31
S000005371,Nuveen Large Cap Responsible Equity Fund,C000033990,2025-09-30,0.01918367,disclosed,1.0,https://www.sec.gov/Archives/edgar/data/1084380/000108438025000523/primary_doc.xml,0001084380-25-000523,2025-12-30,2025-10-31
S000005371,Nuveen Large Cap Responsible Equity Fund,C000033990,2025-10-31,0.02002402,disclosed,1.0,https://www.sec.gov/Archives/edgar/data/1084380/000108438025000523/primary_doc.xml,0001084380-25-000523,2025-12-30,2025-10-31
S000005371,Nuveen Large Cap Responsible Equity Fund,C000033990,2025-11-30,-0.010600700000000001,disclosed,1.0,https://www.sec.gov/Archives/edgar/data/1084380/000108438026000373/primary_doc.xml,0001084380-26-000373,2026-03-25,2026-01-31
S000005371,Nuveen Large Cap Responsible Equity Fund,C000033990,2025-12-31,0.01056757,disclosed,1.0,https://www.sec.gov/Archives/edgar/data/1084380/000108438026000373/primary_doc.xml,0001084380-26-000373,2026-03-25,2026-01-31
S000005371,Nuveen Large Cap Responsible Equity Fund,C000033990,2026-01-31,0.01543077,disclosed,1.0,https://www.sec.gov/Archives/edgar/data/1084380/000108438026000373/primary_doc.xml,0001084380-26-000373,2026-03-25,2026-01-31
S000005371,Nuveen Large Cap Responsible Equity Fund,C000033990,2026-02-28,-0.00084423,disclosed,1.0,https://www.sec.gov/Archives/edgar/data/1084380/000108438026000760/primary_doc.xml,0001084380-26-000760,2026-06-24,2026-04-30
S000005371,Nuveen Large Cap Responsible Equity Fund,C000033990,2026-03-31,-0.048584699999999995,disclosed,1.0,https://www.sec.gov/Archives/edgar/data/1084380/000108438026000760/primary_doc.xml,0001084380-26-000760,2026-06-24,2026-04-30
S000005371,Nuveen Large Cap Responsible Equity Fund,C000033990,2026-04-30,0.11234458,disclosed,1.0,https://www.sec.gov/Archives/edgar/data/1084380/000108438026000760/primary_doc.xml,0001084380-26-000760,2026-06-24,2026-04-30
S000005371,Nuveen Large Cap Responsible Equity Fund,C000033990,2026-05-31,0.041516960000000006,disclosed,1.0,https://www.sec.gov/Archives/edgar/data/1084380/000108438026001234/primary_doc.xml,0001084380-26-001234,2026-09-25,2026-07-31
S000005371,Nuveen Large Cap Responsible Equity Fund,C000033990,2026-06-30,0.01379839,disclosed,1.0,https://www.sec.gov/Archives/edgar/data/1084380/000108438026001234/primary_doc.xml,0001084380-26-001234,2026-09-25,2026-07-31
S000005371,Nuveen Large Cap Responsible Equity Fund,C000033990,2026-07-31,-0.01172023,disclosed,1.0,https://www.sec.gov/Archives/edgar/data/1084380/000108438026001234/primary_doc.xml,0001084380-26-001234,2026-09-25,2026-07-31
S000005371,Nuveen Large Cap Responsible Equity Fund,C000079555,2019-08-31,-0.01913393,disclosed,1.0,https://www.sec.gov/Archives/edgar/data/1084380/000175272419203901/primary_doc.xml,0001752724-19-203901,2019-12-27,2019-10-31
S000005371,Nuveen Large Cap Responsible Equity Fund,C000079555,2019-09-30,0.02053388,disclosed,1.0,https://www.sec.gov/Archives/edgar/data/1084380/000175272419203901/primary_doc.xml,0001752724-19-203901,2019-12-27,2019-10-31
S000005371,Nuveen Large Cap Responsible Equity Fund,C000079555,2019-10-31,0.019617700000000002,disclosed,1.0,https://www.sec.gov/Archives/edgar/data/1084380/000175272419203901/primary_doc.xml,0001752724-19-203901,2019-12-27,2019-10-31
S000005371,Nuveen Large Cap Responsible Equity Fund,C000079555,2019-11-30,0.03502713,disclosed,1.0,https://www.sec.gov/Archives/edgar/data/1084380/000175272420057260/primary_doc.xml,0001752724-20-057260,2020-03-24,2020-01-31
S000005371,Nuveen Large Cap Responsible Equity Fund,C000079555,2019-12-31,0.03280896,disclosed,1.0,https://www.sec.gov/Archives/edgar/data/1084380/000175272420057260/primary_doc.xml,0001752724-20-057260,2020-03-24,2020-01-31
S000005371,Nuveen Large Cap Responsible Equity Fund,C000079555,2020-01-31,-0.00048379,disclosed,1.0,https://www.sec.gov/Archives/edgar/data/1084380/000175272420057260/primary_doc.xml,0001752724-20-057260,2020-03-24,2020-01-31
S000005371,Nuveen Large Cap Responsible Equity Fund,C000079555,2020-02-29,-0.0803485,disclosed,1.0,https://www.sec.gov/Archives/edgar/data/1084380/000175272420130132/primary_doc.xml,0001752724-20-130132,2020-06-26,2020-04-30
S000005371,Nuveen Large Cap Responsible Equity Fund,C000079555,2020-03-31,-0.13526315,disclosed,1.0,https://www.sec.gov/Archives/edgar/data/1084380/000175272420130132/primary_doc.xml,0001752724-20-130132,2020-06-26,2020-04-30
S000005371,Nuveen Large Cap Responsible Equity Fund,C000079555,2020-04-30,0.13451004,disclosed,1.0,https://www.sec.gov/Archives/edgar/data/1084380/000175272420130132/primary_doc.xml,0001752724-20-130132,2020-06-26,2020-04-30
S000005371,Nuveen Large Cap Responsible Equity Fund,C000079555,2020-05-31,0.05203862,disclosed,1.0,https://www.sec.gov/Archives/edgar/data/1084380/000175272420191233/primary_doc.xml,0001752724-20-191233,2020-09-23,2020-07-31
S000005371,Nuveen Large Cap Responsible Equity Fund,C000079555,2020-06-30,0.023967360000000004,disclosed,1.0,https://www.sec.gov/Archives/edgar/data/1084380/000175272420191233/primary_doc.xml,0001752724-20-191233,2020-09-23,2020-07-31
S000005371,Nuveen Large Cap Responsible Equity Fund,C000079555,2020-07-31,0.04731075,disclosed,1.0,https://www.sec.gov/Archives/edgar/data/1084380/000175272420191233/primary_doc.xml,0001752724-20-191233,2020-09-23,2020-07-31
S000005371,Nuveen Large Cap Responsible Equity Fund,C000079555,2020-08-31,0.07037565,disclosed,1.0,https://www.sec.gov/Archives/edgar/data/1084380/000175272420272666/primary_doc.xml,0001752724-20-272666,2020-12-28,2020-10-31
S000005371,Nuveen Large Cap Responsible Equity Fund,C000079555,2020-09-30,-0.032874270000000004,disclosed,1.0,https://www.sec.gov/Archives/edgar/data/1084380/000175272420272666/primary_doc.xml,0001752724-20-272666,2020-12-28,2020-10-31
S000005371,Nuveen Large Cap Responsible Equity Fund,C000079555,2020-10-31,-0.020670639999999997,disclosed,1.0,https://www.sec.gov/Archives/edgar/data/1084380/000175272420272666/primary_doc.xml,0001752724-20-272666,2020-12-28,2020-10-31
S000005371,Nuveen Large Cap Responsible Equity Fund,C000079555,2020-11-30,0.11819887,disclosed,1.0,https://www.sec.gov/Archives/edgar/data/1084380/000175272421062232/primary_doc.xml,0001752724-21-062232,2021-03-25,2021-01-31
S000005371,Nuveen Large Cap Responsible Equity Fund,C000079555,2020-12-31,0.04210306,disclosed,1.0,https://www.sec.gov/Archives/edgar/data/1084380/000175272421062232/primary_doc.xml,0001752724-21-062232,2021-03-25,2021-01-31
S000005371,Nuveen Large Cap Responsible Equity Fund,C000079555,2021-01-31,0.0,disclosed,1.0,https://www.sec.gov/Archives/edgar/data/1084380/000175272421062232/primary_doc.xml,0001752724-21-062232,2021-03-25,2021-01-31
S000005371,Nuveen Large Cap Responsible Equity Fund,C000079555,2021-02-28,0.03220546,disclosed,1.0,https://www.sec.gov/Archives/edgar/data/1084380/000175272421136402/primary_doc.xml,0001752724-21-136402,2021-06-25,2021-04-30
S000005371,Nuveen Large Cap Responsible Equity Fund,C000079555,2021-03-31,0.03791469,disclosed,1.0,https://www.sec.gov/Archives/edgar/data/1084380/000175272421136402/primary_doc.xml,0001752724-21-136402,2021-06-25,2021-04-30
S000005371,Nuveen Large Cap Responsible Equity Fund,C000079555,2021-04-30,0.04299847,disclosed,1.0,https://www.sec.gov/Archives/edgar/data/1084380/000175272421136402/primary_doc.xml,0001752724-21-136402,2021-06-25,2021-04-30
S000005371,Nuveen Large Cap Responsible Equity Fund,C000079555,2021-05-31,0.01240423,disclosed,1.0,https://www.sec.gov/Archives/edgar/data/1084380/000175272421205915/primary_doc.xml,0001752724-21-205915,2021-09-24,2021-07-31
S000005371,Nuveen Large Cap Responsible Equity Fund,C000079555,2021-06-30,0.024144139999999998,disclosed,1.0,https://www.sec.gov/Archives/edgar/data/1084380/000175272421205915/primary_doc.xml,0001752724-21-205915,2021-09-24,2021-07-31
S000005371,Nuveen Large Cap Responsible Equity Fund,C000079555,2021-07-31,0.01442646,disclosed,1.0,https://www.sec.gov/Archives/edgar/data/1084380/000175272421205915/primary_doc.xml,0001752724-21-205915,2021-09-24,2021-07-31
S000005371,Nuveen Large Cap Responsible Equity Fund,C000079555,2021-08-31,0.02705515,disclosed,1.0,https://www.sec.gov/Archives/edgar/data/1084380/000175272421276357/primary_doc.xml,0001752724-21-276357,2021-12-21,2021-10-31
S000005371,Nuveen Large Cap Responsible Equity Fund,C000079555,2021-09-30,-0.04424181,disclosed,1.0,https://www.sec.gov/Archives/edgar/data/1084380/000175272421276357/primary_doc.xml,0001752724-21-276357,2021-12-21,2021-10-31
S000005371,Nuveen Large Cap Responsible Equity Fund,C000079555,2021-10-31,0.07031802,disclosed,1.0,https://www.sec.gov/Archives/edgar/data/1084380/000175272421276357/primary_doc.xml,0001752724-21-276357,2021-12-21,2021-10-31
S000005371,Nuveen Large Cap Responsible Equity Fund,C000079555,2021-11-30,-0.02277979,disclosed,1.0,https://www.sec.gov/Archives/edgar/data/1084380/000175272422075839/primary_doc.xml,0001752724-22-075839,2022-03-29,2022-01-31
S000005371,Nuveen Large Cap Responsible Equity Fund,C000079555,2021-12-31,0.04604274,disclosed,1.0,https://www.sec.gov/Archives/edgar/data/1084380/000175272422075839/primary_doc.xml,0001752724-22-075839,2022-03-29,2022-01-31
S000005371,Nuveen Large Cap Responsible Equity Fund,C000079555,2022-01-31,-0.06506363999999999,disclosed,1.0,https://www.sec.gov/Archives/edgar/data/1084380/000175272422075839/primary_doc.xml,0001752724-22-075839,2022-03-29,2022-01-31
S000005371,Nuveen Large Cap Responsible Equity Fund,C000079555,2022-02-28,-0.0306354,disclosed,1.0,https://www.sec.gov/Archives/edgar/data/1084380/000175272422147734/primary_doc.xml,0001752724-22-147734,2022-06-27,2022-04-30
S000005371,Nuveen Large Cap Responsible Equity Fund,C000079555,2022-03-31,0.03004291,disclosed,1.0,https://www.sec.gov/Archives/edgar/data/1084380/000175272422147734/primary_doc.xml,0001752724-22-147734,2022-06-27,2022-04-30
S000005371,Nuveen Large Cap Responsible Equity Fund,C000079555,2022-04-30,-0.08143939,disclosed,1.0,https://www.sec.gov/Archives/edgar/data/1084380/000175272422147734/primary_doc.xml,0001752724-22-147734,2022-06-27,2022-04-30
S000005371,Nuveen Large Cap Responsible Equity Fund,C000079555,2022-05-31,0.0,disclosed,1.0,https://www.sec.gov/Archives/edgar/data/1084380/000175272422217118/primary_doc.xml,0001752724-22-217118,2022-09-27,2022-07-31
S000005371,Nuveen Large Cap Responsible Equity Fund,C000079555,2022-06-30,-0.08618556,disclosed,1.0,https://www.sec.gov/Archives/edgar/data/1084380/000175272422217118/primary_doc.xml,0001752724-22-217118,2022-09-27,2022-07-31
S000005371,Nuveen Large Cap Responsible Equity Fund,C000079555,2022-07-31,0.09070397,disclosed,1.0,https://www.sec.gov/Archives/edgar/data/1084380/000175272422217118/primary_doc.xml,0001752724-22-217118,2022-09-27,2022-07-31
S000005371,Nuveen Large Cap Responsible Equity Fund,C000079555,2022-08-31,-0.037236240000000004,disclosed,1.0,https://www.sec.gov/Archives/edgar/data/1084380/000175272422288504/primary_doc.xml,0001752724-22-288504,2022-12-22,2022-10-31
S000005371,Nuveen Large Cap Responsible Equity Fund,C000079555,2022-09-30,-0.09067468,disclosed,1.0,https://www.sec.gov/Archives/edgar/data/1084380/000175272422288504/primary_doc.xml,0001752724-22-288504,2022-12-22,2022-10-31
S000005371,Nuveen Large Cap Responsible Equity Fund,C000079555,2022-10-31,0.09073724,disclosed,1.0,https://www.sec.gov/Archives/edgar/data/1084380/000175272422288504/primary_doc.xml,0001752724-22-288504,2022-12-22,2022-10-31
S000005371,Nuveen Large Cap Responsible Equity Fund,C000079555,2022-11-30,0.06542461000000001,disclosed,1.0,https://www.sec.gov/Archives/edgar/data/1084380/000175272423069517/primary_doc.xml,0001752724-23-069517,2023-03-28,2023-01-31
S000005371,Nuveen Large Cap Responsible Equity Fund,C000079555,2022-12-31,-0.056222070000000006,disclosed,1.0,https://www.sec.gov/Archives/edgar/data/1084380/000175272423069517/primary_doc.xml,0001752724-23-069517,2023-03-28,2023-01-31
S000005371,Nuveen Large Cap Responsible Equity Fund,C000079555,2023-01-31,0.07036535,disclosed,1.0,https://www.sec.gov/Archives/edgar/data/1084380/000175272423069517/primary_doc.xml,0001752724-23-069517,2023-03-28,2023-01-31
S000005371,Nuveen Large Cap Responsible Equity Fund,C000079555,2023-02-28,-0.026970079999999997,disclosed,1.0,https://www.sec.gov/Archives/edgar/data/1084380/000175272423143992/primary_doc.xml,0001752724-23-143992,2023-06-26,2023-04-30
S000005371,Nuveen Large Cap Responsible Equity Fund,C000079555,2023-03-31,0.01559116,disclosed,1.0,https://www.sec.gov/Archives/edgar/data/1084380/000175272423143992/primary_doc.xml,0001752724-23-143992,2023-06-26,2023-04-30
S000005371,Nuveen Large Cap Responsible Equity Fund,C000079555,2023-04-30,-0.00042643,disclosed,1.0,https://www.sec.gov/Archives/edgar/data/1084380/000175272423143992/primary_doc.xml,0001752724-23-143992,2023-06-26,2023-04-30
S000005371,Nuveen Large Cap Responsible Equity Fund,C000079555,2023-05-31,-0.00639931,disclosed,1.0,https://www.sec.gov/Archives/edgar/data/1084380/000175272423219045/primary_doc.xml,0001752724-23-219045,2023-09-27,2023-07-31
S000005371,Nuveen Large Cap Responsible Equity Fund,C000079555,2023-06-30,0.07084585,disclosed,1.0,https://www.sec.gov/Archives/edgar/data/1084380/000175272423219045/primary_doc.xml,0001752724-23-219045,2023-09-27,2023-07-31
S000005371,Nuveen Large Cap Responsible Equity Fund,C000079555,2023-07-31,0.03087409,disclosed,1.0,https://www.sec.gov/Archives/edgar/data/1084380/000175272423219045/primary_doc.xml,0001752724-23-219045,2023-09-27,2023-07-31
S000005371,Nuveen Large Cap Responsible Equity Fund,C000079555,2023-08-31,-0.01439128,disclosed,1.0,https://www.sec.gov/Archives/edgar/data/1084380/000175272423292699/primary_doc.xml,0001752724-23-292699,2023-12-27,2023-10-31
S000005371,Nuveen Large Cap Responsible Equity Fund,C000079555,2023-09-30,-0.05011839,disclosed,1.0,https://www.sec.gov/Archives/edgar/data/1084380/000175272423292699/primary_doc.xml,0001752724-23-292699,2023-12-27,2023-10-31
S000005371,Nuveen Large Cap Responsible Equity Fund,C000079555,2023-10-31,-0.027004570000000002,disclosed,1.0,https://www.sec.gov/Archives/edgar/data/1084380/000175272423292699/primary_doc.xml,0001752724-23-292699,2023-12-27,2023-10-31
S000005371,Nuveen Large Cap Responsible Equity Fund,C000079555,2023-11-30,0.0999146,disclosed,1.0,https://www.sec.gov/Archives/edgar/data/1084380/000175272424065443/primary_doc.xml,0001752724-24-065443,2024-03-25,2024-01-31
S000005371,Nuveen Large Cap Responsible Equity Fund,C000079555,2023-12-31,0.05296244,disclosed,1.0,https://www.sec.gov/Archives/edgar/data/1084380/000175272424065443/primary_doc.xml,0001752724-24-065443,2024-03-25,2024-01-31
S000005371,Nuveen Large Cap Responsible Equity Fund,C000079555,2024-01-31,0.01246591,disclosed,1.0,https://www.sec.gov/Archives/edgar/data/1084380/000175272424065443/primary_doc.xml,0001752724-24-065443,2024-03-25,2024-01-31
S000005371,Nuveen Large Cap Responsible Equity Fund,C000079555,2024-02-29,0.05194305,disclosed,1.0,https://www.sec.gov/Archives/edgar/data/1084380/000175272424144490/primary_doc.xml,0001752724-24-144490,2024-06-25,2024-04-30
S000005371,Nuveen Large Cap Responsible Equity Fund,C000079555,2024-02-29,0.05194305,disclosed,1.0,https://www.sec.gov/Archives/edgar/data/1084380/000175272424167009/primary_doc.xml,0001752724-24-167009,2024-07-26,2024-04-30
S000005371,Nuveen Large Cap Responsible Equity Fund,C000079555,2024-03-31,0.0329188,disclosed,1.0,https://www.sec.gov/Archives/edgar/data/1084380/000175272424144490/primary_doc.xml,0001752724-24-144490,2024-06-25,2024-04-30
S000005371,Nuveen Large Cap Responsible Equity Fund,C000079555,2024-03-31,0.0329188,disclosed,1.0,https://www.sec.gov/Archives/edgar/data/1084380/000175272424167009/primary_doc.xml,0001752724-24-167009,2024-07-26,2024-04-30
S000005371,Nuveen Large Cap Responsible Equity Fund,C000079555,2024-04-30,-0.050991499999999995,disclosed,1.0,https://www.sec.gov/Archives/edgar/data/1084380/000175272424144490/primary_doc.xml,0001752724-24-144490,2024-06-25,2024-04-30
S000005371,Nuveen Large Cap Responsible Equity Fund,C000079555,2024-04-30,-0.050991499999999995,disclosed,1.0,https://www.sec.gov/Archives/edgar/data/1084380/000175272424167009/primary_doc.xml,0001752724-24-167009,2024-07-26,2024-04-30
S000005371,Nuveen Large Cap Responsible Equity Fund,C000079555,2024-05-31,0.041791039999999995,disclosed,1.0,https://www.sec.gov/Archives/edgar/data/1084380/000175272424214063/primary_doc.xml,0001752724-24-214063,2024-09-24,2024-07-31
S000005371,Nuveen Large Cap Responsible Equity Fund,C000079555,2024-06-30,0.02650429,disclosed,1.0,https://www.sec.gov/Archives/edgar/data/1084380/000175272424214063/primary_doc.xml,0001752724-24-214063,2024-09-24,2024-07-31
S000005371,Nuveen Large Cap Responsible Equity Fund,C000079555,2024-07-31,0.01884159,disclosed,1.0,https://www.sec.gov/Archives/edgar/data/1084380/000175272424214063/primary_doc.xml,0001752724-24-214063,2024-09-24,2024-07-31
S000005371,Nuveen Large Cap Responsible Equity Fund,C000079555,2024-08-31,0.0229452,disclosed,1.0,https://www.sec.gov/Archives/edgar/data/1084380/000175272424296068/primary_doc.xml,0001752724-24-296068,2024-12-26,2024-10-31
S000005371,Nuveen Large Cap Responsible Equity Fund,C000079555,2024-09-30,0.01941747,disclosed,1.0,https://www.sec.gov/Archives/edgar/data/1084380/000175272424296068/primary_doc.xml,0001752724-24-296068,2024-12-26,2024-10-31
S000005371,Nuveen Large Cap Responsible Equity Fund,C000079555,2024-10-31,-0.01576354,disclosed,1.0,https://www.sec.gov/Archives/edgar/data/1084380/000175272424296068/primary_doc.xml,0001752724-24-296068,2024-12-26,2024-10-31
S000005371,Nuveen Large Cap Responsible Equity Fund,C000079555,2024-11-30,0.07340674,disclosed,1.0,https://www.sec.gov/Archives/edgar/data/1084380/000175272425067629/primary_doc.xml,0001752724-25-067629,2025-03-26,2025-01-31
S000005371,Nuveen Large Cap Responsible Equity Fund,C000079555,2024-12-31,-0.058262270000000005,disclosed,1.0,https://www.sec.gov/Archives/edgar/data/1084380/000175272425067629/primary_doc.xml,0001752724-25-067629,2025-03-26,2025-01-31
S000005371,Nuveen Large Cap Responsible Equity Fund,C000079555,2025-01-31,0.0244368,disclosed,1.0,https://www.sec.gov/Archives/edgar/data/1084380/000175272425067629/primary_doc.xml,0001752724-25-067629,2025-03-26,2025-01-31
S000005371,Nuveen Large Cap Responsible Equity Fund,C000079555,2025-02-28,-0.00409988,disclosed,1.0,https://www.sec.gov/Archives/edgar/data/1084380/000175272425157635/primary_doc.xml,0001752724-25-157635,2025-06-26,2025-04-30
S000005371,Nuveen Large Cap Responsible Equity Fund,C000079555,2025-03-31,-0.051272450000000004,disclosed,1.0,https://www.sec.gov/Archives/edgar/data/1084380/000175272425157635/primary_doc.xml,0001752724-25-157635,2025-06-26,2025-04-30
S000005371,Nuveen Large Cap Responsible Equity Fund,C000079555,2025-04-30,0.0035502899999999998,disclosed,1.0,https://www.sec.gov/Archives/edgar/data/1084380/000175272425157635/primary_doc.xml,0001752724-25-157635,2025-06-26,2025-04-30
S000005371,Nuveen Large Cap Responsible Equity Fund,C000079555,2025-05-31,0.062106909999999994,disclosed,1.0,https://www.sec.gov/Archives/edgar/data/1084380/000108438025000139/primary_doc.xml,0001084380-25-000139,2025-09-26,2025-07-31
S000005371,Nuveen Large Cap Responsible Equity Fund,C000079555,2025-06-30,0.053293850000000004,disclosed,1.0,https://www.sec.gov/Archives/edgar/data/1084380/000108438025000139/primary_doc.xml,0001084380-25-000139,2025-09-26,2025-07-31
S000005371,Nuveen Large Cap Responsible Equity Fund,C000079555,2025-07-31,0.01791988,disclosed,1.0,https://www.sec.gov/Archives/edgar/data/1084380/000108438025000139/primary_doc.xml,0001084380-25-000139,2025-09-26,2025-07-31
S000005371,Nuveen Large Cap Responsible Equity Fund,C000079555,2025-08-31,0.0051405,disclosed,1.0,https://www.sec.gov/Archives/edgar/data/1084380/000108438025000523/primary_doc.xml,0001084380-25-000523,2025-12-30,2025-10-31
S000005371,Nuveen Large Cap Responsible Equity Fund,C000079555,2025-09-30,0.01977497,disclosed,1.0,https://www.sec.gov/Archives/edgar/data/1084380/000108438025000523/primary_doc.xml,0001084380-25-000523,2025-12-30,2025-10-31
S000005371,Nuveen Large Cap Responsible Equity Fund,C000079555,2025-10-31,0.02006018,disclosed,1.0,https://www.sec.gov/Archives/edgar/data/1084380/000108438025000523/primary_doc.xml,0001084380-25-000523,2025-12-30,2025-10-31
S000005371,Nuveen Large Cap Responsible Equity Fund,C000079555,2025-11-30,-0.01081612,disclosed,1.0,https://www.sec.gov/Archives/edgar/data/1084380/000108438026000373/primary_doc.xml,0001084380-26-000373,2026-03-25,2026-01-31
S000005371,Nuveen Large Cap Responsible Equity Fund,C000079555,2025-12-31,0.01074303,disclosed,1.0,https://www.sec.gov/Archives/edgar/data/1084380/000108438026000373/primary_doc.xml,0001084380-26-000373,2026-03-25,2026-01-31
S000005371,Nuveen Large Cap Responsible Equity Fund,C000079555,2026-01-31,0.01552575,disclosed,1.0,https://www.sec.gov/Archives/edgar/data/1084380/000108438026000373/primary_doc.xml,0001084380-26-000373,2026-03-25,2026-01-31
S000005371,Nuveen Large Cap Responsible Equity Fund,C000079555,2026-02-28,-0.00034746,disclosed,1.0,https://www.sec.gov/Archives/edgar/data/1084380/000108438026000760/primary_doc.xml,0001084380-26-000760,2026-06-24,2026-04-30
S000005371,Nuveen Large Cap Responsible Equity Fund,C000079555,2026-03-31,-0.0486618,disclosed,1.0,https://www.sec.gov/Archives/edgar/data/1084380/000108438026000760/primary_doc.xml,0001084380-26-000760,2026-06-24,2026-04-30
S000005371,Nuveen Large Cap Responsible Equity Fund,C000079555,2026-04-30,0.11216659999999999,disclosed,1.0,https://www.sec.gov/Archives/edgar/data/1084380/000108438026000760/primary_doc.xml,0001084380-26-000760,2026-06-24,2026-04-30
S000005371,Nuveen Large Cap Responsible Equity Fund,C000079555,2026-05-31,0.04172141,disclosed,1.0,https://www.sec.gov/Archives/edgar/data/1084380/000108438026001234/primary_doc.xml,0001084380-26-001234,2026-09-25,2026-07-31
S000005371,Nuveen Large Cap Responsible Equity Fund,C000079555,2026-06-30,0.01387575,disclosed,1.0,https://www.sec.gov/Archives/edgar/data/1084380/000108438026001234/primary_doc.xml,0001084380-26-001234,2026-09-25,2026-07-31
S000005371,Nuveen Large Cap Responsible Equity Fund,C000079555,2026-07-31,-0.01150855,disclosed,1.0,https://www.sec.gov/Archives/edgar/data/1084380/000108438026001234/primary_doc.xml,0001084380-26-001234,2026-09-25,2026-07-31
S000005371,Nuveen Large Cap Responsible Equity Fund,C000162548,2019-08-31,-0.01857429,disclosed,1.0,https://www.sec.gov/Archives/edgar/data/1084380/000175272419203901/primary_doc.xml,0001752724-19-203901,2019-12-27,2019-10-31
S000005371,Nuveen Large Cap Responsible Equity Fund,C000162548,2019-09-30,0.02046035,disclosed,1.0,https://www.sec.gov/Archives/edgar/data/1084380/000175272419203901/primary_doc.xml,0001752724-19-203901,2019-12-27,2019-10-31
S000005371,Nuveen Large Cap Responsible Equity Fund,C000162548,2019-10-31,0.01954887,disclosed,1.0,https://www.sec.gov/Archives/edgar/data/1084380/000175272419203901/primary_doc.xml,0001752724-19-203901,2019-12-27,2019-10-31
S000005371,Nuveen Large Cap Responsible Equity Fund,C000162548,2019-11-30,0.03490658,disclosed,1.0,https://www.sec.gov/Archives/edgar/data/1084380/000175272420057260/primary_doc.xml,0001752724-20-057260,2020-03-24,2020-01-31
S000005371,Nuveen Large Cap Responsible Equity Fund,C000162548,2019-12-31,0.03332339,disclosed,1.0,https://www.sec.gov/Archives/edgar/data/1084380/000175272420057260/primary_doc.xml,0001752724-20-057260,2020-03-24,2020-01-31
S000005371,Nuveen Large Cap Responsible Equity Fund,C000162548,2020-01-31,-0.00048238999999999997,disclosed,1.0,https://www.sec.gov/Archives/edgar/data/1084380/000175272420057260/primary_doc.xml,0001752724-20-057260,2020-03-24,2020-01-31
S000005371,Nuveen Large Cap Responsible Equity Fund,C000162548,2020-02-29,-0.08011583,disclosed,1.0,https://www.sec.gov/Archives/edgar/data/1084380/000175272420130132/primary_doc.xml,0001752724-20-130132,2020-06-26,2020-04-30
S000005371,Nuveen Large Cap Responsible Equity Fund,C000162548,2020-03-31,-0.13536201,disclosed,1.0,https://www.sec.gov/Archives/edgar/data/1084380/000175272420130132/primary_doc.xml,0001752724-20-130132,2020-06-26,2020-04-30
S000005371,Nuveen Large Cap Responsible Equity Fund,C000162548,2020-04-30,0.13470873,disclosed,1.0,https://www.sec.gov/Archives/edgar/data/1084380/000175272420130132/primary_doc.xml,0001752724-20-130132,2020-06-26,2020-04-30
S000005371,Nuveen Large Cap Responsible Equity Fund,C000162548,2020-05-31,0.05240641,disclosed,1.0,https://www.sec.gov/Archives/edgar/data/1084380/000175272420191233/primary_doc.xml,0001752724-20-191233,2020-09-23,2020-07-31
S000005371,Nuveen Large Cap Responsible Equity Fund,C000162548,2020-06-30,0.02388211,disclosed,1.0,https://www.sec.gov/Archives/edgar/data/1084380/000175272420191233/primary_doc.xml,0001752724-20-191233,2020-09-23,2020-07-31
S000005371,Nuveen Large Cap Responsible Equity Fund,C000162548,2020-07-31,0.047146400000000005,disclosed,1.0,https://www.sec.gov/Archives/edgar/data/1084380/000175272420191233/primary_doc.xml,0001752724-20-191233,2020-09-23,2020-07-31
S000005371,Nuveen Large Cap Responsible Equity Fund,C000162548,2020-08-31,0.07061611,disclosed,1.0,https://www.sec.gov/Archives/edgar/data/1084380/000175272420272666/primary_doc.xml,0001752724-20-272666,2020-12-28,2020-10-31
S000005371,Nuveen Large Cap Responsible Equity Fund,C000162548,2020-09-30,-0.03275785,disclosed,1.0,https://www.sec.gov/Archives/edgar/data/1084380/000175272420272666/primary_doc.xml,0001752724-20-272666,2020-12-28,2020-10-31
S000005371,Nuveen Large Cap Responsible Equity Fund,C000162548,2020-10-31,-0.02105263,disclosed,1.0,https://www.sec.gov/Archives/edgar/data/1084380/000175272420272666/primary_doc.xml,0001752724-20-272666,2020-12-28,2020-10-31
S000005371,Nuveen Large Cap Responsible Equity Fund,C000162548,2020-11-30,0.11827957,disclosed,1.0,https://www.sec.gov/Archives/edgar/data/1084380/000175272421062232/primary_doc.xml,0001752724-21-062232,2021-03-25,2021-01-31
S000005371,Nuveen Large Cap Responsible Equity Fund,C000162548,2020-12-31,0.04194513,disclosed,1.0,https://www.sec.gov/Archives/edgar/data/1084380/000175272421062232/primary_doc.xml,0001752724-21-062232,2021-03-25,2021-01-31
S000005371,Nuveen Large Cap Responsible Equity Fund,C000162548,2021-01-31,0.00040666,disclosed,1.0,https://www.sec.gov/Archives/edgar/data/1084380/000175272421062232/primary_doc.xml,0001752724-21-062232,2021-03-25,2021-01-31
S000005371,Nuveen Large Cap Responsible Equity Fund,C000162548,2021-02-28,0.03252032,disclosed,1.0,https://www.sec.gov/Archives/edgar/data/1084380/000175272421136402/primary_doc.xml,0001752724-21-136402,2021-06-25,2021-04-30
S000005371,Nuveen Large Cap Responsible Equity Fund,C000162548,2021-03-31,0.03779527,disclosed,1.0,https://www.sec.gov/Archives/edgar/data/1084380/000175272421136402/primary_doc.xml,0001752724-21-136402,2021-06-25,2021-04-30
S000005371,Nuveen Large Cap Responsible Equity Fund,C000162548,2021-04-30,0.04324734,disclosed,1.0,https://www.sec.gov/Archives/edgar/data/1084380/000175272421136402/primary_doc.xml,0001752724-21-136402,2021-06-25,2021-04-30
S000005371,Nuveen Large Cap Responsible Equity Fund,C000162548,2021-05-31,0.01236363,disclosed,1.0,https://www.sec.gov/Archives/edgar/data/1084380/000175272421205915/primary_doc.xml,0001752724-21-205915,2021-09-24,2021-07-31
S000005371,Nuveen Large Cap Responsible Equity Fund,C000162548,2021-06-30,0.02406609,disclosed,1.0,https://www.sec.gov/Archives/edgar/data/1084380/000175272421205915/primary_doc.xml,0001752724-21-205915,2021-09-24,2021-07-31
S000005371,Nuveen Large Cap Responsible Equity Fund,C000162548,2021-07-31,0.014731669999999999,disclosed,1.0,https://www.sec.gov/Archives/edgar/data/1084380/000175272421205915/primary_doc.xml,0001752724-21-205915,2021-09-24,2021-07-31
S000005371,Nuveen Large Cap Responsible Equity Fund,C000162548,2021-08-31,0.02696163,disclosed,1.0,https://www.sec.gov/Archives/edgar/data/1084380/000175272421276357/primary_doc.xml,0001752724-21-276357,2021-12-21,2021-10-31
S000005371,Nuveen Large Cap Responsible Equity Fund,C000162548,2021-09-30,-0.04442948,disclosed,1.0,https://www.sec.gov/Archives/edgar/data/1084380/000175272421276357/primary_doc.xml,0001752724-21-276357,2021-12-21,2021-10-31
S000005371,Nuveen Large Cap Responsible Equity Fund,C000162548,2021-10-31,0.07079957,disclosed,1.0,https://www.sec.gov/Archives/edgar/data/1084380/000175272421276357/primary_doc.xml,0001752724-21-276357,2021-12-21,2021-10-31
S000005371,Nuveen Large Cap Responsible Equity Fund,C000162548,2021-11-30,-0.02269736,disclosed,1.0,https://www.sec.gov/Archives/edgar/data/1084380/000175272422075839/primary_doc.xml,0001752724-22-075839,2022-03-29,2022-01-31
S000005371,Nuveen Large Cap Responsible Equity Fund,C000162548,2021-12-31,0.0460479,disclosed,1.0,https://www.sec.gov/Archives/edgar/data/1084380/000175272422075839/primary_doc.xml,0001752724-22-075839,2022-03-29,2022-01-31
S000005371,Nuveen Large Cap Responsible Equity Fund,C000162548,2022-01-31,-0.06520972,disclosed,1.0,https://www.sec.gov/Archives/edgar/data/1084380/000175272422075839/primary_doc.xml,0001752724-22-075839,2022-03-29,2022-01-31
S000005371,Nuveen Large Cap Responsible Equity Fund,C000162548,2022-02-28,-0.03016591,disclosed,1.0,https://www.sec.gov/Archives/edgar/data/1084380/000175272422147734/primary_doc.xml,0001752724-22-147734,2022-06-27,2022-04-30
S000005371,Nuveen Large Cap Responsible Equity Fund,C000162548,2022-03-31,0.02993779,disclosed,1.0,https://www.sec.gov/Archives/edgar/data/1084380/000175272422147734/primary_doc.xml,0001752724-22-147734,2022-06-27,2022-04-30
S000005371,Nuveen Large Cap Responsible Equity Fund,C000162548,2022-04-30,-0.0815402,disclosed,1.0,https://www.sec.gov/Archives/edgar/data/1084380/000175272422147734/primary_doc.xml,0001752724-22-147734,2022-06-27,2022-04-30
S000005371,Nuveen Large Cap Responsible Equity Fund,C000162548,2022-05-31,0.0,disclosed,1.0,https://www.sec.gov/Archives/edgar/data/1084380/000175272422217118/primary_doc.xml,0001752724-22-217118,2022-09-27,2022-07-31
S000005371,Nuveen Large Cap Responsible Equity Fund,C000162548,2022-06-30,-0.08590217000000001,disclosed,1.0,https://www.sec.gov/Archives/edgar/data/1084380/000175272422217118/primary_doc.xml,0001752724-22-217118,2022-09-27,2022-07-31
S000005371,Nuveen Large Cap Responsible Equity Fund,C000162548,2022-07-31,0.09082733,disclosed,1.0,https://www.sec.gov/Archives/edgar/data/1084380/000175272422217118/primary_doc.xml,0001752724-22-217118,2022-09-27,2022-07-31
S000005371,Nuveen Large Cap Responsible Equity Fund,C000162548,2022-08-31,-0.0370981,disclosed,1.0,https://www.sec.gov/Archives/edgar/data/1084380/000175272422288504/primary_doc.xml,0001752724-22-288504,2022-12-22,2022-10-31
S000005371,Nuveen Large Cap Responsible Equity Fund,C000162548,2022-09-30,-0.09075341999999999,disclosed,1.0,https://www.sec.gov/Archives/edgar/data/1084380/000175272422288504/primary_doc.xml,0001752724-22-288504,2022-12-22,2022-10-31
S000005371,Nuveen Large Cap Responsible Equity Fund,C000162548,2022-10-31,0.09086629,disclosed,1.0,https://www.sec.gov/Archives/edgar/data/1084380/000175272422288504/primary_doc.xml,0001752724-22-288504,2022-12-22,2022-10-31
S000005371,Nuveen Large Cap Responsible Equity Fund,C000162548,2022-11-30,0.06517047,disclosed,1.0,https://www.sec.gov/Archives/edgar/data/1084380/000175272423069517/primary_doc.xml,0001752724-23-069517,2023-03-28,2023-01-31
S000005371,Nuveen Large Cap Responsible Equity Fund,C000162548,2022-12-31,-0.05567844,disclosed,1.0,https://www.sec.gov/Archives/edgar/data/1084380/000175272423069517/primary_doc.xml,0001752724-23-069517,2023-03-28,2023-01-31
S000005371,Nuveen Large Cap Responsible Equity Fund,C000162548,2023-01-31,0.07014388,disclosed,1.0,https://www.sec.gov/Archives/edgar/data/1084380/000175272423069517/primary_doc.xml,0001752724-23-069517,2023-03-28,2023-01-31
S000005371,Nuveen Large Cap Responsible Equity Fund,C000162548,2023-02-28,-0.026890749999999998,disclosed,1.0,https://www.sec.gov/Archives/edgar/data/1084380/000175272423143992/primary_doc.xml,0001752724-23-143992,2023-06-26,2023-04-30
S000005371,Nuveen Large Cap Responsible Equity Fund,C000162548,2023-03-31,0.015544039999999999,disclosed,1.0,https://www.sec.gov/Archives/edgar/data/1084380/000175272423143992/primary_doc.xml,0001752724-23-143992,2023-06-26,2023-04-30
S000005371,Nuveen Large Cap Responsible Equity Fund,C000162548,2023-04-30,0.0,disclosed,1.0,https://www.sec.gov/Archives/edgar/data/1084380/000175272423143992/primary_doc.xml,0001752724-23-143992,2023-06-26,2023-04-30
S000005371,Nuveen Large Cap Responsible Equity Fund,C000162548,2023-05-31,-0.006377549999999999,disclosed,1.0,https://www.sec.gov/Archives/edgar/data/1084380/000175272423219045/primary_doc.xml,0001752724-23-219045,2023-09-27,2023-07-31
S000005371,Nuveen Large Cap Responsible Equity Fund,C000162548,2023-06-30,0.07060333,disclosed,1.0,https://www.sec.gov/Archives/edgar/data/1084380/000175272423219045/primary_doc.xml,0001752724-23-219045,2023-09-27,2023-07-31
S000005371,Nuveen Large Cap Responsible Equity Fund,C000162548,2023-07-31,0.03117506,disclosed,1.0,https://www.sec.gov/Archives/edgar/data/1084380/000175272423219045/primary_doc.xml,0001752724-23-219045,2023-09-27,2023-07-31
S000005371,Nuveen Large Cap Responsible Equity Fund,C000162548,2023-08-31,-0.014341079999999999,disclosed,1.0,https://www.sec.gov/Archives/edgar/data/1084380/000175272423292699/primary_doc.xml,0001752724-23-292699,2023-12-27,2023-10-31
S000005371,Nuveen Large Cap Responsible Equity Fund,C000162548,2023-09-30,-0.049941009999999994,disclosed,1.0,https://www.sec.gov/Archives/edgar/data/1084380/000175272423292699/primary_doc.xml,0001752724-23-292699,2023-12-27,2023-10-31
S000005371,Nuveen Large Cap Responsible Equity Fund,C000162548,2023-10-31,-0.02690397,disclosed,1.0,https://www.sec.gov/Archives/edgar/data/1084380/000175272423292699/primary_doc.xml,0001752724-23-292699,2023-12-27,2023-10-31
S000005371,Nuveen Large Cap Responsible Equity Fund,C000162548,2023-11-30,0.09953211,disclosed,1.0,https://www.sec.gov/Archives/edgar/data/1084380/000175272424065443/primary_doc.xml,0001752724-24-065443,2024-03-25,2024-01-31
S000005371,Nuveen Large Cap Responsible Equity Fund,C000162548,2023-12-31,0.05316786,disclosed,1.0,https://www.sec.gov/Archives/edgar/data/1084380/000175272424065443/primary_doc.xml,0001752724-24-065443,2024-03-25,2024-01-31
S000005371,Nuveen Large Cap Responsible Equity Fund,C000162548,2024-01-31,0.01282549,disclosed,1.0,https://www.sec.gov/Archives/edgar/data/1084380/000175272424065443/primary_doc.xml,0001752724-24-065443,2024-03-25,2024-01-31
S000005371,Nuveen Large Cap Responsible Equity Fund,C000162548,2024-02-29,0.05180353,disclosed,1.0,https://www.sec.gov/Archives/edgar/data/1084380/000175272424144490/primary_doc.xml,0001752724-24-144490,2024-06-25,2024-04-30
S000005371,Nuveen Large Cap Responsible Equity Fund,C000162548,2024-02-29,0.05180353,disclosed,1.0,https://www.sec.gov/Archives/edgar/data/1084380/000175272424167009/primary_doc.xml,0001752724-24-167009,2024-07-26,2024-04-30
S000005371,Nuveen Large Cap Responsible Equity Fund,C000162548,2024-03-31,0.033199559999999996,disclosed,1.0,https://www.sec.gov/Archives/edgar/data/1084380/000175272424144490/primary_doc.xml,0001752724-24-144490,2024-06-25,2024-04-30
S000005371,Nuveen Large Cap Responsible Equity Fund,C000162548,2024-03-31,0.033199559999999996,disclosed,1.0,https://www.sec.gov/Archives/edgar/data/1084380/000175272424167009/primary_doc.xml,0001752724-24-167009,2024-07-26,2024-04-30
S000005371,Nuveen Large Cap Responsible Equity Fund,C000162548,2024-04-30,-0.05120056,disclosed,1.0,https://www.sec.gov/Archives/edgar/data/1084380/000175272424144490/primary_doc.xml,0001752724-24-144490,2024-06-25,2024-04-30
S000005371,Nuveen Large Cap Responsible Equity Fund,C000162548,2024-04-30,-0.05120056,disclosed,1.0,https://www.sec.gov/Archives/edgar/data/1084380/000175272424167009/primary_doc.xml,0001752724-24-167009,2024-07-26,2024-04-30
S000005371,Nuveen Large Cap Responsible Equity Fund,C000162548,2024-05-31,0.041682170000000004,disclosed,1.0,https://www.sec.gov/Archives/edgar/data/1084380/000175272424214063/primary_doc.xml,0001752724-24-214063,2024-09-24,2024-07-31
S000005371,Nuveen Large Cap Responsible Equity Fund,C000162548,2024-06-30,0.026795279999999998,disclosed,1.0,https://www.sec.gov/Archives/edgar/data/1084380/000175272424214063/primary_doc.xml,0001752724-24-214063,2024-09-24,2024-07-31
S000005371,Nuveen Large Cap Responsible Equity Fund,C000162548,2024-07-31,0.01878914,disclosed,1.0,https://www.sec.gov/Archives/edgar/data/1084380/000175272424214063/primary_doc.xml,0001752724-24-214063,2024-09-24,2024-07-31
S000005371,Nuveen Large Cap Responsible Equity Fund,C000162548,2024-08-31,0.02288251,disclosed,1.0,https://www.sec.gov/Archives/edgar/data/1084380/000175272424296068/primary_doc.xml,0001752724-24-296068,2024-12-26,2024-10-31
S000005371,Nuveen Large Cap Responsible Equity Fund,C000162548,2024-09-30,0.0193656,disclosed,1.0,https://www.sec.gov/Archives/edgar/data/1084380/000175272424296068/primary_doc.xml,0001752724-24-296068,2024-12-26,2024-10-31
S000005371,Nuveen Large Cap Responsible Equity Fund,C000162548,2024-10-31,-0.015722240000000002,disclosed,1.0,https://www.sec.gov/Archives/edgar/data/1084380/000175272424296068/primary_doc.xml,0001752724-24-296068,2024-12-26,2024-10-31
S000005371,Nuveen Large Cap Responsible Equity Fund,C000162548,2024-11-30,0.07354409,disclosed,1.0,https://www.sec.gov/Archives/edgar/data/1084380/000175272425067629/primary_doc.xml,0001752724-25-067629,2025-03-26,2025-01-31
S000005371,Nuveen Large Cap Responsible Equity Fund,C000162548,2024-12-31,-0.05812059,disclosed,1.0,https://www.sec.gov/Archives/edgar/data/1084380/000175272425067629/primary_doc.xml,0001752724-25-067629,2025-03-26,2025-01-31
S000005371,Nuveen Large Cap Responsible Equity Fund,C000162548,2025-01-31,0.02437166,disclosed,1.0,https://www.sec.gov/Archives/edgar/data/1084380/000175272425067629/primary_doc.xml,0001752724-25-067629,2025-03-26,2025-01-31
S000005371,Nuveen Large Cap Responsible Equity Fund,C000162548,2025-02-28,-0.00371747,disclosed,1.0,https://www.sec.gov/Archives/edgar/data/1084380/000175272425157635/primary_doc.xml,0001752724-25-157635,2025-06-26,2025-04-30
S000005371,Nuveen Large Cap Responsible Equity Fund,C000162548,2025-03-31,-0.051119399999999995,disclosed,1.0,https://www.sec.gov/Archives/edgar/data/1084380/000175272425157635/primary_doc.xml,0001752724-25-157635,2025-06-26,2025-04-30
S000005371,Nuveen Large Cap Responsible Equity Fund,C000162548,2025-04-30,0.00353912,disclosed,1.0,https://www.sec.gov/Archives/edgar/data/1084380/000175272425157635/primary_doc.xml,0001752724-25-157635,2025-06-26,2025-04-30
S000005371,Nuveen Large Cap Responsible Equity Fund,C000162548,2025-05-31,0.062304069999999996,disclosed,1.0,https://www.sec.gov/Archives/edgar/data/1084380/000108438025000139/primary_doc.xml,0001084380-25-000139,2025-09-26,2025-07-31
S000005371,Nuveen Large Cap Responsible Equity Fund,C000162548,2025-06-30,0.05311693,disclosed,1.0,https://www.sec.gov/Archives/edgar/data/1084380/000108438025000139/primary_doc.xml,0001084380-25-000139,2025-09-26,2025-07-31
S000005371,Nuveen Large Cap Responsible Equity Fund,C000162548,2025-07-31,0.01821366,disclosed,1.0,https://www.sec.gov/Archives/edgar/data/1084380/000108438025000139/primary_doc.xml,0001084380-25-000139,2025-09-26,2025-07-31
S000005371,Nuveen Large Cap Responsible Equity Fund,C000162548,2025-08-31,0.0051212,disclosed,1.0,https://www.sec.gov/Archives/edgar/data/1084380/000108438025000523/primary_doc.xml,0001084380-25-000523,2025-12-30,2025-10-31
S000005371,Nuveen Large Cap Responsible Equity Fund,C000162548,2025-09-30,0.01936141,disclosed,1.0,https://www.sec.gov/Archives/edgar/data/1084380/000108438025000523/primary_doc.xml,0001084380-25-000523,2025-12-30,2025-10-31
S000005371,Nuveen Large Cap Responsible Equity Fund,C000162548,2025-10-31,0.020326550000000002,disclosed,1.0,https://www.sec.gov/Archives/edgar/data/1084380/000108438025000523/primary_doc.xml,0001084380-25-000523,2025-12-30,2025-10-31
S000005371,Nuveen Large Cap Responsible Equity Fund,C000162548,2025-11-30,-0.01077727,disclosed,1.0,https://www.sec.gov/Archives/edgar/data/1084380/000108438026000373/primary_doc.xml,0001084380-26-000373,2026-03-25,2026-01-31
S000005371,Nuveen Large Cap Responsible Equity Fund,C000162548,2025-12-31,0.010900179999999999,disclosed,1.0,https://www.sec.gov/Archives/edgar/data/1084380/000108438026000373/primary_doc.xml,0001084380-26-000373,2026-03-25,2026-01-31
S000005371,Nuveen Large Cap Responsible Equity Fund,C000162548,2026-01-31,0.01548205,disclosed,1.0,https://www.sec.gov/Archives/edgar/data/1084380/000108438026000373/primary_doc.xml,0001084380-26-000373,2026-03-25,2026-01-31
S000005371,Nuveen Large Cap Responsible Equity Fund,C000162548,2026-02-28,-0.0003465,disclosed,1.0,https://www.sec.gov/Archives/edgar/data/1084380/000108438026000760/primary_doc.xml,0001084380-26-000760,2026-06-24,2026-04-30
S000005371,Nuveen Large Cap Responsible Equity Fund,C000162548,2026-03-31,-0.048180240000000006,disclosed,1.0,https://www.sec.gov/Archives/edgar/data/1084380/000108438026000760/primary_doc.xml,0001084380-26-000760,2026-06-24,2026-04-30
S000005371,Nuveen Large Cap Responsible Equity Fund,C000162548,2026-04-30,0.11216314000000001,disclosed,1.0,https://www.sec.gov/Archives/edgar/data/1084380/000108438026000760/primary_doc.xml,0001084380-26-000760,2026-06-24,2026-04-30
S000005371,Nuveen Large Cap Responsible Equity Fund,C000162548,2026-05-31,0.0415848,disclosed,1.0,https://www.sec.gov/Archives/edgar/data/1084380/000108438026001234/primary_doc.xml,0001084380-26-001234,2026-09-25,2026-07-31
S000005371,Nuveen Large Cap Responsible Equity Fund,C000162548,2026-06-30,0.0141465,disclosed,1.0,https://www.sec.gov/Archives/edgar/data/1084380/000108438026001234/primary_doc.xml,0001084380-26-001234,2026-09-25,2026-07-31
S000005371,Nuveen Large Cap Responsible Equity Fund,C000162548,2026-07-31,-0.01146931,disclosed,1.0,https://www.sec.gov/Archives/edgar/data/1084380/000108438026001234/primary_doc.xml,0001084380-26-001234,2026-09-25,2026-07-31
S000006203,Large Cap Equity Fund,C000017094,2019-08-31,-0.01618887015177,disclosed,1.0,https://www.sec.gov/Archives/edgar/data/100334/000114554919052687/primary_doc.xml,0001145549-19-052687,2019-12-23,2019-10-31
S000006203,Large Cap Equity Fund,C000017094,2019-09-30,0.01851217003771,disclosed,1.0,https://www.sec.gov/Archives/edgar/data/100334/000114554919052687/primary_doc.xml,0001145549-19-052687,2019-12-23,2019-10-31
S000006203,Large Cap Equity Fund,C000017094,2019-10-31,0.023224503534159998,disclosed,1.0,https://www.sec.gov/Archives/edgar/data/100334/000114554919052687/primary_doc.xml,0001145549-19-052687,2019-12-23,2019-10-31
S000006203,Large Cap Equity Fund,C000017094,2019-11-30,0.039802631578950004,disclosed,1.0,https://www.sec.gov/Archives/edgar/data/100334/000114554920016601/primary_doc.xml,0001145549-20-016601,2020-03-24,2020-01-31
S000006203,Large Cap Equity Fund,C000017094,2019-12-31,0.03087249960171,disclosed,1.0,https://www.sec.gov/Archives/edgar/data/100334/000114554920016601/primary_doc.xml,0001145549-20-016601,2020-03-24,2020-01-31
S000006203,Large Cap Equity Fund,C000017094,2020-01-31,0.0,disclosed,1.0,https://www.sec.gov/Archives/edgar/data/100334/000114554920016601/primary_doc.xml,0001145549-20-016601,2020-03-24,2020-01-31
S000006203,Large Cap Equity Fund,C000017094,2020-02-29,-0.08276714021001,disclosed,1.0,https://www.sec.gov/Archives/edgar/data/100334/000114554920036661/primary_doc.xml,0001145549-20-036661,2020-06-25,2020-04-30
S000006203,Large Cap Equity Fund,C000017094,2020-03-31,-0.11683501683502,disclosed,1.0,https://www.sec.gov/Archives/edgar/data/100334/000114554920036661/primary_doc.xml,0001145549-20-036661,2020-06-25,2020-04-30
S000006203,Large Cap Equity Fund,C000017094,2020-04-30,0.12276019824628,disclosed,1.0,https://www.sec.gov/Archives/edgar/data/100334/000114554920036661/primary_doc.xml,0001145549-20-036661,2020-06-25,2020-04-30
S000006203,Large Cap Equity Fund,C000017094,2020-05-31,0.055348047538199996,disclosed,1.0,https://www.sec.gov/Archives/edgar/data/100334/000114554920056783/primary_doc.xml,0001145549-20-056783,2020-09-25,2020-07-31
S000006203,Large Cap Equity Fund,C000017094,2020-06-30,0.023166023166019997,disclosed,1.0,https://www.sec.gov/Archives/edgar/data/100334/000114554920056783/primary_doc.xml,0001145549-20-056783,2020-09-25,2020-07-31
S000006203,Large Cap Equity Fund,C000017094,2020-07-31,0.053459119496860004,disclosed,1.0,https://www.sec.gov/Archives/edgar/data/100334/000114554920056783/primary_doc.xml,0001145549-20-056783,2020-09-25,2020-07-31
S000006203,Large Cap Equity Fund,C000017094,2020-08-31,0.07671641791045,disclosed,1.0,https://www.sec.gov/Archives/edgar/data/100334/000114554920076716/primary_doc.xml,0001145549-20-076716,2020-12-28,2020-10-31
S000006203,Large Cap Equity Fund,C000017094,2020-09-30,-0.03714998613806,disclosed,1.0,https://www.sec.gov/Archives/edgar/data/100334/000114554920076716/primary_doc.xml,0001145549-20-076716,2020-12-28,2020-10-31
S000006203,Large Cap Equity Fund,C000017094,2020-10-31,-0.03167290526922,disclosed,1.0,https://www.sec.gov/Archives/edgar/data/100334/000114554920076716/primary_doc.xml,0001145549-20-076716,2020-12-28,2020-10-31
S000006203,Large Cap Equity Fund,C000017094,2020-11-30,0.10853404698186,disclosed,1.0,https://www.sec.gov/Archives/edgar/data/100334/000114554921017592/primary_doc.xml,0001145549-21-017592,2021-03-25,2021-01-31
S000006203,Large Cap Equity Fund,C000017094,2020-12-31,0.03591966226626,disclosed,1.0,https://www.sec.gov/Archives/edgar/data/100334/000114554921017592/primary_doc.xml,0001145549-21-017592,2021-03-25,2021-01-31
S000006203,Large Cap Equity Fund,C000017094,2021-01-31,-0.013260530421220001,disclosed,1.0,https://www.sec.gov/Archives/edgar/data/100334/000114554921017592/primary_doc.xml,0001145549-21-017592,2021-03-25,2021-01-31
S000006203,Large Cap Equity Fund,C000017094,2021-02-28,0.02687747035573,disclosed,1.0,https://www.sec.gov/Archives/edgar/data/100334/000114554921036966/primary_doc.xml,0001145549-21-036966,2021-06-24,2021-04-30
S000006203,Large Cap Equity Fund,C000017094,2021-03-31,0.038747754683090004,disclosed,1.0,https://www.sec.gov/Archives/edgar/data/100334/000114554921036966/primary_doc.xml,0001145549-21-036966,2021-06-24,2021-04-30
S000006203,Large Cap Equity Fund,C000017094,2021-04-30,0.05607707509881,disclosed,1.0,https://www.sec.gov/Archives/edgar/data/100334/000114554921036966/primary_doc.xml,0001145549-21-036966,2021-06-24,2021-04-30
S000006203,Large Cap Equity Fund,C000017094,2021-05-31,0.00304093567251,disclosed,1.0,https://www.sec.gov/Archives/edgar/data/100334/000114554921055808/primary_doc.xml,0001145549-21-055808,2021-09-23,2021-07-31
S000006203,Large Cap Equity Fund,C000017094,2021-06-30,0.02728544776119,disclosed,1.0,https://www.sec.gov/Archives/edgar/data/100334/000114554921055808/primary_doc.xml,0001145549-21-055808,2021-09-23,2021-07-31
S000006203,Large Cap Equity Fund,C000017094,2021-07-31,0.027241770715100002,disclosed,1.0,https://www.sec.gov/Archives/edgar/data/100334/000114554921055808/primary_doc.xml,0001145549-21-055808,2021-09-23,2021-07-31
S000006203,Large Cap Equity Fund,C000017094,2021-08-31,0.03314917127072,disclosed,1.0,https://www.sec.gov/Archives/edgar/data/100334/000114554921075058/primary_doc.xml,0001145549-21-075058,2021-12-21,2021-10-31
S000006203,Large Cap Equity Fund,C000017094,2021-09-30,-0.05048128342246,disclosed,1.0,https://www.sec.gov/Archives/edgar/data/100334/000114554921075058/primary_doc.xml,0001145549-21-075058,2021-12-21,2021-10-31
S000006203,Large Cap Equity Fund,C000017094,2021-10-31,0.08267627844109,disclosed,1.0,https://www.sec.gov/Archives/edgar/data/100334/000114554921075058/primary_doc.xml,0001145549-21-075058,2021-12-21,2021-10-31
S000006203,Large Cap Equity Fund,C000017094,2021-11-30,-0.01248439450687,disclosed,1.0,https://www.sec.gov/Archives/edgar/data/100334/000114554922018144/primary_doc.xml,0001145549-22-018144,2022-03-28,2022-01-31
S000006203,Large Cap Equity Fund,C000017094,2021-12-31,0.042106167821999996,disclosed,1.0,https://www.sec.gov/Archives/edgar/data/100334/000114554922018144/primary_doc.xml,0001145549-22-018144,2022-03-28,2022-01-31
S000006203,Large Cap Equity Fund,C000017094,2022-01-31,-0.06026092358666,disclosed,1.0,https://www.sec.gov/Archives/edgar/data/100334/000114554922018144/primary_doc.xml,0001145549-22-018144,2022-03-28,2022-01-31
S000006203,Large Cap Equity Fund,C000017094,2022-02-28,-0.036139268400179995,disclosed,1.0,https://www.sec.gov/Archives/edgar/data/100334/000114554922038098/primary_doc.xml,0001145549-22-038098,2022-06-24,2022-04-30
S000006203,Large Cap Equity Fund,C000017094,2022-03-31,0.026520347508,disclosed,1.0,https://www.sec.gov/Archives/edgar/data/100334/000114554922038098/primary_doc.xml,0001145549-22-038098,2022-06-24,2022-04-30
S000006203,Large Cap Equity Fund,C000017094,2022-04-30,-0.09131403118039999,disclosed,1.0,https://www.sec.gov/Archives/edgar/data/100334/000114554922038098/primary_doc.xml,0001145549-22-038098,2022-06-24,2022-04-30
S000006203,Large Cap Equity Fund,C000017094,2022-05-31,-0.00735294117647,disclosed,1.0,https://www.sec.gov/Archives/edgar/data/100334/000114554922056667/primary_doc.xml,0001145549-22-056667,2022-09-23,2022-07-31
S000006203,Large Cap Equity Fund,C000017094,2022-06-30,-0.07802469135802,disclosed,1.0,https://www.sec.gov/Archives/edgar/data/100334/000114554922056667/primary_doc.xml,0001145549-22-056667,2022-09-23,2022-07-31
S000006203,Large Cap Equity Fund,C000017094,2022-07-31,0.09346545259775,disclosed,1.0,https://www.sec.gov/Archives/edgar/data/100334/000114554922056667/primary_doc.xml,0001145549-22-056667,2022-09-23,2022-07-31
S000006203,Large Cap Equity Fund,C000017094,2022-08-31,-0.040656380112660005,disclosed,1.0,https://www.sec.gov/Archives/edgar/data/100334/000114554922077388/primary_doc.xml,0001145549-22-077388,2022-12-21,2022-10-31
S000006203,Large Cap Equity Fund,C000017094,2022-09-30,-0.08960939494511001,disclosed,1.0,https://www.sec.gov/Archives/edgar/data/100334/000114554922077388/primary_doc.xml,0001145549-22-077388,2022-12-21,2022-10-31
S000006203,Large Cap Equity Fund,C000017094,2022-10-31,0.08833426808749,disclosed,1.0,https://www.sec.gov/Archives/edgar/data/100334/000114554922077388/primary_doc.xml,0001145549-22-077388,2022-12-21,2022-10-31
S000006203,Large Cap Equity Fund,C000017094,2022-11-30,0.06415872197887,disclosed,1.0,https://www.sec.gov/Archives/edgar/data/100334/000114554923018836/primary_doc.xml,0001145549-23-018836,2023-03-28,2023-01-31
S000006203,Large Cap Equity Fund,C000017094,2022-12-31,-0.05907476888365,disclosed,1.0,https://www.sec.gov/Archives/edgar/data/100334/000114554923018836/primary_doc.xml,0001145549-23-018836,2023-03-28,2023-01-31
S000006203,Large Cap Equity Fund,C000017094,2023-01-31,0.06059036768514,disclosed,1.0,https://www.sec.gov/Archives/edgar/data/100334/000114554923018836/primary_doc.xml,0001145549-23-018836,2023-03-28,2023-01-31
S000006203,Large Cap Equity Fund,C000017094,2023-02-28,-0.026123046875,disclosed,1.0,https://www.sec.gov/Archives/edgar/data/100334/000114554923037789/primary_doc.xml,0001145549-23-037789,2023-06-23,2023-04-30
S000006203,Large Cap Equity Fund,C000017094,2023-03-31,0.03484582602156,disclosed,1.0,https://www.sec.gov/Archives/edgar/data/100334/000114554923037789/primary_doc.xml,0001145549-23-037789,2023-06-23,2023-04-30
S000006203,Large Cap Equity Fund,C000017094,2023-04-30,0.00872093023256,disclosed,1.0,https://www.sec.gov/Archives/edgar/data/100334/000114554923037789/primary_doc.xml,0001145549-23-037789,2023-06-23,2023-04-30
S000006203,Large Cap Equity Fund,C000017094,2023-05-31,0.00672430355428,disclosed,1.0,https://www.sec.gov/Archives/edgar/data/100334/000114554923056467/primary_doc.xml,0001145549-23-056467,2023-09-21,2023-07-31
S000006203,Large Cap Equity Fund,C000017094,2023-06-30,0.058921755725190005,disclosed,1.0,https://www.sec.gov/Archives/edgar/data/100334/000114554923056467/primary_doc.xml,0001145549-23-056467,2023-09-21,2023-07-31
S000006203,Large Cap Equity Fund,C000017094,2023-07-31,0.03559360216265,disclosed,1.0,https://www.sec.gov/Archives/edgar/data/100334/000114554923056467/primary_doc.xml,0001145549-23-056467,2023-09-21,2023-07-31
S000006203,Large Cap Equity Fund,C000017094,2023-08-31,-0.018707852947570002,disclosed,1.0,https://www.sec.gov/Archives/edgar/data/100334/000114554923077013/primary_doc.xml,0001145549-23-077013,2023-12-22,2023-10-31
S000006203,Large Cap Equity Fund,C000017094,2023-09-30,-0.048547993792949995,disclosed,1.0,https://www.sec.gov/Archives/edgar/data/100334/000114554923077013/primary_doc.xml,0001145549-23-077013,2023-12-22,2023-10-31
S000006203,Large Cap Equity Fund,C000017094,2023-10-31,-0.01817334575955,disclosed,1.0,https://www.sec.gov/Archives/edgar/data/100334/000114554923077013/primary_doc.xml,0001145549-23-077013,2023-12-22,2023-10-31
S000006203,Large Cap Equity Fund,C000017094,2023-11-30,0.08614143331751001,disclosed,1.0,https://www.sec.gov/Archives/edgar/data/100334/000114554924017640/primary_doc.xml,0001145549-24-017640,2024-03-27,2024-01-31
S000006203,Large Cap Equity Fund,C000017094,2023-12-31,0.04797965159445,disclosed,1.0,https://www.sec.gov/Archives/edgar/data/100334/000114554924017640/primary_doc.xml,0001145549-24-017640,2024-03-27,2024-01-31
S000006203,Large Cap Equity Fund,C000017094,2024-01-31,0.01888393804371,disclosed,1.0,https://www.sec.gov/Archives/edgar/data/100334/000114554924017640/primary_doc.xml,0001145549-24-017640,2024-03-27,2024-01-31
S000006203,Large Cap Equity Fund,C000017094,2024-02-29,0.05560183256976,disclosed,1.0,https://www.sec.gov/Archives/edgar/data/100334/000114554924039499/primary_doc.xml,0001145549-24-039499,2024-06-26,2024-04-30
S000006203,Large Cap Equity Fund,C000017094,2024-03-31,0.031761688696000004,disclosed,1.0,https://www.sec.gov/Archives/edgar/data/100334/000114554924039499/primary_doc.xml,0001145549-24-039499,2024-06-26,2024-04-30
S000006203,Large Cap Equity Fund,C000017094,2024-04-30,-0.04780114722753,disclosed,1.0,https://www.sec.gov/Archives/edgar/data/100334/000114554924039499/primary_doc.xml,0001145549-24-039499,2024-06-26,2024-04-30
S000006203,Large Cap Equity Fund,C000017094,2024-05-31,0.04437751004016,disclosed,1.0,https://www.sec.gov/Archives/edgar/data/100334/000114554924061741/primary_doc.xml,0001145549-24-061741,2024-09-27,2024-07-31
S000006203,Large Cap Equity Fund,C000017094,2024-06-30,0.030571044029990002,disclosed,1.0,https://www.sec.gov/Archives/edgar/data/100334/000114554924061741/primary_doc.xml,0001145549-24-061741,2024-09-27,2024-07-31
S000006203,Large Cap Equity Fund,C000017094,2024-07-31,0.00485074626866,disclosed,1.0,https://www.sec.gov/Archives/edgar/data/100334/000114554924061741/primary_doc.xml,0001145549-24-061741,2024-09-27,2024-07-31
S000006203,Large Cap Equity Fund,C000017094,2024-08-31,0.022465651689569998,disclosed,1.0,https://www.sec.gov/Archives/edgar/data/100334/000114554924080395/primary_doc.xml,0001145549-24-080395,2024-12-23,2024-10-31
S000006203,Large Cap Equity Fund,C000017094,2024-09-30,0.01725077174505,disclosed,1.0,https://www.sec.gov/Archives/edgar/data/100334/000114554924080395/primary_doc.xml,0001145549-24-080395,2024-12-23,2024-10-31
S000006203,Large Cap Equity Fund,C000017094,2024-10-31,-0.020885398072119997,disclosed,1.0,https://www.sec.gov/Archives/edgar/data/100334/000114554924080395/primary_doc.xml,0001145549-24-080395,2024-12-23,2024-10-31
S000006203,Large Cap Equity Fund,C000017094,2024-11-30,0.05524156791249,disclosed,1.0,https://www.sec.gov/Archives/edgar/data/100334/000114554925018871/primary_doc.xml,0001145549-25-018871,2025-03-21,2025-01-31
S000006203,Large Cap Equity Fund,C000017094,2024-12-31,-0.0261464683479,disclosed,1.0,https://www.sec.gov/Archives/edgar/data/100334/000114554925018871/primary_doc.xml,0001145549-25-018871,2025-03-21,2025-01-31
S000006203,Large Cap Equity Fund,C000017094,2025-01-31,0.02228938420854,disclosed,1.0,https://www.sec.gov/Archives/edgar/data/100334/000114554925018871/primary_doc.xml,0001145549-25-018871,2025-03-21,2025-01-31
S000006203,Large Cap Equity Fund,C000017094,2025-02-28,-0.02623798965262,disclosed,1.0,https://www.sec.gov/Archives/edgar/data/100334/000114554925043423/primary_doc.xml,0001145549-25-043423,2025-06-27,2025-04-30
S000006203,Large Cap Equity Fund,C000017094,2025-03-31,-0.06831119544592,disclosed,1.0,https://www.sec.gov/Archives/edgar/data/100334/000114554925043423/primary_doc.xml,0001145549-25-043423,2025-06-27,2025-04-30
S000006203,Large Cap Equity Fund,C000017094,2025-04-30,-0.00896130346232,disclosed,1.0,https://www.sec.gov/Archives/edgar/data/100334/000114554925043423/primary_doc.xml,0001145549-25-043423,2025-06-27,2025-04-30
S000006203,Large Cap Equity Fund,C000017094,2025-05-31,0.06329634196465,disclosed,1.0,https://www.sec.gov/Archives/edgar/data/100334/000119312525215736/primary_doc.xml,0001193125-25-215736,2025-09-24,2025-07-31
S000006203,Large Cap Equity Fund,C000017094,2025-06-30,0.04851178971782,disclosed,1.0,https://www.sec.gov/Archives/edgar/data/100334/000119312525215736/primary_doc.xml,0001193125-25-215736,2025-09-24,2025-07-31
S000006203,Large Cap Equity Fund,C000017094,2025-07-31,0.01732718894009,disclosed,1.0,https://www.sec.gov/Archives/edgar/data/100334/000119312525215736/primary_doc.xml,0001193125-25-215736,2025-09-24,2025-07-31
S000006203,Large Cap Equity Fund,C000017094,2025-08-31,0.021561877151659997,disclosed,1.0,https://www.sec.gov/Archives/edgar/data/100334/000119312525335026/primary_doc.xml,0001193125-25-335026,2025-12-29,2025-10-31
S000006203,Large Cap Equity Fund,C000017094,2025-09-30,0.02820148989003,disclosed,1.0,https://www.sec.gov/Archives/edgar/data/100334/000119312525335026/primary_doc.xml,0001193125-25-335026,2025-12-29,2025-10-31
S000006203,Large Cap Equity Fund,C000017094,2025-10-31,0.017767810936690002,disclosed,1.0,https://www.sec.gov/Archives/edgar/data/100334/000119312525335026/primary_doc.xml,0001193125-25-335026,2025-12-29,2025-10-31
S000006203,Large Cap Equity Fund,C000017094,2025-11-30,0.00305084745763,disclosed,1.0,https://www.sec.gov/Archives/edgar/data/100334/000119312526129677/primary_doc.xml,0001193125-26-129677,2026-03-30,2026-01-31
S000006203,Large Cap Equity Fund,C000017094,2025-12-31,-0.0051125815965,disclosed,1.0,https://www.sec.gov/Archives/edgar/data/100334/000119312526129677/primary_doc.xml,0001193125-26-129677,2026-03-30,2026-01-31
S000006203,Large Cap Equity Fund,C000017094,2026-01-31,0.01130890052356,disclosed,1.0,https://www.sec.gov/Archives/edgar/data/100334/000119312526129677/primary_doc.xml,0001193125-26-129677,2026-03-30,2026-01-31
S000006203,Large Cap Equity Fund,C000017094,2026-02-28,-0.011803686063370001,disclosed,1.0,https://www.sec.gov/Archives/edgar/data/100334/000119312526284639/primary_doc.xml,0001193125-26-284639,2026-06-26,2026-04-30
S000006203,Large Cap Equity Fund,C000017094,2026-03-31,-0.05741827326069,disclosed,1.0,https://www.sec.gov/Archives/edgar/data/100334/000119312526284639/primary_doc.xml,0001193125-26-284639,2026-06-26,2026-04-30
S000006203,Large Cap Equity Fund,C000017094,2026-04-30,0.10560248999555,disclosed,1.0,https://www.sec.gov/Archives/edgar/data/100334/000119312526284639/primary_doc.xml,0001193125-26-284639,2026-06-26,2026-04-30
S000006203,Large Cap Equity Fund,C000017094,2026-05-31,0.03659762718681,disclosed,1.0,https://www.sec.gov/Archives/edgar/data/100334/000119312526407377/primary_doc.xml,0001193125-26-407377,2026-09-29,2026-07-31
S000006203,Large Cap Equity Fund,C000017094,2026-06-30,-0.00484966052376,disclosed,1.0,https://www.sec.gov/Archives/edgar/data/100334/000119312526407377/primary_doc.xml,0001193125-26-407377,2026-09-29,2026-07-31
S000006203,Large Cap Equity Fund,C000017094,2026-07-31,0.00331384015595,disclosed,1.0,https://www.sec.gov/Archives/edgar/data/100334/000119312526407377/primary_doc.xml,0001193125-26-407377,2026-09-29,2026-07-31
S000006203,Large Cap Equity Fund,C000017095,2019-08-31,-0.015808947191389998,disclosed,1.0,https://www.sec.gov/Archives/edgar/data/100334/000114554919052687/primary_doc.xml,0001145549-19-052687,2019-12-23,2019-10-31
S000006203,Large Cap Equity Fund,C000017095,2019-09-30,0.01845522898154,disclosed,1.0,https://www.sec.gov/Archives/edgar/data/100334/000114554919052687/primary_doc.xml,0001145549-19-052687,2019-12-23,2019-10-31
S000006203,Large Cap Equity Fund,C000017095,2019-10-31,0.02348993288591,disclosed,1.0,https://www.sec.gov/Archives/edgar/data/100334/000114554919052687/primary_doc.xml,0001145549-19-052687,2019-12-23,2019-10-31
S000006203,Large Cap Equity Fund,C000017095,2019-11-30,0.04,disclosed,1.0,https://www.sec.gov/Archives/edgar/data/100334/000114554920016601/primary_doc.xml,0001145549-20-016601,2020-03-24,2020-01-31
S000006203,Large Cap Equity Fund,C000017095,2019-12-31,0.03067725987728,disclosed,1.0,https://www.sec.gov/Archives/edgar/data/100334/000114554920016601/primary_doc.xml,0001145549-20-016601,2020-03-24,2020-01-31
S000006203,Large Cap Equity Fund,C000017095,2020-01-31,0.00061671292014,disclosed,1.0,https://www.sec.gov/Archives/edgar/data/100334/000114554920016601/primary_doc.xml,0001145549-20-016601,2020-03-24,2020-01-31
S000006203,Large Cap Equity Fund,C000017095,2020-02-29,-0.08258859784284,disclosed,1.0,https://www.sec.gov/Archives/edgar/data/100334/000114554920036661/primary_doc.xml,0001145549-20-036661,2020-06-25,2020-04-30
S000006203,Large Cap Equity Fund,C000017095,2020-03-31,-0.11689620423245,disclosed,1.0,https://www.sec.gov/Archives/edgar/data/100334/000114554920036661/primary_doc.xml,0001145549-20-036661,2020-06-25,2020-04-30
S000006203,Large Cap Equity Fund,C000017095,2020-04-30,0.12286040319513,disclosed,1.0,https://www.sec.gov/Archives/edgar/data/100334/000114554920036661/primary_doc.xml,0001145549-20-036661,2020-06-25,2020-04-30
S000006203,Large Cap Equity Fund,C000017095,2020-05-31,0.05555555555556,disclosed,1.0,https://www.sec.gov/Archives/edgar/data/100334/000114554920056783/primary_doc.xml,0001145549-20-056783,2020-09-25,2020-07-31
S000006203,Large Cap Equity Fund,C000017095,2020-06-30,0.023427471116819996,disclosed,1.0,https://www.sec.gov/Archives/edgar/data/100334/000114554920056783/primary_doc.xml,0001145549-20-056783,2020-09-25,2020-07-31
S000006203,Large Cap Equity Fund,C000017095,2020-07-31,0.053621825023519996,disclosed,1.0,https://www.sec.gov/Archives/edgar/data/100334/000114554920056783/primary_doc.xml,0001145549-20-056783,2020-09-25,2020-07-31
S000006203,Large Cap Equity Fund,C000017095,2020-08-31,0.07678571428571,disclosed,1.0,https://www.sec.gov/Archives/edgar/data/100334/000114554920076716/primary_doc.xml,0001145549-20-076716,2020-12-28,2020-10-31
S000006203,Large Cap Equity Fund,C000017095,2020-09-30,-0.03676064123825,disclosed,1.0,https://www.sec.gov/Archives/edgar/data/100334/000114554920076716/primary_doc.xml,0001145549-20-076716,2020-12-28,2020-10-31
S000006203,Large Cap Equity Fund,C000017095,2020-10-31,-0.03156384505022,disclosed,1.0,https://www.sec.gov/Archives/edgar/data/100334/000114554920076716/primary_doc.xml,0001145549-20-076716,2020-12-28,2020-10-31
S000006203,Large Cap Equity Fund,C000017095,2020-11-30,0.10874074074074,disclosed,1.0,https://www.sec.gov/Archives/edgar/data/100334/000114554921017592/primary_doc.xml,0001145549-21-017592,2021-03-25,2021-01-31
S000006203,Large Cap Equity Fund,C000017095,2020-12-31,0.03597491301532,disclosed,1.0,https://www.sec.gov/Archives/edgar/data/100334/000114554921017592/primary_doc.xml,0001145549-21-017592,2021-03-25,2021-01-31
S000006203,Large Cap Equity Fund,C000017095,2021-01-31,-0.01297690111601,disclosed,1.0,https://www.sec.gov/Archives/edgar/data/100334/000114554921017592/primary_doc.xml,0001145549-21-017592,2021-03-25,2021-01-31
S000006203,Large Cap Equity Fund,C000017095,2021-02-28,0.02682093084407,disclosed,1.0,https://www.sec.gov/Archives/edgar/data/100334/000114554921036966/primary_doc.xml,0001145549-21-036966,2021-06-24,2021-04-30
S000006203,Large Cap Equity Fund,C000017095,2021-03-31,0.03918053777209,disclosed,1.0,https://www.sec.gov/Archives/edgar/data/100334/000114554921036966/primary_doc.xml,0001145549-21-036966,2021-06-24,2021-04-30
S000006203,Large Cap Equity Fund,C000017095,2021-04-30,0.055938886150810004,disclosed,1.0,https://www.sec.gov/Archives/edgar/data/100334/000114554921036966/primary_doc.xml,0001145549-21-036966,2021-06-24,2021-04-30
S000006203,Large Cap Equity Fund,C000017095,2021-05-31,0.00326721120187,disclosed,1.0,https://www.sec.gov/Archives/edgar/data/100334/000114554921055808/primary_doc.xml,0001145549-21-055808,2021-09-23,2021-07-31
S000006203,Large Cap Equity Fund,C000017095,2021-06-30,0.027448243777619997,disclosed,1.0,https://www.sec.gov/Archives/edgar/data/100334/000114554921055808/primary_doc.xml,0001145549-21-055808,2021-09-23,2021-07-31
S000006203,Large Cap Equity Fund,C000017095,2021-07-31,0.0273941589314,disclosed,1.0,https://www.sec.gov/Archives/edgar/data/100334/000114554921055808/primary_doc.xml,0001145549-21-055808,2021-09-23,2021-07-31
S000006203,Large Cap Equity Fund,C000017095,2021-08-31,0.03349493168797,disclosed,1.0,https://www.sec.gov/Archives/edgar/data/100334/000114554921075058/primary_doc.xml,0001145549-21-075058,2021-12-21,2021-10-31
S000006203,Large Cap Equity Fund,C000017095,2021-09-30,-0.05053304904051,disclosed,1.0,https://www.sec.gov/Archives/edgar/data/100334/000114554921075058/primary_doc.xml,0001145549-21-075058,2021-12-21,2021-10-31
S000006203,Large Cap Equity Fund,C000017095,2021-10-31,0.08309005165057,disclosed,1.0,https://www.sec.gov/Archives/edgar/data/100334/000114554921075058/primary_doc.xml,0001145549-21-075058,2021-12-21,2021-10-31
S000006203,Large Cap Equity Fund,C000017095,2021-11-30,-0.01244038979888,disclosed,1.0,https://www.sec.gov/Archives/edgar/data/100334/000114554922018144/primary_doc.xml,0001145549-22-018144,2022-03-28,2022-01-31
S000006203,Large Cap Equity Fund,C000017095,2021-12-31,0.0423084544438,disclosed,1.0,https://www.sec.gov/Archives/edgar/data/100334/000114554922018144/primary_doc.xml,0001145549-22-018144,2022-03-28,2022-01-31
S000006203,Large Cap Equity Fund,C000017095,2022-01-31,-0.0601488218272,disclosed,1.0,https://www.sec.gov/Archives/edgar/data/100334/000114554922018144/primary_doc.xml,0001145549-22-018144,2022-03-28,2022-01-31
S000006203,Large Cap Equity Fund,C000017095,2022-02-28,-0.03584781174401,disclosed,1.0,https://www.sec.gov/Archives/edgar/data/100334/000114554922038098/primary_doc.xml,0001145549-22-038098,2022-06-24,2022-04-30
S000006203,Large Cap Equity Fund,C000017095,2022-03-31,0.026687956204379998,disclosed,1.0,https://www.sec.gov/Archives/edgar/data/100334/000114554922038098/primary_doc.xml,0001145549-22-038098,2022-06-24,2022-04-30
S000006203,Large Cap Equity Fund,C000017095,2022-04-30,-0.09109086869585,disclosed,1.0,https://www.sec.gov/Archives/edgar/data/100334/000114554922038098/primary_doc.xml,0001145549-22-038098,2022-06-24,2022-04-30
S000006203,Large Cap Equity Fund,C000017095,2022-05-31,-0.00733317037399,disclosed,1.0,https://www.sec.gov/Archives/edgar/data/100334/000114554922056667/primary_doc.xml,0001145549-22-056667,2022-09-23,2022-07-31
S000006203,Large Cap Equity Fund,C000017095,2022-06-30,-0.07781334646639,disclosed,1.0,https://www.sec.gov/Archives/edgar/data/100334/000114554922056667/primary_doc.xml,0001145549-22-056667,2022-09-23,2022-07-31
S000006203,Large Cap Equity Fund,C000017095,2022-07-31,0.09345794392523,disclosed,1.0,https://www.sec.gov/Archives/edgar/data/100334/000114554922056667/primary_doc.xml,0001145549-22-056667,2022-09-23,2022-07-31
S000006203,Large Cap Equity Fund,C000017095,2022-08-31,-0.04029304029304,disclosed,1.0,https://www.sec.gov/Archives/edgar/data/100334/000114554922077388/primary_doc.xml,0001145549-22-077388,2022-12-21,2022-10-31
S000006203,Large Cap Equity Fund,C000017095,2022-09-30,-0.08956743002545,disclosed,1.0,https://www.sec.gov/Archives/edgar/data/100334/000114554922077388/primary_doc.xml,0001145549-22-077388,2022-12-21,2022-10-31
S000006203,Large Cap Equity Fund,C000017095,2022-10-31,0.08859698155394,disclosed,1.0,https://www.sec.gov/Archives/edgar/data/100334/000114554922077388/primary_doc.xml,0001145549-22-077388,2022-12-21,2022-10-31
S000006203,Large Cap Equity Fund,C000017095,2022-11-30,0.06418485237484,disclosed,1.0,https://www.sec.gov/Archives/edgar/data/100334/000114554923018836/primary_doc.xml,0001145549-23-018836,2023-03-28,2023-01-31
S000006203,Large Cap Equity Fund,C000017095,2022-12-31,-0.0589427145485,disclosed,1.0,https://www.sec.gov/Archives/edgar/data/100334/000114554923018836/primary_doc.xml,0001145549-23-018836,2023-03-28,2023-01-31
S000006203,Large Cap Equity Fund,C000017095,2023-01-31,0.06099767381752,disclosed,1.0,https://www.sec.gov/Archives/edgar/data/100334/000114554923018836/primary_doc.xml,0001145549-23-018836,2023-03-28,2023-01-31
S000006203,Large Cap Equity Fund,C000017095,2023-02-28,-0.02606577344702,disclosed,1.0,https://www.sec.gov/Archives/edgar/data/100334/000114554923037789/primary_doc.xml,0001145549-23-037789,2023-06-23,2023-04-30
S000006203,Large Cap Equity Fund,C000017095,2023-03-31,0.03501750875438,disclosed,1.0,https://www.sec.gov/Archives/edgar/data/100334/000114554923037789/primary_doc.xml,0001145549-23-037789,2023-06-23,2023-04-30
S000006203,Large Cap Equity Fund,C000017095,2023-04-30,0.00894151764137,disclosed,1.0,https://www.sec.gov/Archives/edgar/data/100334/000114554923037789/primary_doc.xml,0001145549-23-037789,2023-06-23,2023-04-30
S000006203,Large Cap Equity Fund,C000017095,2023-05-31,0.00694610778443,disclosed,1.0,https://www.sec.gov/Archives/edgar/data/100334/000114554923056467/primary_doc.xml,0001145549-23-056467,2023-09-21,2023-07-31
S000006203,Large Cap Equity Fund,C000017095,2023-06-30,0.058991436726930004,disclosed,1.0,https://www.sec.gov/Archives/edgar/data/100334/000114554923056467/primary_doc.xml,0001145549-23-056467,2023-09-21,2023-07-31
S000006203,Large Cap Equity Fund,C000017095,2023-07-31,0.03571428571429,disclosed,1.0,https://www.sec.gov/Archives/edgar/data/100334/000114554923056467/primary_doc.xml,0001145549-23-056467,2023-09-21,2023-07-31
S000006203,Large Cap Equity Fund,C000017095,2023-08-31,-0.01843417913685,disclosed,1.0,https://www.sec.gov/Archives/edgar/data/100334/000114554923077013/primary_doc.xml,0001145549-23-077013,2023-12-22,2023-10-31
S000006203,Large Cap Equity Fund,C000017095,2023-09-30,-0.04860804242156,disclosed,1.0,https://www.sec.gov/Archives/edgar/data/100334/000114554923077013/primary_doc.xml,0001145549-23-077013,2023-12-22,2023-10-31
S000006203,Large Cap Equity Fund,C000017095,2023-10-31,-0.01788202508128,disclosed,1.0,https://www.sec.gov/Archives/edgar/data/100334/000114554923077013/primary_doc.xml,0001145549-23-077013,2023-12-22,2023-10-31
S000006203,Large Cap Equity Fund,C000017095,2023-11-30,0.08630882005202001,disclosed,1.0,https://www.sec.gov/Archives/edgar/data/100334/000114554924017640/primary_doc.xml,0001145549-24-017640,2024-03-27,2024-01-31
S000006203,Large Cap Equity Fund,C000017095,2023-12-31,0.04813816137915,disclosed,1.0,https://www.sec.gov/Archives/edgar/data/100334/000114554924017640/primary_doc.xml,0001145549-24-017640,2024-03-27,2024-01-31
S000006203,Large Cap Equity Fund,C000017095,2024-01-31,0.01905972045743,disclosed,1.0,https://www.sec.gov/Archives/edgar/data/100334/000114554924017640/primary_doc.xml,0001145549-24-017640,2024-03-27,2024-01-31
S000006203,Large Cap Equity Fund,C000017095,2024-02-29,0.05590191188695,disclosed,1.0,https://www.sec.gov/Archives/edgar/data/100334/000114554924039499/primary_doc.xml,0001145549-24-039499,2024-06-26,2024-04-30
S000006203,Large Cap Equity Fund,C000017095,2024-03-31,0.03188348750246,disclosed,1.0,https://www.sec.gov/Archives/edgar/data/100334/000114554924039499/primary_doc.xml,0001145549-24-039499,2024-06-26,2024-04-30
S000006203,Large Cap Equity Fund,C000017095,2024-04-30,-0.04768262445165,disclosed,1.0,https://www.sec.gov/Archives/edgar/data/100334/000114554924039499/primary_doc.xml,0001145549-24-039499,2024-06-26,2024-04-30
S000006203,Large Cap Equity Fund,C000017095,2024-05-31,0.04466252753855,disclosed,1.0,https://www.sec.gov/Archives/edgar/data/100334/000114554924061741/primary_doc.xml,0001145549-24-061741,2024-09-27,2024-07-31
S000006203,Large Cap Equity Fund,C000017095,2024-06-30,0.030674846625769997,disclosed,1.0,https://www.sec.gov/Archives/edgar/data/100334/000114554924061741/primary_doc.xml,0001145549-24-061741,2024-09-27,2024-07-31
S000006203,Large Cap Equity Fund,C000017095,2024-07-31,0.00502232142857,disclosed,1.0,https://www.sec.gov/Archives/edgar/data/100334/000114554924061741/primary_doc.xml,0001145549-24-061741,2024-09-27,2024-07-31
S000006203,Large Cap Equity Fund,C000017095,2024-08-31,0.02258004812141,disclosed,1.0,https://www.sec.gov/Archives/edgar/data/100334/000114554924080395/primary_doc.xml,0001145549-24-080395,2024-12-23,2024-10-31
S000006203,Large Cap Equity Fund,C000017095,2024-09-30,0.01737556561086,disclosed,1.0,https://www.sec.gov/Archives/edgar/data/100334/000114554924080395/primary_doc.xml,0001145549-24-080395,2024-12-23,2024-10-31
S000006203,Large Cap Equity Fund,C000017095,2024-10-31,-0.02045899306173,disclosed,1.0,https://www.sec.gov/Archives/edgar/data/100334/000114554924080395/primary_doc.xml,0001145549-24-080395,2024-12-23,2024-10-31
S000006203,Large Cap Equity Fund,C000017095,2024-11-30,0.05539411551035,disclosed,1.0,https://www.sec.gov/Archives/edgar/data/100334/000114554925018871/primary_doc.xml,0001145549-25-018871,2025-03-21,2025-01-31
S000006203,Large Cap Equity Fund,C000017095,2024-12-31,-0.02615397804452,disclosed,1.0,https://www.sec.gov/Archives/edgar/data/100334/000114554925018871/primary_doc.xml,0001145549-25-018871,2025-03-21,2025-01-31
S000006203,Large Cap Equity Fund,C000017095,2025-01-31,0.02243166823751,disclosed,1.0,https://www.sec.gov/Archives/edgar/data/100334/000114554925018871/primary_doc.xml,0001145549-25-018871,2025-03-21,2025-01-31
S000006203,Large Cap Equity Fund,C000017095,2025-02-28,-0.02599557522124,disclosed,1.0,https://www.sec.gov/Archives/edgar/data/100334/000114554925043423/primary_doc.xml,0001145549-25-043423,2025-06-27,2025-04-30
S000006203,Large Cap Equity Fund,C000017095,2025-03-31,-0.06833238690138,disclosed,1.0,https://www.sec.gov/Archives/edgar/data/100334/000114554925043423/primary_doc.xml,0001145549-25-043423,2025-06-27,2025-04-30
S000006203,Large Cap Equity Fund,C000017095,2025-04-30,-0.00873628606258,disclosed,1.0,https://www.sec.gov/Archives/edgar/data/100334/000114554925043423/primary_doc.xml,0001145549-25-043423,2025-06-27,2025-04-30
S000006203,Large Cap Equity Fund,C000017095,2025-05-31,0.06353761016602,disclosed,1.0,https://www.sec.gov/Archives/edgar/data/100334/000119312525215736/primary_doc.xml,0001193125-25-215736,2025-09-24,2025-07-31
S000006203,Large Cap Equity Fund,C000017095,2025-06-30,0.048756985931779996,disclosed,1.0,https://www.sec.gov/Archives/edgar/data/100334/000119312525215736/primary_doc.xml,0001193125-25-215736,2025-09-24,2025-07-31
S000006203,Large Cap Equity Fund,C000017095,2025-07-31,0.017456817346560002,disclosed,1.0,https://www.sec.gov/Archives/edgar/data/100334/000119312525215736/primary_doc.xml,0001193125-25-215736,2025-09-24,2025-07-31
S000006203,Large Cap Equity Fund,C000017095,2025-08-31,0.0218529889832,disclosed,1.0,https://www.sec.gov/Archives/edgar/data/100334/000119312525335026/primary_doc.xml,0001193125-25-335026,2025-12-29,2025-10-31
S000006203,Large Cap Equity Fund,C000017095,2025-09-30,0.028278543655,disclosed,1.0,https://www.sec.gov/Archives/edgar/data/100334/000119312525335026/primary_doc.xml,0001193125-25-335026,2025-12-29,2025-10-31
S000006203,Large Cap Equity Fund,C000017095,2025-10-31,0.01787555861121,disclosed,1.0,https://www.sec.gov/Archives/edgar/data/100334/000119312525335026/primary_doc.xml,0001193125-25-335026,2025-12-29,2025-10-31
S000006203,Large Cap Equity Fund,C000017095,2025-11-30,0.0032083755487999997,disclosed,1.0,https://www.sec.gov/Archives/edgar/data/100334/000119312526129677/primary_doc.xml,0001193125-26-129677,2026-03-30,2026-01-31
S000006203,Large Cap Equity Fund,C000017095,2025-12-31,-0.00471231185002,disclosed,1.0,https://www.sec.gov/Archives/edgar/data/100334/000119312526129677/primary_doc.xml,0001193125-26-129677,2026-03-30,2026-01-31
S000006203,Large Cap Equity Fund,C000017095,2026-01-31,0.01127819548872,disclosed,1.0,https://www.sec.gov/Archives/edgar/data/100334/000119312526129677/primary_doc.xml,0001193125-26-129677,2026-03-30,2026-01-31
S000006203,Large Cap Equity Fund,C000017095,2026-02-28,-0.01156546881454,disclosed,1.0,https://www.sec.gov/Archives/edgar/data/100334/000119312526284639/primary_doc.xml,0001193125-26-284639,2026-06-26,2026-04-30
S000006203,Large Cap Equity Fund,C000017095,2026-03-31,-0.05745925616381,disclosed,1.0,https://www.sec.gov/Archives/edgar/data/100334/000119312526284639/primary_doc.xml,0001193125-26-284639,2026-06-26,2026-04-30
S000006203,Large Cap Equity Fund,C000017095,2026-04-30,0.10596320106406999,disclosed,1.0,https://www.sec.gov/Archives/edgar/data/100334/000119312526284639/primary_doc.xml,0001193125-26-284639,2026-06-26,2026-04-30
S000006203,Large Cap Equity Fund,C000017095,2026-05-31,0.036680697534580003,disclosed,1.0,https://www.sec.gov/Archives/edgar/data/100334/000119312526407377/primary_doc.xml,0001193125-26-407377,2026-09-29,2026-07-31
S000006203,Large Cap Equity Fund,C000017095,2026-06-30,-0.00444702242846,disclosed,1.0,https://www.sec.gov/Archives/edgar/data/100334/000119312526407377/primary_doc.xml,0001193125-26-407377,2026-09-29,2026-07-31
S000006203,Large Cap Equity Fund,C000017095,2026-07-31,0.00330161196349,disclosed,1.0,https://www.sec.gov/Archives/edgar/data/100334/000119312526407377/primary_doc.xml,0001193125-26-407377,2026-09-29,2026-07-31
S000006203,Large Cap Equity Fund,C000017096,2019-08-31,-0.01623815967524,disclosed,1.0,https://www.sec.gov/Archives/edgar/data/100334/000114554919052687/primary_doc.xml,0001145549-19-052687,2019-12-23,2019-10-31
S000006203,Large Cap Equity Fund,C000017096,2019-09-30,0.01822558459422,disclosed,1.0,https://www.sec.gov/Archives/edgar/data/100334/000114554919052687/primary_doc.xml,0001145549-19-052687,2019-12-23,2019-10-31
S000006203,Large Cap Equity Fund,C000017096,2019-10-31,0.02296521445458,disclosed,1.0,https://www.sec.gov/Archives/edgar/data/100334/000114554919052687/primary_doc.xml,0001145549-19-052687,2019-12-23,2019-10-31
S000006203,Large Cap Equity Fund,C000017096,2019-11-30,0.03961703532519,disclosed,1.0,https://www.sec.gov/Archives/edgar/data/100334/000114554920016601/primary_doc.xml,0001145549-20-016601,2020-03-24,2020-01-31
S000006203,Large Cap Equity Fund,C000017096,2019-12-31,0.03067085511231,disclosed,1.0,https://www.sec.gov/Archives/edgar/data/100334/000114554920016601/primary_doc.xml,0001145549-20-016601,2020-03-24,2020-01-31
S000006203,Large Cap Equity Fund,C000017096,2020-01-31,0.0,disclosed,1.0,https://www.sec.gov/Archives/edgar/data/100334/000114554920016601/primary_doc.xml,0001145549-20-016601,2020-03-24,2020-01-31
S000006203,Large Cap Equity Fund,C000017096,2020-02-29,-0.0831007751938,disclosed,1.0,https://www.sec.gov/Archives/edgar/data/100334/000114554920036661/primary_doc.xml,0001145549-20-036661,2020-06-25,2020-04-30
S000006203,Large Cap Equity Fund,C000017096,2020-03-31,-0.11701048359824,disclosed,1.0,https://www.sec.gov/Archives/edgar/data/100334/000114554920036661/primary_doc.xml,0001145549-20-036661,2020-06-25,2020-04-30
S000006203,Large Cap Equity Fund,C000017096,2020-04-30,0.12255840674071,disclosed,1.0,https://www.sec.gov/Archives/edgar/data/100334/000114554920036661/primary_doc.xml,0001145549-20-036661,2020-06-25,2020-04-30
S000006203,Large Cap Equity Fund,C000017096,2020-05-31,0.05493005800068,disclosed,1.0,https://www.sec.gov/Archives/edgar/data/100334/000114554920056783/primary_doc.xml,0001145549-20-056783,2020-09-25,2020-07-31
S000006203,Large Cap Equity Fund,C000017096,2020-06-30,0.02328589909444,disclosed,1.0,https://www.sec.gov/Archives/edgar/data/100334/000114554920056783/primary_doc.xml,0001145549-20-056783,2020-09-25,2020-07-31
S000006203,Large Cap Equity Fund,C000017096,2020-07-31,0.05309734513274,disclosed,1.0,https://www.sec.gov/Archives/edgar/data/100334/000114554920056783/primary_doc.xml,0001145549-20-056783,2020-09-25,2020-07-31
S000006203,Large Cap Equity Fund,C000017096,2020-08-31,0.0765306122449,disclosed,1.0,https://www.sec.gov/Archives/edgar/data/100334/000114554920076716/primary_doc.xml,0001145549-20-076716,2020-12-28,2020-10-31
S000006203,Large Cap Equity Fund,C000017096,2020-09-30,-0.03735712294396,disclosed,1.0,https://www.sec.gov/Archives/edgar/data/100334/000114554920076716/primary_doc.xml,0001145549-20-076716,2020-12-28,2020-10-31
S000006203,Large Cap Equity Fund,C000017096,2020-10-31,-0.0318563567912,disclosed,1.0,https://www.sec.gov/Archives/edgar/data/100334/000114554920076716/primary_doc.xml,0001145549-20-076716,2020-12-28,2020-10-31
S000006203,Large Cap Equity Fund,C000017096,2020-11-30,0.10828597068501,disclosed,1.0,https://www.sec.gov/Archives/edgar/data/100334/000114554921017592/primary_doc.xml,0001145549-21-017592,2021-03-25,2021-01-31
S000006203,Large Cap Equity Fund,C000017096,2020-12-31,0.03569885874165,disclosed,1.0,https://www.sec.gov/Archives/edgar/data/100334/000114554921017592/primary_doc.xml,0001145549-21-017592,2021-03-25,2021-01-31
S000006203,Large Cap Equity Fund,C000017096,2021-01-31,-0.013573479509269999,disclosed,1.0,https://www.sec.gov/Archives/edgar/data/100334/000114554921017592/primary_doc.xml,0001145549-21-017592,2021-03-25,2021-01-31
S000006203,Large Cap Equity Fund,C000017096,2021-02-28,0.02672664726118,disclosed,1.0,https://www.sec.gov/Archives/edgar/data/100334/000114554921036966/primary_doc.xml,0001145549-21-036966,2021-06-24,2021-04-30
S000006203,Large Cap Equity Fund,C000017096,2021-03-31,0.03865979381443,disclosed,1.0,https://www.sec.gov/Archives/edgar/data/100334/000114554921036966/primary_doc.xml,0001145549-21-036966,2021-06-24,2021-04-30
S000006203,Large Cap Equity Fund,C000017096,2021-04-30,0.05558312655087,disclosed,1.0,https://www.sec.gov/Archives/edgar/data/100334/000114554921036966/primary_doc.xml,0001145549-21-036966,2021-06-24,2021-04-30
S000006203,Large Cap Equity Fund,C000017096,2021-05-31,0.00282087447109,disclosed,1.0,https://www.sec.gov/Archives/edgar/data/100334/000114554921055808/primary_doc.xml,0001145549-21-055808,2021-09-23,2021-07-31
S000006203,Large Cap Equity Fund,C000017096,2021-06-30,0.027191748710739996,disclosed,1.0,https://www.sec.gov/Archives/edgar/data/100334/000114554921055808/primary_doc.xml,0001145549-21-055808,2021-09-23,2021-07-31
S000006203,Large Cap Equity Fund,C000017096,2021-07-31,0.02692834322227,disclosed,1.0,https://www.sec.gov/Archives/edgar/data/100334/000114554921055808/primary_doc.xml,0001145549-21-055808,2021-09-23,2021-07-31
S000006203,Large Cap Equity Fund,C000017096,2021-08-31,0.03311111111111,disclosed,1.0,https://www.sec.gov/Archives/edgar/data/100334/000114554921075058/primary_doc.xml,0001145549-21-075058,2021-12-21,2021-10-31
S000006203,Large Cap Equity Fund,C000017096,2021-09-30,-0.05076360507636,disclosed,1.0,https://www.sec.gov/Archives/edgar/data/100334/000114554921075058/primary_doc.xml,0001145549-21-075058,2021-12-21,2021-10-31
S000006203,Large Cap Equity Fund,C000017096,2021-10-31,0.08248357126670999,disclosed,1.0,https://www.sec.gov/Archives/edgar/data/100334/000114554921075058/primary_doc.xml,0001145549-21-075058,2021-12-21,2021-10-31
S000006203,Large Cap Equity Fund,C000017096,2021-11-30,-0.01276952061964,disclosed,1.0,https://www.sec.gov/Archives/edgar/data/100334/000114554922018144/primary_doc.xml,0001145549-22-018144,2022-03-28,2022-01-31
S000006203,Large Cap Equity Fund,C000017096,2021-12-31,0.04192247249588,disclosed,1.0,https://www.sec.gov/Archives/edgar/data/100334/000114554922018144/primary_doc.xml,0001145549-22-018144,2022-03-28,2022-01-31
S000006203,Large Cap Equity Fund,C000017096,2022-01-31,-0.06051154086089,disclosed,1.0,https://www.sec.gov/Archives/edgar/data/100334/000114554922018144/primary_doc.xml,0001145549-22-018144,2022-03-28,2022-01-31
S000006203,Large Cap Equity Fund,C000017096,2022-02-28,-0.03629924745463,disclosed,1.0,https://www.sec.gov/Archives/edgar/data/100334/000114554922038098/primary_doc.xml,0001145549-22-038098,2022-06-24,2022-04-30
S000006203,Large Cap Equity Fund,C000017096,2022-03-31,0.02641249425815,disclosed,1.0,https://www.sec.gov/Archives/edgar/data/100334/000114554922038098/primary_doc.xml,0001145549-22-038098,2022-06-24,2022-04-30
S000006203,Large Cap Equity Fund,C000017096,2022-04-30,-0.09151935556053,disclosed,1.0,https://www.sec.gov/Archives/edgar/data/100334/000114554922038098/primary_doc.xml,0001145549-22-038098,2022-06-24,2022-04-30
S000006203,Large Cap Equity Fund,C000017096,2022-05-31,-0.0076354679803,disclosed,1.0,https://www.sec.gov/Archives/edgar/data/100334/000114554922056667/primary_doc.xml,0001145549-22-056667,2022-09-23,2022-07-31
S000006203,Large Cap Equity Fund,C000017096,2022-06-30,-0.07818317200298,disclosed,1.0,https://www.sec.gov/Archives/edgar/data/100334/000114554922056667/primary_doc.xml,0001145549-22-056667,2022-09-23,2022-07-31
S000006203,Large Cap Equity Fund,C000017096,2022-07-31,0.09316101238557,disclosed,1.0,https://www.sec.gov/Archives/edgar/data/100334/000114554922056667/primary_doc.xml,0001145549-22-056667,2022-09-23,2022-07-31
S000006203,Large Cap Equity Fund,C000017096,2022-08-31,-0.04088669950739,disclosed,1.0,https://www.sec.gov/Archives/edgar/data/100334/000114554922077388/primary_doc.xml,0001145549-22-077388,2022-12-21,2022-10-31
S000006203,Large Cap Equity Fund,C000017096,2022-09-30,-0.08962506420134,disclosed,1.0,https://www.sec.gov/Archives/edgar/data/100334/000114554922077388/primary_doc.xml,0001145549-22-077388,2022-12-21,2022-10-31
S000006203,Large Cap Equity Fund,C000017096,2022-10-31,0.08801128349788,disclosed,1.0,https://www.sec.gov/Archives/edgar/data/100334/000114554922077388/primary_doc.xml,0001145549-22-077388,2022-12-21,2022-10-31
S000006203,Large Cap Equity Fund,C000017096,2022-11-30,0.06378014000519,disclosed,1.0,https://www.sec.gov/Archives/edgar/data/100334/000114554923018836/primary_doc.xml,0001145549-23-018836,2023-03-28,2023-01-31
S000006203,Large Cap Equity Fund,C000017096,2022-12-31,-0.059115350491690005,disclosed,1.0,https://www.sec.gov/Archives/edgar/data/100334/000114554923018836/primary_doc.xml,0001145549-23-018836,2023-03-28,2023-01-31
S000006203,Large Cap Equity Fund,C000017096,2023-01-31,0.06058242329693,disclosed,1.0,https://www.sec.gov/Archives/edgar/data/100334/000114554923018836/primary_doc.xml,0001145549-23-018836,2023-03-28,2023-01-31
S000006203,Large Cap Equity Fund,C000017096,2023-02-28,-0.026477077715130002,disclosed,1.0,https://www.sec.gov/Archives/edgar/data/100334/000114554923037789/primary_doc.xml,0001145549-23-037789,2023-06-23,2023-04-30
S000006203,Large Cap Equity Fund,C000017096,2023-03-31,0.03450012591287,disclosed,1.0,https://www.sec.gov/Archives/edgar/data/100334/000114554923037789/primary_doc.xml,0001145549-23-037789,2023-06-23,2023-04-30
S000006203,Large Cap Equity Fund,C000017096,2023-04-30,0.00876338851022,disclosed,1.0,https://www.sec.gov/Archives/edgar/data/100334/000114554923037789/primary_doc.xml,0001145549-23-037789,2023-06-23,2023-04-30
S000006203,Large Cap Equity Fund,C000017096,2023-05-31,0.0065154440154399995,disclosed,1.0,https://www.sec.gov/Archives/edgar/data/100334/000114554923056467/primary_doc.xml,0001145549-23-056467,2023-09-21,2023-07-31
S000006203,Large Cap Equity Fund,C000017096,2023-06-30,0.058499160872690005,disclosed,1.0,https://www.sec.gov/Archives/edgar/data/100334/000114554923056467/primary_doc.xml,0001145549-23-056467,2023-09-21,2023-07-31
S000006203,Large Cap Equity Fund,C000017096,2023-07-31,0.03533408833522,disclosed,1.0,https://www.sec.gov/Archives/edgar/data/100334/000114554923056467/primary_doc.xml,0001145549-23-056467,2023-09-21,2023-07-31
S000006203,Large Cap Equity Fund,C000017096,2023-08-31,-0.018814263837230002,disclosed,1.0,https://www.sec.gov/Archives/edgar/data/100334/000114554923077013/primary_doc.xml,0001145549-23-077013,2023-12-22,2023-10-31
S000006203,Large Cap Equity Fund,C000017096,2023-09-30,-0.04882943143813,disclosed,1.0,https://www.sec.gov/Archives/edgar/data/100334/000114554923077013/primary_doc.xml,0001145549-23-077013,2023-12-22,2023-10-31
S000006203,Large Cap Equity Fund,C000017096,2023-10-31,-0.01851851851852,disclosed,1.0,https://www.sec.gov/Archives/edgar/data/100334/000114554923077013/primary_doc.xml,0001145549-23-077013,2023-12-22,2023-10-31
S000006203,Large Cap Equity Fund,C000017096,2023-11-30,0.08621925005971001,disclosed,1.0,https://www.sec.gov/Archives/edgar/data/100334/000114554924017640/primary_doc.xml,0001145549-24-017640,2024-03-27,2024-01-31
S000006203,Large Cap Equity Fund,C000017096,2023-12-31,0.04764364427615,disclosed,1.0,https://www.sec.gov/Archives/edgar/data/100334/000114554924017640/primary_doc.xml,0001145549-24-017640,2024-03-27,2024-01-31
S000006203,Large Cap Equity Fund,C000017096,2024-01-31,0.018538248455149998,disclosed,1.0,https://www.sec.gov/Archives/edgar/data/100334/000114554924017640/primary_doc.xml,0001145549-24-017640,2024-03-27,2024-01-31
S000006203,Large Cap Equity Fund,C000017096,2024-02-29,0.05564853556485,disclosed,1.0,https://www.sec.gov/Archives/edgar/data/100334/000114554924039499/primary_doc.xml,0001145549-24-039499,2024-06-26,2024-04-30
S000006203,Large Cap Equity Fund,C000017096,2024-03-31,0.03131193024178,disclosed,1.0,https://www.sec.gov/Archives/edgar/data/100334/000114554924039499/primary_doc.xml,0001145549-24-039499,2024-06-26,2024-04-30
S000006203,Large Cap Equity Fund,C000017096,2024-04-30,-0.0478478093774,disclosed,1.0,https://www.sec.gov/Archives/edgar/data/100334/000114554924039499/primary_doc.xml,0001145549-24-039499,2024-06-26,2024-04-30
S000006203,Large Cap Equity Fund,C000017096,2024-05-31,0.04419778002018,disclosed,1.0,https://www.sec.gov/Archives/edgar/data/100334/000114554924061741/primary_doc.xml,0001145549-24-061741,2024-09-27,2024-07-31
S000006203,Large Cap Equity Fund,C000017096,2024-06-30,0.03034402783146,disclosed,1.0,https://www.sec.gov/Archives/edgar/data/100334/000114554924061741/primary_doc.xml,0001145549-24-061741,2024-09-27,2024-07-31
S000006203,Large Cap Equity Fund,C000017096,2024-07-31,0.00468955167886,disclosed,1.0,https://www.sec.gov/Archives/edgar/data/100334/000114554924061741/primary_doc.xml,0001145549-24-061741,2024-09-27,2024-07-31
S000006203,Large Cap Equity Fund,C000017096,2024-08-31,0.02203136669156,disclosed,1.0,https://www.sec.gov/Archives/edgar/data/100334/000114554924080395/primary_doc.xml,0001145549-24-080395,2024-12-23,2024-10-31
S000006203,Large Cap Equity Fund,C000017096,2024-09-30,0.0171720862258,disclosed,1.0,https://www.sec.gov/Archives/edgar/data/100334/000114554924080395/primary_doc.xml,0001145549-24-080395,2024-12-23,2024-10-31
S000006203,Large Cap Equity Fund,C000017096,2024-10-31,-0.02101293103448,disclosed,1.0,https://www.sec.gov/Archives/edgar/data/100334/000114554924080395/primary_doc.xml,0001145549-24-080395,2024-12-23,2024-10-31
S000006203,Large Cap Equity Fund,C000017096,2024-11-30,0.055035773252620004,disclosed,1.0,https://www.sec.gov/Archives/edgar/data/100334/000114554925018871/primary_doc.xml,0001145549-25-018871,2025-03-21,2025-01-31
S000006203,Large Cap Equity Fund,C000017096,2024-12-31,-0.026525242200310002,disclosed,1.0,https://www.sec.gov/Archives/edgar/data/100334/000114554925018871/primary_doc.xml,0001145549-25-018871,2025-03-21,2025-01-31
S000006203,Large Cap Equity Fund,C000017096,2025-01-31,0.02201138519924,disclosed,1.0,https://www.sec.gov/Archives/edgar/data/100334/000114554925018871/primary_doc.xml,0001145549-25-018871,2025-03-21,2025-01-31
S000006203,Large Cap Equity Fund,C000017096,2025-02-28,-0.02636464909023,disclosed,1.0,https://www.sec.gov/Archives/edgar/data/100334/000114554925043423/primary_doc.xml,0001145549-25-043423,2025-06-27,2025-04-30
S000006203,Large Cap Equity Fund,C000017096,2025-03-31,-0.06845919145689999,disclosed,1.0,https://www.sec.gov/Archives/edgar/data/100334/000114554925043423/primary_doc.xml,0001145549-25-043423,2025-06-27,2025-04-30
S000006203,Large Cap Equity Fund,C000017096,2025-04-30,-0.00921187308086,disclosed,1.0,https://www.sec.gov/Archives/edgar/data/100334/000114554925043423/primary_doc.xml,0001145549-25-043423,2025-06-27,2025-04-30
S000006203,Large Cap Equity Fund,C000017096,2025-05-31,0.06322314049587,disclosed,1.0,https://www.sec.gov/Archives/edgar/data/100334/000119312525215736/primary_doc.xml,0001193125-25-215736,2025-09-24,2025-07-31
S000006203,Large Cap Equity Fund,C000017096,2025-06-30,0.04819277108434,disclosed,1.0,https://www.sec.gov/Archives/edgar/data/100334/000119312525215736/primary_doc.xml,0001193125-25-215736,2025-09-24,2025-07-31
S000006203,Large Cap Equity Fund,C000017096,2025-07-31,0.017055988134969998,disclosed,1.0,https://www.sec.gov/Archives/edgar/data/100334/000119312525215736/primary_doc.xml,0001193125-25-215736,2025-09-24,2025-07-31
S000006203,Large Cap Equity Fund,C000017096,2025-08-31,0.021509296390810003,disclosed,1.0,https://www.sec.gov/Archives/edgar/data/100334/000119312525335026/primary_doc.xml,0001193125-25-335026,2025-12-29,2025-10-31
S000006203,Large Cap Equity Fund,C000017096,2025-09-30,0.027837259100640003,disclosed,1.0,https://www.sec.gov/Archives/edgar/data/100334/000119312525335026/primary_doc.xml,0001193125-25-335026,2025-12-29,2025-10-31
S000006203,Large Cap Equity Fund,C000017096,2025-10-31,0.017534722222220002,disclosed,1.0,https://www.sec.gov/Archives/edgar/data/100334/000119312525335026/primary_doc.xml,0001193125-25-335026,2025-12-29,2025-10-31
S000006203,Large Cap Equity Fund,C000017096,2025-11-30,0.00290052891998,disclosed,1.0,https://www.sec.gov/Archives/edgar/data/100334/000119312526129677/primary_doc.xml,0001193125-26-129677,2026-03-30,2026-01-31
S000006203,Large Cap Equity Fund,C000017096,2025-12-31,-0.00526957289765,disclosed,1.0,https://www.sec.gov/Archives/edgar/data/100334/000119312526129677/primary_doc.xml,0001193125-26-129677,2026-03-30,2026-01-31
S000006203,Large Cap Equity Fund,C000017096,2026-01-31,0.0109496736155,disclosed,1.0,https://www.sec.gov/Archives/edgar/data/100334/000119312526129677/primary_doc.xml,0001193125-26-129677,2026-03-30,2026-01-31
S000006203,Large Cap Equity Fund,C000017096,2026-02-28,-0.01187252655697,disclosed,1.0,https://www.sec.gov/Archives/edgar/data/100334/000119312526284639/primary_doc.xml,0001193125-26-284639,2026-06-26,2026-04-30
S000006203,Large Cap Equity Fund,C000017096,2026-03-31,-0.05775716694772,disclosed,1.0,https://www.sec.gov/Archives/edgar/data/100334/000119312526284639/primary_doc.xml,0001193125-26-284639,2026-06-26,2026-04-30
S000006203,Large Cap Equity Fund,C000017096,2026-04-30,0.10559284116331,disclosed,1.0,https://www.sec.gov/Archives/edgar/data/100334/000119312526284639/primary_doc.xml,0001193125-26-284639,2026-06-26,2026-04-30
S000006203,Large Cap Equity Fund,C000017096,2026-05-31,0.03622015378389,disclosed,1.0,https://www.sec.gov/Archives/edgar/data/100334/000119312526407377/primary_doc.xml,0001193125-26-407377,2026-09-29,2026-07-31
S000006203,Large Cap Equity Fund,C000017096,2026-06-30,-0.0048818590119100004,disclosed,1.0,https://www.sec.gov/Archives/edgar/data/100334/000119312526407377/primary_doc.xml,0001193125-26-407377,2026-09-29,2026-07-31
S000006203,Large Cap Equity Fund,C000017096,2026-07-31,0.00294348508634,disclosed,1.0,https://www.sec.gov/Archives/edgar/data/100334/000119312526407377/primary_doc.xml,0001193125-26-407377,2026-09-29,2026-07-31
S000006203,Large Cap Equity Fund,C000017098,2019-08-31,-0.01695501730104,disclosed,1.0,https://www.sec.gov/Archives/edgar/data/100334/000114554919052687/primary_doc.xml,0001145549-19-052687,2019-12-23,2019-10-31
S000006203,Large Cap Equity Fund,C000017098,2019-09-30,0.01759943681802,disclosed,1.0,https://www.sec.gov/Archives/edgar/data/100334/000114554919052687/primary_doc.xml,0001145549-19-052687,2019-12-23,2019-10-31
S000006203,Large Cap Equity Fund,C000017098,2019-10-31,0.022483569699069998,disclosed,1.0,https://www.sec.gov/Archives/edgar/data/100334/000114554919052687/primary_doc.xml,0001145549-19-052687,2019-12-23,2019-10-31
S000006203,Large Cap Equity Fund,C000017098,2019-11-30,0.038903924221919996,disclosed,1.0,https://www.sec.gov/Archives/edgar/data/100334/000114554920016601/primary_doc.xml,0001145549-20-016601,2020-03-24,2020-01-31
S000006203,Large Cap Equity Fund,C000017098,2019-12-31,0.02981952138098,disclosed,1.0,https://www.sec.gov/Archives/edgar/data/100334/000114554920016601/primary_doc.xml,0001145549-20-016601,2020-03-24,2020-01-31
S000006203,Large Cap Equity Fund,C000017098,2020-01-31,-0.0006365372374300001,disclosed,1.0,https://www.sec.gov/Archives/edgar/data/100334/000114554920016601/primary_doc.xml,0001145549-20-016601,2020-03-24,2020-01-31
S000006203,Large Cap Equity Fund,C000017098,2020-02-29,-0.08343949044585999,disclosed,1.0,https://www.sec.gov/Archives/edgar/data/100334/000114554920036661/primary_doc.xml,0001145549-20-036661,2020-06-25,2020-04-30
S000006203,Large Cap Equity Fund,C000017098,2020-03-31,-0.11779013203614,disclosed,1.0,https://www.sec.gov/Archives/edgar/data/100334/000114554920036661/primary_doc.xml,0001145549-20-036661,2020-06-25,2020-04-30
S000006203,Large Cap Equity Fund,C000017098,2020-04-30,0.12209531311539999,disclosed,1.0,https://www.sec.gov/Archives/edgar/data/100334/000114554920036661/primary_doc.xml,0001145549-20-036661,2020-06-25,2020-04-30
S000006203,Large Cap Equity Fund,C000017098,2020-05-31,0.054054054054050005,disclosed,1.0,https://www.sec.gov/Archives/edgar/data/100334/000114554920056783/primary_doc.xml,0001145549-20-056783,2020-09-25,2020-07-31
S000006203,Large Cap Equity Fund,C000017098,2020-06-30,0.02264402264402,disclosed,1.0,https://www.sec.gov/Archives/edgar/data/100334/000114554920056783/primary_doc.xml,0001145549-20-056783,2020-09-25,2020-07-31
S000006203,Large Cap Equity Fund,C000017098,2020-07-31,0.052425919895800005,disclosed,1.0,https://www.sec.gov/Archives/edgar/data/100334/000114554920056783/primary_doc.xml,0001145549-20-056783,2020-09-25,2020-07-31
S000006203,Large Cap Equity Fund,C000017098,2020-08-31,0.07580445544554,disclosed,1.0,https://www.sec.gov/Archives/edgar/data/100334/000114554920076716/primary_doc.xml,0001145549-20-076716,2020-12-28,2020-10-31
S000006203,Large Cap Equity Fund,C000017098,2020-09-30,-0.03796376186368,disclosed,1.0,https://www.sec.gov/Archives/edgar/data/100334/000114554920076716/primary_doc.xml,0001145549-20-076716,2020-12-28,2020-10-31
S000006203,Large Cap Equity Fund,C000017098,2020-10-31,-0.0322869955157,disclosed,1.0,https://www.sec.gov/Archives/edgar/data/100334/000114554920076716/primary_doc.xml,0001145549-20-076716,2020-12-28,2020-10-31
S000006203,Large Cap Equity Fund,C000017098,2020-11-30,0.10750695088044,disclosed,1.0,https://www.sec.gov/Archives/edgar/data/100334/000114554921017592/primary_doc.xml,0001145549-21-017592,2021-03-25,2021-01-31
S000006203,Large Cap Equity Fund,C000017098,2020-12-31,0.03486750348675,disclosed,1.0,https://www.sec.gov/Archives/edgar/data/100334/000114554921017592/primary_doc.xml,0001145549-21-017592,2021-03-25,2021-01-31
S000006203,Large Cap Equity Fund,C000017098,2021-01-31,-0.01401617250674,disclosed,1.0,https://www.sec.gov/Archives/edgar/data/100334/000114554921017592/primary_doc.xml,0001145549-21-017592,2021-03-25,2021-01-31
S000006203,Large Cap Equity Fund,C000017098,2021-02-28,0.02624384909787,disclosed,1.0,https://www.sec.gov/Archives/edgar/data/100334/000114554921036966/primary_doc.xml,0001145549-21-036966,2021-06-24,2021-04-30
S000006203,Large Cap Equity Fund,C000017098,2021-03-31,0.0378263185935,disclosed,1.0,https://www.sec.gov/Archives/edgar/data/100334/000114554921036966/primary_doc.xml,0001145549-21-036966,2021-06-24,2021-04-30
S000006203,Large Cap Equity Fund,C000017098,2021-04-30,0.05492813141684,disclosed,1.0,https://www.sec.gov/Archives/edgar/data/100334/000114554921036966/primary_doc.xml,0001145549-21-036966,2021-06-24,2021-04-30
S000006203,Large Cap Equity Fund,C000017098,2021-05-31,0.00243309002433,disclosed,1.0,https://www.sec.gov/Archives/edgar/data/100334/000114554921055808/primary_doc.xml,0001145549-21-055808,2021-09-23,2021-07-31
S000006203,Large Cap Equity Fund,C000017098,2021-06-30,0.026456310679609997,disclosed,1.0,https://www.sec.gov/Archives/edgar/data/100334/000114554921055808/primary_doc.xml,0001145549-21-055808,2021-09-23,2021-07-31
S000006203,Large Cap Equity Fund,C000017098,2021-07-31,0.026247339796640002,disclosed,1.0,https://www.sec.gov/Archives/edgar/data/100334/000114554921055808/primary_doc.xml,0001145549-21-055808,2021-09-23,2021-07-31
S000006203,Large Cap Equity Fund,C000017098,2021-08-31,0.032258064516129996,disclosed,1.0,https://www.sec.gov/Archives/edgar/data/100334/000114554921075058/primary_doc.xml,0001145549-21-075058,2021-12-21,2021-10-31
S000006203,Large Cap Equity Fund,C000017098,2021-09-30,-0.051116071428570005,disclosed,1.0,https://www.sec.gov/Archives/edgar/data/100334/000114554921075058/primary_doc.xml,0001145549-21-075058,2021-12-21,2021-10-31
S000006203,Large Cap Equity Fund,C000017098,2021-10-31,0.0818630910374,disclosed,1.0,https://www.sec.gov/Archives/edgar/data/100334/000114554921075058/primary_doc.xml,0001145549-21-075058,2021-12-21,2021-10-31
S000006203,Large Cap Equity Fund,C000017098,2021-11-30,-0.013481191563379999,disclosed,1.0,https://www.sec.gov/Archives/edgar/data/100334/000114554922018144/primary_doc.xml,0001145549-22-018144,2022-03-28,2022-01-31
S000006203,Large Cap Equity Fund,C000017098,2021-12-31,0.04107481963697,disclosed,1.0,https://www.sec.gov/Archives/edgar/data/100334/000114554922018144/primary_doc.xml,0001145549-22-018144,2022-03-28,2022-01-31
S000006203,Large Cap Equity Fund,C000017098,2022-01-31,-0.0609597924773,disclosed,1.0,https://www.sec.gov/Archives/edgar/data/100334/000114554922018144/primary_doc.xml,0001145549-22-018144,2022-03-28,2022-01-31
S000006203,Large Cap Equity Fund,C000017098,2022-02-28,-0.03683241252302,disclosed,1.0,https://www.sec.gov/Archives/edgar/data/100334/000114554922038098/primary_doc.xml,0001145549-22-038098,2022-06-24,2022-04-30
S000006203,Large Cap Equity Fund,C000017098,2022-03-31,0.02557361376673,disclosed,1.0,https://www.sec.gov/Archives/edgar/data/100334/000114554922038098/primary_doc.xml,0001145549-22-038098,2022-06-24,2022-04-30
S000006203,Large Cap Equity Fund,C000017098,2022-04-30,-0.09182008855745,disclosed,1.0,https://www.sec.gov/Archives/edgar/data/100334/000114554922038098/primary_doc.xml,0001145549-22-038098,2022-06-24,2022-04-30
S000006203,Large Cap Equity Fund,C000017098,2022-05-31,-0.00846805234796,disclosed,1.0,https://www.sec.gov/Archives/edgar/data/100334/000114554922056667/primary_doc.xml,0001145549-22-056667,2022-09-23,2022-07-31
S000006203,Large Cap Equity Fund,C000017098,2022-06-30,-0.07867494824017,disclosed,1.0,https://www.sec.gov/Archives/edgar/data/100334/000114554922056667/primary_doc.xml,0001145549-22-056667,2022-09-23,2022-07-31
S000006203,Large Cap Equity Fund,C000017098,2022-07-31,0.09241573033708,disclosed,1.0,https://www.sec.gov/Archives/edgar/data/100334/000114554922056667/primary_doc.xml,0001145549-22-056667,2022-09-23,2022-07-31
S000006203,Large Cap Equity Fund,C000017098,2022-08-31,-0.041398817176650005,disclosed,1.0,https://www.sec.gov/Archives/edgar/data/100334/000114554922077388/primary_doc.xml,0001145549-22-077388,2022-12-21,2022-10-31
S000006203,Large Cap Equity Fund,C000017098,2022-09-30,-0.09039699570814999,disclosed,1.0,https://www.sec.gov/Archives/edgar/data/100334/000114554922077388/primary_doc.xml,0001145549-22-077388,2022-12-21,2022-10-31
S000006203,Large Cap Equity Fund,C000017098,2022-10-31,0.08758478324978,disclosed,1.0,https://www.sec.gov/Archives/edgar/data/100334/000114554922077388/primary_doc.xml,0001145549-22-077388,2022-12-21,2022-10-31
S000006203,Large Cap Equity Fund,C000017098,2022-11-30,0.06317787418654999,disclosed,1.0,https://www.sec.gov/Archives/edgar/data/100334/000114554923018836/primary_doc.xml,0001145549-23-018836,2023-03-28,2023-01-31
S000006203,Large Cap Equity Fund,C000017098,2022-12-31,-0.05993666010642,disclosed,1.0,https://www.sec.gov/Archives/edgar/data/100334/000114554923018836/primary_doc.xml,0001145549-23-018836,2023-03-28,2023-01-31
S000006203,Large Cap Equity Fund,C000017098,2023-01-31,0.06000543035569,disclosed,1.0,https://www.sec.gov/Archives/edgar/data/100334/000114554923018836/primary_doc.xml,0001145549-23-018836,2023-03-28,2023-01-31
S000006203,Large Cap Equity Fund,C000017098,2023-02-28,-0.02715163934426,disclosed,1.0,https://www.sec.gov/Archives/edgar/data/100334/000114554923037789/primary_doc.xml,0001145549-23-037789,2023-06-23,2023-04-30
S000006203,Large Cap Equity Fund,C000017098,2023-03-31,0.03396524486572,disclosed,1.0,https://www.sec.gov/Archives/edgar/data/100334/000114554923037789/primary_doc.xml,0001145549-23-037789,2023-06-23,2023-04-30
S000006203,Large Cap Equity Fund,C000017098,2023-04-30,0.00814871403107,disclosed,1.0,https://www.sec.gov/Archives/edgar/data/100334/000114554923037789/primary_doc.xml,0001145549-23-037789,2023-06-23,2023-04-30
S000006203,Large Cap Equity Fund,C000017098,2023-05-31,0.005809547865619999,disclosed,1.0,https://www.sec.gov/Archives/edgar/data/100334/000114554923056467/primary_doc.xml,0001145549-23-056467,2023-09-21,2023-07-31
S000006203,Large Cap Equity Fund,C000017098,2023-06-30,0.057759919638369996,disclosed,1.0,https://www.sec.gov/Archives/edgar/data/100334/000114554923056467/primary_doc.xml,0001145549-23-056467,2023-09-21,2023-07-31
S000006203,Large Cap Equity Fund,C000017098,2023-07-31,0.03490028490029,disclosed,1.0,https://www.sec.gov/Archives/edgar/data/100334/000114554923056467/primary_doc.xml,0001145549-23-056467,2023-09-21,2023-07-31
S000006203,Large Cap Equity Fund,C000017098,2023-08-31,-0.01949988529479,disclosed,1.0,https://www.sec.gov/Archives/edgar/data/100334/000114554923077013/primary_doc.xml,0001145549-23-077013,2023-12-22,2023-10-31
S000006203,Large Cap Equity Fund,C000017098,2023-09-30,-0.049602246139449996,disclosed,1.0,https://www.sec.gov/Archives/edgar/data/100334/000114554923077013/primary_doc.xml,0001145549-23-077013,2023-12-22,2023-10-31
S000006203,Large Cap Equity Fund,C000017098,2023-10-31,-0.01895617922206,disclosed,1.0,https://www.sec.gov/Archives/edgar/data/100334/000114554923077013/primary_doc.xml,0001145549-23-077013,2023-12-22,2023-10-31
S000006203,Large Cap Equity Fund,C000017098,2023-11-30,0.08531994981179,disclosed,1.0,https://www.sec.gov/Archives/edgar/data/100334/000114554924017640/primary_doc.xml,0001145549-24-017640,2024-03-27,2024-01-31
S000006203,Large Cap Equity Fund,C000017098,2023-12-31,0.04722871503807,disclosed,1.0,https://www.sec.gov/Archives/edgar/data/100334/000114554924017640/primary_doc.xml,0001145549-24-017640,2024-03-27,2024-01-31
S000006203,Large Cap Equity Fund,C000017098,2024-01-31,0.01782928459996,disclosed,1.0,https://www.sec.gov/Archives/edgar/data/100334/000114554924017640/primary_doc.xml,0001145549-24-017640,2024-03-27,2024-01-31
S000006203,Large Cap Equity Fund,C000017098,2024-02-29,0.05495949200788,disclosed,1.0,https://www.sec.gov/Archives/edgar/data/100334/000114554924039499/primary_doc.xml,0001145549-24-039499,2024-06-26,2024-04-30
S000006203,Large Cap Equity Fund,C000017098,2024-03-31,0.030718140307179998,disclosed,1.0,https://www.sec.gov/Archives/edgar/data/100334/000114554924039499/primary_doc.xml,0001145549-24-039499,2024-06-26,2024-04-30
S000006203,Large Cap Equity Fund,C000017098,2024-04-30,-0.048328634716070004,disclosed,1.0,https://www.sec.gov/Archives/edgar/data/100334/000114554924039499/primary_doc.xml,0001145549-24-039499,2024-06-26,2024-04-30
S000006203,Large Cap Equity Fund,C000017098,2024-05-31,0.04337706305544,disclosed,1.0,https://www.sec.gov/Archives/edgar/data/100334/000114554924061741/primary_doc.xml,0001145549-24-061741,2024-09-27,2024-07-31
S000006203,Large Cap Equity Fund,C000017098,2024-06-30,0.0298113972825,disclosed,1.0,https://www.sec.gov/Archives/edgar/data/100334/000114554924061741/primary_doc.xml,0001145549-24-061741,2024-09-27,2024-07-31
S000006203,Large Cap Equity Fund,C000017098,2024-07-31,0.00393855848759,disclosed,1.0,https://www.sec.gov/Archives/edgar/data/100334/000114554924061741/primary_doc.xml,0001145549-24-061741,2024-09-27,2024-07-31
S000006203,Large Cap Equity Fund,C000017098,2024-08-31,0.02157708905453,disclosed,1.0,https://www.sec.gov/Archives/edgar/data/100334/000114554924080395/primary_doc.xml,0001145549-24-080395,2024-12-23,2024-10-31
S000006203,Large Cap Equity Fund,C000017098,2024-09-30,0.016321044546850003,disclosed,1.0,https://www.sec.gov/Archives/edgar/data/100334/000114554924080395/primary_doc.xml,0001145549-24-080395,2024-12-23,2024-10-31
S000006203,Large Cap Equity Fund,C000017098,2024-10-31,-0.02153788021916,disclosed,1.0,https://www.sec.gov/Archives/edgar/data/100334/000114554924080395/primary_doc.xml,0001145549-24-080395,2024-12-23,2024-10-31
S000006203,Large Cap Equity Fund,C000017098,2024-11-30,0.054257578683140004,disclosed,1.0,https://www.sec.gov/Archives/edgar/data/100334/000114554925018871/primary_doc.xml,0001145549-25-018871,2025-03-21,2025-01-31
S000006203,Large Cap Equity Fund,C000017098,2024-12-31,-0.0268324900468,disclosed,1.0,https://www.sec.gov/Archives/edgar/data/100334/000114554925018871/primary_doc.xml,0001145549-25-018871,2025-03-21,2025-01-31
S000006203,Large Cap Equity Fund,C000017098,2025-01-31,0.02119576084783,disclosed,1.0,https://www.sec.gov/Archives/edgar/data/100334/000114554925018871/primary_doc.xml,0001145549-25-018871,2025-03-21,2025-01-31
S000006203,Large Cap Equity Fund,C000017098,2025-02-28,-0.0270217348737,disclosed,1.0,https://www.sec.gov/Archives/edgar/data/100334/000114554925043423/primary_doc.xml,0001145549-25-043423,2025-06-27,2025-04-30
S000006203,Large Cap Equity Fund,C000017098,2025-03-31,-0.0690279734353,disclosed,1.0,https://www.sec.gov/Archives/edgar/data/100334/000114554925043423/primary_doc.xml,0001145549-25-043423,2025-06-27,2025-04-30
S000006203,Large Cap Equity Fund,C000017098,2025-04-30,-0.00972762645914,disclosed,1.0,https://www.sec.gov/Archives/edgar/data/100334/000114554925043423/primary_doc.xml,0001145549-25-043423,2025-06-27,2025-04-30
S000006203,Large Cap Equity Fund,C000017098,2025-05-31,0.062431783453390004,disclosed,1.0,https://www.sec.gov/Archives/edgar/data/100334/000119312525215736/primary_doc.xml,0001193125-25-215736,2025-09-24,2025-07-31
S000006203,Large Cap Equity Fund,C000017098,2025-06-30,0.047667967947400004,disclosed,1.0,https://www.sec.gov/Archives/edgar/data/100334/000119312525215736/primary_doc.xml,0001193125-25-215736,2025-09-24,2025-07-31
S000006203,Large Cap Equity Fund,C000017098,2025-07-31,0.01647381839576,disclosed,1.0,https://www.sec.gov/Archives/edgar/data/100334/000119312525215736/primary_doc.xml,0001193125-25-215736,2025-09-24,2025-07-31
S000006203,Large Cap Equity Fund,C000017098,2025-08-31,0.0206444144318,disclosed,1.0,https://www.sec.gov/Archives/edgar/data/100334/000119312525335026/primary_doc.xml,0001193125-25-335026,2025-12-29,2025-10-31
S000006203,Large Cap Equity Fund,C000017098,2025-09-30,0.02722117202268,disclosed,1.0,https://www.sec.gov/Archives/edgar/data/100334/000119312525335026/primary_doc.xml,0001193125-25-335026,2025-12-29,2025-10-31
S000006203,Large Cap Equity Fund,C000017098,2025-10-31,0.01693043798307,disclosed,1.0,https://www.sec.gov/Archives/edgar/data/100334/000119312525335026/primary_doc.xml,0001193125-25-335026,2025-12-29,2025-10-31
S000006203,Large Cap Equity Fund,C000017098,2025-11-30,0.00235251538183,disclosed,1.0,https://www.sec.gov/Archives/edgar/data/100334/000119312526129677/primary_doc.xml,0001193125-26-129677,2026-03-30,2026-01-31
S000006203,Large Cap Equity Fund,C000017098,2025-12-31,-0.00599715913076,disclosed,1.0,https://www.sec.gov/Archives/edgar/data/100334/000119312526129677/primary_doc.xml,0001193125-26-129677,2026-03-30,2026-01-31
S000006203,Large Cap Equity Fund,C000017098,2026-01-31,0.010407239819,disclosed,1.0,https://www.sec.gov/Archives/edgar/data/100334/000119312526129677/primary_doc.xml,0001193125-26-129677,2026-03-30,2026-01-31
S000006203,Large Cap Equity Fund,C000017098,2026-02-28,-0.01253918495298,disclosed,1.0,https://www.sec.gov/Archives/edgar/data/100334/000119312526284639/primary_doc.xml,0001193125-26-284639,2026-06-26,2026-04-30
S000006203,Large Cap Equity Fund,C000017098,2026-03-31,-0.05827664399093,disclosed,1.0,https://www.sec.gov/Archives/edgar/data/100334/000119312526284639/primary_doc.xml,0001193125-26-284639,2026-06-26,2026-04-30
S000006203,Large Cap Equity Fund,C000017098,2026-04-30,0.10474355887310001,disclosed,1.0,https://www.sec.gov/Archives/edgar/data/100334/000119312526284639/primary_doc.xml,0001193125-26-284639,2026-06-26,2026-04-30
S000006203,Large Cap Equity Fund,C000017098,2026-05-31,0.0357454228422,disclosed,1.0,https://www.sec.gov/Archives/edgar/data/100334/000119312526407377/primary_doc.xml,0001193125-26-407377,2026-09-29,2026-07-31
S000006203,Large Cap Equity Fund,C000017098,2026-06-30,-0.00547138047138,disclosed,1.0,https://www.sec.gov/Archives/edgar/data/100334/000119312526407377/primary_doc.xml,0001193125-26-407377,2026-09-29,2026-07-31
S000006203,Large Cap Equity Fund,C000017098,2026-07-31,0.00232754972493,disclosed,1.0,https://www.sec.gov/Archives/edgar/data/100334/000119312526407377/primary_doc.xml,0001193125-26-407377,2026-09-29,2026-07-31
S000006203,Large Cap Equity Fund,C000017099,2019-08-31,-0.01632653061224,disclosed,1.0,https://www.sec.gov/Archives/edgar/data/100334/000114554919052687/primary_doc.xml,0001145549-19-052687,2019-12-23,2019-10-31
S000006203,Large Cap Equity Fund,C000017099,2019-09-30,0.0179806362379,disclosed,1.0,https://www.sec.gov/Archives/edgar/data/100334/000114554919052687/primary_doc.xml,0001145549-19-052687,2019-12-23,2019-10-31
S000006203,Large Cap Equity Fund,C000017099,2019-10-31,0.02309782608696,disclosed,1.0,https://www.sec.gov/Archives/edgar/data/100334/000114554919052687/primary_doc.xml,0001145549-19-052687,2019-12-23,2019-10-31
S000006203,Large Cap Equity Fund,C000017099,2019-11-30,0.03917662682603,disclosed,1.0,https://www.sec.gov/Archives/edgar/data/100334/000114554920016601/primary_doc.xml,0001145549-20-016601,2020-03-24,2020-01-31
S000006203,Large Cap Equity Fund,C000017099,2019-12-31,0.030216495791770003,disclosed,1.0,https://www.sec.gov/Archives/edgar/data/100334/000114554920016601/primary_doc.xml,0001145549-20-016601,2020-03-24,2020-01-31
S000006203,Large Cap Equity Fund,C000017099,2020-01-31,0.0,disclosed,1.0,https://www.sec.gov/Archives/edgar/data/100334/000114554920016601/primary_doc.xml,0001145549-20-016601,2020-03-24,2020-01-31
S000006203,Large Cap Equity Fund,C000017099,2020-02-29,-0.08333333333333,disclosed,1.0,https://www.sec.gov/Archives/edgar/data/100334/000114554920036661/primary_doc.xml,0001145549-20-036661,2020-06-25,2020-04-30
S000006203,Large Cap Equity Fund,C000017099,2020-03-31,-0.11712631937351001,disclosed,1.0,https://www.sec.gov/Archives/edgar/data/100334/000114554920036661/primary_doc.xml,0001145549-20-036661,2020-06-25,2020-04-30
S000006203,Large Cap Equity Fund,C000017099,2020-04-30,0.12225221750868,disclosed,1.0,https://www.sec.gov/Archives/edgar/data/100334/000114554920036661/primary_doc.xml,0001145549-20-036661,2020-06-25,2020-04-30
S000006203,Large Cap Equity Fund,C000017099,2020-05-31,0.054639175257729995,disclosed,1.0,https://www.sec.gov/Archives/edgar/data/100334/000114554920056783/primary_doc.xml,0001145549-20-056783,2020-09-25,2020-07-31
S000006203,Large Cap Equity Fund,C000017099,2020-06-30,0.02313457152167,disclosed,1.0,https://www.sec.gov/Archives/edgar/data/100334/000114554920056783/primary_doc.xml,0001145549-20-056783,2020-09-25,2020-07-31
S000006203,Large Cap Equity Fund,C000017099,2020-07-31,0.05286624203822,disclosed,1.0,https://www.sec.gov/Archives/edgar/data/100334/000114554920056783/primary_doc.xml,0001145549-20-056783,2020-09-25,2020-07-31
S000006203,Large Cap Equity Fund,C000017099,2020-08-31,0.07622504537205,disclosed,1.0,https://www.sec.gov/Archives/edgar/data/100334/000114554920076716/primary_doc.xml,0001145549-20-076716,2020-12-28,2020-10-31
S000006203,Large Cap Equity Fund,C000017099,2020-09-30,-0.03738055087128,disclosed,1.0,https://www.sec.gov/Archives/edgar/data/100334/000114554920076716/primary_doc.xml,0001145549-20-076716,2020-12-28,2020-10-31
S000006203,Large Cap Equity Fund,C000017099,2020-10-31,-0.03211678832117,disclosed,1.0,https://www.sec.gov/Archives/edgar/data/100334/000114554920076716/primary_doc.xml,0001145549-20-076716,2020-12-28,2020-10-31
S000006203,Large Cap Equity Fund,C000017099,2020-11-30,0.10799396681750001,disclosed,1.0,https://www.sec.gov/Archives/edgar/data/100334/000114554921017592/primary_doc.xml,0001145549-21-017592,2021-03-25,2021-01-31
S000006203,Large Cap Equity Fund,C000017099,2020-12-31,0.03539341138034,disclosed,1.0,https://www.sec.gov/Archives/edgar/data/100334/000114554921017592/primary_doc.xml,0001145549-21-017592,2021-03-25,2021-01-31
S000006203,Large Cap Equity Fund,C000017099,2021-01-31,-0.01367341572443,disclosed,1.0,https://www.sec.gov/Archives/edgar/data/100334/000114554921017592/primary_doc.xml,0001145549-21-017592,2021-03-25,2021-01-31
S000006203,Large Cap Equity Fund,C000017099,2021-02-28,0.026659557451350003,disclosed,1.0,https://www.sec.gov/Archives/edgar/data/100334/000114554921036966/primary_doc.xml,0001145549-21-036966,2021-06-24,2021-04-30
S000006203,Large Cap Equity Fund,C000017099,2021-03-31,0.03817190340171,disclosed,1.0,https://www.sec.gov/Archives/edgar/data/100334/000114554921036966/primary_doc.xml,0001145549-21-036966,2021-06-24,2021-04-30
S000006203,Large Cap Equity Fund,C000017099,2021-04-30,0.05552776388194,disclosed,1.0,https://www.sec.gov/Archives/edgar/data/100334/000114554921036966/primary_doc.xml,0001145549-21-036966,2021-06-24,2021-04-30
S000006203,Large Cap Equity Fund,C000017099,2021-05-31,0.0026066350710899997,disclosed,1.0,https://www.sec.gov/Archives/edgar/data/100334/000114554921055808/primary_doc.xml,0001145549-21-055808,2021-09-23,2021-07-31
S000006203,Large Cap Equity Fund,C000017099,2021-06-30,0.02694398487355,disclosed,1.0,https://www.sec.gov/Archives/edgar/data/100334/000114554921055808/primary_doc.xml,0001145549-21-055808,2021-09-23,2021-07-31
S000006203,Large Cap Equity Fund,C000017099,2021-07-31,0.02669735327963,disclosed,1.0,https://www.sec.gov/Archives/edgar/data/100334/000114554921055808/primary_doc.xml,0001145549-21-055808,2021-09-23,2021-07-31
S000006203,Large Cap Equity Fund,C000017099,2021-08-31,0.03272808787267,disclosed,1.0,https://www.sec.gov/Archives/edgar/data/100334/000114554921075058/primary_doc.xml,0001145549-21-075058,2021-12-21,2021-10-31
S000006203,Large Cap Equity Fund,C000017099,2021-09-30,-0.05079227262861,disclosed,1.0,https://www.sec.gov/Archives/edgar/data/100334/000114554921075058/primary_doc.xml,0001145549-21-075058,2021-12-21,2021-10-31
S000006203,Large Cap Equity Fund,C000017099,2021-10-31,0.08232334781614,disclosed,1.0,https://www.sec.gov/Archives/edgar/data/100334/000114554921075058/primary_doc.xml,0001145549-21-075058,2021-12-21,2021-10-31
S000006203,Large Cap Equity Fund,C000017099,2021-11-30,-0.012888231565599999,disclosed,1.0,https://www.sec.gov/Archives/edgar/data/100334/000114554922018144/primary_doc.xml,0001145549-22-018144,2022-03-28,2022-01-31
S000006203,Large Cap Equity Fund,C000017099,2021-12-31,0.0413921658142,disclosed,1.0,https://www.sec.gov/Archives/edgar/data/100334/000114554922018144/primary_doc.xml,0001145549-22-018144,2022-03-28,2022-01-31
S000006203,Large Cap Equity Fund,C000017099,2022-01-31,-0.06040268456376,disclosed,1.0,https://www.sec.gov/Archives/edgar/data/100334/000114554922018144/primary_doc.xml,0001145549-22-018144,2022-03-28,2022-01-31
S000006203,Large Cap Equity Fund,C000017099,2022-02-28,-0.03660714285714,disclosed,1.0,https://www.sec.gov/Archives/edgar/data/100334/000114554922038098/primary_doc.xml,0001145549-22-038098,2022-06-24,2022-04-30
S000006203,Large Cap Equity Fund,C000017099,2022-03-31,0.02618164967563,disclosed,1.0,https://www.sec.gov/Archives/edgar/data/100334/000114554922038098/primary_doc.xml,0001145549-22-038098,2022-06-24,2022-04-30
S000006203,Large Cap Equity Fund,C000017099,2022-04-30,-0.09166854820501,disclosed,1.0,https://www.sec.gov/Archives/edgar/data/100334/000114554922038098/primary_doc.xml,0001145549-22-038098,2022-06-24,2022-04-30
S000006203,Large Cap Equity Fund,C000017099,2022-05-31,-0.00795426298782,disclosed,1.0,https://www.sec.gov/Archives/edgar/data/100334/000114554922056667/primary_doc.xml,0001145549-22-056667,2022-09-23,2022-07-31
S000006203,Large Cap Equity Fund,C000017099,2022-06-30,-0.07842645953395,disclosed,1.0,https://www.sec.gov/Archives/edgar/data/100334/000114554922056667/primary_doc.xml,0001145549-22-056667,2022-09-23,2022-07-31
S000006203,Large Cap Equity Fund,C000017099,2022-07-31,0.09298531810767001,disclosed,1.0,https://www.sec.gov/Archives/edgar/data/100334/000114554922056667/primary_doc.xml,0001145549-22-056667,2022-09-23,2022-07-31
S000006203,Large Cap Equity Fund,C000017099,2022-08-31,-0.0407960199005,disclosed,1.0,https://www.sec.gov/Archives/edgar/data/100334/000114554922077388/primary_doc.xml,0001145549-22-077388,2022-12-21,2022-10-31
S000006203,Large Cap Equity Fund,C000017099,2022-09-30,-0.0902489626556,disclosed,1.0,https://www.sec.gov/Archives/edgar/data/100334/000114554922077388/primary_doc.xml,0001145549-22-077388,2022-12-21,2022-10-31
S000006203,Large Cap Equity Fund,C000017099,2022-10-31,0.08808437856328,disclosed,1.0,https://www.sec.gov/Archives/edgar/data/100334/000114554922077388/primary_doc.xml,0001145549-22-077388,2022-12-21,2022-10-31
S000006203,Large Cap Equity Fund,C000017099,2022-11-30,0.06366256222164,disclosed,1.0,https://www.sec.gov/Archives/edgar/data/100334/000114554923018836/primary_doc.xml,0001145549-23-018836,2023-03-28,2023-01-31
S000006203,Large Cap Equity Fund,C000017099,2022-12-31,-0.059635758841869994,disclosed,1.0,https://www.sec.gov/Archives/edgar/data/100334/000114554923018836/primary_doc.xml,0001145549-23-018836,2023-03-28,2023-01-31
S000006203,Large Cap Equity Fund,C000017099,2023-01-31,0.06031995803829,disclosed,1.0,https://www.sec.gov/Archives/edgar/data/100334/000114554923018836/primary_doc.xml,0001145549-23-018836,2023-03-28,2023-01-31
S000006203,Large Cap Equity Fund,C000017099,2023-02-28,-0.02646549591887,disclosed,1.0,https://www.sec.gov/Archives/edgar/data/100334/000114554923037789/primary_doc.xml,0001145549-23-037789,2023-06-23,2023-04-30
S000006203,Large Cap Equity Fund,C000017099,2023-03-31,0.0342987804878,disclosed,1.0,https://www.sec.gov/Archives/edgar/data/100334/000114554923037789/primary_doc.xml,0001145549-23-037789,2023-06-23,2023-04-30
S000006203,Large Cap Equity Fund,C000017099,2023-04-30,0.00859739621715,disclosed,1.0,https://www.sec.gov/Archives/edgar/data/100334/000114554923037789/primary_doc.xml,0001145549-23-037789,2023-06-23,2023-04-30
S000006203,Large Cap Equity Fund,C000017099,2023-05-31,0.00608865075499,disclosed,1.0,https://www.sec.gov/Archives/edgar/data/100334/000114554923056467/primary_doc.xml,0001145549-23-056467,2023-09-21,2023-07-31
S000006203,Large Cap Equity Fund,C000017099,2023-06-30,0.058339385136770006,disclosed,1.0,https://www.sec.gov/Archives/edgar/data/100334/000114554923056467/primary_doc.xml,0001145549-23-056467,2023-09-21,2023-07-31
S000006203,Large Cap Equity Fund,C000017099,2023-07-31,0.0352241537054,disclosed,1.0,https://www.sec.gov/Archives/edgar/data/100334/000114554923056467/primary_doc.xml,0001145549-23-056467,2023-09-21,2023-07-31
S000006203,Large Cap Equity Fund,C000017099,2023-08-31,-0.01900132567388,disclosed,1.0,https://www.sec.gov/Archives/edgar/data/100334/000114554923077013/primary_doc.xml,0001145549-23-077013,2023-12-22,2023-10-31
S000006203,Large Cap Equity Fund,C000017099,2023-09-30,-0.0490990990991,disclosed,1.0,https://www.sec.gov/Archives/edgar/data/100334/000114554923077013/primary_doc.xml,0001145549-23-077013,2023-12-22,2023-10-31
S000006203,Large Cap Equity Fund,C000017099,2023-10-31,-0.01847465656087,disclosed,1.0,https://www.sec.gov/Archives/edgar/data/100334/000114554923077013/primary_doc.xml,0001145549-23-077013,2023-12-22,2023-10-31
S000006203,Large Cap Equity Fund,C000017099,2023-11-30,0.08566602316602,disclosed,1.0,https://www.sec.gov/Archives/edgar/data/100334/000114554924017640/primary_doc.xml,0001145549-24-017640,2024-03-27,2024-01-31
S000006203,Large Cap Equity Fund,C000017099,2023-12-31,0.04750860907479,disclosed,1.0,https://www.sec.gov/Archives/edgar/data/100334/000114554924017640/primary_doc.xml,0001145549-24-017640,2024-03-27,2024-01-31
S000006203,Large Cap Equity Fund,C000017099,2024-01-31,0.01848269933376,disclosed,1.0,https://www.sec.gov/Archives/edgar/data/100334/000114554924017640/primary_doc.xml,0001145549-24-017640,2024-03-27,2024-01-31
S000006203,Large Cap Equity Fund,C000017099,2024-02-29,0.0552859253007,disclosed,1.0,https://www.sec.gov/Archives/edgar/data/100334/000114554924039499/primary_doc.xml,0001145549-24-039499,2024-06-26,2024-04-30
S000006203,Large Cap Equity Fund,C000017099,2024-03-31,0.03119376124775,disclosed,1.0,https://www.sec.gov/Archives/edgar/data/100334/000114554924039499/primary_doc.xml,0001145549-24-039499,2024-06-26,2024-04-30
S000006203,Large Cap Equity Fund,C000017099,2024-04-30,-0.04808997479155,disclosed,1.0,https://www.sec.gov/Archives/edgar/data/100334/000114554924039499/primary_doc.xml,0001145549-24-039499,2024-06-26,2024-04-30
S000006203,Large Cap Equity Fund,C000017099,2024-05-31,0.0440008148299,disclosed,1.0,https://www.sec.gov/Archives/edgar/data/100334/000114554924061741/primary_doc.xml,0001145549-24-061741,2024-09-27,2024-07-31
S000006203,Large Cap Equity Fund,C000017099,2024-06-30,0.030048780487809998,disclosed,1.0,https://www.sec.gov/Archives/edgar/data/100334/000114554924061741/primary_doc.xml,0001145549-24-061741,2024-09-27,2024-07-31
S000006203,Large Cap Equity Fund,C000017099,2024-07-31,0.004546315590069999,disclosed,1.0,https://www.sec.gov/Archives/edgar/data/100334/000114554924061741/primary_doc.xml,0001145549-24-061741,2024-09-27,2024-07-31
S000006203,Large Cap Equity Fund,C000017099,2024-08-31,0.02187441071092,disclosed,1.0,https://www.sec.gov/Archives/edgar/data/100334/000114554924080395/primary_doc.xml,0001145549-24-080395,2024-12-23,2024-10-31
S000006203,Large Cap Equity Fund,C000017099,2024-09-30,0.01679276619302,disclosed,1.0,https://www.sec.gov/Archives/edgar/data/100334/000114554924080395/primary_doc.xml,0001145549-24-080395,2024-12-23,2024-10-31
S000006203,Large Cap Equity Fund,C000017099,2024-10-31,-0.02123411978221,disclosed,1.0,https://www.sec.gov/Archives/edgar/data/100334/000114554924080395/primary_doc.xml,0001145549-24-080395,2024-12-23,2024-10-31
S000006203,Large Cap Equity Fund,C000017099,2024-11-30,0.054885963285740004,disclosed,1.0,https://www.sec.gov/Archives/edgar/data/100334/000114554925018871/primary_doc.xml,0001145549-25-018871,2025-03-21,2025-01-31
S000006203,Large Cap Equity Fund,C000017099,2024-12-31,-0.026672035878,disclosed,1.0,https://www.sec.gov/Archives/edgar/data/100334/000114554925018871/primary_doc.xml,0001145549-25-018871,2025-03-21,2025-01-31
S000006203,Large Cap Equity Fund,C000017099,2025-01-31,0.021826536473289998,disclosed,1.0,https://www.sec.gov/Archives/edgar/data/100334/000114554925018871/primary_doc.xml,0001145549-25-018871,2025-03-21,2025-01-31
S000006203,Large Cap Equity Fund,C000017099,2025-02-28,-0.02660670788833,disclosed,1.0,https://www.sec.gov/Archives/edgar/data/100334/000114554925043423/primary_doc.xml,0001145549-25-043423,2025-06-27,2025-04-30
S000006203,Large Cap Equity Fund,C000017099,2025-03-31,-0.06871992300289001,disclosed,1.0,https://www.sec.gov/Archives/edgar/data/100334/000114554925043423/primary_doc.xml,0001145549-25-043423,2025-06-27,2025-04-30
S000006203,Large Cap Equity Fund,C000017099,2025-04-30,-0.00930136420008,disclosed,1.0,https://www.sec.gov/Archives/edgar/data/100334/000114554925043423/primary_doc.xml,0001145549-25-043423,2025-06-27,2025-04-30
S000006203,Large Cap Equity Fund,C000017099,2025-05-31,0.06279991654496,disclosed,1.0,https://www.sec.gov/Archives/edgar/data/100334/000119312525215736/primary_doc.xml,0001193125-25-215736,2025-09-24,2025-07-31
S000006203,Large Cap Equity Fund,C000017099,2025-06-30,0.04809579897919,disclosed,1.0,https://www.sec.gov/Archives/edgar/data/100334/000119312525215736/primary_doc.xml,0001193125-25-215736,2025-09-24,2025-07-31
S000006203,Large Cap Equity Fund,C000017099,2025-07-31,0.01685708934257,disclosed,1.0,https://www.sec.gov/Archives/edgar/data/100334/000119312525215736/primary_doc.xml,0001193125-25-215736,2025-09-24,2025-07-31
S000006203,Large Cap Equity Fund,C000017099,2025-08-31,0.02118253822067,disclosed,1.0,https://www.sec.gov/Archives/edgar/data/100334/000119312525335026/primary_doc.xml,0001193125-25-335026,2025-12-29,2025-10-31
S000006203,Large Cap Equity Fund,C000017099,2025-09-30,0.02777777777778,disclosed,1.0,https://www.sec.gov/Archives/edgar/data/100334/000119312525335026/primary_doc.xml,0001193125-25-335026,2025-12-29,2025-10-31
S000006203,Large Cap Equity Fund,C000017099,2025-10-31,0.01737451737452,disclosed,1.0,https://www.sec.gov/Archives/edgar/data/100334/000119312525335026/primary_doc.xml,0001193125-25-335026,2025-12-29,2025-10-31
S000006203,Large Cap Equity Fund,C000017099,2025-11-30,0.0025875452820400004,disclosed,1.0,https://www.sec.gov/Archives/edgar/data/100334/000119312526129677/primary_doc.xml,0001193125-26-129677,2026-03-30,2026-01-31
S000006203,Large Cap Equity Fund,C000017099,2025-12-31,-0.0055080645565,disclosed,1.0,https://www.sec.gov/Archives/edgar/data/100334/000119312526129677/primary_doc.xml,0001193125-26-129677,2026-03-30,2026-01-31
S000006203,Large Cap Equity Fund,C000017099,2026-01-31,0.01086493395824,disclosed,1.0,https://www.sec.gov/Archives/edgar/data/100334/000119312526129677/primary_doc.xml,0001193125-26-129677,2026-03-30,2026-01-31
S000006203,Large Cap Equity Fund,C000017099,2026-02-28,-0.01201264488936,disclosed,1.0,https://www.sec.gov/Archives/edgar/data/100334/000119312526284639/primary_doc.xml,0001193125-26-284639,2026-06-26,2026-04-30
S000006203,Large Cap Equity Fund,C000017099,2026-03-31,-0.058020477815699995,disclosed,1.0,https://www.sec.gov/Archives/edgar/data/100334/000119312526284639/primary_doc.xml,0001193125-26-284639,2026-06-26,2026-04-30
S000006203,Large Cap Equity Fund,C000017099,2026-04-30,0.10529891304348,disclosed,1.0,https://www.sec.gov/Archives/edgar/data/100334/000119312526284639/primary_doc.xml,0001193125-26-284639,2026-06-26,2026-04-30
S000006203,Large Cap Equity Fund,C000017099,2026-05-31,0.0360581847982,disclosed,1.0,https://www.sec.gov/Archives/edgar/data/100334/000119312526407377/primary_doc.xml,0001193125-26-407377,2026-09-29,2026-07-31
S000006203,Large Cap Equity Fund,C000017099,2026-06-30,-0.00514138817481,disclosed,1.0,https://www.sec.gov/Archives/edgar/data/100334/000119312526407377/primary_doc.xml,0001193125-26-407377,2026-09-29,2026-07-31
S000006203,Large Cap Equity Fund,C000017099,2026-07-31,0.0027827469687900005,disclosed,1.0,https://www.sec.gov/Archives/edgar/data/100334/000119312526407377/primary_doc.xml,0001193125-26-407377,2026-09-29,2026-07-31
S000006203,Large Cap Equity Fund,C000189741,2019-08-31,-0.01546738399462,disclosed,1.0,https://www.sec.gov/Archives/edgar/data/100334/000114554919052687/primary_doc.xml,0001145549-19-052687,2019-12-23,2019-10-31
S000006203,Large Cap Equity Fund,C000189741,2019-09-30,0.01810109289617,disclosed,1.0,https://www.sec.gov/Archives/edgar/data/100334/000114554919052687/primary_doc.xml,0001145549-19-052687,2019-12-23,2019-10-31
S000006203,Large Cap Equity Fund,C000189741,2019-10-31,0.02381751090238,disclosed,1.0,https://www.sec.gov/Archives/edgar/data/100334/000114554919052687/primary_doc.xml,0001145549-19-052687,2019-12-23,2019-10-31
S000006203,Large Cap Equity Fund,C000189741,2019-11-30,0.03964613368283,disclosed,1.0,https://www.sec.gov/Archives/edgar/data/100334/000114554920016601/primary_doc.xml,0001145549-20-016601,2020-03-24,2020-01-31
S000006203,Large Cap Equity Fund,C000189741,2019-12-31,0.030982690224890003,disclosed,1.0,https://www.sec.gov/Archives/edgar/data/100334/000114554920016601/primary_doc.xml,0001145549-20-016601,2020-03-24,2020-01-31
S000006203,Large Cap Equity Fund,C000189741,2020-01-31,0.00061633281972,disclosed,1.0,https://www.sec.gov/Archives/edgar/data/100334/000114554920016601/primary_doc.xml,0001145549-20-016601,2020-03-24,2020-01-31
S000006203,Large Cap Equity Fund,C000189741,2020-02-29,-0.08284570372652,disclosed,1.0,https://www.sec.gov/Archives/edgar/data/100334/000114554920036661/primary_doc.xml,0001145549-20-036661,2020-06-25,2020-04-30
S000006203,Large Cap Equity Fund,C000189741,2020-03-31,-0.11652115513768001,disclosed,1.0,https://www.sec.gov/Archives/edgar/data/100334/000114554920036661/primary_doc.xml,0001145549-20-036661,2020-06-25,2020-04-30
S000006203,Large Cap Equity Fund,C000189741,2020-04-30,0.12276700874192001,disclosed,1.0,https://www.sec.gov/Archives/edgar/data/100334/000114554920036661/primary_doc.xml,0001145549-20-036661,2020-06-25,2020-04-30
S000006203,Large Cap Equity Fund,C000189741,2020-05-31,0.055517941773870004,disclosed,1.0,https://www.sec.gov/Archives/edgar/data/100334/000114554920056783/primary_doc.xml,0001145549-20-056783,2020-09-25,2020-07-31
S000006203,Large Cap Equity Fund,C000189741,2020-06-30,0.02341244387428,disclosed,1.0,https://www.sec.gov/Archives/edgar/data/100334/000114554920056783/primary_doc.xml,0001145549-20-056783,2020-09-25,2020-07-31
S000006203,Large Cap Equity Fund,C000189741,2020-07-31,0.05358821685992,disclosed,1.0,https://www.sec.gov/Archives/edgar/data/100334/000114554920056783/primary_doc.xml,0001145549-20-056783,2020-09-25,2020-07-31
S000006203,Large Cap Equity Fund,C000189741,2020-08-31,0.07703747769185,disclosed,1.0,https://www.sec.gov/Archives/edgar/data/100334/000114554920076716/primary_doc.xml,0001145549-20-076716,2020-12-28,2020-10-31
S000006203,Large Cap Equity Fund,C000189741,2020-09-30,-0.03700635183651,disclosed,1.0,https://www.sec.gov/Archives/edgar/data/100334/000114554920076716/primary_doc.xml,0001145549-20-076716,2020-12-28,2020-10-31
S000006203,Large Cap Equity Fund,C000189741,2020-10-31,-0.031545741324919996,disclosed,1.0,https://www.sec.gov/Archives/edgar/data/100334/000114554920076716/primary_doc.xml,0001145549-20-076716,2020-12-28,2020-10-31
S000006203,Large Cap Equity Fund,C000189741,2020-11-30,0.10867633994669999,disclosed,1.0,https://www.sec.gov/Archives/edgar/data/100334/000114554921017592/primary_doc.xml,0001145549-21-017592,2021-03-25,2021-01-31
S000006203,Large Cap Equity Fund,C000189741,2020-12-31,0.03622268825816,disclosed,1.0,https://www.sec.gov/Archives/edgar/data/100334/000114554921017592/primary_doc.xml,0001145549-21-017592,2021-03-25,2021-01-31
S000006203,Large Cap Equity Fund,C000189741,2021-01-31,-0.013226141078839999,disclosed,1.0,https://www.sec.gov/Archives/edgar/data/100334/000114554921017592/primary_doc.xml,0001145549-21-017592,2021-03-25,2021-01-31
S000006203,Large Cap Equity Fund,C000189741,2021-02-28,0.02706964520368,disclosed,1.0,https://www.sec.gov/Archives/edgar/data/100334/000114554921036966/primary_doc.xml,0001145549-21-036966,2021-06-24,2021-04-30
S000006203,Large Cap Equity Fund,C000189741,2021-03-31,0.0388945752303,disclosed,1.0,https://www.sec.gov/Archives/edgar/data/100334/000114554921036966/primary_doc.xml,0001145549-21-036966,2021-06-24,2021-04-30
S000006203,Large Cap Equity Fund,C000189741,2021-04-30,0.05615763546798,disclosed,1.0,https://www.sec.gov/Archives/edgar/data/100334/000114554921036966/primary_doc.xml,0001145549-21-036966,2021-06-24,2021-04-30
S000006203,Large Cap Equity Fund,C000189741,2021-05-31,0.0032649253731299997,disclosed,1.0,https://www.sec.gov/Archives/edgar/data/100334/000114554921055808/primary_doc.xml,0001145549-21-055808,2021-09-23,2021-07-31
S000006203,Large Cap Equity Fund,C000189741,2021-06-30,0.027429102742909998,disclosed,1.0,https://www.sec.gov/Archives/edgar/data/100334/000114554921055808/primary_doc.xml,0001145549-21-055808,2021-09-23,2021-07-31
S000006203,Large Cap Equity Fund,C000189741,2021-07-31,0.02737556561086,disclosed,1.0,https://www.sec.gov/Archives/edgar/data/100334/000114554921055808/primary_doc.xml,0001145549-21-055808,2021-09-23,2021-07-31
S000006203,Large Cap Equity Fund,C000189741,2021-08-31,0.033252587535789996,disclosed,1.0,https://www.sec.gov/Archives/edgar/data/100334/000114554921075058/primary_doc.xml,0001145549-21-075058,2021-12-21,2021-10-31
S000006203,Large Cap Equity Fund,C000189741,2021-09-30,-0.05029838022165,disclosed,1.0,https://www.sec.gov/Archives/edgar/data/100334/000114554921075058/primary_doc.xml,0001145549-21-075058,2021-12-21,2021-10-31
S000006203,Large Cap Equity Fund,C000189741,2021-10-31,0.08303411131059,disclosed,1.0,https://www.sec.gov/Archives/edgar/data/100334/000114554921075058/primary_doc.xml,0001145549-21-075058,2021-12-21,2021-10-31
S000006203,Large Cap Equity Fund,C000189741,2021-11-30,-0.012432656444259999,disclosed,1.0,https://www.sec.gov/Archives/edgar/data/100334/000114554922018144/primary_doc.xml,0001145549-22-018144,2022-03-28,2022-01-31
S000006203,Large Cap Equity Fund,C000189741,2021-12-31,0.0422816129593,disclosed,1.0,https://www.sec.gov/Archives/edgar/data/100334/000114554922018144/primary_doc.xml,0001145549-22-018144,2022-03-28,2022-01-31
S000006203,Large Cap Equity Fund,C000189741,2022-01-31,-0.060111547200990004,disclosed,1.0,https://www.sec.gov/Archives/edgar/data/100334/000114554922018144/primary_doc.xml,0001145549-22-018144,2022-03-28,2022-01-31
S000006203,Large Cap Equity Fund,C000189741,2022-02-28,-0.03582417582418,disclosed,1.0,https://www.sec.gov/Archives/edgar/data/100334/000114554922038098/primary_doc.xml,0001145549-22-038098,2022-06-24,2022-04-30
S000006203,Large Cap Equity Fund,C000189741,2022-03-31,0.0264417597447,disclosed,1.0,https://www.sec.gov/Archives/edgar/data/100334/000114554922038098/primary_doc.xml,0001145549-22-038098,2022-06-24,2022-04-30
S000006203,Large Cap Equity Fund,C000189741,2022-04-30,-0.09105041083722,disclosed,1.0,https://www.sec.gov/Archives/edgar/data/100334/000114554922038098/primary_doc.xml,0001145549-22-038098,2022-06-24,2022-04-30
S000006203,Large Cap Equity Fund,C000189741,2022-05-31,-0.007329587099929999,disclosed,1.0,https://www.sec.gov/Archives/edgar/data/100334/000114554922056667/primary_doc.xml,0001145549-22-056667,2022-09-23,2022-07-31
S000006203,Large Cap Equity Fund,C000189741,2022-06-30,-0.07777504307162,disclosed,1.0,https://www.sec.gov/Archives/edgar/data/100334/000114554922056667/primary_doc.xml,0001145549-22-056667,2022-09-23,2022-07-31
S000006203,Large Cap Equity Fund,C000189741,2022-07-31,0.09367493995196,disclosed,1.0,https://www.sec.gov/Archives/edgar/data/100334/000114554922056667/primary_doc.xml,0001145549-22-056667,2022-09-23,2022-07-31
S000006203,Large Cap Equity Fund,C000189741,2022-08-31,-0.04050756466569,disclosed,1.0,https://www.sec.gov/Archives/edgar/data/100334/000114554922077388/primary_doc.xml,0001145549-22-077388,2022-12-21,2022-10-31
S000006203,Large Cap Equity Fund,C000189741,2022-09-30,-0.08952187182096001,disclosed,1.0,https://www.sec.gov/Archives/edgar/data/100334/000114554922077388/primary_doc.xml,0001145549-22-077388,2022-12-21,2022-10-31
S000006203,Large Cap Equity Fund,C000189741,2022-10-31,0.08854748603352,disclosed,1.0,https://www.sec.gov/Archives/edgar/data/100334/000114554922077388/primary_doc.xml,0001145549-22-077388,2022-12-21,2022-10-31
S000006203,Large Cap Equity Fund,C000189741,2022-11-30,0.06440851937388001,disclosed,1.0,https://www.sec.gov/Archives/edgar/data/100334/000114554923018836/primary_doc.xml,0001145549-23-018836,2023-03-28,2023-01-31
S000006203,Large Cap Equity Fund,C000189741,2022-12-31,-0.058898071285720006,disclosed,1.0,https://www.sec.gov/Archives/edgar/data/100334/000114554923018836/primary_doc.xml,0001145549-23-018836,2023-03-28,2023-01-31
S000006203,Large Cap Equity Fund,C000189741,2023-01-31,0.060950413223139994,disclosed,1.0,https://www.sec.gov/Archives/edgar/data/100334/000114554923018836/primary_doc.xml,0001145549-23-018836,2023-03-28,2023-01-31
S000006203,Large Cap Equity Fund,C000189741,2023-02-28,-0.02604673807205,disclosed,1.0,https://www.sec.gov/Archives/edgar/data/100334/000114554923037789/primary_doc.xml,0001145549-23-037789,2023-06-23,2023-04-30
S000006203,Large Cap Equity Fund,C000189741,2023-03-31,0.034991252186950005,disclosed,1.0,https://www.sec.gov/Archives/edgar/data/100334/000114554923037789/primary_doc.xml,0001145549-23-037789,2023-06-23,2023-04-30
S000006203,Large Cap Equity Fund,C000189741,2023-04-30,0.00893503984545,disclosed,1.0,https://www.sec.gov/Archives/edgar/data/100334/000114554923037789/primary_doc.xml,0001145549-23-037789,2023-06-23,2023-04-30
S000006203,Large Cap Equity Fund,C000189741,2023-05-31,0.00694112015318,disclosed,1.0,https://www.sec.gov/Archives/edgar/data/100334/000114554923056467/primary_doc.xml,0001145549-23-056467,2023-09-21,2023-07-31
S000006203,Large Cap Equity Fund,C000189741,2023-06-30,0.05894937009746,disclosed,1.0,https://www.sec.gov/Archives/edgar/data/100334/000114554923056467/primary_doc.xml,0001145549-23-056467,2023-09-21,2023-07-31
S000006203,Large Cap Equity Fund,C000189741,2023-07-31,0.03569023569024,disclosed,1.0,https://www.sec.gov/Archives/edgar/data/100334/000114554923056467/primary_doc.xml,0001145549-23-056467,2023-09-21,2023-07-31
S000006203,Large Cap Equity Fund,C000189741,2023-08-31,-0.01842219332466,disclosed,1.0,https://www.sec.gov/Archives/edgar/data/100334/000114554923077013/primary_doc.xml,0001145549-23-077013,2023-12-22,2023-10-31
S000006203,Large Cap Equity Fund,C000189741,2023-09-30,-0.0485758445573,disclosed,1.0,https://www.sec.gov/Archives/edgar/data/100334/000114554923077013/primary_doc.xml,0001145549-23-077013,2023-12-22,2023-10-31
S000006203,Large Cap Equity Fund,C000189741,2023-10-31,-0.018101647714089997,disclosed,1.0,https://www.sec.gov/Archives/edgar/data/100334/000114554923077013/primary_doc.xml,0001145549-23-077013,2023-12-22,2023-10-31
S000006203,Large Cap Equity Fund,C000189741,2023-11-30,0.08650437248876999,disclosed,1.0,https://www.sec.gov/Archives/edgar/data/100334/000114554924017640/primary_doc.xml,0001145549-24-017640,2024-03-27,2024-01-31
S000006203,Large Cap Equity Fund,C000189741,2023-12-31,0.048106713660849995,disclosed,1.0,https://www.sec.gov/Archives/edgar/data/100334/000114554924017640/primary_doc.xml,0001145549-24-017640,2024-03-27,2024-01-31
S000006203,Large Cap Equity Fund,C000189741,2024-01-31,0.01904761904762,disclosed,1.0,https://www.sec.gov/Archives/edgar/data/100334/000114554924017640/primary_doc.xml,0001145549-24-017640,2024-03-27,2024-01-31
S000006203,Large Cap Equity Fund,C000189741,2024-02-29,0.055867082035309996,disclosed,1.0,https://www.sec.gov/Archives/edgar/data/100334/000114554924039499/primary_doc.xml,0001145549-24-039499,2024-06-26,2024-04-30
S000006203,Large Cap Equity Fund,C000189741,2024-03-31,0.03186467348544,disclosed,1.0,https://www.sec.gov/Archives/edgar/data/100334/000114554924039499/primary_doc.xml,0001145549-24-039499,2024-06-26,2024-04-30
S000006203,Large Cap Equity Fund,C000189741,2024-04-30,-0.047655356462069996,disclosed,1.0,https://www.sec.gov/Archives/edgar/data/100334/000114554924039499/primary_doc.xml,0001145549-24-039499,2024-06-26,2024-04-30
S000006203,Large Cap Equity Fund,C000189741,2024-05-31,0.04463570856685,disclosed,1.0,https://www.sec.gov/Archives/edgar/data/100334/000114554924061741/primary_doc.xml,0001145549-24-061741,2024-09-27,2024-07-31
S000006203,Large Cap Equity Fund,C000189741,2024-06-30,0.03084882161334,disclosed,1.0,https://www.sec.gov/Archives/edgar/data/100334/000114554924061741/primary_doc.xml,0001145549-24-061741,2024-09-27,2024-07-31
S000006203,Large Cap Equity Fund,C000189741,2024-07-31,0.0050185873606,disclosed,1.0,https://www.sec.gov/Archives/edgar/data/100334/000114554924061741/primary_doc.xml,0001145549-24-061741,2024-09-27,2024-07-31
S000006203,Large Cap Equity Fund,C000189741,2024-08-31,0.02256334381358,disclosed,1.0,https://www.sec.gov/Archives/edgar/data/100334/000114554924080395/primary_doc.xml,0001145549-24-080395,2024-12-23,2024-10-31
S000006203,Large Cap Equity Fund,C000189741,2024-09-30,0.01736299511666,disclosed,1.0,https://www.sec.gov/Archives/edgar/data/100334/000114554924080395/primary_doc.xml,0001145549-24-080395,2024-12-23,2024-10-31
S000006203,Large Cap Equity Fund,C000189741,2024-10-31,-0.020622222222220002,disclosed,1.0,https://www.sec.gov/Archives/edgar/data/100334/000114554924080395/primary_doc.xml,0001145549-24-080395,2024-12-23,2024-10-31
S000006203,Large Cap Equity Fund,C000189741,2024-11-30,0.055363949900160005,disclosed,1.0,https://www.sec.gov/Archives/edgar/data/100334/000114554925018871/primary_doc.xml,0001145549-25-018871,2025-03-21,2025-01-31
S000006203,Large Cap Equity Fund,C000189741,2024-12-31,-0.02596712458982,disclosed,1.0,https://www.sec.gov/Archives/edgar/data/100334/000114554925018871/primary_doc.xml,0001145549-25-018871,2025-03-21,2025-01-31
S000006203,Large Cap Equity Fund,C000189741,2025-01-31,0.022414767376150002,disclosed,1.0,https://www.sec.gov/Archives/edgar/data/100334/000114554925018871/primary_doc.xml,0001145549-25-018871,2025-03-21,2025-01-31
S000006203,Large Cap Equity Fund,C000189741,2025-02-28,-0.02616064848931,disclosed,1.0,https://www.sec.gov/Archives/edgar/data/100334/000114554925043423/primary_doc.xml,0001145549-25-043423,2025-06-27,2025-04-30
S000006203,Large Cap Equity Fund,C000189741,2025-03-31,-0.06810442678774,disclosed,1.0,https://www.sec.gov/Archives/edgar/data/100334/000114554925043423/primary_doc.xml,0001145549-25-043423,2025-06-27,2025-04-30
S000006203,Large Cap Equity Fund,C000189741,2025-04-30,-0.00872919204222,disclosed,1.0,https://www.sec.gov/Archives/edgar/data/100334/000114554925043423/primary_doc.xml,0001145549-25-043423,2025-06-27,2025-04-30
S000006203,Large Cap Equity Fund,C000189741,2025-05-31,0.06348556215441,disclosed,1.0,https://www.sec.gov/Archives/edgar/data/100334/000119312525215736/primary_doc.xml,0001193125-25-215736,2025-09-24,2025-07-31
S000006203,Large Cap Equity Fund,C000189741,2025-06-30,0.04871943000193,disclosed,1.0,https://www.sec.gov/Archives/edgar/data/100334/000119312525215736/primary_doc.xml,0001193125-25-215736,2025-09-24,2025-07-31
S000006203,Large Cap Equity Fund,C000189741,2025-07-31,0.0174439955931,disclosed,1.0,https://www.sec.gov/Archives/edgar/data/100334/000119312525215736/primary_doc.xml,0001193125-25-215736,2025-09-24,2025-07-31
S000006203,Large Cap Equity Fund,C000189741,2025-08-31,0.02183721349937,disclosed,1.0,https://www.sec.gov/Archives/edgar/data/100334/000119312525335026/primary_doc.xml,0001193125-25-335026,2025-12-29,2025-10-31
S000006203,Large Cap Equity Fund,C000189741,2025-09-30,0.02825856587778,disclosed,1.0,https://www.sec.gov/Archives/edgar/data/100334/000119312525335026/primary_doc.xml,0001193125-25-335026,2025-12-29,2025-10-31
S000006203,Large Cap Equity Fund,C000189741,2025-10-31,0.01786327722432,disclosed,1.0,https://www.sec.gov/Archives/edgar/data/100334/000119312525335026/primary_doc.xml,0001193125-25-335026,2025-12-29,2025-10-31
S000006203,Large Cap Equity Fund,C000189741,2025-11-30,0.00320620992238,disclosed,1.0,https://www.sec.gov/Archives/edgar/data/100334/000119312526129677/primary_doc.xml,0001193125-26-129677,2026-03-30,2026-01-31
S000006203,Large Cap Equity Fund,C000189741,2025-12-31,-0.0047099036901,disclosed,1.0,https://www.sec.gov/Archives/edgar/data/100334/000119312526129677/primary_doc.xml,0001193125-26-129677,2026-03-30,2026-01-31
S000006203,Large Cap Equity Fund,C000189741,2026-01-31,0.01126878130217,disclosed,1.0,https://www.sec.gov/Archives/edgar/data/100334/000119312526129677/primary_doc.xml,0001193125-26-129677,2026-03-30,2026-01-31
S000006203,Large Cap Equity Fund,C000189741,2026-02-28,-0.01155592241024,disclosed,1.0,https://www.sec.gov/Archives/edgar/data/100334/000119312526284639/primary_doc.xml,0001193125-26-284639,2026-06-26,2026-04-30
S000006203,Large Cap Equity Fund,C000189741,2026-03-31,-0.057411273486430006,disclosed,1.0,https://www.sec.gov/Archives/edgar/data/100334/000119312526284639/primary_doc.xml,0001193125-26-284639,2026-06-26,2026-04-30
S000006203,Large Cap Equity Fund,C000189741,2026-04-30,0.10586932447398001,disclosed,1.0,https://www.sec.gov/Archives/edgar/data/100334/000119312526284639/primary_doc.xml,0001193125-26-284639,2026-06-26,2026-04-30
S000006203,Large Cap Equity Fund,C000189741,2026-05-31,0.03665131183657,disclosed,1.0,https://www.sec.gov/Archives/edgar/data/100334/000119312526407377/primary_doc.xml,0001193125-26-407377,2026-09-29,2026-07-31
S000006203,Large Cap Equity Fund,C000189741,2026-06-30,-0.00444358578053,disclosed,1.0,https://www.sec.gov/Archives/edgar/data/100334/000119312526407377/primary_doc.xml,0001193125-26-407377,2026-09-29,2026-07-31
S000006203,Large Cap Equity Fund,C000189741,2026-07-31,0.00349311080924,disclosed,1.0,https://www.sec.gov/Archives/edgar/data/100334/000119312526407377/primary_doc.xml,0001193125-26-407377,2026-09-29,2026-07-31
S000006203,Large Cap Equity Fund,C000189742,2019-08-31,-0.01545179711119,disclosed,1.0,https://www.sec.gov/Archives/edgar/data/100334/000114554919052687/primary_doc.xml,0001145549-19-052687,2019-12-23,2019-10-31
S000006203,Large Cap Equity Fund,C000189742,2019-09-30,0.01842374616172,disclosed,1.0,https://www.sec.gov/Archives/edgar/data/100334/000114554919052687/primary_doc.xml,0001145549-19-052687,2019-12-23,2019-10-31
S000006203,Large Cap Equity Fund,C000189742,2019-10-31,0.02378559463987,disclosed,1.0,https://www.sec.gov/Archives/edgar/data/100334/000114554919052687/primary_doc.xml,0001145549-19-052687,2019-12-23,2019-10-31
S000006203,Large Cap Equity Fund,C000189742,2019-11-30,0.03992146596859,disclosed,1.0,https://www.sec.gov/Archives/edgar/data/100334/000114554920016601/primary_doc.xml,0001145549-20-016601,2020-03-24,2020-01-31
S000006203,Large Cap Equity Fund,C000189742,2019-12-31,0.03089846039667,disclosed,1.0,https://www.sec.gov/Archives/edgar/data/100334/000114554920016601/primary_doc.xml,0001145549-20-016601,2020-03-24,2020-01-31
S000006203,Large Cap Equity Fund,C000189742,2020-01-31,0.00061633281972,disclosed,1.0,https://www.sec.gov/Archives/edgar/data/100334/000114554920016601/primary_doc.xml,0001145549-20-016601,2020-03-24,2020-01-31
S000006203,Large Cap Equity Fund,C000189742,2020-02-29,-0.08253772713273999,disclosed,1.0,https://www.sec.gov/Archives/edgar/data/100334/000114554920036661/primary_doc.xml,0001145549-20-036661,2020-06-25,2020-04-30
S000006203,Large Cap Equity Fund,C000189742,2020-03-31,-0.11648204095334,disclosed,1.0,https://www.sec.gov/Archives/edgar/data/100334/000114554920036661/primary_doc.xml,0001145549-20-036661,2020-06-25,2020-04-30
S000006203,Large Cap Equity Fund,C000189742,2020-04-30,0.12310030395137,disclosed,1.0,https://www.sec.gov/Archives/edgar/data/100334/000114554920036661/primary_doc.xml,0001145549-20-036661,2020-06-25,2020-04-30
S000006203,Large Cap Equity Fund,C000189742,2020-05-31,0.055480378890389995,disclosed,1.0,https://www.sec.gov/Archives/edgar/data/100334/000114554920056783/primary_doc.xml,0001145549-20-056783,2020-09-25,2020-07-31
S000006203,Large Cap Equity Fund,C000189742,2020-06-30,0.02371794871795,disclosed,1.0,https://www.sec.gov/Archives/edgar/data/100334/000114554920056783/primary_doc.xml,0001145549-20-056783,2020-09-25,2020-07-31
S000006203,Large Cap Equity Fund,C000189742,2020-07-31,0.05353788353162,disclosed,1.0,https://www.sec.gov/Archives/edgar/data/100334/000114554920056783/primary_doc.xml,0001145549-20-056783,2020-09-25,2020-07-31
S000006203,Large Cap Equity Fund,C000189742,2020-08-31,0.07696879643388,disclosed,1.0,https://www.sec.gov/Archives/edgar/data/100334/000114554920076716/primary_doc.xml,0001145549-20-076716,2020-12-28,2020-10-31
S000006203,Large Cap Equity Fund,C000189742,2020-09-30,-0.03669977924945,disclosed,1.0,https://www.sec.gov/Archives/edgar/data/100334/000114554920076716/primary_doc.xml,0001145549-20-076716,2020-12-28,2020-10-31
S000006203,Large Cap Equity Fund,C000189742,2020-10-31,-0.031509596104269996,disclosed,1.0,https://www.sec.gov/Archives/edgar/data/100334/000114554920076716/primary_doc.xml,0001145549-20-076716,2020-12-28,2020-10-31
S000006203,Large Cap Equity Fund,C000189742,2020-11-30,0.10884353741496999,disclosed,1.0,https://www.sec.gov/Archives/edgar/data/100334/000114554921017592/primary_doc.xml,0001145549-21-017592,2021-03-25,2021-01-31
S000006203,Large Cap Equity Fund,C000189742,2020-12-31,0.036386394239589996,disclosed,1.0,https://www.sec.gov/Archives/edgar/data/100334/000114554921017592/primary_doc.xml,0001145549-21-017592,2021-03-25,2021-01-31
S000006203,Large Cap Equity Fund,C000189742,2021-01-31,-0.012966804979249999,disclosed,1.0,https://www.sec.gov/Archives/edgar/data/100334/000114554921017592/primary_doc.xml,0001145549-21-017592,2021-03-25,2021-01-31
S000006203,Large Cap Equity Fund,C000189742,2021-02-28,0.027062532842880002,disclosed,1.0,https://www.sec.gov/Archives/edgar/data/100334/000114554921036966/primary_doc.xml,0001145549-21-036966,2021-06-24,2021-04-30
S000006203,Large Cap Equity Fund,C000189742,2021-03-31,0.03914044512663,disclosed,1.0,https://www.sec.gov/Archives/edgar/data/100334/000114554921036966/primary_doc.xml,0001145549-21-036966,2021-06-24,2021-04-30
S000006203,Large Cap Equity Fund,C000189742,2021-04-30,0.056129985228950005,disclosed,1.0,https://www.sec.gov/Archives/edgar/data/100334/000114554921036966/primary_doc.xml,0001145549-21-036966,2021-06-24,2021-04-30
S000006203,Large Cap Equity Fund,C000189742,2021-05-31,0.0034965034965,disclosed,1.0,https://www.sec.gov/Archives/edgar/data/100334/000114554921055808/primary_doc.xml,0001145549-21-055808,2021-09-23,2021-07-31
S000006203,Large Cap Equity Fund,C000189742,2021-06-30,0.0274099883856,disclosed,1.0,https://www.sec.gov/Archives/edgar/data/100334/000114554921055808/primary_doc.xml,0001145549-21-055808,2021-09-23,2021-07-31
S000006203,Large Cap Equity Fund,C000189742,2021-07-31,0.02758308840154,disclosed,1.0,https://www.sec.gov/Archives/edgar/data/100334/000114554921055808/primary_doc.xml,0001145549-21-055808,2021-09-23,2021-07-31
S000006203,Large Cap Equity Fund,C000189742,2021-08-31,0.03344334433443,disclosed,1.0,https://www.sec.gov/Archives/edgar/data/100334/000114554921075058/primary_doc.xml,0001145549-21-075058,2021-12-21,2021-10-31
S000006203,Large Cap Equity Fund,C000189742,2021-09-30,-0.05024483713008,disclosed,1.0,https://www.sec.gov/Archives/edgar/data/100334/000114554921075058/primary_doc.xml,0001145549-21-075058,2021-12-21,2021-10-31
S000006203,Large Cap Equity Fund,C000189742,2021-10-31,0.08316520959426,disclosed,1.0,https://www.sec.gov/Archives/edgar/data/100334/000114554921075058/primary_doc.xml,0001145549-21-075058,2021-12-21,2021-10-31
S000006203,Large Cap Equity Fund,C000189742,2021-11-30,-0.01221026490066,disclosed,1.0,https://www.sec.gov/Archives/edgar/data/100334/000114554922018144/primary_doc.xml,0001145549-22-018144,2022-03-28,2022-01-31
S000006203,Large Cap Equity Fund,C000189742,2021-12-31,0.04228025555446,disclosed,1.0,https://www.sec.gov/Archives/edgar/data/100334/000114554922018144/primary_doc.xml,0001145549-22-018144,2022-03-28,2022-01-31
S000006203,Large Cap Equity Fund,C000189742,2022-01-31,-0.059904978310269995,disclosed,1.0,https://www.sec.gov/Archives/edgar/data/100334/000114554922018144/primary_doc.xml,0001145549-22-018144,2022-03-28,2022-01-31
S000006203,Large Cap Equity Fund,C000189742,2022-02-28,-0.03581630410899,disclosed,1.0,https://www.sec.gov/Archives/edgar/data/100334/000114554922038098/primary_doc.xml,0001145549-22-038098,2022-06-24,2022-04-30
S000006203,Large Cap Equity Fund,C000189742,2022-03-31,0.02666362807657,disclosed,1.0,https://www.sec.gov/Archives/edgar/data/100334/000114554922038098/primary_doc.xml,0001145549-22-038098,2022-06-24,2022-04-30
S000006203,Large Cap Equity Fund,C000189742,2022-04-30,-0.09078801331853001,disclosed,1.0,https://www.sec.gov/Archives/edgar/data/100334/000114554922038098/primary_doc.xml,0001145549-22-038098,2022-06-24,2022-04-30
S000006203,Large Cap Equity Fund,C000189742,2022-05-31,-0.00732421875,disclosed,1.0,https://www.sec.gov/Archives/edgar/data/100334/000114554922056667/primary_doc.xml,0001145549-22-056667,2022-09-23,2022-07-31
S000006203,Large Cap Equity Fund,C000189742,2022-06-30,-0.07771765863256,disclosed,1.0,https://www.sec.gov/Archives/edgar/data/100334/000114554922056667/primary_doc.xml,0001145549-22-056667,2022-09-23,2022-07-31
S000006203,Large Cap Equity Fund,C000189742,2022-07-31,0.09386666666667001,disclosed,1.0,https://www.sec.gov/Archives/edgar/data/100334/000114554922056667/primary_doc.xml,0001145549-22-056667,2022-09-23,2022-07-31
S000006203,Large Cap Equity Fund,C000189742,2022-08-31,-0.04046806435885,disclosed,1.0,https://www.sec.gov/Archives/edgar/data/100334/000114554922077388/primary_doc.xml,0001145549-22-077388,2022-12-21,2022-10-31
S000006203,Large Cap Equity Fund,C000189742,2022-09-30,-0.08917682926829,disclosed,1.0,https://www.sec.gov/Archives/edgar/data/100334/000114554922077388/primary_doc.xml,0001145549-22-077388,2022-12-21,2022-10-31
S000006203,Large Cap Equity Fund,C000189742,2022-10-31,0.08842398884239999,disclosed,1.0,https://www.sec.gov/Archives/edgar/data/100334/000114554922077388/primary_doc.xml,0001145549-22-077388,2022-12-21,2022-10-31
S000006203,Large Cap Equity Fund,C000189742,2022-11-30,0.06458226550486999,disclosed,1.0,https://www.sec.gov/Archives/edgar/data/100334/000114554923018836/primary_doc.xml,0001145549-23-018836,2023-03-28,2023-01-31
S000006203,Large Cap Equity Fund,C000189742,2022-12-31,-0.05887737248844,disclosed,1.0,https://www.sec.gov/Archives/edgar/data/100334/000114554923018836/primary_doc.xml,0001145549-23-018836,2023-03-28,2023-01-31
S000006203,Large Cap Equity Fund,C000189742,2023-01-31,0.061208677685949994,disclosed,1.0,https://www.sec.gov/Archives/edgar/data/100334/000114554923018836/primary_doc.xml,0001145549-23-018836,2023-03-28,2023-01-31
S000006203,Large Cap Equity Fund,C000189742,2023-02-28,-0.02604039912387,disclosed,1.0,https://www.sec.gov/Archives/edgar/data/100334/000114554923037789/primary_doc.xml,0001145549-23-037789,2023-06-23,2023-04-30
S000006203,Large Cap Equity Fund,C000189742,2023-03-31,0.0352323838081,disclosed,1.0,https://www.sec.gov/Archives/edgar/data/100334/000114554923037789/primary_doc.xml,0001145549-23-037789,2023-06-23,2023-04-30
S000006203,Large Cap Equity Fund,C000189742,2023-04-30,0.00893072652667,disclosed,1.0,https://www.sec.gov/Archives/edgar/data/100334/000114554923037789/primary_doc.xml,0001145549-23-037789,2023-06-23,2023-04-30
S000006203,Large Cap Equity Fund,C000189742,2023-05-31,0.007177033492819999,disclosed,1.0,https://www.sec.gov/Archives/edgar/data/100334/000114554923056467/primary_doc.xml,0001145549-23-056467,2023-09-21,2023-07-31
S000006203,Large Cap Equity Fund,C000189742,2023-06-30,0.058907363420429994,disclosed,1.0,https://www.sec.gov/Archives/edgar/data/100334/000114554923056467/primary_doc.xml,0001145549-23-056467,2023-09-21,2023-07-31
S000006203,Large Cap Equity Fund,C000189742,2023-07-31,0.03589053387169,disclosed,1.0,https://www.sec.gov/Archives/edgar/data/100334/000114554923056467/primary_doc.xml,0001145549-23-056467,2023-09-21,2023-07-31
S000006203,Large Cap Equity Fund,C000189742,2023-08-31,-0.01818969250758,disclosed,1.0,https://www.sec.gov/Archives/edgar/data/100334/000114554923077013/primary_doc.xml,0001145549-23-077013,2023-12-22,2023-10-31
S000006203,Large Cap Equity Fund,C000189742,2023-09-30,-0.04852227613586,disclosed,1.0,https://www.sec.gov/Archives/edgar/data/100334/000114554923077013/primary_doc.xml,0001145549-23-077013,2023-12-22,2023-10-31
S000006203,Large Cap Equity Fund,C000189742,2023-10-31,-0.01784886416319,disclosed,1.0,https://www.sec.gov/Archives/edgar/data/100334/000114554923077013/primary_doc.xml,0001145549-23-077013,2023-12-22,2023-10-31
S000006203,Large Cap Equity Fund,C000189742,2023-11-30,0.08661789001652,disclosed,1.0,https://www.sec.gov/Archives/edgar/data/100334/000114554924017640/primary_doc.xml,0001145549-24-017640,2024-03-27,2024-01-31
S000006203,Large Cap Equity Fund,C000189742,2023-12-31,0.04828974168534,disclosed,1.0,https://www.sec.gov/Archives/edgar/data/100334/000114554924017640/primary_doc.xml,0001145549-24-017640,2024-03-27,2024-01-31
S000006203,Large Cap Equity Fund,C000189742,2024-01-31,0.01904358865848,disclosed,1.0,https://www.sec.gov/Archives/edgar/data/100334/000114554924017640/primary_doc.xml,0001145549-24-017640,2024-03-27,2024-01-31
S000006203,Large Cap Equity Fund,C000189742,2024-02-29,0.05606312292359,disclosed,1.0,https://www.sec.gov/Archives/edgar/data/100334/000114554924039499/primary_doc.xml,0001145549-24-039499,2024-06-26,2024-04-30
S000006203,Large Cap Equity Fund,C000189742,2024-03-31,0.03185214313803,disclosed,1.0,https://www.sec.gov/Archives/edgar/data/100334/000114554924039499/primary_doc.xml,0001145549-24-039499,2024-06-26,2024-04-30
S000006203,Large Cap Equity Fund,C000189742,2024-04-30,-0.04744664634146,disclosed,1.0,https://www.sec.gov/Archives/edgar/data/100334/000114554924039499/primary_doc.xml,0001145549-24-039499,2024-06-26,2024-04-30
S000006203,Large Cap Equity Fund,C000189742,2024-05-31,0.04480896179236,disclosed,1.0,https://www.sec.gov/Archives/edgar/data/100334/000114554924061741/primary_doc.xml,0001145549-24-061741,2024-09-27,2024-07-31
S000006203,Large Cap Equity Fund,C000189742,2024-06-30,0.03082519624737,disclosed,1.0,https://www.sec.gov/Archives/edgar/data/100334/000114554924061741/primary_doc.xml,0001145549-24-061741,2024-09-27,2024-07-31
S000006203,Large Cap Equity Fund,C000189742,2024-07-31,0.00520059435364,disclosed,1.0,https://www.sec.gov/Archives/edgar/data/100334/000114554924061741/primary_doc.xml,0001145549-24-061741,2024-09-27,2024-07-31
S000006203,Large Cap Equity Fund,C000189742,2024-08-31,0.022727272727269997,disclosed,1.0,https://www.sec.gov/Archives/edgar/data/100334/000114554924080395/primary_doc.xml,0001145549-24-080395,2024-12-23,2024-10-31
S000006203,Large Cap Equity Fund,C000189742,2024-09-30,0.01752484191509,disclosed,1.0,https://www.sec.gov/Archives/edgar/data/100334/000114554924080395/primary_doc.xml,0001145549-24-080395,2024-12-23,2024-10-31
S000006203,Large Cap Equity Fund,C000189742,2024-10-31,-0.02059659090909,disclosed,1.0,https://www.sec.gov/Archives/edgar/data/100334/000114554924080395/primary_doc.xml,0001145549-24-080395,2024-12-23,2024-10-31
S000006203,Large Cap Equity Fund,C000189742,2024-11-30,0.05565627266135,disclosed,1.0,https://www.sec.gov/Archives/edgar/data/100334/000114554925018871/primary_doc.xml,0001145549-25-018871,2025-03-21,2025-01-31
S000006203,Large Cap Equity Fund,C000189742,2024-12-31,-0.02582929183722,disclosed,1.0,https://www.sec.gov/Archives/edgar/data/100334/000114554925018871/primary_doc.xml,0001145549-25-018871,2025-03-21,2025-01-31
S000006203,Large Cap Equity Fund,C000189742,2025-01-31,0.02241054613936,disclosed,1.0,https://www.sec.gov/Archives/edgar/data/100334/000114554925018871/primary_doc.xml,0001145549-25-018871,2025-03-21,2025-01-31
S000006203,Large Cap Equity Fund,C000189742,2025-02-28,-0.02597163381838,disclosed,1.0,https://www.sec.gov/Archives/edgar/data/100334/000114554925043423/primary_doc.xml,0001145549-25-043423,2025-06-27,2025-04-30
S000006203,Large Cap Equity Fund,C000189742,2025-03-31,-0.06807866868381,disclosed,1.0,https://www.sec.gov/Archives/edgar/data/100334/000114554925043423/primary_doc.xml,0001145549-25-043423,2025-06-27,2025-04-30
S000006203,Large Cap Equity Fund,C000189742,2025-04-30,-0.00872564935065,disclosed,1.0,https://www.sec.gov/Archives/edgar/data/100334/000114554925043423/primary_doc.xml,0001145549-25-043423,2025-06-27,2025-04-30
S000006203,Large Cap Equity Fund,C000189742,2025-05-31,0.06386898669396,disclosed,1.0,https://www.sec.gov/Archives/edgar/data/100334/000119312525215736/primary_doc.xml,0001193125-25-215736,2025-09-24,2025-07-31
S000006203,Large Cap Equity Fund,C000189742,2025-06-30,0.04868193188378,disclosed,1.0,https://www.sec.gov/Archives/edgar/data/100334/000119312525215736/primary_doc.xml,0001193125-25-215736,2025-09-24,2025-07-31
S000006203,Large Cap Equity Fund,C000189742,2025-07-31,0.01761467889908,disclosed,1.0,https://www.sec.gov/Archives/edgar/data/100334/000119312525215736/primary_doc.xml,0001193125-25-215736,2025-09-24,2025-07-31
S000006203,Large Cap Equity Fund,C000189742,2025-08-31,0.0219978362784,disclosed,1.0,https://www.sec.gov/Archives/edgar/data/100334/000119312525335026/primary_doc.xml,0001193125-25-335026,2025-12-29,2025-10-31
S000006203,Large Cap Equity Fund,C000189742,2025-09-30,0.02840508115738,disclosed,1.0,https://www.sec.gov/Archives/edgar/data/100334/000119312525335026/primary_doc.xml,0001193125-25-335026,2025-12-29,2025-10-31
S000006203,Large Cap Equity Fund,C000189742,2025-10-31,0.01801338136902,disclosed,1.0,https://www.sec.gov/Archives/edgar/data/100334/000119312525335026/primary_doc.xml,0001193125-25-335026,2025-12-29,2025-10-31
S000006203,Large Cap Equity Fund,C000189742,2025-11-30,0.00337040781935,disclosed,1.0,https://www.sec.gov/Archives/edgar/data/100334/000119312526129677/primary_doc.xml,0001193125-26-129677,2026-03-30,2026-01-31
S000006203,Large Cap Equity Fund,C000189742,2025-12-31,-0.00476917020709,disclosed,1.0,https://www.sec.gov/Archives/edgar/data/100334/000119312526129677/primary_doc.xml,0001193125-26-129677,2026-03-30,2026-01-31
S000006203,Large Cap Equity Fund,C000189742,2026-01-31,0.011477462437399999,disclosed,1.0,https://www.sec.gov/Archives/edgar/data/100334/000119312526129677/primary_doc.xml,0001193125-26-129677,2026-03-30,2026-01-31
S000006203,Large Cap Equity Fund,C000189742,2026-02-28,-0.01134722508768,disclosed,1.0,https://www.sec.gov/Archives/edgar/data/100334/000119312526284639/primary_doc.xml,0001193125-26-284639,2026-06-26,2026-04-30
S000006203,Large Cap Equity Fund,C000189742,2026-03-31,-0.05717863105175,disclosed,1.0,https://www.sec.gov/Archives/edgar/data/100334/000119312526284639/primary_doc.xml,0001193125-26-284639,2026-06-26,2026-04-30
S000006203,Large Cap Equity Fund,C000189742,2026-04-30,0.10579902611775,disclosed,1.0,https://www.sec.gov/Archives/edgar/data/100334/000119312526284639/primary_doc.xml,0001193125-26-284639,2026-06-26,2026-04-30
S000006203,Large Cap Equity Fund,C000189742,2026-05-31,0.036829463570860005,disclosed,1.0,https://www.sec.gov/Archives/edgar/data/100334/000119312526407377/primary_doc.xml,0001193125-26-407377,2026-09-29,2026-07-31
S000006203,Large Cap Equity Fund,C000189742,2026-06-30,-0.00444015444015,disclosed,1.0,https://www.sec.gov/Archives/edgar/data/100334/000119312526407377/primary_doc.xml,0001193125-26-407377,2026-09-29,2026-07-31
S000006203,Large Cap Equity Fund,C000189742,2026-07-31,0.0036843125848399997,disclosed,1.0,https://www.sec.gov/Archives/edgar/data/100334/000119312526407377/primary_doc.xml,0001193125-26-407377,2026-09-29,2026-07-31
S000006203,Large Cap Equity Fund,C000212513,2019-08-31,-0.015095605501510002,disclosed,1.0,https://www.sec.gov/Archives/edgar/data/100334/000114554919052687/primary_doc.xml,0001145549-19-052687,2019-12-23,2019-10-31
S000006203,Large Cap Equity Fund,C000212513,2019-09-30,0.01873297002725,disclosed,1.0,https://www.sec.gov/Archives/edgar/data/100334/000114554919052687/primary_doc.xml,0001145549-19-052687,2019-12-23,2019-10-31
S000006203,Large Cap Equity Fund,C000212513,2019-10-31,0.02440655299231,disclosed,1.0,https://www.sec.gov/Archives/edgar/data/100334/000114554919052687/primary_doc.xml,0001145549-19-052687,2019-12-23,2019-10-31
S000006203,Large Cap Equity Fund,C000212513,2019-11-30,0.04014360313316,disclosed,1.0,https://www.sec.gov/Archives/edgar/data/100334/000114554920016601/primary_doc.xml,0001145549-20-016601,2020-03-24,2020-01-31
S000006203,Large Cap Equity Fund,C000212513,2019-12-31,0.03149125904229,disclosed,1.0,https://www.sec.gov/Archives/edgar/data/100334/000114554920016601/primary_doc.xml,0001145549-20-016601,2020-03-24,2020-01-31
S000006203,Large Cap Equity Fund,C000212513,2020-01-31,0.0009236453202,disclosed,1.0,https://www.sec.gov/Archives/edgar/data/100334/000114554920016601/primary_doc.xml,0001145549-20-016601,2020-03-24,2020-01-31
S000006203,Large Cap Equity Fund,C000212513,2020-02-29,-0.08212857582282,disclosed,1.0,https://www.sec.gov/Archives/edgar/data/100334/000114554920036661/primary_doc.xml,0001145549-20-036661,2020-06-25,2020-04-30
S000006203,Large Cap Equity Fund,C000212513,2020-03-31,-0.11628686327078,disclosed,1.0,https://www.sec.gov/Archives/edgar/data/100334/000114554920036661/primary_doc.xml,0001145549-20-036661,2020-06-25,2020-04-30
S000006203,Large Cap Equity Fund,C000212513,2020-04-30,0.12324611300720999,disclosed,1.0,https://www.sec.gov/Archives/edgar/data/100334/000114554920036661/primary_doc.xml,0001145549-20-036661,2020-06-25,2020-04-30
S000006203,Large Cap Equity Fund,C000212513,2020-05-31,0.05604321404456,disclosed,1.0,https://www.sec.gov/Archives/edgar/data/100334/000114554920056783/primary_doc.xml,0001145549-20-056783,2020-09-25,2020-07-31
S000006203,Large Cap Equity Fund,C000212513,2020-06-30,0.02397698209719,disclosed,1.0,https://www.sec.gov/Archives/edgar/data/100334/000114554920056783/primary_doc.xml,0001145549-20-056783,2020-09-25,2020-07-31
S000006203,Large Cap Equity Fund,C000212513,2020-07-31,0.054324071183270005,disclosed,1.0,https://www.sec.gov/Archives/edgar/data/100334/000114554920056783/primary_doc.xml,0001145549-20-056783,2020-09-25,2020-07-31
S000006203,Large Cap Equity Fund,C000212513,2020-08-31,0.07728753331359,disclosed,1.0,https://www.sec.gov/Archives/edgar/data/100334/000114554920076716/primary_doc.xml,0001145549-20-076716,2020-12-28,2020-10-31
S000006203,Large Cap Equity Fund,C000212513,2020-09-30,-0.03655854865311,disclosed,1.0,https://www.sec.gov/Archives/edgar/data/100334/000114554920076716/primary_doc.xml,0001145549-20-076716,2020-12-28,2020-10-31
S000006203,Large Cap Equity Fund,C000212513,2020-10-31,-0.03081312410842,disclosed,1.0,https://www.sec.gov/Archives/edgar/data/100334/000114554920076716/primary_doc.xml,0001145549-20-076716,2020-12-28,2020-10-31
S000006203,Large Cap Equity Fund,C000212513,2020-11-30,0.10921401236385,disclosed,1.0,https://www.sec.gov/Archives/edgar/data/100334/000114554921017592/primary_doc.xml,0001145549-21-017592,2021-03-25,2021-01-31
S000006203,Large Cap Equity Fund,C000212513,2020-12-31,0.03645951777149,disclosed,1.0,https://www.sec.gov/Archives/edgar/data/100334/000114554921017592/primary_doc.xml,0001145549-21-017592,2021-03-25,2021-01-31
S000006203,Large Cap Equity Fund,C000212513,2021-01-31,-0.01243845555843,disclosed,1.0,https://www.sec.gov/Archives/edgar/data/100334/000114554921017592/primary_doc.xml,0001145549-21-017592,2021-03-25,2021-01-31
S000006203,Large Cap Equity Fund,C000212513,2021-02-28,0.027289425347680002,disclosed,1.0,https://www.sec.gov/Archives/edgar/data/100334/000114554921036966/primary_doc.xml,0001145549-21-036966,2021-06-24,2021-04-30
S000006203,Large Cap Equity Fund,C000212513,2021-03-31,0.039591315453379995,disclosed,1.0,https://www.sec.gov/Archives/edgar/data/100334/000114554921036966/primary_doc.xml,0001145549-21-036966,2021-06-24,2021-04-30
S000006203,Large Cap Equity Fund,C000212513,2021-04-30,0.05651105651106,disclosed,1.0,https://www.sec.gov/Archives/edgar/data/100334/000114554921036966/primary_doc.xml,0001145549-21-036966,2021-06-24,2021-04-30
S000006203,Large Cap Equity Fund,C000212513,2021-05-31,0.0037209302325600002,disclosed,1.0,https://www.sec.gov/Archives/edgar/data/100334/000114554921055808/primary_doc.xml,0001145549-21-055808,2021-09-23,2021-07-31
S000006203,Large Cap Equity Fund,C000212513,2021-06-30,0.02803521779425,disclosed,1.0,https://www.sec.gov/Archives/edgar/data/100334/000114554921055808/primary_doc.xml,0001145549-21-055808,2021-09-23,2021-07-31
S000006203,Large Cap Equity Fund,C000212513,2021-07-31,0.02794681090827,disclosed,1.0,https://www.sec.gov/Archives/edgar/data/100334/000114554921055808/primary_doc.xml,0001145549-21-055808,2021-09-23,2021-07-31
S000006203,Large Cap Equity Fund,C000212513,2021-08-31,0.03376452532339,disclosed,1.0,https://www.sec.gov/Archives/edgar/data/100334/000114554921075058/primary_doc.xml,0001145549-21-075058,2021-12-21,2021-10-31
S000006203,Large Cap Equity Fund,C000212513,2021-09-30,-0.049840933191939996,disclosed,1.0,https://www.sec.gov/Archives/edgar/data/100334/000114554921075058/primary_doc.xml,0001145549-21-075058,2021-12-21,2021-10-31
S000006203,Large Cap Equity Fund,C000212513,2021-10-31,0.08348214285714001,disclosed,1.0,https://www.sec.gov/Archives/edgar/data/100334/000114554921075058/primary_doc.xml,0001145549-21-075058,2021-12-21,2021-10-31
S000006203,Large Cap Equity Fund,C000212513,2021-11-30,-0.01194890811702,disclosed,1.0,https://www.sec.gov/Archives/edgar/data/100334/000114554922018144/primary_doc.xml,0001145549-22-018144,2022-03-28,2022-01-31
S000006203,Large Cap Equity Fund,C000212513,2021-12-31,0.04277671109645,disclosed,1.0,https://www.sec.gov/Archives/edgar/data/100334/000114554922018144/primary_doc.xml,0001145549-22-018144,2022-03-28,2022-01-31
S000006203,Large Cap Equity Fund,C000212513,2022-01-31,-0.05943045810978,disclosed,1.0,https://www.sec.gov/Archives/edgar/data/100334/000114554922018144/primary_doc.xml,0001145549-22-018144,2022-03-28,2022-01-31
S000006203,Large Cap Equity Fund,C000212513,2022-02-28,-0.03554190434401,disclosed,1.0,https://www.sec.gov/Archives/edgar/data/100334/000114554922038098/primary_doc.xml,0001145549-22-038098,2022-06-24,2022-04-30
S000006203,Large Cap Equity Fund,C000212513,2022-03-31,0.027070063694269998,disclosed,1.0,https://www.sec.gov/Archives/edgar/data/100334/000114554922038098/primary_doc.xml,0001145549-22-038098,2022-06-24,2022-04-30
S000006203,Large Cap Equity Fund,C000212513,2022-04-30,-0.0905869324474,disclosed,1.0,https://www.sec.gov/Archives/edgar/data/100334/000114554922038098/primary_doc.xml,0001145549-22-038098,2022-06-24,2022-04-30
S000006203,Large Cap Equity Fund,C000212513,2022-05-31,-0.0068192888455900005,disclosed,1.0,https://www.sec.gov/Archives/edgar/data/100334/000114554922056667/primary_doc.xml,0001145549-22-056667,2022-09-23,2022-07-31
S000006203,Large Cap Equity Fund,C000212513,2022-06-30,-0.07748896517901,disclosed,1.0,https://www.sec.gov/Archives/edgar/data/100334/000114554922056667/primary_doc.xml,0001145549-22-056667,2022-09-23,2022-07-31
S000006203,Large Cap Equity Fund,C000212513,2022-07-31,0.09436469962786,disclosed,1.0,https://www.sec.gov/Archives/edgar/data/100334/000114554922056667/primary_doc.xml,0001145549-22-056667,2022-09-23,2022-07-31
S000006203,Large Cap Equity Fund,C000212513,2022-08-31,-0.040077726499880006,disclosed,1.0,https://www.sec.gov/Archives/edgar/data/100334/000114554922077388/primary_doc.xml,0001145549-22-077388,2022-12-21,2022-10-31
S000006203,Large Cap Equity Fund,C000212513,2022-09-30,-0.08906882591093,disclosed,1.0,https://www.sec.gov/Archives/edgar/data/100334/000114554922077388/primary_doc.xml,0001145549-22-077388,2022-12-21,2022-10-31
S000006203,Large Cap Equity Fund,C000212513,2022-10-31,0.08916666666667,disclosed,1.0,https://www.sec.gov/Archives/edgar/data/100334/000114554922077388/primary_doc.xml,0001145549-22-077388,2022-12-21,2022-10-31
S000006203,Large Cap Equity Fund,C000212513,2022-11-30,0.06477939301199,disclosed,1.0,https://www.sec.gov/Archives/edgar/data/100334/000114554923018836/primary_doc.xml,0001145549-23-018836,2023-03-28,2023-01-31
S000006203,Large Cap Equity Fund,C000212513,2022-12-31,-0.05837273277755,disclosed,1.0,https://www.sec.gov/Archives/edgar/data/100334/000114554923018836/primary_doc.xml,0001145549-23-018836,2023-03-28,2023-01-31
S000006203,Large Cap Equity Fund,C000212513,2023-01-31,0.06138767087955,disclosed,1.0,https://www.sec.gov/Archives/edgar/data/100334/000114554923018836/primary_doc.xml,0001145549-23-018836,2023-03-28,2023-01-31
S000006203,Large Cap Equity Fund,C000212513,2023-02-28,-0.02575941676792,disclosed,1.0,https://www.sec.gov/Archives/edgar/data/100334/000114554923037789/primary_doc.xml,0001145549-23-037789,2023-06-23,2023-04-30
S000006203,Large Cap Equity Fund,C000212513,2023-03-31,0.03566974307807,disclosed,1.0,https://www.sec.gov/Archives/edgar/data/100334/000114554923037789/primary_doc.xml,0001145549-23-037789,2023-06-23,2023-04-30
S000006203,Large Cap Equity Fund,C000212513,2023-04-30,0.00939306358381,disclosed,1.0,https://www.sec.gov/Archives/edgar/data/100334/000114554923037789/primary_doc.xml,0001145549-23-037789,2023-06-23,2023-04-30
S000006203,Large Cap Equity Fund,C000212513,2023-05-31,0.0073968026723900005,disclosed,1.0,https://www.sec.gov/Archives/edgar/data/100334/000114554923056467/primary_doc.xml,0001145549-23-056467,2023-09-21,2023-07-31
S000006203,Large Cap Equity Fund,C000212513,2023-06-30,0.059450497394599996,disclosed,1.0,https://www.sec.gov/Archives/edgar/data/100334/000114554923056467/primary_doc.xml,0001145549-23-056467,2023-09-21,2023-07-31
S000006203,Large Cap Equity Fund,C000212513,2023-07-31,0.03644086742678,disclosed,1.0,https://www.sec.gov/Archives/edgar/data/100334/000114554923056467/primary_doc.xml,0001145549-23-056467,2023-09-21,2023-07-31
S000006203,Large Cap Equity Fund,C000212513,2023-08-31,-0.018119068162209997,disclosed,1.0,https://www.sec.gov/Archives/edgar/data/100334/000114554923077013/primary_doc.xml,0001145549-23-077013,2023-12-22,2023-10-31
S000006203,Large Cap Equity Fund,C000212513,2023-09-30,-0.047891036906849996,disclosed,1.0,https://www.sec.gov/Archives/edgar/data/100334/000114554923077013/primary_doc.xml,0001145549-23-077013,2023-12-22,2023-10-31
S000006203,Large Cap Equity Fund,C000212513,2023-10-31,-0.01753576372866,disclosed,1.0,https://www.sec.gov/Archives/edgar/data/100334/000114554923077013/primary_doc.xml,0001145549-23-077013,2023-12-22,2023-10-31
S000006203,Large Cap Equity Fund,C000212513,2023-11-30,0.08689525598873,disclosed,1.0,https://www.sec.gov/Archives/edgar/data/100334/000114554924017640/primary_doc.xml,0001145549-24-017640,2024-03-27,2024-01-31
S000006203,Large Cap Equity Fund,C000212513,2023-12-31,0.048686971863680005,disclosed,1.0,https://www.sec.gov/Archives/edgar/data/100334/000114554924017640/primary_doc.xml,0001145549-24-017640,2024-03-27,2024-01-31
S000006203,Large Cap Equity Fund,C000212513,2024-01-31,0.01944209636517,disclosed,1.0,https://www.sec.gov/Archives/edgar/data/100334/000114554924017640/primary_doc.xml,0001145549-24-017640,2024-03-27,2024-01-31
S000006203,Large Cap Equity Fund,C000212513,2024-02-29,0.056384742951910004,disclosed,1.0,https://www.sec.gov/Archives/edgar/data/100334/000114554924039499/primary_doc.xml,0001145549-24-039499,2024-06-26,2024-04-30
S000006203,Large Cap Equity Fund,C000212513,2024-03-31,0.03237833594977,disclosed,1.0,https://www.sec.gov/Archives/edgar/data/100334/000114554924039499/primary_doc.xml,0001145549-24-039499,2024-06-26,2024-04-30
S000006203,Large Cap Equity Fund,C000212513,2024-04-30,-0.04713932712412,disclosed,1.0,https://www.sec.gov/Archives/edgar/data/100334/000114554924039499/primary_doc.xml,0001145549-24-039499,2024-06-26,2024-04-30
S000006203,Large Cap Equity Fund,C000212513,2024-05-31,0.04508278475962,disclosed,1.0,https://www.sec.gov/Archives/edgar/data/100334/000114554924061741/primary_doc.xml,0001145549-24-061741,2024-09-27,2024-07-31
S000006203,Large Cap Equity Fund,C000212513,2024-06-30,0.03130368390914,disclosed,1.0,https://www.sec.gov/Archives/edgar/data/100334/000114554924061741/primary_doc.xml,0001145549-24-061741,2024-09-27,2024-07-31
S000006203,Large Cap Equity Fund,C000212513,2024-07-31,0.0055524708495300005,disclosed,1.0,https://www.sec.gov/Archives/edgar/data/100334/000114554924061741/primary_doc.xml,0001145549-24-061741,2024-09-27,2024-07-31
S000006203,Large Cap Equity Fund,C000212513,2024-08-31,0.02300754647524,disclosed,1.0,https://www.sec.gov/Archives/edgar/data/100334/000114554924080395/primary_doc.xml,0001145549-24-080395,2024-12-23,2024-10-31
S000006203,Large Cap Equity Fund,C000212513,2024-09-30,0.01781216264843,disclosed,1.0,https://www.sec.gov/Archives/edgar/data/100334/000114554924080395/primary_doc.xml,0001145549-24-080395,2024-12-23,2024-10-31
S000006203,Large Cap Equity Fund,C000212513,2024-10-31,-0.0199752519003,disclosed,1.0,https://www.sec.gov/Archives/edgar/data/100334/000114554924080395/primary_doc.xml,0001145549-24-080395,2024-12-23,2024-10-31
S000006203,Large Cap Equity Fund,C000212513,2024-11-30,0.05591630591631,disclosed,1.0,https://www.sec.gov/Archives/edgar/data/100334/000114554925018871/primary_doc.xml,0001145549-25-018871,2025-03-21,2025-01-31
S000006203,Large Cap Equity Fund,C000212513,2024-12-31,-0.02553039876374,disclosed,1.0,https://www.sec.gov/Archives/edgar/data/100334/000114554925018871/primary_doc.xml,0001145549-25-018871,2025-03-21,2025-01-31
S000006203,Large Cap Equity Fund,C000212513,2025-01-31,0.022945269889030003,disclosed,1.0,https://www.sec.gov/Archives/edgar/data/100334/000114554925018871/primary_doc.xml,0001145549-25-018871,2025-03-21,2025-01-31
S000006203,Large Cap Equity Fund,C000212513,2025-02-28,-0.02574002574003,disclosed,1.0,https://www.sec.gov/Archives/edgar/data/100334/000114554925043423/primary_doc.xml,0001145549-25-043423,2025-06-27,2025-04-30
S000006203,Large Cap Equity Fund,C000212513,2025-03-31,-0.06774863181732,disclosed,1.0,https://www.sec.gov/Archives/edgar/data/100334/000114554925043423/primary_doc.xml,0001145549-25-043423,2025-06-27,2025-04-30
S000006203,Large Cap Equity Fund,C000212513,2025-04-30,-0.0082995951417,disclosed,1.0,https://www.sec.gov/Archives/edgar/data/100334/000114554925043423/primary_doc.xml,0001145549-25-043423,2025-06-27,2025-04-30
S000006203,Large Cap Equity Fund,C000212513,2025-05-31,0.06409471320678,disclosed,1.0,https://www.sec.gov/Archives/edgar/data/100334/000119312525215736/primary_doc.xml,0001193125-25-215736,2025-09-24,2025-07-31
S000006203,Large Cap Equity Fund,C000212513,2025-06-30,0.049299827354690004,disclosed,1.0,https://www.sec.gov/Archives/edgar/data/100334/000119312525215736/primary_doc.xml,0001193125-25-215736,2025-09-24,2025-07-31
S000006203,Large Cap Equity Fund,C000212513,2025-07-31,0.017915904936010002,disclosed,1.0,https://www.sec.gov/Archives/edgar/data/100334/000119312525215736/primary_doc.xml,0001193125-25-215736,2025-09-24,2025-07-31
S000006203,Large Cap Equity Fund,C000212513,2025-08-31,0.02227011494253,disclosed,1.0,https://www.sec.gov/Archives/edgar/data/100334/000119312525335026/primary_doc.xml,0001193125-25-335026,2025-12-29,2025-10-31
S000006203,Large Cap Equity Fund,C000212513,2025-09-30,0.02881236823612,disclosed,1.0,https://www.sec.gov/Archives/edgar/data/100334/000119312525335026/primary_doc.xml,0001193125-25-335026,2025-12-29,2025-10-31
S000006203,Large Cap Equity Fund,C000212513,2025-10-31,0.01844262295082,disclosed,1.0,https://www.sec.gov/Archives/edgar/data/100334/000119312525335026/primary_doc.xml,0001193125-25-335026,2025-12-29,2025-10-31
S000006203,Large Cap Equity Fund,C000212513,2025-11-30,0.0036887994634499997,disclosed,1.0,https://www.sec.gov/Archives/edgar/data/100334/000119312526129677/primary_doc.xml,0001193125-26-129677,2026-03-30,2026-01-31
S000006203,Large Cap Equity Fund,C000212513,2025-12-31,-0.00437732001983,disclosed,1.0,https://www.sec.gov/Archives/edgar/data/100334/000119312526129677/primary_doc.xml,0001193125-26-129677,2026-03-30,2026-01-31
S000006203,Large Cap Equity Fund,C000212513,2026-01-31,0.011875,disclosed,1.0,https://www.sec.gov/Archives/edgar/data/100334/000119312526129677/primary_doc.xml,0001193125-26-129677,2026-03-30,2026-01-31
S000006203,Large Cap Equity Fund,C000212513,2026-02-28,-0.01111797405806,disclosed,1.0,https://www.sec.gov/Archives/edgar/data/100334/000119312526284639/primary_doc.xml,0001193125-26-284639,2026-06-26,2026-04-30
S000006203,Large Cap Equity Fund,C000212513,2026-03-31,-0.05683947532792,disclosed,1.0,https://www.sec.gov/Archives/edgar/data/100334/000119312526284639/primary_doc.xml,0001193125-26-284639,2026-06-26,2026-04-30
S000006203,Large Cap Equity Fund,C000212513,2026-04-30,0.10640176600441001,disclosed,1.0,https://www.sec.gov/Archives/edgar/data/100334/000119312526284639/primary_doc.xml,0001193125-26-284639,2026-06-26,2026-04-30
S000006203,Large Cap Equity Fund,C000212513,2026-05-31,0.037110933758979996,disclosed,1.0,https://www.sec.gov/Archives/edgar/data/100334/000119312526407377/primary_doc.xml,0001193125-26-407377,2026-09-29,2026-07-31
S000006203,Large Cap Equity Fund,C000212513,2026-06-30,-0.00404001539053,disclosed,1.0,https://www.sec.gov/Archives/edgar/data/100334/000119312526407377/primary_doc.xml,0001193125-26-407377,2026-09-29,2026-07-31
S000006203,Large Cap Equity Fund,C000212513,2026-07-31,0.00405640332239,disclosed,1.0,https://www.sec.gov/Archives/edgar/data/100334/000119312526407377/primary_doc.xml,0001193125-26-407377,2026-09-29,2026-07-31
S000006203,Large Cap Equity Fund,C000212514,2019-08-31,-0.01545179711119,disclosed,1.0,https://www.sec.gov/Archives/edgar/data/100334/000114554919052687/primary_doc.xml,0001145549-19-052687,2019-12-23,2019-10-31
S000006203,Large Cap Equity Fund,C000212514,2019-09-30,0.01842374616172,disclosed,1.0,https://www.sec.gov/Archives/edgar/data/100334/000114554919052687/primary_doc.xml,0001145549-19-052687,2019-12-23,2019-10-31
S000006203,Large Cap Equity Fund,C000212514,2019-10-31,0.02378559463987,disclosed,1.0,https://www.sec.gov/Archives/edgar/data/100334/000114554919052687/primary_doc.xml,0001145549-19-052687,2019-12-23,2019-10-31
S000006203,Large Cap Equity Fund,C000212514,2019-11-30,0.03992146596859,disclosed,1.0,https://www.sec.gov/Archives/edgar/data/100334/000114554920016601/primary_doc.xml,0001145549-20-016601,2020-03-24,2020-01-31
S000006203,Large Cap Equity Fund,C000212514,2019-12-31,0.03126508178305,disclosed,1.0,https://www.sec.gov/Archives/edgar/data/100334/000114554920016601/primary_doc.xml,0001145549-20-016601,2020-03-24,2020-01-31
S000006203,Large Cap Equity Fund,C000212514,2020-01-31,0.00030778701139,disclosed,1.0,https://www.sec.gov/Archives/edgar/data/100334/000114554920016601/primary_doc.xml,0001145549-20-016601,2020-03-24,2020-01-31
S000006203,Large Cap Equity Fund,C000212514,2020-02-29,-0.08246153846154,disclosed,1.0,https://www.sec.gov/Archives/edgar/data/100334/000114554920036661/primary_doc.xml,0001145549-20-036661,2020-06-25,2020-04-30
S000006203,Large Cap Equity Fund,C000212514,2020-03-31,-0.11670020120724,disclosed,1.0,https://www.sec.gov/Archives/edgar/data/100334/000114554920036661/primary_doc.xml,0001145549-20-036661,2020-06-25,2020-04-30
S000006203,Large Cap Equity Fund,C000212514,2020-04-30,0.12300683371297999,disclosed,1.0,https://www.sec.gov/Archives/edgar/data/100334/000114554920036661/primary_doc.xml,0001145549-20-036661,2020-06-25,2020-04-30
S000006203,Large Cap Equity Fund,C000212514,2020-05-31,0.055780933062880005,disclosed,1.0,https://www.sec.gov/Archives/edgar/data/100334/000114554920056783/primary_doc.xml,0001145549-20-056783,2020-09-25,2020-07-31
S000006203,Large Cap Equity Fund,C000212514,2020-06-30,0.023695164905540002,disclosed,1.0,https://www.sec.gov/Archives/edgar/data/100334/000114554920056783/primary_doc.xml,0001145549-20-056783,2020-09-25,2020-07-31
S000006203,Large Cap Equity Fund,C000212514,2020-07-31,0.05348764466688,disclosed,1.0,https://www.sec.gov/Archives/edgar/data/100334/000114554920056783/primary_doc.xml,0001145549-20-056783,2020-09-25,2020-07-31
S000006203,Large Cap Equity Fund,C000212514,2020-08-31,0.07719714964371,disclosed,1.0,https://www.sec.gov/Archives/edgar/data/100334/000114554920076716/primary_doc.xml,0001145549-20-076716,2020-12-28,2020-10-31
S000006203,Large Cap Equity Fund,C000212514,2020-09-30,-0.03693495038589,disclosed,1.0,https://www.sec.gov/Archives/edgar/data/100334/000114554920076716/primary_doc.xml,0001145549-20-076716,2020-12-28,2020-10-31
S000006203,Large Cap Equity Fund,C000212514,2020-10-31,-0.03148254149971,disclosed,1.0,https://www.sec.gov/Archives/edgar/data/100334/000114554920076716/primary_doc.xml,0001145549-20-076716,2020-12-28,2020-10-31
S000006203,Large Cap Equity Fund,C000212514,2020-11-30,0.10904255319148999,disclosed,1.0,https://www.sec.gov/Archives/edgar/data/100334/000114554921017592/primary_doc.xml,0001145549-21-017592,2021-03-25,2021-01-31
S000006203,Large Cap Equity Fund,C000212514,2020-12-31,0.03634744324791,disclosed,1.0,https://www.sec.gov/Archives/edgar/data/100334/000114554921017592/primary_doc.xml,0001145549-21-017592,2021-03-25,2021-01-31
S000006203,Large Cap Equity Fund,C000212514,2021-01-31,-0.01321243523316,disclosed,1.0,https://www.sec.gov/Archives/edgar/data/100334/000114554921017592/primary_doc.xml,0001145549-21-017592,2021-03-25,2021-01-31
S000006203,Large Cap Equity Fund,C000212514,2021-02-28,0.027303754266209998,disclosed,1.0,https://www.sec.gov/Archives/edgar/data/100334/000114554921036966/primary_doc.xml,0001145549-21-036966,2021-06-24,2021-04-30
S000006203,Large Cap Equity Fund,C000212514,2021-03-31,0.03910043444927,disclosed,1.0,https://www.sec.gov/Archives/edgar/data/100334/000114554921036966/primary_doc.xml,0001145549-21-036966,2021-06-24,2021-04-30
S000006203,Large Cap Equity Fund,C000212514,2021-04-30,0.05607476635514,disclosed,1.0,https://www.sec.gov/Archives/edgar/data/100334/000114554921036966/primary_doc.xml,0001145549-21-036966,2021-06-24,2021-04-30
S000006203,Large Cap Equity Fund,C000212514,2021-05-31,0.00349324639031,disclosed,1.0,https://www.sec.gov/Archives/edgar/data/100334/000114554921055808/primary_doc.xml,0001145549-21-055808,2021-09-23,2021-07-31
S000006203,Large Cap Equity Fund,C000212514,2021-06-30,0.02761661638431,disclosed,1.0,https://www.sec.gov/Archives/edgar/data/100334/000114554921055808/primary_doc.xml,0001145549-21-055808,2021-09-23,2021-07-31
S000006203,Large Cap Equity Fund,C000212514,2021-07-31,0.0273261065944,disclosed,1.0,https://www.sec.gov/Archives/edgar/data/100334/000114554921055808/primary_doc.xml,0001145549-21-055808,2021-09-23,2021-07-31
S000006203,Large Cap Equity Fund,C000212514,2021-08-31,0.03363376566278,disclosed,1.0,https://www.sec.gov/Archives/edgar/data/100334/000114554921075058/primary_doc.xml,0001145549-21-075058,2021-12-21,2021-10-31
S000006203,Large Cap Equity Fund,C000212514,2021-09-30,-0.050191407911530005,disclosed,1.0,https://www.sec.gov/Archives/edgar/data/100334/000114554921075058/primary_doc.xml,0001145549-21-075058,2021-12-21,2021-10-31
S000006203,Large Cap Equity Fund,C000212514,2021-10-31,0.08307210031347999,disclosed,1.0,https://www.sec.gov/Archives/edgar/data/100334/000114554921075058/primary_doc.xml,0001145549-21-075058,2021-12-21,2021-10-31
S000006203,Large Cap Equity Fund,C000212514,2021-11-30,-0.01240438288195,disclosed,1.0,https://www.sec.gov/Archives/edgar/data/100334/000114554922018144/primary_doc.xml,0001145549-22-018144,2022-03-28,2022-01-31
S000006203,Large Cap Equity Fund,C000212514,2021-12-31,0.04245381384323,disclosed,1.0,https://www.sec.gov/Archives/edgar/data/100334/000114554922018144/primary_doc.xml,0001145549-22-018144,2022-03-28,2022-01-31
S000006203,Large Cap Equity Fund,C000212514,2022-01-31,-0.059843169624429995,disclosed,1.0,https://www.sec.gov/Archives/edgar/data/100334/000114554922018144/primary_doc.xml,0001145549-22-018144,2022-03-28,2022-01-31
S000006203,Large Cap Equity Fund,C000212514,2022-02-28,-0.0359964881475,disclosed,1.0,https://www.sec.gov/Archives/edgar/data/100334/000114554922038098/primary_doc.xml,0001145549-22-038098,2022-06-24,2022-04-30
S000006203,Large Cap Equity Fund,C000212514,2022-03-31,0.02686703096539,disclosed,1.0,https://www.sec.gov/Archives/edgar/data/100334/000114554922038098/primary_doc.xml,0001145549-22-038098,2022-06-24,2022-04-30
S000006203,Large Cap Equity Fund,C000212514,2022-04-30,-0.09090909090909,disclosed,1.0,https://www.sec.gov/Archives/edgar/data/100334/000114554922038098/primary_doc.xml,0001145549-22-038098,2022-06-24,2022-04-30
S000006203,Large Cap Equity Fund,C000212514,2022-05-31,-0.00731707317073,disclosed,1.0,https://www.sec.gov/Archives/edgar/data/100334/000114554922056667/primary_doc.xml,0001145549-22-056667,2022-09-23,2022-07-31
S000006203,Large Cap Equity Fund,C000212514,2022-06-30,-0.07764127764128,disclosed,1.0,https://www.sec.gov/Archives/edgar/data/100334/000114554922056667/primary_doc.xml,0001145549-22-056667,2022-09-23,2022-07-31
S000006203,Large Cap Equity Fund,C000212514,2022-07-31,0.09376664890782999,disclosed,1.0,https://www.sec.gov/Archives/edgar/data/100334/000114554922056667/primary_doc.xml,0001145549-22-056667,2022-09-23,2022-07-31
S000006203,Large Cap Equity Fund,C000212514,2022-08-31,-0.040428641013149996,disclosed,1.0,https://www.sec.gov/Archives/edgar/data/100334/000114554922077388/primary_doc.xml,0001145549-22-077388,2022-12-21,2022-10-31
S000006203,Large Cap Equity Fund,C000212514,2022-09-30,-0.08934010152284,disclosed,1.0,https://www.sec.gov/Archives/edgar/data/100334/000114554922077388/primary_doc.xml,0001145549-22-077388,2022-12-21,2022-10-31
S000006203,Large Cap Equity Fund,C000212514,2022-10-31,0.08862876254181,disclosed,1.0,https://www.sec.gov/Archives/edgar/data/100334/000114554922077388/primary_doc.xml,0001145549-22-077388,2022-12-21,2022-10-31
S000006203,Large Cap Equity Fund,C000212514,2022-11-30,0.06451612903225999,disclosed,1.0,https://www.sec.gov/Archives/edgar/data/100334/000114554923018836/primary_doc.xml,0001145549-23-018836,2023-03-28,2023-01-31
S000006203,Large Cap Equity Fund,C000212514,2022-12-31,-0.058820637426360005,disclosed,1.0,https://www.sec.gov/Archives/edgar/data/100334/000114554923018836/primary_doc.xml,0001145549-23-018836,2023-03-28,2023-01-31
S000006203,Large Cap Equity Fund,C000212514,2023-01-31,0.06114551083591,disclosed,1.0,https://www.sec.gov/Archives/edgar/data/100334/000114554923018836/primary_doc.xml,0001145549-23-018836,2023-03-28,2023-01-31
S000006203,Large Cap Equity Fund,C000212514,2023-02-28,-0.026015074155120003,disclosed,1.0,https://www.sec.gov/Archives/edgar/data/100334/000114554923037789/primary_doc.xml,0001145549-23-037789,2023-06-23,2023-04-30
S000006203,Large Cap Equity Fund,C000212514,2023-03-31,0.03519720419371,disclosed,1.0,https://www.sec.gov/Archives/edgar/data/100334/000114554923037789/primary_doc.xml,0001145549-23-037789,2023-06-23,2023-04-30
S000006203,Large Cap Equity Fund,C000212514,2023-04-30,0.00892211237039,disclosed,1.0,https://www.sec.gov/Archives/edgar/data/100334/000114554923037789/primary_doc.xml,0001145549-23-037789,2023-06-23,2023-04-30
S000006203,Large Cap Equity Fund,C000212514,2023-05-31,0.00717017208413,disclosed,1.0,https://www.sec.gov/Archives/edgar/data/100334/000114554923056467/primary_doc.xml,0001145549-23-056467,2023-09-21,2023-07-31
S000006203,Large Cap Equity Fund,C000212514,2023-06-30,0.059088751779780006,disclosed,1.0,https://www.sec.gov/Archives/edgar/data/100334/000114554923056467/primary_doc.xml,0001145549-23-056467,2023-09-21,2023-07-31
S000006203,Large Cap Equity Fund,C000212514,2023-07-31,0.03585032489357,disclosed,1.0,https://www.sec.gov/Archives/edgar/data/100334/000114554923056467/primary_doc.xml,0001145549-23-056467,2023-09-21,2023-07-31
S000006203,Large Cap Equity Fund,C000212514,2023-08-31,-0.01838632922345,disclosed,1.0,https://www.sec.gov/Archives/edgar/data/100334/000114554923077013/primary_doc.xml,0001145549-23-077013,2023-12-22,2023-10-31
S000006203,Large Cap Equity Fund,C000212514,2023-09-30,-0.0482591449978,disclosed,1.0,https://www.sec.gov/Archives/edgar/data/100334/000114554923077013/primary_doc.xml,0001145549-23-077013,2023-12-22,2023-10-31
S000006203,Large Cap Equity Fund,C000212514,2023-10-31,-0.01805973605001,disclosed,1.0,https://www.sec.gov/Archives/edgar/data/100334/000114554923077013/primary_doc.xml,0001145549-23-077013,2023-12-22,2023-10-31
S000006203,Large Cap Equity Fund,C000212514,2023-11-30,0.08653619429380001,disclosed,1.0,https://www.sec.gov/Archives/edgar/data/100334/000114554924017640/primary_doc.xml,0001145549-24-017640,2024-03-27,2024-01-31
S000006203,Large Cap Equity Fund,C000212514,2023-12-31,0.04846477392654,disclosed,1.0,https://www.sec.gov/Archives/edgar/data/100334/000114554924017640/primary_doc.xml,0001145549-24-017640,2024-03-27,2024-01-31
S000006203,Large Cap Equity Fund,C000212514,2024-01-31,0.01902346227013,disclosed,1.0,https://www.sec.gov/Archives/edgar/data/100334/000114554924017640/primary_doc.xml,0001145549-24-017640,2024-03-27,2024-01-31
S000006203,Large Cap Equity Fund,C000212514,2024-02-29,0.056004978220290005,disclosed,1.0,https://www.sec.gov/Archives/edgar/data/100334/000114554924039499/primary_doc.xml,0001145549-24-039499,2024-06-26,2024-04-30
S000006203,Large Cap Equity Fund,C000212514,2024-03-31,0.03201728540562,disclosed,1.0,https://www.sec.gov/Archives/edgar/data/100334/000114554924039499/primary_doc.xml,0001145549-24-039499,2024-06-26,2024-04-30
S000006203,Large Cap Equity Fund,C000212514,2024-04-30,-0.04758279406167001,disclosed,1.0,https://www.sec.gov/Archives/edgar/data/100334/000114554924039499/primary_doc.xml,0001145549-24-039499,2024-06-26,2024-04-30
S000006203,Large Cap Equity Fund,C000212514,2024-05-31,0.04476418864908,disclosed,1.0,https://www.sec.gov/Archives/edgar/data/100334/000114554924061741/primary_doc.xml,0001145549-24-061741,2024-09-27,2024-07-31
S000006203,Large Cap Equity Fund,C000212514,2024-06-30,0.030986993113999998,disclosed,1.0,https://www.sec.gov/Archives/edgar/data/100334/000114554924061741/primary_doc.xml,0001145549-24-061741,2024-09-27,2024-07-31
S000006203,Large Cap Equity Fund,C000212514,2024-07-31,0.00500927643785,disclosed,1.0,https://www.sec.gov/Archives/edgar/data/100334/000114554924061741/primary_doc.xml,0001145549-24-061741,2024-09-27,2024-07-31
S000006203,Large Cap Equity Fund,C000212514,2024-08-31,0.022890899021600002,disclosed,1.0,https://www.sec.gov/Archives/edgar/data/100334/000114554924080395/primary_doc.xml,0001145549-24-080395,2024-12-23,2024-10-31
S000006203,Large Cap Equity Fund,C000212514,2024-09-30,0.01732539252842,disclosed,1.0,https://www.sec.gov/Archives/edgar/data/100334/000114554924080395/primary_doc.xml,0001145549-24-080395,2024-12-23,2024-10-31
S000006203,Large Cap Equity Fund,C000212514,2024-10-31,-0.02040092247649,disclosed,1.0,https://www.sec.gov/Archives/edgar/data/100334/000114554924080395/primary_doc.xml,0001145549-24-080395,2024-12-23,2024-10-31
S000006203,Large Cap Equity Fund,C000212514,2024-11-30,0.05559579862369,disclosed,1.0,https://www.sec.gov/Archives/edgar/data/100334/000114554925018871/primary_doc.xml,0001145549-25-018871,2025-03-21,2025-01-31
S000006203,Large Cap Equity Fund,C000212514,2024-12-31,-0.02598389660056,disclosed,1.0,https://www.sec.gov/Archives/edgar/data/100334/000114554925018871/primary_doc.xml,0001145549-25-018871,2025-03-21,2025-01-31
S000006203,Large Cap Equity Fund,C000212514,2025-01-31,0.02257761053622,disclosed,1.0,https://www.sec.gov/Archives/edgar/data/100334/000114554925018871/primary_doc.xml,0001145549-25-018871,2025-03-21,2025-01-31
S000006203,Large Cap Equity Fund,C000212514,2025-02-28,-0.02594296228151,disclosed,1.0,https://www.sec.gov/Archives/edgar/data/100334/000114554925043423/primary_doc.xml,0001145549-25-043423,2025-06-27,2025-04-30
S000006203,Large Cap Equity Fund,C000212514,2025-03-31,-0.06819040423120999,disclosed,1.0,https://www.sec.gov/Archives/edgar/data/100334/000114554925043423/primary_doc.xml,0001145549-25-043423,2025-06-27,2025-04-30
S000006203,Large Cap Equity Fund,C000212514,2025-04-30,-0.00851408878978,disclosed,1.0,https://www.sec.gov/Archives/edgar/data/100334/000114554925043423/primary_doc.xml,0001145549-25-043423,2025-06-27,2025-04-30
S000006203,Large Cap Equity Fund,C000212514,2025-05-31,0.06358617869556,disclosed,1.0,https://www.sec.gov/Archives/edgar/data/100334/000119312525215736/primary_doc.xml,0001193125-25-215736,2025-09-24,2025-07-31
S000006203,Large Cap Equity Fund,C000212514,2025-06-30,0.048827374086889995,disclosed,1.0,https://www.sec.gov/Archives/edgar/data/100334/000119312525215736/primary_doc.xml,0001193125-25-215736,2025-09-24,2025-07-31
S000006203,Large Cap Equity Fund,C000212514,2025-07-31,0.01759530791789,disclosed,1.0,https://www.sec.gov/Archives/edgar/data/100334/000119312525215736/primary_doc.xml,0001193125-25-215736,2025-09-24,2025-07-31
S000006203,Large Cap Equity Fund,C000212514,2025-08-31,0.02197406340058,disclosed,1.0,https://www.sec.gov/Archives/edgar/data/100334/000119312525335026/primary_doc.xml,0001193125-25-335026,2025-12-29,2025-10-31
S000006203,Large Cap Equity Fund,C000212514,2025-09-30,0.028375044060630003,disclosed,1.0,https://www.sec.gov/Archives/edgar/data/100334/000119312525335026/primary_doc.xml,0001193125-25-335026,2025-12-29,2025-10-31
S000006203,Large Cap Equity Fund,C000212514,2025-10-31,0.01816623821765,disclosed,1.0,https://www.sec.gov/Archives/edgar/data/100334/000119312525335026/primary_doc.xml,0001193125-25-335026,2025-12-29,2025-10-31
S000006203,Large Cap Equity Fund,C000212514,2025-11-30,0.00336643662683,disclosed,1.0,https://www.sec.gov/Archives/edgar/data/100334/000119312526129677/primary_doc.xml,0001193125-26-129677,2026-03-30,2026-01-31
S000006203,Large Cap Equity Fund,C000212514,2025-12-31,-0.00493242367966,disclosed,1.0,https://www.sec.gov/Archives/edgar/data/100334/000119312526129677/primary_doc.xml,0001193125-26-129677,2026-03-30,2026-01-31
S000006203,Large Cap Equity Fund,C000212514,2026-01-31,0.01167152980408,disclosed,1.0,https://www.sec.gov/Archives/edgar/data/100334/000119312526129677/primary_doc.xml,0001193125-26-129677,2026-03-30,2026-01-31
S000006203,Large Cap Equity Fund,C000212514,2026-02-28,-0.01153687680264,disclosed,1.0,https://www.sec.gov/Archives/edgar/data/100334/000119312526284639/primary_doc.xml,0001193125-26-284639,2026-06-26,2026-04-30
S000006203,Large Cap Equity Fund,C000212514,2026-03-31,-0.05731554814505999,disclosed,1.0,https://www.sec.gov/Archives/edgar/data/100334/000119312526284639/primary_doc.xml,0001193125-26-284639,2026-06-26,2026-04-30
S000006203,Large Cap Equity Fund,C000212514,2026-04-30,0.10612425381384,disclosed,1.0,https://www.sec.gov/Archives/edgar/data/100334/000119312526284639/primary_doc.xml,0001193125-26-284639,2026-06-26,2026-04-30
S000006203,Large Cap Equity Fund,C000212514,2026-05-31,0.03677793324005,disclosed,1.0,https://www.sec.gov/Archives/edgar/data/100334/000119312526407377/primary_doc.xml,0001193125-26-407377,2026-09-29,2026-07-31
S000006203,Large Cap Equity Fund,C000212514,2026-06-30,-0.004434162328899999,disclosed,1.0,https://www.sec.gov/Archives/edgar/data/100334/000119312526407377/primary_doc.xml,0001193125-26-407377,2026-09-29,2026-07-31
S000006203,Large Cap Equity Fund,C000212514,2026-07-31,0.0036793183578600003,disclosed,1.0,https://www.sec.gov/Archives/edgar/data/100334/000119312526407377/primary_doc.xml,0001193125-26-407377,2026-09-29,2026-07-31
S000008719,Calvert Equity Fund,C000023762,2019-07-31,0.013600000000000001,disclosed,1.0,https://www.sec.gov/Archives/edgar/data/356682/000175272419172398/primary_doc.xml,0001752724-19-172398,2019-11-21,2019-09-30
S000008719,Calvert Equity Fund,C000023762,2019-08-31,0.0219,disclosed,1.0,https://www.sec.gov/Archives/edgar/data/356682/000175272419172398/primary_doc.xml,0001752724-19-172398,2019-11-21,2019-09-30
S000008719,Calvert Equity Fund,C000023762,2019-09-30,-0.0028000000000000004,disclosed,1.0,https://www.sec.gov/Archives/edgar/data/356682/000175272419172398/primary_doc.xml,0001752724-19-172398,2019-11-21,2019-09-30
S000008719,Calvert Equity Fund,C000023762,2019-10-31,-0.0019,disclosed,1.0,https://www.sec.gov/Archives/edgar/data/356682/000175272420041667/primary_doc.xml,0001752724-20-041667,2020-02-28,2019-12-31
S000008719,Calvert Equity Fund,C000023762,2019-11-30,0.0325,disclosed,1.0,https://www.sec.gov/Archives/edgar/data/356682/000175272420041667/primary_doc.xml,0001752724-20-041667,2020-02-28,2019-12-31
S000008719,Calvert Equity Fund,C000023762,2019-12-31,0.022000000000000002,disclosed,1.0,https://www.sec.gov/Archives/edgar/data/356682/000175272420041667/primary_doc.xml,0001752724-20-041667,2020-02-28,2019-12-31
S000008719,Calvert Equity Fund,C000023762,2020-01-31,0.0149,disclosed,1.0,https://www.sec.gov/Archives/edgar/data/356682/000175272420097156/primary_doc.xml,0001752724-20-097156,2020-05-20,2020-03-31
S000008719,Calvert Equity Fund,C000023762,2020-02-29,-0.060700000000000004,disclosed,1.0,https://www.sec.gov/Archives/edgar/data/356682/000175272420097156/primary_doc.xml,0001752724-20-097156,2020-05-20,2020-03-31
S000008719,Calvert Equity Fund,C000023762,2020-03-31,-0.0915,disclosed,1.0,https://www.sec.gov/Archives/edgar/data/356682/000175272420097156/primary_doc.xml,0001752724-20-097156,2020-05-20,2020-03-31
S000008719,Calvert Equity Fund,C000023762,2020-04-30,0.1267,disclosed,1.0,https://www.sec.gov/Archives/edgar/data/356682/000175272420177640/primary_doc.xml,0001752724-20-177640,2020-08-28,2020-06-30
S000008719,Calvert Equity Fund,C000023762,2020-05-31,0.06559999999999999,disclosed,1.0,https://www.sec.gov/Archives/edgar/data/356682/000175272420177640/primary_doc.xml,0001752724-20-177640,2020-08-28,2020-06-30
S000008719,Calvert Equity Fund,C000023762,2020-06-30,0.0007000000000000001,disclosed,1.0,https://www.sec.gov/Archives/edgar/data/356682/000175272420177640/primary_doc.xml,0001752724-20-177640,2020-08-28,2020-06-30
S000008719,Calvert Equity Fund,C000023762,2020-07-31,0.0581,disclosed,1.0,https://www.sec.gov/Archives/edgar/data/356682/000175272420236491/primary_doc.xml,0001752724-20-236491,2020-11-19,2020-09-30
S000008719,Calvert Equity Fund,C000023762,2020-08-31,0.051699999999999996,disclosed,1.0,https://www.sec.gov/Archives/edgar/data/356682/000175272420236491/primary_doc.xml,0001752724-20-236491,2020-11-19,2020-09-30
S000008719,Calvert Equity Fund,C000023762,2020-09-30,-0.0113,disclosed,1.0,https://www.sec.gov/Archives/edgar/data/356682/000175272420236491/primary_doc.xml,0001752724-20-236491,2020-11-19,2020-09-30
S000008719,Calvert Equity Fund,C000023762,2020-10-31,-0.027999999999999997,disclosed,1.0,https://www.sec.gov/Archives/edgar/data/356682/000175272421043702/primary_doc.xml,0001752724-21-043702,2021-02-26,2020-12-31
S000008719,Calvert Equity Fund,C000023762,2020-11-30,0.09699999999999999,disclosed,1.0,https://www.sec.gov/Archives/edgar/data/356682/000175272421043702/primary_doc.xml,0001752724-21-043702,2021-02-26,2020-12-31
S000008719,Calvert Equity Fund,C000023762,2020-12-31,0.0206,disclosed,1.0,https://www.sec.gov/Archives/edgar/data/356682/000175272421043702/primary_doc.xml,0001752724-21-043702,2021-02-26,2020-12-31
S000008719,Calvert Equity Fund,C000023762,2021-01-31,-0.0373,disclosed,1.0,https://www.sec.gov/Archives/edgar/data/356682/000175272421103070/primary_doc.xml,0001752724-21-103070,2021-05-20,2021-03-31
S000008719,Calvert Equity Fund,C000023762,2021-02-28,0.0226,disclosed,1.0,https://www.sec.gov/Archives/edgar/data/356682/000175272421103070/primary_doc.xml,0001752724-21-103070,2021-05-20,2021-03-31
S000008719,Calvert Equity Fund,C000023762,2021-03-31,0.0394,disclosed,1.0,https://www.sec.gov/Archives/edgar/data/356682/000175272421103070/primary_doc.xml,0001752724-21-103070,2021-05-20,2021-03-31
S000008719,Calvert Equity Fund,C000023762,2021-04-30,0.0683,disclosed,1.0,https://www.sec.gov/Archives/edgar/data/356682/000175272421187272/primary_doc.xml,0001752724-21-187272,2021-08-26,2021-06-30
S000008719,Calvert Equity Fund,C000023762,2021-05-31,-0.0036,disclosed,1.0,https://www.sec.gov/Archives/edgar/data/356682/000175272421187272/primary_doc.xml,0001752724-21-187272,2021-08-26,2021-06-30
S000008719,Calvert Equity Fund,C000023762,2021-06-30,0.03,disclosed,1.0,https://www.sec.gov/Archives/edgar/data/356682/000175272421187272/primary_doc.xml,0001752724-21-187272,2021-08-26,2021-06-30
S000008719,Calvert Equity Fund,C000023762,2021-07-31,0.0562,disclosed,1.0,https://www.sec.gov/Archives/edgar/data/356682/000175272421256301/primary_doc.xml,0001752724-21-256301,2021-11-24,2021-09-30
S000008719,Calvert Equity Fund,C000023762,2021-08-31,0.0258,disclosed,1.0,https://www.sec.gov/Archives/edgar/data/356682/000175272421256301/primary_doc.xml,0001752724-21-256301,2021-11-24,2021-09-30
S000008719,Calvert Equity Fund,C000023762,2021-09-30,-0.048499999999999995,disclosed,1.0,https://www.sec.gov/Archives/edgar/data/356682/000175272421256301/primary_doc.xml,0001752724-21-256301,2021-11-24,2021-09-30
S000008719,Calvert Equity Fund,C000023762,2021-10-31,0.0662,disclosed,1.0,https://www.sec.gov/Archives/edgar/data/356682/000175272422051001/primary_doc.xml,0001752724-22-051001,2022-02-28,2021-12-31
S000008719,Calvert Equity Fund,C000023762,2021-11-30,-0.008,disclosed,1.0,https://www.sec.gov/Archives/edgar/data/356682/000175272422051001/primary_doc.xml,0001752724-22-051001,2022-02-28,2021-12-31
S000008719,Calvert Equity Fund,C000023762,2021-12-31,0.054000000000000006,disclosed,1.0,https://www.sec.gov/Archives/edgar/data/356682/000175272422051001/primary_doc.xml,0001752724-22-051001,2022-02-28,2021-12-31
S000008719,Calvert Equity Fund,C000023762,2022-01-31,-0.0834,disclosed,1.0,https://www.sec.gov/Archives/edgar/data/356682/000175272422125896/primary_doc.xml,0001752724-22-125896,2022-05-27,2022-03-31
S000008719,Calvert Equity Fund,C000023762,2022-02-28,-0.056799999999999996,disclosed,1.0,https://www.sec.gov/Archives/edgar/data/356682/000175272422125896/primary_doc.xml,0001752724-22-125896,2022-05-27,2022-03-31
S000008719,Calvert Equity Fund,C000023762,2022-03-31,0.035,disclosed,1.0,https://www.sec.gov/Archives/edgar/data/356682/000175272422125896/primary_doc.xml,0001752724-22-125896,2022-05-27,2022-03-31
S000008719,Calvert Equity Fund,C000023762,2022-04-30,-0.064,disclosed,1.0,https://www.sec.gov/Archives/edgar/data/356682/000175272422198149/primary_doc.xml,0001752724-22-198149,2022-08-26,2022-06-30
S000008719,Calvert Equity Fund,C000023762,2022-05-31,-0.008199999999999999,disclosed,1.0,https://www.sec.gov/Archives/edgar/data/356682/000175272422198149/primary_doc.xml,0001752724-22-198149,2022-08-26,2022-06-30
S000008719,Calvert Equity Fund,C000023762,2022-06-30,-0.0576,disclosed,1.0,https://www.sec.gov/Archives/edgar/data/356682/000175272422198149/primary_doc.xml,0001752724-22-198149,2022-08-26,2022-06-30
S000008719,Calvert Equity Fund,C000023762,2022-07-31,0.0966,disclosed,1.0,https://www.sec.gov/Archives/edgar/data/356682/000175272422254062/primary_doc.xml,0001752724-22-254062,2022-11-17,2022-09-30
S000008719,Calvert Equity Fund,C000023762,2022-08-31,-0.0489,disclosed,1.0,https://www.sec.gov/Archives/edgar/data/356682/000175272422254062/primary_doc.xml,0001752724-22-254062,2022-11-17,2022-09-30
S000008719,Calvert Equity Fund,C000023762,2022-09-30,-0.0808,disclosed,1.0,https://www.sec.gov/Archives/edgar/data/356682/000175272422254062/primary_doc.xml,0001752724-22-254062,2022-11-17,2022-09-30
S000008719,Calvert Equity Fund,C000023762,2022-10-31,0.067,disclosed,1.0,https://www.sec.gov/Archives/edgar/data/356682/000175272423049242/primary_doc.xml,0001752724-23-049242,2023-03-01,2022-12-31
S000008719,Calvert Equity Fund,C000023762,2022-11-30,0.0703,disclosed,1.0,https://www.sec.gov/Archives/edgar/data/356682/000175272423049242/primary_doc.xml,0001752724-23-049242,2023-03-01,2022-12-31
S000008719,Calvert Equity Fund,C000023762,2022-12-31,-0.0383,disclosed,1.0,https://www.sec.gov/Archives/edgar/data/356682/000175272423049242/primary_doc.xml,0001752724-23-049242,2023-03-01,2022-12-31
S000008719,Calvert Equity Fund,C000023762,2023-01-31,0.0512,disclosed,1.0,https://www.sec.gov/Archives/edgar/data/356682/000175272423109185/primary_doc.xml,0001752724-23-109185,2023-05-22,2023-03-31
S000008719,Calvert Equity Fund,C000023762,2023-02-28,-0.0447,disclosed,1.0,https://www.sec.gov/Archives/edgar/data/356682/000175272423109185/primary_doc.xml,0001752724-23-109185,2023-05-22,2023-03-31
S000008719,Calvert Equity Fund,C000023762,2023-03-31,0.035699999999999996,disclosed,1.0,https://www.sec.gov/Archives/edgar/data/356682/000175272423109185/primary_doc.xml,0001752724-23-109185,2023-05-22,2023-03-31
S000008719,Calvert Equity Fund,C000023762,2023-04-30,0.013500000000000002,disclosed,1.0,https://www.sec.gov/Archives/edgar/data/356682/000175272423197622/primary_doc.xml,0001752724-23-197622,2023-08-29,2023-06-30
S000008719,Calvert Equity Fund,C000023762,2023-05-31,-0.021400000000000002,disclosed,1.0,https://www.sec.gov/Archives/edgar/data/356682/000175272423197622/primary_doc.xml,0001752724-23-197622,2023-08-29,2023-06-30
S000008719,Calvert Equity Fund,C000023762,2023-06-30,0.0593,disclosed,1.0,https://www.sec.gov/Archives/edgar/data/356682/000175272423197622/primary_doc.xml,0001752724-23-197622,2023-08-29,2023-06-30
S000008719,Calvert Equity Fund,C000023762,2023-07-31,0.0246,disclosed,1.0,https://www.sec.gov/Archives/edgar/data/356682/000175272423247673/primary_doc.xml,0001752724-23-247673,2023-11-14,2023-09-30
S000008719,Calvert Equity Fund,C000023762,2023-08-31,-0.0059,disclosed,1.0,https://www.sec.gov/Archives/edgar/data/356682/000175272423247673/primary_doc.xml,0001752724-23-247673,2023-11-14,2023-09-30
S000008719,Calvert Equity Fund,C000023762,2023-09-30,-0.060700000000000004,disclosed,1.0,https://www.sec.gov/Archives/edgar/data/356682/000175272423247673/primary_doc.xml,0001752724-23-247673,2023-11-14,2023-09-30
S000008719,Calvert Equity Fund,C000023762,2023-10-31,-0.026699999999999998,disclosed,1.0,https://www.sec.gov/Archives/edgar/data/356682/000175272424046078/primary_doc.xml,0001752724-24-046078,2024-02-28,2023-12-31
S000008719,Calvert Equity Fund,C000023762,2023-11-30,0.11109999999999999,disclosed,1.0,https://www.sec.gov/Archives/edgar/data/356682/000175272424046078/primary_doc.xml,0001752724-24-046078,2024-02-28,2023-12-31
S000008719,Calvert Equity Fund,C000023762,2023-12-31,0.0431,disclosed,1.0,https://www.sec.gov/Archives/edgar/data/356682/000175272424046078/primary_doc.xml,0001752724-24-046078,2024-02-28,2023-12-31
S000008719,Calvert Equity Fund,C000023762,2024-01-31,0.0023,disclosed,1.0,https://www.sec.gov/Archives/edgar/data/356682/000175272424110242/primary_doc.xml,0001752724-24-110242,2024-05-21,2024-03-31
S000008719,Calvert Equity Fund,C000023762,2024-02-29,0.0441,disclosed,1.0,https://www.sec.gov/Archives/edgar/data/356682/000175272424110242/primary_doc.xml,0001752724-24-110242,2024-05-21,2024-03-31
S000008719,Calvert Equity Fund,C000023762,2024-03-31,0.0087,disclosed,1.0,https://www.sec.gov/Archives/edgar/data/356682/000175272424110242/primary_doc.xml,0001752724-24-110242,2024-05-21,2024-03-31
S000008719,Calvert Equity Fund,C000023762,2024-04-30,-0.0438,disclosed,1.0,https://www.sec.gov/Archives/edgar/data/356682/000175272424197480/primary_doc.xml,0001752724-24-197480,2024-08-28,2024-06-30
S000008719,Calvert Equity Fund,C000023762,2024-05-31,0.0288,disclosed,1.0,https://www.sec.gov/Archives/edgar/data/356682/000175272424197480/primary_doc.xml,0001752724-24-197480,2024-08-28,2024-06-30
S000008719,Calvert Equity Fund,C000023762,2024-06-30,0.0151,disclosed,1.0,https://www.sec.gov/Archives/edgar/data/356682/000175272424197480/primary_doc.xml,0001752724-24-197480,2024-08-28,2024-06-30
S000008719,Calvert Equity Fund,C000023762,2024-07-31,0.0313,disclosed,1.0,https://www.sec.gov/Archives/edgar/data/356682/000175272424257159/primary_doc.xml,0001752724-24-257159,2024-11-19,2024-09-30
S000008719,Calvert Equity Fund,C000023762,2024-08-31,0.0187,disclosed,1.0,https://www.sec.gov/Archives/edgar/data/356682/000175272424257159/primary_doc.xml,0001752724-24-257159,2024-11-19,2024-09-30
S000008719,Calvert Equity Fund,C000023762,2024-09-30,0.011200000000000002,disclosed,1.0,https://www.sec.gov/Archives/edgar/data/356682/000175272424257159/primary_doc.xml,0001752724-24-257159,2024-11-19,2024-09-30
S000008719,Calvert Equity Fund,C000023762,2024-10-31,-0.0347,disclosed,1.0,https://www.sec.gov/Archives/edgar/data/356682/000175272425045760/primary_doc.xml,0001752724-25-045760,2025-02-28,2024-12-31
S000008719,Calvert Equity Fund,C000023762,2024-11-30,0.0431,disclosed,1.0,https://www.sec.gov/Archives/edgar/data/356682/000175272425045760/primary_doc.xml,0001752724-25-045760,2025-02-28,2024-12-31
S000008719,Calvert Equity Fund,C000023762,2024-12-31,-0.0388,disclosed,1.0,https://www.sec.gov/Archives/edgar/data/356682/000175272425045760/primary_doc.xml,0001752724-25-045760,2025-02-28,2024-12-31
S000008719,Calvert Equity Fund,C000023762,2025-01-31,0.045,disclosed,1.0,https://www.sec.gov/Archives/edgar/data/356682/000175272425107490/primary_doc.xml,0001752724-25-107490,2025-05-19,2025-03-31
S000008719,Calvert Equity Fund,C000023762,2025-02-28,-0.012,disclosed,1.0,https://www.sec.gov/Archives/edgar/data/356682/000175272425107490/primary_doc.xml,0001752724-25-107490,2025-05-19,2025-03-31
S000008719,Calvert Equity Fund,C000023762,2025-03-31,-0.0358,disclosed,1.0,https://www.sec.gov/Archives/edgar/data/356682/000175272425107490/primary_doc.xml,0001752724-25-107490,2025-05-19,2025-03-31
S000008719,Calvert Equity Fund,C000023762,2025-04-30,-0.0054,disclosed,1.0,https://www.sec.gov/Archives/edgar/data/356682/000175272425207479/primary_doc.xml,0001752724-25-207479,2025-08-27,2025-06-30
S000008719,Calvert Equity Fund,C000023762,2025-05-31,0.046,disclosed,1.0,https://www.sec.gov/Archives/edgar/data/356682/000175272425207479/primary_doc.xml,0001752724-25-207479,2025-08-27,2025-06-30
S000008719,Calvert Equity Fund,C000023762,2025-06-30,0.0155,disclosed,1.0,https://www.sec.gov/Archives/edgar/data/356682/000175272425207479/primary_doc.xml,0001752724-25-207479,2025-08-27,2025-06-30
S000008719,Calvert Equity Fund,C000023762,2025-07-31,0.0009,disclosed,1.0,https://www.sec.gov/Archives/edgar/data/356682/000141036825028970/primary_doc.xml,0001410368-25-028970,2025-11-24,2025-09-30
S000008719,Calvert Equity Fund,C000023762,2025-08-31,0.013000000000000001,disclosed,1.0,https://www.sec.gov/Archives/edgar/data/356682/000141036825028970/primary_doc.xml,0001410368-25-028970,2025-11-24,2025-09-30
S000008719,Calvert Equity Fund,C000023762,2025-09-30,-0.0043,disclosed,1.0,https://www.sec.gov/Archives/edgar/data/356682/000141036825028970/primary_doc.xml,0001410368-25-028970,2025-11-24,2025-09-30
S000008719,Calvert Equity Fund,C000023762,2025-10-31,-0.0077,disclosed,1.0,https://www.sec.gov/Archives/edgar/data/356682/000141036826020589/primary_doc.xml,0001410368-26-020589,2026-02-27,2025-12-31
S000008719,Calvert Equity Fund,C000023762,2025-11-30,0.0175,disclosed,1.0,https://www.sec.gov/Archives/edgar/data/356682/000141036826020589/primary_doc.xml,0001410368-26-020589,2026-02-27,2025-12-31
S000008719,Calvert Equity Fund,C000023762,2025-12-31,-0.0023,disclosed,1.0,https://www.sec.gov/Archives/edgar/data/356682/000141036826020589/primary_doc.xml,0001410368-26-020589,2026-02-27,2025-12-31
S000008719,Calvert Equity Fund,C000023762,2026-01-31,-0.0129,disclosed,1.0,https://www.sec.gov/Archives/edgar/data/356682/000141036826050770/primary_doc.xml,0001410368-26-050770,2026-05-26,2026-03-31
S000008719,Calvert Equity Fund,C000023762,2026-02-28,-0.0231,disclosed,1.0,https://www.sec.gov/Archives/edgar/data/356682/000141036826050770/primary_doc.xml,0001410368-26-050770,2026-05-26,2026-03-31
S000008719,Calvert Equity Fund,C000023762,2026-03-31,-0.061799999999999994,disclosed,1.0,https://www.sec.gov/Archives/edgar/data/356682/000141036826050770/primary_doc.xml,0001410368-26-050770,2026-05-26,2026-03-31
S000008719,Calvert Equity Fund,C000023762,2026-04-30,0.028999999999999998,disclosed,1.0,https://www.sec.gov/Archives/edgar/data/356682/000141036826087730/primary_doc.xml,0001410368-26-087730,2026-08-27,2026-06-30
S000008719,Calvert Equity Fund,C000023762,2026-05-31,-0.014499999999999999,disclosed,1.0,https://www.sec.gov/Archives/edgar/data/356682/000141036826087730/primary_doc.xml,0001410368-26-087730,2026-08-27,2026-06-30
S000008719,Calvert Equity Fund,C000023762,2026-06-30,-0.022400000000000003,disclosed,1.0,https://www.sec.gov/Archives/edgar/data/356682/000141036826087730/primary_doc.xml,0001410368-26-087730,2026-08-27,2026-06-30
S000008719,Calvert Equity Fund,C000023764,2019-07-31,0.0128,disclosed,1.0,https://www.sec.gov/Archives/edgar/data/356682/000175272419172398/primary_doc.xml,0001752724-19-172398,2019-11-21,2019-09-30
S000008719,Calvert Equity Fund,C000023764,2019-08-31,0.0213,disclosed,1.0,https://www.sec.gov/Archives/edgar/data/356682/000175272419172398/primary_doc.xml,0001752724-19-172398,2019-11-21,2019-09-30
S000008719,Calvert Equity Fund,C000023764,2019-09-30,-0.0034000000000000002,disclosed,1.0,https://www.sec.gov/Archives/edgar/data/356682/000175272419172398/primary_doc.xml,0001752724-19-172398,2019-11-21,2019-09-30
S000008719,Calvert Equity Fund,C000023764,2019-10-31,-0.0024,disclosed,1.0,https://www.sec.gov/Archives/edgar/data/356682/000175272420041667/primary_doc.xml,0001752724-20-041667,2020-02-28,2019-12-31
S000008719,Calvert Equity Fund,C000023764,2019-11-30,0.0318,disclosed,1.0,https://www.sec.gov/Archives/edgar/data/356682/000175272420041667/primary_doc.xml,0001752724-20-041667,2020-02-28,2019-12-31
S000008719,Calvert Equity Fund,C000023764,2019-12-31,0.021400000000000002,disclosed,1.0,https://www.sec.gov/Archives/edgar/data/356682/000175272420041667/primary_doc.xml,0001752724-20-041667,2020-02-28,2019-12-31
S000008719,Calvert Equity Fund,C000023764,2020-01-31,0.014199999999999999,disclosed,1.0,https://www.sec.gov/Archives/edgar/data/356682/000175272420097156/primary_doc.xml,0001752724-20-097156,2020-05-20,2020-03-31
S000008719,Calvert Equity Fund,C000023764,2020-02-29,-0.0613,disclosed,1.0,https://www.sec.gov/Archives/edgar/data/356682/000175272420097156/primary_doc.xml,0001752724-20-097156,2020-05-20,2020-03-31
S000008719,Calvert Equity Fund,C000023764,2020-03-31,-0.0919,disclosed,1.0,https://www.sec.gov/Archives/edgar/data/356682/000175272420097156/primary_doc.xml,0001752724-20-097156,2020-05-20,2020-03-31
S000008719,Calvert Equity Fund,C000023764,2020-04-30,0.12619999999999998,disclosed,1.0,https://www.sec.gov/Archives/edgar/data/356682/000175272420177640/primary_doc.xml,0001752724-20-177640,2020-08-28,2020-06-30
S000008719,Calvert Equity Fund,C000023764,2020-05-31,0.06509999999999999,disclosed,1.0,https://www.sec.gov/Archives/edgar/data/356682/000175272420177640/primary_doc.xml,0001752724-20-177640,2020-08-28,2020-06-30
S000008719,Calvert Equity Fund,C000023764,2020-06-30,0.0,disclosed,1.0,https://www.sec.gov/Archives/edgar/data/356682/000175272420177640/primary_doc.xml,0001752724-20-177640,2020-08-28,2020-06-30
S000008719,Calvert Equity Fund,C000023764,2020-07-31,0.0572,disclosed,1.0,https://www.sec.gov/Archives/edgar/data/356682/000175272420236491/primary_doc.xml,0001752724-20-236491,2020-11-19,2020-09-30
S000008719,Calvert Equity Fund,C000023764,2020-08-31,0.0513,disclosed,1.0,https://www.sec.gov/Archives/edgar/data/356682/000175272420236491/primary_doc.xml,0001752724-20-236491,2020-11-19,2020-09-30
S000008719,Calvert Equity Fund,C000023764,2020-09-30,-0.0121,disclosed,1.0,https://www.sec.gov/Archives/edgar/data/356682/000175272420236491/primary_doc.xml,0001752724-20-236491,2020-11-19,2020-09-30
S000008719,Calvert Equity Fund,C000023764,2020-10-31,-0.0286,disclosed,1.0,https://www.sec.gov/Archives/edgar/data/356682/000175272421043702/primary_doc.xml,0001752724-21-043702,2021-02-26,2020-12-31
S000008719,Calvert Equity Fund,C000023764,2020-11-30,0.0965,disclosed,1.0,https://www.sec.gov/Archives/edgar/data/356682/000175272421043702/primary_doc.xml,0001752724-21-043702,2021-02-26,2020-12-31
S000008719,Calvert Equity Fund,C000023764,2020-12-31,0.019799999999999998,disclosed,1.0,https://www.sec.gov/Archives/edgar/data/356682/000175272421043702/primary_doc.xml,0001752724-21-043702,2021-02-26,2020-12-31
S000008719,Calvert Equity Fund,C000023764,2021-01-31,-0.0379,disclosed,1.0,https://www.sec.gov/Archives/edgar/data/356682/000175272421103070/primary_doc.xml,0001752724-21-103070,2021-05-20,2021-03-31
S000008719,Calvert Equity Fund,C000023764,2021-02-28,0.022099999999999998,disclosed,1.0,https://www.sec.gov/Archives/edgar/data/356682/000175272421103070/primary_doc.xml,0001752724-21-103070,2021-05-20,2021-03-31
S000008719,Calvert Equity Fund,C000023764,2021-03-31,0.038599999999999995,disclosed,1.0,https://www.sec.gov/Archives/edgar/data/356682/000175272421103070/primary_doc.xml,0001752724-21-103070,2021-05-20,2021-03-31
S000008719,Calvert Equity Fund,C000023764,2021-04-30,0.0678,disclosed,1.0,https://www.sec.gov/Archives/edgar/data/356682/000175272421187272/primary_doc.xml,0001752724-21-187272,2021-08-26,2021-06-30
S000008719,Calvert Equity Fund,C000023764,2021-05-31,-0.0045000000000000005,disclosed,1.0,https://www.sec.gov/Archives/edgar/data/356682/000175272421187272/primary_doc.xml,0001752724-21-187272,2021-08-26,2021-06-30
S000008719,Calvert Equity Fund,C000023764,2021-06-30,0.0294,disclosed,1.0,https://www.sec.gov/Archives/edgar/data/356682/000175272421187272/primary_doc.xml,0001752724-21-187272,2021-08-26,2021-06-30
S000008719,Calvert Equity Fund,C000023764,2021-07-31,0.0558,disclosed,1.0,https://www.sec.gov/Archives/edgar/data/356682/000175272421256301/primary_doc.xml,0001752724-21-256301,2021-11-24,2021-09-30
S000008719,Calvert Equity Fund,C000023764,2021-08-31,0.025099999999999997,disclosed,1.0,https://www.sec.gov/Archives/edgar/data/356682/000175272421256301/primary_doc.xml,0001752724-21-256301,2021-11-24,2021-09-30
S000008719,Calvert Equity Fund,C000023764,2021-09-30,-0.0492,disclosed,1.0,https://www.sec.gov/Archives/edgar/data/356682/000175272421256301/primary_doc.xml,0001752724-21-256301,2021-11-24,2021-09-30
S000008719,Calvert Equity Fund,C000023764,2021-10-31,0.06570000000000001,disclosed,1.0,https://www.sec.gov/Archives/edgar/data/356682/000175272422051001/primary_doc.xml,0001752724-22-051001,2022-02-28,2021-12-31
S000008719,Calvert Equity Fund,C000023764,2021-11-30,-0.0087,disclosed,1.0,https://www.sec.gov/Archives/edgar/data/356682/000175272422051001/primary_doc.xml,0001752724-22-051001,2022-02-28,2021-12-31
S000008719,Calvert Equity Fund,C000023764,2021-12-31,0.0533,disclosed,1.0,https://www.sec.gov/Archives/edgar/data/356682/000175272422051001/primary_doc.xml,0001752724-22-051001,2022-02-28,2021-12-31
S000008719,Calvert Equity Fund,C000023764,2022-01-31,-0.0839,disclosed,1.0,https://www.sec.gov/Archives/edgar/data/356682/000175272422125896/primary_doc.xml,0001752724-22-125896,2022-05-27,2022-03-31
S000008719,Calvert Equity Fund,C000023764,2022-02-28,-0.0575,disclosed,1.0,https://www.sec.gov/Archives/edgar/data/356682/000175272422125896/primary_doc.xml,0001752724-22-125896,2022-05-27,2022-03-31
S000008719,Calvert Equity Fund,C000023764,2022-03-31,0.034300000000000004,disclosed,1.0,https://www.sec.gov/Archives/edgar/data/356682/000175272422125896/primary_doc.xml,0001752724-22-125896,2022-05-27,2022-03-31
S000008719,Calvert Equity Fund,C000023764,2022-04-30,-0.0646,disclosed,1.0,https://www.sec.gov/Archives/edgar/data/356682/000175272422198149/primary_doc.xml,0001752724-22-198149,2022-08-26,2022-06-30
S000008719,Calvert Equity Fund,C000023764,2022-05-31,-0.0086,disclosed,1.0,https://www.sec.gov/Archives/edgar/data/356682/000175272422198149/primary_doc.xml,0001752724-22-198149,2022-08-26,2022-06-30
S000008719,Calvert Equity Fund,C000023764,2022-06-30,-0.0581,disclosed,1.0,https://www.sec.gov/Archives/edgar/data/356682/000175272422198149/primary_doc.xml,0001752724-22-198149,2022-08-26,2022-06-30
S000008719,Calvert Equity Fund,C000023764,2022-07-31,0.0959,disclosed,1.0,https://www.sec.gov/Archives/edgar/data/356682/000175272422254062/primary_doc.xml,0001752724-22-254062,2022-11-17,2022-09-30
S000008719,Calvert Equity Fund,C000023764,2022-08-31,-0.0495,disclosed,1.0,https://www.sec.gov/Archives/edgar/data/356682/000175272422254062/primary_doc.xml,0001752724-22-254062,2022-11-17,2022-09-30
S000008719,Calvert Equity Fund,C000023764,2022-09-30,-0.0814,disclosed,1.0,https://www.sec.gov/Archives/edgar/data/356682/000175272422254062/primary_doc.xml,0001752724-22-254062,2022-11-17,2022-09-30
S000008719,Calvert Equity Fund,C000023764,2022-10-31,0.0661,disclosed,1.0,https://www.sec.gov/Archives/edgar/data/356682/000175272423049242/primary_doc.xml,0001752724-23-049242,2023-03-01,2022-12-31
S000008719,Calvert Equity Fund,C000023764,2022-11-30,0.0698,disclosed,1.0,https://www.sec.gov/Archives/edgar/data/356682/000175272423049242/primary_doc.xml,0001752724-23-049242,2023-03-01,2022-12-31
S000008719,Calvert Equity Fund,C000023764,2022-12-31,-0.038900000000000004,disclosed,1.0,https://www.sec.gov/Archives/edgar/data/356682/000175272423049242/primary_doc.xml,0001752724-23-049242,2023-03-01,2022-12-31
S000008719,Calvert Equity Fund,C000023764,2023-01-31,0.050499999999999996,disclosed,1.0,https://www.sec.gov/Archives/edgar/data/356682/000175272423109185/primary_doc.xml,0001752724-23-109185,2023-05-22,2023-03-31
S000008719,Calvert Equity Fund,C000023764,2023-02-28,-0.0451,disclosed,1.0,https://www.sec.gov/Archives/edgar/data/356682/000175272423109185/primary_doc.xml,0001752724-23-109185,2023-05-22,2023-03-31
S000008719,Calvert Equity Fund,C000023764,2023-03-31,0.0351,disclosed,1.0,https://www.sec.gov/Archives/edgar/data/356682/000175272423109185/primary_doc.xml,0001752724-23-109185,2023-05-22,2023-03-31
S000008719,Calvert Equity Fund,C000023764,2023-04-30,0.0127,disclosed,1.0,https://www.sec.gov/Archives/edgar/data/356682/000175272423197622/primary_doc.xml,0001752724-23-197622,2023-08-29,2023-06-30
S000008719,Calvert Equity Fund,C000023764,2023-05-31,-0.0218,disclosed,1.0,https://www.sec.gov/Archives/edgar/data/356682/000175272423197622/primary_doc.xml,0001752724-23-197622,2023-08-29,2023-06-30
S000008719,Calvert Equity Fund,C000023764,2023-06-30,0.058600000000000006,disclosed,1.0,https://www.sec.gov/Archives/edgar/data/356682/000175272423197622/primary_doc.xml,0001752724-23-197622,2023-08-29,2023-06-30
S000008719,Calvert Equity Fund,C000023764,2023-07-31,0.0239,disclosed,1.0,https://www.sec.gov/Archives/edgar/data/356682/000175272423247673/primary_doc.xml,0001752724-23-247673,2023-11-14,2023-09-30
S000008719,Calvert Equity Fund,C000023764,2023-08-31,-0.006500000000000001,disclosed,1.0,https://www.sec.gov/Archives/edgar/data/356682/000175272423247673/primary_doc.xml,0001752724-23-247673,2023-11-14,2023-09-30
S000008719,Calvert Equity Fund,C000023764,2023-09-30,-0.061200000000000004,disclosed,1.0,https://www.sec.gov/Archives/edgar/data/356682/000175272423247673/primary_doc.xml,0001752724-23-247673,2023-11-14,2023-09-30
S000008719,Calvert Equity Fund,C000023764,2023-10-31,-0.0275,disclosed,1.0,https://www.sec.gov/Archives/edgar/data/356682/000175272424046078/primary_doc.xml,0001752724-24-046078,2024-02-28,2023-12-31
S000008719,Calvert Equity Fund,C000023764,2023-11-30,0.11019999999999999,disclosed,1.0,https://www.sec.gov/Archives/edgar/data/356682/000175272424046078/primary_doc.xml,0001752724-24-046078,2024-02-28,2023-12-31
S000008719,Calvert Equity Fund,C000023764,2023-12-31,0.042699999999999995,disclosed,1.0,https://www.sec.gov/Archives/edgar/data/356682/000175272424046078/primary_doc.xml,0001752724-24-046078,2024-02-28,2023-12-31
S000008719,Calvert Equity Fund,C000023764,2024-01-31,0.0017000000000000001,disclosed,1.0,https://www.sec.gov/Archives/edgar/data/356682/000175272424110242/primary_doc.xml,0001752724-24-110242,2024-05-21,2024-03-31
S000008719,Calvert Equity Fund,C000023764,2024-02-29,0.0435,disclosed,1.0,https://www.sec.gov/Archives/edgar/data/356682/000175272424110242/primary_doc.xml,0001752724-24-110242,2024-05-21,2024-03-31
S000008719,Calvert Equity Fund,C000023764,2024-03-31,0.008,disclosed,1.0,https://www.sec.gov/Archives/edgar/data/356682/000175272424110242/primary_doc.xml,0001752724-24-110242,2024-05-21,2024-03-31
S000008719,Calvert Equity Fund,C000023764,2024-04-30,-0.0443,disclosed,1.0,https://www.sec.gov/Archives/edgar/data/356682/000175272424197480/primary_doc.xml,0001752724-24-197480,2024-08-28,2024-06-30
S000008719,Calvert Equity Fund,C000023764,2024-05-31,0.0281,disclosed,1.0,https://www.sec.gov/Archives/edgar/data/356682/000175272424197480/primary_doc.xml,0001752724-24-197480,2024-08-28,2024-06-30
S000008719,Calvert Equity Fund,C000023764,2024-06-30,0.014499999999999999,disclosed,1.0,https://www.sec.gov/Archives/edgar/data/356682/000175272424197480/primary_doc.xml,0001752724-24-197480,2024-08-28,2024-06-30
S000008719,Calvert Equity Fund,C000023764,2024-07-31,0.030699999999999998,disclosed,1.0,https://www.sec.gov/Archives/edgar/data/356682/000175272424257159/primary_doc.xml,0001752724-24-257159,2024-11-19,2024-09-30
S000008719,Calvert Equity Fund,C000023764,2024-08-31,0.018000000000000002,disclosed,1.0,https://www.sec.gov/Archives/edgar/data/356682/000175272424257159/primary_doc.xml,0001752724-24-257159,2024-11-19,2024-09-30
S000008719,Calvert Equity Fund,C000023764,2024-09-30,0.0106,disclosed,1.0,https://www.sec.gov/Archives/edgar/data/356682/000175272424257159/primary_doc.xml,0001752724-24-257159,2024-11-19,2024-09-30
S000008719,Calvert Equity Fund,C000023764,2024-10-31,-0.0352,disclosed,1.0,https://www.sec.gov/Archives/edgar/data/356682/000175272425045760/primary_doc.xml,0001752724-25-045760,2025-02-28,2024-12-31
S000008719,Calvert Equity Fund,C000023764,2024-11-30,0.0424,disclosed,1.0,https://www.sec.gov/Archives/edgar/data/356682/000175272425045760/primary_doc.xml,0001752724-25-045760,2025-02-28,2024-12-31
S000008719,Calvert Equity Fund,C000023764,2024-12-31,-0.0394,disclosed,1.0,https://www.sec.gov/Archives/edgar/data/356682/000175272425045760/primary_doc.xml,0001752724-25-045760,2025-02-28,2024-12-31
S000008719,Calvert Equity Fund,C000023764,2025-01-31,0.0441,disclosed,1.0,https://www.sec.gov/Archives/edgar/data/356682/000175272425107490/primary_doc.xml,0001752724-25-107490,2025-05-19,2025-03-31
S000008719,Calvert Equity Fund,C000023764,2025-02-28,-0.0124,disclosed,1.0,https://www.sec.gov/Archives/edgar/data/356682/000175272425107490/primary_doc.xml,0001752724-25-107490,2025-05-19,2025-03-31
S000008719,Calvert Equity Fund,C000023764,2025-03-31,-0.0365,disclosed,1.0,https://www.sec.gov/Archives/edgar/data/356682/000175272425107490/primary_doc.xml,0001752724-25-107490,2025-05-19,2025-03-31
S000008719,Calvert Equity Fund,C000023764,2025-04-30,-0.0059,disclosed,1.0,https://www.sec.gov/Archives/edgar/data/356682/000175272425207479/primary_doc.xml,0001752724-25-207479,2025-08-27,2025-06-30
S000008719,Calvert Equity Fund,C000023764,2025-05-31,0.0453,disclosed,1.0,https://www.sec.gov/Archives/edgar/data/356682/000175272425207479/primary_doc.xml,0001752724-25-207479,2025-08-27,2025-06-30
S000008719,Calvert Equity Fund,C000023764,2025-06-30,0.0149,disclosed,1.0,https://www.sec.gov/Archives/edgar/data/356682/000175272425207479/primary_doc.xml,0001752724-25-207479,2025-08-27,2025-06-30
S000008719,Calvert Equity Fund,C000023764,2025-07-31,0.0,disclosed,1.0,https://www.sec.gov/Archives/edgar/data/356682/000141036825028970/primary_doc.xml,0001410368-25-028970,2025-11-24,2025-09-30
S000008719,Calvert Equity Fund,C000023764,2025-08-31,0.0127,disclosed,1.0,https://www.sec.gov/Archives/edgar/data/356682/000141036825028970/primary_doc.xml,0001410368-25-028970,2025-11-24,2025-09-30
S000008719,Calvert Equity Fund,C000023764,2025-09-30,-0.0049,disclosed,1.0,https://www.sec.gov/Archives/edgar/data/356682/000141036825028970/primary_doc.xml,0001410368-25-028970,2025-11-24,2025-09-30
S000008719,Calvert Equity Fund,C000023764,2025-10-31,-0.0085,disclosed,1.0,https://www.sec.gov/Archives/edgar/data/356682/000141036826020589/primary_doc.xml,0001410368-26-020589,2026-02-27,2025-12-31
S000008719,Calvert Equity Fund,C000023764,2025-11-30,0.0168,disclosed,1.0,https://www.sec.gov/Archives/edgar/data/356682/000141036826020589/primary_doc.xml,0001410368-26-020589,2026-02-27,2025-12-31
S000008719,Calvert Equity Fund,C000023764,2025-12-31,-0.0032,disclosed,1.0,https://www.sec.gov/Archives/edgar/data/356682/000141036826020589/primary_doc.xml,0001410368-26-020589,2026-02-27,2025-12-31
S000008719,Calvert Equity Fund,C000023764,2026-01-31,-0.013600000000000001,disclosed,1.0,https://www.sec.gov/Archives/edgar/data/356682/000141036826050770/primary_doc.xml,0001410368-26-050770,2026-05-26,2026-03-31
S000008719,Calvert Equity Fund,C000023764,2026-02-28,-0.0233,disclosed,1.0,https://www.sec.gov/Archives/edgar/data/356682/000141036826050770/primary_doc.xml,0001410368-26-050770,2026-05-26,2026-03-31
S000008719,Calvert Equity Fund,C000023764,2026-03-31,-0.0623,disclosed,1.0,https://www.sec.gov/Archives/edgar/data/356682/000141036826050770/primary_doc.xml,0001410368-26-050770,2026-05-26,2026-03-31
S000008719,Calvert Equity Fund,C000023764,2026-04-30,0.028300000000000002,disclosed,1.0,https://www.sec.gov/Archives/edgar/data/356682/000141036826087730/primary_doc.xml,0001410368-26-087730,2026-08-27,2026-06-30
S000008719,Calvert Equity Fund,C000023764,2026-05-31,-0.0152,disclosed,1.0,https://www.sec.gov/Archives/edgar/data/356682/000141036826087730/primary_doc.xml,0001410368-26-087730,2026-08-27,2026-06-30
S000008719,Calvert Equity Fund,C000023764,2026-06-30,-0.023399999999999997,disclosed,1.0,https://www.sec.gov/Archives/edgar/data/356682/000141036826087730/primary_doc.xml,0001410368-26-087730,2026-08-27,2026-06-30
S000008719,Calvert Equity Fund,C000023765,2019-07-31,0.0138,disclosed,1.0,https://www.sec.gov/Archives/edgar/data/356682/000175272419172398/primary_doc.xml,0001752724-19-172398,2019-11-21,2019-09-30
S000008719,Calvert Equity Fund,C000023765,2019-08-31,0.0222,disclosed,1.0,https://www.sec.gov/Archives/edgar/data/356682/000175272419172398/primary_doc.xml,0001752724-19-172398,2019-11-21,2019-09-30
S000008719,Calvert Equity Fund,C000023765,2019-09-30,-0.0026,disclosed,1.0,https://www.sec.gov/Archives/edgar/data/356682/000175272419172398/primary_doc.xml,0001752724-19-172398,2019-11-21,2019-09-30
S000008719,Calvert Equity Fund,C000023765,2019-10-31,-0.0017000000000000001,disclosed,1.0,https://www.sec.gov/Archives/edgar/data/356682/000175272420041667/primary_doc.xml,0001752724-20-041667,2020-02-28,2019-12-31
S000008719,Calvert Equity Fund,C000023765,2019-11-30,0.032799999999999996,disclosed,1.0,https://www.sec.gov/Archives/edgar/data/356682/000175272420041667/primary_doc.xml,0001752724-20-041667,2020-02-28,2019-12-31
S000008719,Calvert Equity Fund,C000023765,2019-12-31,0.0222,disclosed,1.0,https://www.sec.gov/Archives/edgar/data/356682/000175272420041667/primary_doc.xml,0001752724-20-041667,2020-02-28,2019-12-31
S000008719,Calvert Equity Fund,C000023765,2020-01-31,0.015,disclosed,1.0,https://www.sec.gov/Archives/edgar/data/356682/000175272420097156/primary_doc.xml,0001752724-20-097156,2020-05-20,2020-03-31
S000008719,Calvert Equity Fund,C000023765,2020-02-29,-0.0605,disclosed,1.0,https://www.sec.gov/Archives/edgar/data/356682/000175272420097156/primary_doc.xml,0001752724-20-097156,2020-05-20,2020-03-31
S000008719,Calvert Equity Fund,C000023765,2020-03-31,-0.0913,disclosed,1.0,https://www.sec.gov/Archives/edgar/data/356682/000175272420097156/primary_doc.xml,0001752724-20-097156,2020-05-20,2020-03-31
S000008719,Calvert Equity Fund,C000023765,2020-04-30,0.1272,disclosed,1.0,https://www.sec.gov/Archives/edgar/data/356682/000175272420177640/primary_doc.xml,0001752724-20-177640,2020-08-28,2020-06-30
S000008719,Calvert Equity Fund,C000023765,2020-05-31,0.06570000000000001,disclosed,1.0,https://www.sec.gov/Archives/edgar/data/356682/000175272420177640/primary_doc.xml,0001752724-20-177640,2020-08-28,2020-06-30
S000008719,Calvert Equity Fund,C000023765,2020-06-30,0.0009,disclosed,1.0,https://www.sec.gov/Archives/edgar/data/356682/000175272420177640/primary_doc.xml,0001752724-20-177640,2020-08-28,2020-06-30
S000008719,Calvert Equity Fund,C000023765,2020-07-31,0.0583,disclosed,1.0,https://www.sec.gov/Archives/edgar/data/356682/000175272420236491/primary_doc.xml,0001752724-20-236491,2020-11-19,2020-09-30
S000008719,Calvert Equity Fund,C000023765,2020-08-31,0.052000000000000005,disclosed,1.0,https://www.sec.gov/Archives/edgar/data/356682/000175272420236491/primary_doc.xml,0001752724-20-236491,2020-11-19,2020-09-30
S000008719,Calvert Equity Fund,C000023765,2020-09-30,-0.011200000000000002,disclosed,1.0,https://www.sec.gov/Archives/edgar/data/356682/000175272420236491/primary_doc.xml,0001752724-20-236491,2020-11-19,2020-09-30
S000008719,Calvert Equity Fund,C000023765,2020-10-31,-0.0278,disclosed,1.0,https://www.sec.gov/Archives/edgar/data/356682/000175272421043702/primary_doc.xml,0001752724-21-043702,2021-02-26,2020-12-31
S000008719,Calvert Equity Fund,C000023765,2020-11-30,0.0974,disclosed,1.0,https://www.sec.gov/Archives/edgar/data/356682/000175272421043702/primary_doc.xml,0001752724-21-043702,2021-02-26,2020-12-31
S000008719,Calvert Equity Fund,C000023765,2020-12-31,0.0207,disclosed,1.0,https://www.sec.gov/Archives/edgar/data/356682/000175272421043702/primary_doc.xml,0001752724-21-043702,2021-02-26,2020-12-31
S000008719,Calvert Equity Fund,C000023765,2021-01-31,-0.0371,disclosed,1.0,https://www.sec.gov/Archives/edgar/data/356682/000175272421103070/primary_doc.xml,0001752724-21-103070,2021-05-20,2021-03-31
S000008719,Calvert Equity Fund,C000023765,2021-02-28,0.022799999999999997,disclosed,1.0,https://www.sec.gov/Archives/edgar/data/356682/000175272421103070/primary_doc.xml,0001752724-21-103070,2021-05-20,2021-03-31
S000008719,Calvert Equity Fund,C000023765,2021-03-31,0.0395,disclosed,1.0,https://www.sec.gov/Archives/edgar/data/356682/000175272421103070/primary_doc.xml,0001752724-21-103070,2021-05-20,2021-03-31
S000008719,Calvert Equity Fund,C000023765,2021-04-30,0.0687,disclosed,1.0,https://www.sec.gov/Archives/edgar/data/356682/000175272421187272/primary_doc.xml,0001752724-21-187272,2021-08-26,2021-06-30
S000008719,Calvert Equity Fund,C000023765,2021-05-31,-0.0034999999999999996,disclosed,1.0,https://www.sec.gov/Archives/edgar/data/356682/000175272421187272/primary_doc.xml,0001752724-21-187272,2021-08-26,2021-06-30
S000008719,Calvert Equity Fund,C000023765,2021-06-30,0.0302,disclosed,1.0,https://www.sec.gov/Archives/edgar/data/356682/000175272421187272/primary_doc.xml,0001752724-21-187272,2021-08-26,2021-06-30
S000008719,Calvert Equity Fund,C000023765,2021-07-31,0.0565,disclosed,1.0,https://www.sec.gov/Archives/edgar/data/356682/000175272421256301/primary_doc.xml,0001752724-21-256301,2021-11-24,2021-09-30
S000008719,Calvert Equity Fund,C000023765,2021-08-31,0.0259,disclosed,1.0,https://www.sec.gov/Archives/edgar/data/356682/000175272421256301/primary_doc.xml,0001752724-21-256301,2021-11-24,2021-09-30
S000008719,Calvert Equity Fund,C000023765,2021-09-30,-0.0482,disclosed,1.0,https://www.sec.gov/Archives/edgar/data/356682/000175272421256301/primary_doc.xml,0001752724-21-256301,2021-11-24,2021-09-30
S000008719,Calvert Equity Fund,C000023765,2021-10-31,0.0664,disclosed,1.0,https://www.sec.gov/Archives/edgar/data/356682/000175272422051001/primary_doc.xml,0001752724-22-051001,2022-02-28,2021-12-31
S000008719,Calvert Equity Fund,C000023765,2021-11-30,-0.0078000000000000005,disclosed,1.0,https://www.sec.gov/Archives/edgar/data/356682/000175272422051001/primary_doc.xml,0001752724-22-051001,2022-02-28,2021-12-31
S000008719,Calvert Equity Fund,C000023765,2021-12-31,0.0542,disclosed,1.0,https://www.sec.gov/Archives/edgar/data/356682/000175272422051001/primary_doc.xml,0001752724-22-051001,2022-02-28,2021-12-31
S000008719,Calvert Equity Fund,C000023765,2022-01-31,-0.0832,disclosed,1.0,https://www.sec.gov/Archives/edgar/data/356682/000175272422125896/primary_doc.xml,0001752724-22-125896,2022-05-27,2022-03-31
S000008719,Calvert Equity Fund,C000023765,2022-02-28,-0.056600000000000004,disclosed,1.0,https://www.sec.gov/Archives/edgar/data/356682/000175272422125896/primary_doc.xml,0001752724-22-125896,2022-05-27,2022-03-31
S000008719,Calvert Equity Fund,C000023765,2022-03-31,0.0351,disclosed,1.0,https://www.sec.gov/Archives/edgar/data/356682/000175272422125896/primary_doc.xml,0001752724-22-125896,2022-05-27,2022-03-31
S000008719,Calvert Equity Fund,C000023765,2022-04-30,-0.0638,disclosed,1.0,https://www.sec.gov/Archives/edgar/data/356682/000175272422198149/primary_doc.xml,0001752724-22-198149,2022-08-26,2022-06-30
S000008719,Calvert Equity Fund,C000023765,2022-05-31,-0.0079,disclosed,1.0,https://www.sec.gov/Archives/edgar/data/356682/000175272422198149/primary_doc.xml,0001752724-22-198149,2022-08-26,2022-06-30
S000008719,Calvert Equity Fund,C000023765,2022-06-30,-0.0575,disclosed,1.0,https://www.sec.gov/Archives/edgar/data/356682/000175272422198149/primary_doc.xml,0001752724-22-198149,2022-08-26,2022-06-30
S000008719,Calvert Equity Fund,C000023765,2022-07-31,0.09699999999999999,disclosed,1.0,https://www.sec.gov/Archives/edgar/data/356682/000175272422254062/primary_doc.xml,0001752724-22-254062,2022-11-17,2022-09-30
S000008719,Calvert Equity Fund,C000023765,2022-08-31,-0.048600000000000004,disclosed,1.0,https://www.sec.gov/Archives/edgar/data/356682/000175272422254062/primary_doc.xml,0001752724-22-254062,2022-11-17,2022-09-30
S000008719,Calvert Equity Fund,C000023765,2022-09-30,-0.08070000000000001,disclosed,1.0,https://www.sec.gov/Archives/edgar/data/356682/000175272422254062/primary_doc.xml,0001752724-22-254062,2022-11-17,2022-09-30
S000008719,Calvert Equity Fund,C000023765,2022-10-31,0.0672,disclosed,1.0,https://www.sec.gov/Archives/edgar/data/356682/000175272423049242/primary_doc.xml,0001752724-23-049242,2023-03-01,2022-12-31
S000008719,Calvert Equity Fund,C000023765,2022-11-30,0.0707,disclosed,1.0,https://www.sec.gov/Archives/edgar/data/356682/000175272423049242/primary_doc.xml,0001752724-23-049242,2023-03-01,2022-12-31
S000008719,Calvert Equity Fund,C000023765,2022-12-31,-0.0381,disclosed,1.0,https://www.sec.gov/Archives/edgar/data/356682/000175272423049242/primary_doc.xml,0001752724-23-049242,2023-03-01,2022-12-31
S000008719,Calvert Equity Fund,C000023765,2023-01-31,0.051500000000000004,disclosed,1.0,https://www.sec.gov/Archives/edgar/data/356682/000175272423109185/primary_doc.xml,0001752724-23-109185,2023-05-22,2023-03-31
S000008719,Calvert Equity Fund,C000023765,2023-02-28,-0.044500000000000005,disclosed,1.0,https://www.sec.gov/Archives/edgar/data/356682/000175272423109185/primary_doc.xml,0001752724-23-109185,2023-05-22,2023-03-31
S000008719,Calvert Equity Fund,C000023765,2023-03-31,0.0358,disclosed,1.0,https://www.sec.gov/Archives/edgar/data/356682/000175272423109185/primary_doc.xml,0001752724-23-109185,2023-05-22,2023-03-31
S000008719,Calvert Equity Fund,C000023765,2023-04-30,0.0137,disclosed,1.0,https://www.sec.gov/Archives/edgar/data/356682/000175272423197622/primary_doc.xml,0001752724-23-197622,2023-08-29,2023-06-30
S000008719,Calvert Equity Fund,C000023765,2023-05-31,-0.021099999999999997,disclosed,1.0,https://www.sec.gov/Archives/edgar/data/356682/000175272423197622/primary_doc.xml,0001752724-23-197622,2023-08-29,2023-06-30
S000008719,Calvert Equity Fund,C000023765,2023-06-30,0.059500000000000004,disclosed,1.0,https://www.sec.gov/Archives/edgar/data/356682/000175272423197622/primary_doc.xml,0001752724-23-197622,2023-08-29,2023-06-30
S000008719,Calvert Equity Fund,C000023765,2023-07-31,0.024900000000000002,disclosed,1.0,https://www.sec.gov/Archives/edgar/data/356682/000175272423247673/primary_doc.xml,0001752724-23-247673,2023-11-14,2023-09-30
S000008719,Calvert Equity Fund,C000023765,2023-08-31,-0.005699999999999999,disclosed,1.0,https://www.sec.gov/Archives/edgar/data/356682/000175272423247673/primary_doc.xml,0001752724-23-247673,2023-11-14,2023-09-30
S000008719,Calvert Equity Fund,C000023765,2023-09-30,-0.060599999999999994,disclosed,1.0,https://www.sec.gov/Archives/edgar/data/356682/000175272423247673/primary_doc.xml,0001752724-23-247673,2023-11-14,2023-09-30
S000008719,Calvert Equity Fund,C000023765,2023-10-31,-0.0265,disclosed,1.0,https://www.sec.gov/Archives/edgar/data/356682/000175272424046078/primary_doc.xml,0001752724-24-046078,2024-02-28,2023-12-31
S000008719,Calvert Equity Fund,C000023765,2023-11-30,0.1112,disclosed,1.0,https://www.sec.gov/Archives/edgar/data/356682/000175272424046078/primary_doc.xml,0001752724-24-046078,2024-02-28,2023-12-31
S000008719,Calvert Equity Fund,C000023765,2023-12-31,0.0434,disclosed,1.0,https://www.sec.gov/Archives/edgar/data/356682/000175272424046078/primary_doc.xml,0001752724-24-046078,2024-02-28,2023-12-31
S000008719,Calvert Equity Fund,C000023765,2024-01-31,0.0025,disclosed,1.0,https://www.sec.gov/Archives/edgar/data/356682/000175272424110242/primary_doc.xml,0001752724-24-110242,2024-05-21,2024-03-31
S000008719,Calvert Equity Fund,C000023765,2024-02-29,0.0444,disclosed,1.0,https://www.sec.gov/Archives/edgar/data/356682/000175272424110242/primary_doc.xml,0001752724-24-110242,2024-05-21,2024-03-31
S000008719,Calvert Equity Fund,C000023765,2024-03-31,0.0089,disclosed,1.0,https://www.sec.gov/Archives/edgar/data/356682/000175272424110242/primary_doc.xml,0001752724-24-110242,2024-05-21,2024-03-31
S000008719,Calvert Equity Fund,C000023765,2024-04-30,-0.0436,disclosed,1.0,https://www.sec.gov/Archives/edgar/data/356682/000175272424197480/primary_doc.xml,0001752724-24-197480,2024-08-28,2024-06-30
S000008719,Calvert Equity Fund,C000023765,2024-05-31,0.028999999999999998,disclosed,1.0,https://www.sec.gov/Archives/edgar/data/356682/000175272424197480/primary_doc.xml,0001752724-24-197480,2024-08-28,2024-06-30
S000008719,Calvert Equity Fund,C000023765,2024-06-30,0.015300000000000001,disclosed,1.0,https://www.sec.gov/Archives/edgar/data/356682/000175272424197480/primary_doc.xml,0001752724-24-197480,2024-08-28,2024-06-30
S000008719,Calvert Equity Fund,C000023765,2024-07-31,0.0317,disclosed,1.0,https://www.sec.gov/Archives/edgar/data/356682/000175272424257159/primary_doc.xml,0001752724-24-257159,2024-11-19,2024-09-30
S000008719,Calvert Equity Fund,C000023765,2024-08-31,0.0189,disclosed,1.0,https://www.sec.gov/Archives/edgar/data/356682/000175272424257159/primary_doc.xml,0001752724-24-257159,2024-11-19,2024-09-30
S000008719,Calvert Equity Fund,C000023765,2024-09-30,0.011399999999999999,disclosed,1.0,https://www.sec.gov/Archives/edgar/data/356682/000175272424257159/primary_doc.xml,0001752724-24-257159,2024-11-19,2024-09-30
S000008719,Calvert Equity Fund,C000023765,2024-10-31,-0.0345,disclosed,1.0,https://www.sec.gov/Archives/edgar/data/356682/000175272425045760/primary_doc.xml,0001752724-25-045760,2025-02-28,2024-12-31
S000008719,Calvert Equity Fund,C000023765,2024-11-30,0.0433,disclosed,1.0,https://www.sec.gov/Archives/edgar/data/356682/000175272425045760/primary_doc.xml,0001752724-25-045760,2025-02-28,2024-12-31
S000008719,Calvert Equity Fund,C000023765,2024-12-31,-0.0387,disclosed,1.0,https://www.sec.gov/Archives/edgar/data/356682/000175272425045760/primary_doc.xml,0001752724-25-045760,2025-02-28,2024-12-31
S000008719,Calvert Equity Fund,C000023765,2025-01-31,0.0453,disclosed,1.0,https://www.sec.gov/Archives/edgar/data/356682/000175272425107490/primary_doc.xml,0001752724-25-107490,2025-05-19,2025-03-31
S000008719,Calvert Equity Fund,C000023765,2025-02-28,-0.011899999999999999,disclosed,1.0,https://www.sec.gov/Archives/edgar/data/356682/000175272425107490/primary_doc.xml,0001752724-25-107490,2025-05-19,2025-03-31
S000008719,Calvert Equity Fund,C000023765,2025-03-31,-0.0355,disclosed,1.0,https://www.sec.gov/Archives/edgar/data/356682/000175272425107490/primary_doc.xml,0001752724-25-107490,2025-05-19,2025-03-31
S000008719,Calvert Equity Fund,C000023765,2025-04-30,-0.0052,disclosed,1.0,https://www.sec.gov/Archives/edgar/data/356682/000175272425207479/primary_doc.xml,0001752724-25-207479,2025-08-27,2025-06-30
S000008719,Calvert Equity Fund,C000023765,2025-05-31,0.0462,disclosed,1.0,https://www.sec.gov/Archives/edgar/data/356682/000175272425207479/primary_doc.xml,0001752724-25-207479,2025-08-27,2025-06-30
S000008719,Calvert Equity Fund,C000023765,2025-06-30,0.015700000000000002,disclosed,1.0,https://www.sec.gov/Archives/edgar/data/356682/000175272425207479/primary_doc.xml,0001752724-25-207479,2025-08-27,2025-06-30
S000008719,Calvert Equity Fund,C000023765,2025-07-31,0.001,disclosed,1.0,https://www.sec.gov/Archives/edgar/data/356682/000141036825028970/primary_doc.xml,0001410368-25-028970,2025-11-24,2025-09-30
S000008719,Calvert Equity Fund,C000023765,2025-08-31,0.013300000000000001,disclosed,1.0,https://www.sec.gov/Archives/edgar/data/356682/000141036825028970/primary_doc.xml,0001410368-25-028970,2025-11-24,2025-09-30
S000008719,Calvert Equity Fund,C000023765,2025-09-30,-0.004,disclosed,1.0,https://www.sec.gov/Archives/edgar/data/356682/000141036825028970/primary_doc.xml,0001410368-25-028970,2025-11-24,2025-09-30
S000008719,Calvert Equity Fund,C000023765,2025-10-31,-0.0076,disclosed,1.0,https://www.sec.gov/Archives/edgar/data/356682/000141036826020589/primary_doc.xml,0001410368-26-020589,2026-02-27,2025-12-31
S000008719,Calvert Equity Fund,C000023765,2025-11-30,0.0177,disclosed,1.0,https://www.sec.gov/Archives/edgar/data/356682/000141036826020589/primary_doc.xml,0001410368-26-020589,2026-02-27,2025-12-31
S000008719,Calvert Equity Fund,C000023765,2025-12-31,-0.0021,disclosed,1.0,https://www.sec.gov/Archives/edgar/data/356682/000141036826020589/primary_doc.xml,0001410368-26-020589,2026-02-27,2025-12-31
S000008719,Calvert Equity Fund,C000023765,2026-01-31,-0.0127,disclosed,1.0,https://www.sec.gov/Archives/edgar/data/356682/000141036826050770/primary_doc.xml,0001410368-26-050770,2026-05-26,2026-03-31
S000008719,Calvert Equity Fund,C000023765,2026-02-28,-0.0229,disclosed,1.0,https://www.sec.gov/Archives/edgar/data/356682/000141036826050770/primary_doc.xml,0001410368-26-050770,2026-05-26,2026-03-31
S000008719,Calvert Equity Fund,C000023765,2026-03-31,-0.061500000000000006,disclosed,1.0,https://www.sec.gov/Archives/edgar/data/356682/000141036826050770/primary_doc.xml,0001410368-26-050770,2026-05-26,2026-03-31
S000008719,Calvert Equity Fund,C000023765,2026-04-30,0.029300000000000003,disclosed,1.0,https://www.sec.gov/Archives/edgar/data/356682/000141036826087730/primary_doc.xml,0001410368-26-087730,2026-08-27,2026-06-30
S000008719,Calvert Equity Fund,C000023765,2026-05-31,-0.0144,disclosed,1.0,https://www.sec.gov/Archives/edgar/data/356682/000141036826087730/primary_doc.xml,0001410368-26-087730,2026-08-27,2026-06-30
S000008719,Calvert Equity Fund,C000023765,2026-06-30,-0.0222,disclosed,1.0,https://www.sec.gov/Archives/edgar/data/356682/000141036826087730/primary_doc.xml,0001410368-26-087730,2026-08-27,2026-06-30
S000008719,Calvert Equity Fund,C000195931,2019-07-31,0.013999999999999999,disclosed,1.0,https://www.sec.gov/Archives/edgar/data/356682/000175272419172398/primary_doc.xml,0001752724-19-172398,2019-11-21,2019-09-30
S000008719,Calvert Equity Fund,C000195931,2019-08-31,0.0222,disclosed,1.0,https://www.sec.gov/Archives/edgar/data/356682/000175272419172398/primary_doc.xml,0001752724-19-172398,2019-11-21,2019-09-30
S000008719,Calvert Equity Fund,C000195931,2019-09-30,-0.0025,disclosed,1.0,https://www.sec.gov/Archives/edgar/data/356682/000175272419172398/primary_doc.xml,0001752724-19-172398,2019-11-21,2019-09-30
S000008719,Calvert Equity Fund,C000195931,2019-10-31,-0.0016,disclosed,1.0,https://www.sec.gov/Archives/edgar/data/356682/000175272420041667/primary_doc.xml,0001752724-20-041667,2020-02-28,2019-12-31
S000008719,Calvert Equity Fund,C000195931,2019-11-30,0.0327,disclosed,1.0,https://www.sec.gov/Archives/edgar/data/356682/000175272420041667/primary_doc.xml,0001752724-20-041667,2020-02-28,2019-12-31
S000008719,Calvert Equity Fund,C000195931,2019-12-31,0.022400000000000003,disclosed,1.0,https://www.sec.gov/Archives/edgar/data/356682/000175272420041667/primary_doc.xml,0001752724-20-041667,2020-02-28,2019-12-31
S000008719,Calvert Equity Fund,C000195931,2020-01-31,0.0149,disclosed,1.0,https://www.sec.gov/Archives/edgar/data/356682/000175272420097156/primary_doc.xml,0001752724-20-097156,2020-05-20,2020-03-31
S000008719,Calvert Equity Fund,C000195931,2020-02-29,-0.0603,disclosed,1.0,https://www.sec.gov/Archives/edgar/data/356682/000175272420097156/primary_doc.xml,0001752724-20-097156,2020-05-20,2020-03-31
S000008719,Calvert Equity Fund,C000195931,2020-03-31,-0.09119999999999999,disclosed,1.0,https://www.sec.gov/Archives/edgar/data/356682/000175272420097156/primary_doc.xml,0001752724-20-097156,2020-05-20,2020-03-31
S000008719,Calvert Equity Fund,C000195931,2020-04-30,0.127,disclosed,1.0,https://www.sec.gov/Archives/edgar/data/356682/000175272420177640/primary_doc.xml,0001752724-20-177640,2020-08-28,2020-06-30
S000008719,Calvert Equity Fund,C000195931,2020-05-31,0.0659,disclosed,1.0,https://www.sec.gov/Archives/edgar/data/356682/000175272420177640/primary_doc.xml,0001752724-20-177640,2020-08-28,2020-06-30
S000008719,Calvert Equity Fund,C000195931,2020-06-30,0.0009,disclosed,1.0,https://www.sec.gov/Archives/edgar/data/356682/000175272420177640/primary_doc.xml,0001752724-20-177640,2020-08-28,2020-06-30
S000008719,Calvert Equity Fund,C000195931,2020-07-31,0.0584,disclosed,1.0,https://www.sec.gov/Archives/edgar/data/356682/000175272420236491/primary_doc.xml,0001752724-20-236491,2020-11-19,2020-09-30
S000008719,Calvert Equity Fund,C000195931,2020-08-31,0.0521,disclosed,1.0,https://www.sec.gov/Archives/edgar/data/356682/000175272420236491/primary_doc.xml,0001752724-20-236491,2020-11-19,2020-09-30
S000008719,Calvert Equity Fund,C000195931,2020-09-30,-0.0113,disclosed,1.0,https://www.sec.gov/Archives/edgar/data/356682/000175272420236491/primary_doc.xml,0001752724-20-236491,2020-11-19,2020-09-30
S000008719,Calvert Equity Fund,C000195931,2020-10-31,-0.0277,disclosed,1.0,https://www.sec.gov/Archives/edgar/data/356682/000175272421043702/primary_doc.xml,0001752724-21-043702,2021-02-26,2020-12-31
S000008719,Calvert Equity Fund,C000195931,2020-11-30,0.0975,disclosed,1.0,https://www.sec.gov/Archives/edgar/data/356682/000175272421043702/primary_doc.xml,0001752724-21-043702,2021-02-26,2020-12-31
S000008719,Calvert Equity Fund,C000195931,2020-12-31,0.0207,disclosed,1.0,https://www.sec.gov/Archives/edgar/data/356682/000175272421043702/primary_doc.xml,0001752724-21-043702,2021-02-26,2020-12-31
S000008719,Calvert Equity Fund,C000195931,2021-01-31,-0.037000000000000005,disclosed,1.0,https://www.sec.gov/Archives/edgar/data/356682/000175272421103070/primary_doc.xml,0001752724-21-103070,2021-05-20,2021-03-31
S000008719,Calvert Equity Fund,C000195931,2021-02-28,0.022799999999999997,disclosed,1.0,https://www.sec.gov/Archives/edgar/data/356682/000175272421103070/primary_doc.xml,0001752724-21-103070,2021-05-20,2021-03-31
S000008719,Calvert Equity Fund,C000195931,2021-03-31,0.039599999999999996,disclosed,1.0,https://www.sec.gov/Archives/edgar/data/356682/000175272421103070/primary_doc.xml,0001752724-21-103070,2021-05-20,2021-03-31
S000008719,Calvert Equity Fund,C000195931,2021-04-30,0.06860000000000001,disclosed,1.0,https://www.sec.gov/Archives/edgar/data/356682/000175272421187272/primary_doc.xml,0001752724-21-187272,2021-08-26,2021-06-30
S000008719,Calvert Equity Fund,C000195931,2021-05-31,-0.0034000000000000002,disclosed,1.0,https://www.sec.gov/Archives/edgar/data/356682/000175272421187272/primary_doc.xml,0001752724-21-187272,2021-08-26,2021-06-30
S000008719,Calvert Equity Fund,C000195931,2021-06-30,0.030299999999999997,disclosed,1.0,https://www.sec.gov/Archives/edgar/data/356682/000175272421187272/primary_doc.xml,0001752724-21-187272,2021-08-26,2021-06-30
S000008719,Calvert Equity Fund,C000195931,2021-07-31,0.0565,disclosed,1.0,https://www.sec.gov/Archives/edgar/data/356682/000175272421256301/primary_doc.xml,0001752724-21-256301,2021-11-24,2021-09-30
S000008719,Calvert Equity Fund,C000195931,2021-08-31,0.026000000000000002,disclosed,1.0,https://www.sec.gov/Archives/edgar/data/356682/000175272421256301/primary_doc.xml,0001752724-21-256301,2021-11-24,2021-09-30
S000008719,Calvert Equity Fund,C000195931,2021-09-30,-0.0481,disclosed,1.0,https://www.sec.gov/Archives/edgar/data/356682/000175272421256301/primary_doc.xml,0001752724-21-256301,2021-11-24,2021-09-30
S000008719,Calvert Equity Fund,C000195931,2021-10-31,0.0664,disclosed,1.0,https://www.sec.gov/Archives/edgar/data/356682/000175272422051001/primary_doc.xml,0001752724-22-051001,2022-02-28,2021-12-31
S000008719,Calvert Equity Fund,C000195931,2021-11-30,-0.0078000000000000005,disclosed,1.0,https://www.sec.gov/Archives/edgar/data/356682/000175272422051001/primary_doc.xml,0001752724-22-051001,2022-02-28,2021-12-31
S000008719,Calvert Equity Fund,C000195931,2021-12-31,0.054299999999999994,disclosed,1.0,https://www.sec.gov/Archives/edgar/data/356682/000175272422051001/primary_doc.xml,0001752724-22-051001,2022-02-28,2021-12-31
S000008719,Calvert Equity Fund,C000195931,2022-01-31,-0.0832,disclosed,1.0,https://www.sec.gov/Archives/edgar/data/356682/000175272422125896/primary_doc.xml,0001752724-22-125896,2022-05-27,2022-03-31
S000008719,Calvert Equity Fund,C000195931,2022-02-28,-0.056600000000000004,disclosed,1.0,https://www.sec.gov/Archives/edgar/data/356682/000175272422125896/primary_doc.xml,0001752724-22-125896,2022-05-27,2022-03-31
S000008719,Calvert Equity Fund,C000195931,2022-03-31,0.0352,disclosed,1.0,https://www.sec.gov/Archives/edgar/data/356682/000175272422125896/primary_doc.xml,0001752724-22-125896,2022-05-27,2022-03-31
S000008719,Calvert Equity Fund,C000195931,2022-04-30,-0.0639,disclosed,1.0,https://www.sec.gov/Archives/edgar/data/356682/000175272422198149/primary_doc.xml,0001752724-22-198149,2022-08-26,2022-06-30
S000008719,Calvert Equity Fund,C000195931,2022-05-31,-0.0078000000000000005,disclosed,1.0,https://www.sec.gov/Archives/edgar/data/356682/000175272422198149/primary_doc.xml,0001752724-22-198149,2022-08-26,2022-06-30
S000008719,Calvert Equity Fund,C000195931,2022-06-30,-0.0574,disclosed,1.0,https://www.sec.gov/Archives/edgar/data/356682/000175272422198149/primary_doc.xml,0001752724-22-198149,2022-08-26,2022-06-30
S000008719,Calvert Equity Fund,C000195931,2022-07-31,0.0969,disclosed,1.0,https://www.sec.gov/Archives/edgar/data/356682/000175272422254062/primary_doc.xml,0001752724-22-254062,2022-11-17,2022-09-30
S000008719,Calvert Equity Fund,C000195931,2022-08-31,-0.048600000000000004,disclosed,1.0,https://www.sec.gov/Archives/edgar/data/356682/000175272422254062/primary_doc.xml,0001752724-22-254062,2022-11-17,2022-09-30
S000008719,Calvert Equity Fund,C000195931,2022-09-30,-0.0806,disclosed,1.0,https://www.sec.gov/Archives/edgar/data/356682/000175272422254062/primary_doc.xml,0001752724-22-254062,2022-11-17,2022-09-30
S000008719,Calvert Equity Fund,C000195931,2022-10-31,0.0673,disclosed,1.0,https://www.sec.gov/Archives/edgar/data/356682/000175272423049242/primary_doc.xml,0001752724-23-049242,2023-03-01,2022-12-31
S000008719,Calvert Equity Fund,C000195931,2022-11-30,0.0707,disclosed,1.0,https://www.sec.gov/Archives/edgar/data/356682/000175272423049242/primary_doc.xml,0001752724-23-049242,2023-03-01,2022-12-31
S000008719,Calvert Equity Fund,C000195931,2022-12-31,-0.038,disclosed,1.0,https://www.sec.gov/Archives/edgar/data/356682/000175272423049242/primary_doc.xml,0001752724-23-049242,2023-03-01,2022-12-31
S000008719,Calvert Equity Fund,C000195931,2023-01-31,0.051500000000000004,disclosed,1.0,https://www.sec.gov/Archives/edgar/data/356682/000175272423109185/primary_doc.xml,0001752724-23-109185,2023-05-22,2023-03-31
S000008719,Calvert Equity Fund,C000195931,2023-02-28,-0.044500000000000005,disclosed,1.0,https://www.sec.gov/Archives/edgar/data/356682/000175272423109185/primary_doc.xml,0001752724-23-109185,2023-05-22,2023-03-31
S000008719,Calvert Equity Fund,C000195931,2023-03-31,0.0358,disclosed,1.0,https://www.sec.gov/Archives/edgar/data/356682/000175272423109185/primary_doc.xml,0001752724-23-109185,2023-05-22,2023-03-31
S000008719,Calvert Equity Fund,C000195931,2023-04-30,0.0138,disclosed,1.0,https://www.sec.gov/Archives/edgar/data/356682/000175272423197622/primary_doc.xml,0001752724-23-197622,2023-08-29,2023-06-30
S000008719,Calvert Equity Fund,C000195931,2023-05-31,-0.021,disclosed,1.0,https://www.sec.gov/Archives/edgar/data/356682/000175272423197622/primary_doc.xml,0001752724-23-197622,2023-08-29,2023-06-30
S000008719,Calvert Equity Fund,C000195931,2023-06-30,0.059500000000000004,disclosed,1.0,https://www.sec.gov/Archives/edgar/data/356682/000175272423197622/primary_doc.xml,0001752724-23-197622,2023-08-29,2023-06-30
S000008719,Calvert Equity Fund,C000195931,2023-07-31,0.024900000000000002,disclosed,1.0,https://www.sec.gov/Archives/edgar/data/356682/000175272423247673/primary_doc.xml,0001752724-23-247673,2023-11-14,2023-09-30
S000008719,Calvert Equity Fund,C000195931,2023-08-31,-0.005600000000000001,disclosed,1.0,https://www.sec.gov/Archives/edgar/data/356682/000175272423247673/primary_doc.xml,0001752724-23-247673,2023-11-14,2023-09-30
S000008719,Calvert Equity Fund,C000195931,2023-09-30,-0.0605,disclosed,1.0,https://www.sec.gov/Archives/edgar/data/356682/000175272423247673/primary_doc.xml,0001752724-23-247673,2023-11-14,2023-09-30
S000008719,Calvert Equity Fund,C000195931,2023-10-31,-0.0265,disclosed,1.0,https://www.sec.gov/Archives/edgar/data/356682/000175272424046078/primary_doc.xml,0001752724-24-046078,2024-02-28,2023-12-31
S000008719,Calvert Equity Fund,C000195931,2023-11-30,0.11130000000000001,disclosed,1.0,https://www.sec.gov/Archives/edgar/data/356682/000175272424046078/primary_doc.xml,0001752724-24-046078,2024-02-28,2023-12-31
S000008719,Calvert Equity Fund,C000195931,2023-12-31,0.0435,disclosed,1.0,https://www.sec.gov/Archives/edgar/data/356682/000175272424046078/primary_doc.xml,0001752724-24-046078,2024-02-28,2023-12-31
S000008719,Calvert Equity Fund,C000195931,2024-01-31,0.0025,disclosed,1.0,https://www.sec.gov/Archives/edgar/data/356682/000175272424110242/primary_doc.xml,0001752724-24-110242,2024-05-21,2024-03-31
S000008719,Calvert Equity Fund,C000195931,2024-02-29,0.044500000000000005,disclosed,1.0,https://www.sec.gov/Archives/edgar/data/356682/000175272424110242/primary_doc.xml,0001752724-24-110242,2024-05-21,2024-03-31
S000008719,Calvert Equity Fund,C000195931,2024-03-31,0.0089,disclosed,1.0,https://www.sec.gov/Archives/edgar/data/356682/000175272424110242/primary_doc.xml,0001752724-24-110242,2024-05-21,2024-03-31
S000008719,Calvert Equity Fund,C000195931,2024-04-30,-0.0435,disclosed,1.0,https://www.sec.gov/Archives/edgar/data/356682/000175272424197480/primary_doc.xml,0001752724-24-197480,2024-08-28,2024-06-30
S000008719,Calvert Equity Fund,C000195931,2024-05-31,0.0291,disclosed,1.0,https://www.sec.gov/Archives/edgar/data/356682/000175272424197480/primary_doc.xml,0001752724-24-197480,2024-08-28,2024-06-30
S000008719,Calvert Equity Fund,C000195931,2024-06-30,0.015300000000000001,disclosed,1.0,https://www.sec.gov/Archives/edgar/data/356682/000175272424197480/primary_doc.xml,0001752724-24-197480,2024-08-28,2024-06-30
S000008719,Calvert Equity Fund,C000195931,2024-07-31,0.0317,disclosed,1.0,https://www.sec.gov/Archives/edgar/data/356682/000175272424257159/primary_doc.xml,0001752724-24-257159,2024-11-19,2024-09-30
S000008719,Calvert Equity Fund,C000195931,2024-08-31,0.019,disclosed,1.0,https://www.sec.gov/Archives/edgar/data/356682/000175272424257159/primary_doc.xml,0001752724-24-257159,2024-11-19,2024-09-30
S000008719,Calvert Equity Fund,C000195931,2024-09-30,0.011399999999999999,disclosed,1.0,https://www.sec.gov/Archives/edgar/data/356682/000175272424257159/primary_doc.xml,0001752724-24-257159,2024-11-19,2024-09-30
S000008719,Calvert Equity Fund,C000195931,2024-10-31,-0.0344,disclosed,1.0,https://www.sec.gov/Archives/edgar/data/356682/000175272425045760/primary_doc.xml,0001752724-25-045760,2025-02-28,2024-12-31
S000008719,Calvert Equity Fund,C000195931,2024-11-30,0.0434,disclosed,1.0,https://www.sec.gov/Archives/edgar/data/356682/000175272425045760/primary_doc.xml,0001752724-25-045760,2025-02-28,2024-12-31
S000008719,Calvert Equity Fund,C000195931,2024-12-31,-0.038599999999999995,disclosed,1.0,https://www.sec.gov/Archives/edgar/data/356682/000175272425045760/primary_doc.xml,0001752724-25-045760,2025-02-28,2024-12-31
S000008719,Calvert Equity Fund,C000195931,2025-01-31,0.0453,disclosed,1.0,https://www.sec.gov/Archives/edgar/data/356682/000175272425107490/primary_doc.xml,0001752724-25-107490,2025-05-19,2025-03-31
S000008719,Calvert Equity Fund,C000195931,2025-02-28,-0.0118,disclosed,1.0,https://www.sec.gov/Archives/edgar/data/356682/000175272425107490/primary_doc.xml,0001752724-25-107490,2025-05-19,2025-03-31
S000008719,Calvert Equity Fund,C000195931,2025-03-31,-0.0354,disclosed,1.0,https://www.sec.gov/Archives/edgar/data/356682/000175272425107490/primary_doc.xml,0001752724-25-107490,2025-05-19,2025-03-31
S000008719,Calvert Equity Fund,C000195931,2025-04-30,-0.0052,disclosed,1.0,https://www.sec.gov/Archives/edgar/data/356682/000175272425207479/primary_doc.xml,0001752724-25-207479,2025-08-27,2025-06-30
S000008719,Calvert Equity Fund,C000195931,2025-05-31,0.0463,disclosed,1.0,https://www.sec.gov/Archives/edgar/data/356682/000175272425207479/primary_doc.xml,0001752724-25-207479,2025-08-27,2025-06-30
S000008719,Calvert Equity Fund,C000195931,2025-06-30,0.0159,disclosed,1.0,https://www.sec.gov/Archives/edgar/data/356682/000175272425207479/primary_doc.xml,0001752724-25-207479,2025-08-27,2025-06-30
S000008719,Calvert Equity Fund,C000195931,2025-07-31,0.001,disclosed,1.0,https://www.sec.gov/Archives/edgar/data/356682/000141036825028970/primary_doc.xml,0001410368-25-028970,2025-11-24,2025-09-30
S000008719,Calvert Equity Fund,C000195931,2025-08-31,0.013300000000000001,disclosed,1.0,https://www.sec.gov/Archives/edgar/data/356682/000141036825028970/primary_doc.xml,0001410368-25-028970,2025-11-24,2025-09-30
S000008719,Calvert Equity Fund,C000195931,2025-09-30,-0.004,disclosed,1.0,https://www.sec.gov/Archives/edgar/data/356682/000141036825028970/primary_doc.xml,0001410368-25-028970,2025-11-24,2025-09-30
S000008719,Calvert Equity Fund,C000195931,2025-10-31,-0.0075,disclosed,1.0,https://www.sec.gov/Archives/edgar/data/356682/000141036826020589/primary_doc.xml,0001410368-26-020589,2026-02-27,2025-12-31
S000008719,Calvert Equity Fund,C000195931,2025-11-30,0.0178,disclosed,1.0,https://www.sec.gov/Archives/edgar/data/356682/000141036826020589/primary_doc.xml,0001410368-26-020589,2026-02-27,2025-12-31
S000008719,Calvert Equity Fund,C000195931,2025-12-31,-0.0021,disclosed,1.0,https://www.sec.gov/Archives/edgar/data/356682/000141036826020589/primary_doc.xml,0001410368-26-020589,2026-02-27,2025-12-31
S000008719,Calvert Equity Fund,C000195931,2026-01-31,-0.0127,disclosed,1.0,https://www.sec.gov/Archives/edgar/data/356682/000141036826050770/primary_doc.xml,0001410368-26-050770,2026-05-26,2026-03-31
S000008719,Calvert Equity Fund,C000195931,2026-02-28,-0.022799999999999997,disclosed,1.0,https://www.sec.gov/Archives/edgar/data/356682/000141036826050770/primary_doc.xml,0001410368-26-050770,2026-05-26,2026-03-31
S000008719,Calvert Equity Fund,C000195931,2026-03-31,-0.0617,disclosed,1.0,https://www.sec.gov/Archives/edgar/data/356682/000141036826050770/primary_doc.xml,0001410368-26-050770,2026-05-26,2026-03-31
S000008719,Calvert Equity Fund,C000195931,2026-04-30,0.029500000000000002,disclosed,1.0,https://www.sec.gov/Archives/edgar/data/356682/000141036826087730/primary_doc.xml,0001410368-26-087730,2026-08-27,2026-06-30
S000008719,Calvert Equity Fund,C000195931,2026-05-31,-0.0144,disclosed,1.0,https://www.sec.gov/Archives/edgar/data/356682/000141036826087730/primary_doc.xml,0001410368-26-087730,2026-08-27,2026-06-30
S000008719,Calvert Equity Fund,C000195931,2026-06-30,-0.022099999999999998,disclosed,1.0,https://www.sec.gov/Archives/edgar/data/356682/000141036826087730/primary_doc.xml,0001410368-26-087730,2026-08-27,2026-06-30
S000028709,iShares MSCI USA Equal Weighted ETF,C000087836,2019-09-30,0.028900000000000002,disclosed,1.0,https://www.sec.gov/Archives/edgar/data/930667/000175272420015386/primary_doc.xml,0001752724-20-015386,2020-01-28,2019-11-30
S000028709,iShares MSCI USA Equal Weighted ETF,C000087836,2019-10-31,0.0131,disclosed,1.0,https://www.sec.gov/Archives/edgar/data/930667/000175272420015386/primary_doc.xml,0001752724-20-015386,2020-01-28,2019-11-30
S000028709,iShares MSCI USA Equal Weighted ETF,C000087836,2019-11-30,0.0378,disclosed,1.0,https://www.sec.gov/Archives/edgar/data/930667/000175272420015386/primary_doc.xml,0001752724-20-015386,2020-01-28,2019-11-30
S000028709,iShares MSCI USA Equal Weighted ETF,C000087836,2019-12-31,0.0246,disclosed,1.0,https://www.sec.gov/Archives/edgar/data/930667/000175272420080588/primary_doc.xml,0001752724-20-080588,2020-04-27,2020-02-29
S000028709,iShares MSCI USA Equal Weighted ETF,C000087836,2020-01-31,-0.0116,disclosed,1.0,https://www.sec.gov/Archives/edgar/data/930667/000175272420080588/primary_doc.xml,0001752724-20-080588,2020-04-27,2020-02-29
S000028709,iShares MSCI USA Equal Weighted ETF,C000087836,2020-02-29,-0.0868,disclosed,1.0,https://www.sec.gov/Archives/edgar/data/930667/000175272420080588/primary_doc.xml,0001752724-20-080588,2020-04-27,2020-02-29
S000028709,iShares MSCI USA Equal Weighted ETF,C000087836,2020-03-31,-0.18530000000000002,disclosed,1.0,https://www.sec.gov/Archives/edgar/data/930667/000175272420147928/primary_doc.xml,0001752724-20-147928,2020-07-29,2020-05-31
S000028709,iShares MSCI USA Equal Weighted ETF,C000087836,2020-04-30,0.1387,disclosed,1.0,https://www.sec.gov/Archives/edgar/data/930667/000175272420147928/primary_doc.xml,0001752724-20-147928,2020-07-29,2020-05-31
S000028709,iShares MSCI USA Equal Weighted ETF,C000087836,2020-05-31,0.06309999999999999,disclosed,1.0,https://www.sec.gov/Archives/edgar/data/930667/000175272420147928/primary_doc.xml,0001752724-20-147928,2020-07-29,2020-05-31
S000028709,iShares MSCI USA Equal Weighted ETF,C000087836,2020-06-30,0.0159,disclosed,1.0,https://www.sec.gov/Archives/edgar/data/930667/000175272420218556/primary_doc.xml,0001752724-20-218556,2020-10-28,2020-08-31
S000028709,iShares MSCI USA Equal Weighted ETF,C000087836,2020-07-31,0.0516,disclosed,1.0,https://www.sec.gov/Archives/edgar/data/930667/000175272420218556/primary_doc.xml,0001752724-20-218556,2020-10-28,2020-08-31
S000028709,iShares MSCI USA Equal Weighted ETF,C000087836,2020-08-31,0.0453,disclosed,1.0,https://www.sec.gov/Archives/edgar/data/930667/000175272420218556/primary_doc.xml,0001752724-20-218556,2020-10-28,2020-08-31
S000028709,iShares MSCI USA Equal Weighted ETF,C000087836,2020-09-30,-0.022099999999999998,disclosed,1.0,https://www.sec.gov/Archives/edgar/data/930667/000175272421013753/primary_doc.xml,0001752724-21-013753,2021-01-27,2020-11-30
S000028709,iShares MSCI USA Equal Weighted ETF,C000087836,2020-10-31,-0.0051,disclosed,1.0,https://www.sec.gov/Archives/edgar/data/930667/000175272421013753/primary_doc.xml,0001752724-21-013753,2021-01-27,2020-11-30
S000028709,iShares MSCI USA Equal Weighted ETF,C000087836,2020-11-30,0.1412,disclosed,1.0,https://www.sec.gov/Archives/edgar/data/930667/000175272421013753/primary_doc.xml,0001752724-21-013753,2021-01-27,2020-11-30
S000028709,iShares MSCI USA Equal Weighted ETF,C000087836,2020-12-31,0.0433,disclosed,1.0,https://www.sec.gov/Archives/edgar/data/930667/000175272421086108/primary_doc.xml,0001752724-21-086108,2021-04-27,2021-02-28
S000028709,iShares MSCI USA Equal Weighted ETF,C000087836,2021-01-31,-0.0096,disclosed,1.0,https://www.sec.gov/Archives/edgar/data/930667/000175272421086108/primary_doc.xml,0001752724-21-086108,2021-04-27,2021-02-28
S000028709,iShares MSCI USA Equal Weighted ETF,C000087836,2021-02-28,0.052000000000000005,disclosed,1.0,https://www.sec.gov/Archives/edgar/data/930667/000175272421086108/primary_doc.xml,0001752724-21-086108,2021-04-27,2021-02-28
S000028709,iShares MSCI USA Equal Weighted ETF,C000087836,2021-03-31,0.0431,disclosed,1.0,https://www.sec.gov/Archives/edgar/data/930667/000175272421158958/primary_doc.xml,0001752724-21-158958,2021-07-28,2021-05-31
S000028709,iShares MSCI USA Equal Weighted ETF,C000087836,2021-04-30,0.0501,disclosed,1.0,https://www.sec.gov/Archives/edgar/data/930667/000175272421158958/primary_doc.xml,0001752724-21-158958,2021-07-28,2021-05-31
S000028709,iShares MSCI USA Equal Weighted ETF,C000087836,2021-05-31,0.0144,disclosed,1.0,https://www.sec.gov/Archives/edgar/data/930667/000175272421158958/primary_doc.xml,0001752724-21-158958,2021-07-28,2021-05-31
S000028709,iShares MSCI USA Equal Weighted ETF,C000087836,2021-06-30,0.0166,disclosed,1.0,https://www.sec.gov/Archives/edgar/data/930667/000175272421228326/primary_doc.xml,0001752724-21-228326,2021-10-27,2021-08-31
S000028709,iShares MSCI USA Equal Weighted ETF,C000087836,2021-07-31,0.0131,disclosed,1.0,https://www.sec.gov/Archives/edgar/data/930667/000175272421228326/primary_doc.xml,0001752724-21-228326,2021-10-27,2021-08-31
S000028709,iShares MSCI USA Equal Weighted ETF,C000087836,2021-08-31,0.023399999999999997,disclosed,1.0,https://www.sec.gov/Archives/edgar/data/930667/000175272421228326/primary_doc.xml,0001752724-21-228326,2021-10-27,2021-08-31
S000028709,iShares MSCI USA Equal Weighted ETF,C000087836,2021-09-30,-0.04190000000000001,disclosed,1.0,https://www.sec.gov/Archives/edgar/data/930667/000175272422015690/primary_doc.xml,0001752724-22-015690,2022-01-27,2021-11-30
S000028709,iShares MSCI USA Equal Weighted ETF,C000087836,2021-10-31,0.0574,disclosed,1.0,https://www.sec.gov/Archives/edgar/data/930667/000175272422015690/primary_doc.xml,0001752724-22-015690,2022-01-27,2021-11-30
S000028709,iShares MSCI USA Equal Weighted ETF,C000087836,2021-11-30,-0.0297,disclosed,1.0,https://www.sec.gov/Archives/edgar/data/930667/000175272422015690/primary_doc.xml,0001752724-22-015690,2022-01-27,2021-11-30
S000028709,iShares MSCI USA Equal Weighted ETF,C000087836,2021-12-31,0.04650000000000001,disclosed,1.0,https://www.sec.gov/Archives/edgar/data/930667/000175272422092667/primary_doc.xml,0001752724-22-092667,2022-04-26,2022-02-28
S000028709,iShares MSCI USA Equal Weighted ETF,C000087836,2022-01-31,-0.058899999999999994,disclosed,1.0,https://www.sec.gov/Archives/edgar/data/930667/000175272422092667/primary_doc.xml,0001752724-22-092667,2022-04-26,2022-02-28
S000028709,iShares MSCI USA Equal Weighted ETF,C000087836,2022-02-28,-0.012,disclosed,1.0,https://www.sec.gov/Archives/edgar/data/930667/000175272422092667/primary_doc.xml,0001752724-22-092667,2022-04-26,2022-02-28
S000028709,iShares MSCI USA Equal Weighted ETF,C000087836,2022-03-31,0.0223,disclosed,1.0,https://www.sec.gov/Archives/edgar/data/930667/000175272422167516/primary_doc.xml,0001752724-22-167516,2022-07-27,2022-05-31
S000028709,iShares MSCI USA Equal Weighted ETF,C000087836,2022-04-30,-0.0796,disclosed,1.0,https://www.sec.gov/Archives/edgar/data/930667/000175272422167516/primary_doc.xml,0001752724-22-167516,2022-07-27,2022-05-31
S000028709,iShares MSCI USA Equal Weighted ETF,C000087836,2022-05-31,0.0006,disclosed,1.0,https://www.sec.gov/Archives/edgar/data/930667/000175272422167516/primary_doc.xml,0001752724-22-167516,2022-07-27,2022-05-31
S000028709,iShares MSCI USA Equal Weighted ETF,C000087836,2022-06-30,-0.0929,disclosed,1.0,https://www.sec.gov/Archives/edgar/data/930667/000175272422239664/primary_doc.xml,0001752724-22-239664,2022-10-27,2022-08-31
S000028709,iShares MSCI USA Equal Weighted ETF,C000087836,2022-07-31,0.0889,disclosed,1.0,https://www.sec.gov/Archives/edgar/data/930667/000175272422239664/primary_doc.xml,0001752724-22-239664,2022-10-27,2022-08-31
S000028709,iShares MSCI USA Equal Weighted ETF,C000087836,2022-08-31,-0.0323,disclosed,1.0,https://www.sec.gov/Archives/edgar/data/930667/000175272422239664/primary_doc.xml,0001752724-22-239664,2022-10-27,2022-08-31
S000028709,iShares MSCI USA Equal Weighted ETF,C000087836,2022-09-30,-0.096,disclosed,1.0,https://www.sec.gov/Archives/edgar/data/930667/000175272423011817/primary_doc.xml,0001752724-23-011817,2023-01-25,2022-11-30
S000028709,iShares MSCI USA Equal Weighted ETF,C000087836,2022-10-31,0.0888,disclosed,1.0,https://www.sec.gov/Archives/edgar/data/930667/000175272423011817/primary_doc.xml,0001752724-23-011817,2023-01-25,2022-11-30
S000028709,iShares MSCI USA Equal Weighted ETF,C000087836,2022-11-30,0.06269999999999999,disclosed,1.0,https://www.sec.gov/Archives/edgar/data/930667/000175272423011817/primary_doc.xml,0001752724-23-011817,2023-01-25,2022-11-30
S000028709,iShares MSCI USA Equal Weighted ETF,C000087836,2022-12-31,-0.052000000000000005,disclosed,1.0,https://www.sec.gov/Archives/edgar/data/930667/000175272423087915/primary_doc.xml,0001752724-23-087915,2023-04-26,2023-02-28
S000028709,iShares MSCI USA Equal Weighted ETF,C000087836,2023-01-31,0.0816,disclosed,1.0,https://www.sec.gov/Archives/edgar/data/930667/000175272423087915/primary_doc.xml,0001752724-23-087915,2023-04-26,2023-02-28
S000028709,iShares MSCI USA Equal Weighted ETF,C000087836,2023-02-28,-0.0331,disclosed,1.0,https://www.sec.gov/Archives/edgar/data/930667/000175272423087915/primary_doc.xml,0001752724-23-087915,2023-04-26,2023-02-28
S000028709,iShares MSCI USA Equal Weighted ETF,C000087836,2023-03-31,-0.0055000000000000005,disclosed,1.0,https://www.sec.gov/Archives/edgar/data/930667/000175272423161527/primary_doc.xml,0001752724-23-161527,2023-07-25,2023-05-31
S000028709,iShares MSCI USA Equal Weighted ETF,C000087836,2023-04-30,-0.004699999999999999,disclosed,1.0,https://www.sec.gov/Archives/edgar/data/930667/000175272423161527/primary_doc.xml,0001752724-23-161527,2023-07-25,2023-05-31
S000028709,iShares MSCI USA Equal Weighted ETF,C000087836,2023-05-31,-0.0241,disclosed,1.0,https://www.sec.gov/Archives/edgar/data/930667/000175272423161527/primary_doc.xml,0001752724-23-161527,2023-07-25,2023-05-31
S000028709,iShares MSCI USA Equal Weighted ETF,C000087836,2023-06-30,0.0764,disclosed,1.0,https://www.sec.gov/Archives/edgar/data/930667/000175272423237915/primary_doc.xml,0001752724-23-237915,2023-10-26,2023-08-31
S000028709,iShares MSCI USA Equal Weighted ETF,C000087836,2023-07-31,0.04190000000000001,disclosed,1.0,https://www.sec.gov/Archives/edgar/data/930667/000175272423237915/primary_doc.xml,0001752724-23-237915,2023-10-26,2023-08-31
S000028709,iShares MSCI USA Equal Weighted ETF,C000087836,2023-08-31,-0.032400000000000005,disclosed,1.0,https://www.sec.gov/Archives/edgar/data/930667/000175272423237915/primary_doc.xml,0001752724-23-237915,2023-10-26,2023-08-31
S000028709,iShares MSCI USA Equal Weighted ETF,C000087836,2023-09-30,-0.0483,disclosed,1.0,https://www.sec.gov/Archives/edgar/data/930667/000175272424013875/primary_doc.xml,0001752724-24-013875,2024-01-25,2023-11-30
S000028709,iShares MSCI USA Equal Weighted ETF,C000087836,2023-10-31,-0.044000000000000004,disclosed,1.0,https://www.sec.gov/Archives/edgar/data/930667/000175272424013875/primary_doc.xml,0001752724-24-013875,2024-01-25,2023-11-30
S000028709,iShares MSCI USA Equal Weighted ETF,C000087836,2023-11-30,0.098,disclosed,1.0,https://www.sec.gov/Archives/edgar/data/930667/000175272424013875/primary_doc.xml,0001752724-24-013875,2024-01-25,2023-11-30
S000028709,iShares MSCI USA Equal Weighted ETF,C000087836,2023-12-31,0.07400000000000001,disclosed,1.0,https://www.sec.gov/Archives/edgar/data/930667/000175272424087390/primary_doc.xml,0001752724-24-087390,2024-04-24,2024-02-29
S000028709,iShares MSCI USA Equal Weighted ETF,C000087836,2024-01-31,-0.0083,disclosed,1.0,https://www.sec.gov/Archives/edgar/data/930667/000175272424087390/primary_doc.xml,0001752724-24-087390,2024-04-24,2024-02-29
S000028709,iShares MSCI USA Equal Weighted ETF,C000087836,2024-02-29,0.045700000000000005,disclosed,1.0,https://www.sec.gov/Archives/edgar/data/930667/000175272424087390/primary_doc.xml,0001752724-24-087390,2024-04-24,2024-02-29
S000028709,iShares MSCI USA Equal Weighted ETF,C000087836,2024-03-31,0.0435,disclosed,1.0,https://www.sec.gov/Archives/edgar/data/930667/000175272424164113/primary_doc.xml,0001752724-24-164113,2024-07-25,2024-05-31
S000028709,iShares MSCI USA Equal Weighted ETF,C000087836,2024-04-30,-0.051,disclosed,1.0,https://www.sec.gov/Archives/edgar/data/930667/000175272424164113/primary_doc.xml,0001752724-24-164113,2024-07-25,2024-05-31
S000028709,iShares MSCI USA Equal Weighted ETF,C000087836,2024-05-31,0.0259,disclosed,1.0,https://www.sec.gov/Archives/edgar/data/930667/000175272424164113/primary_doc.xml,0001752724-24-164113,2024-07-25,2024-05-31
S000028709,iShares MSCI USA Equal Weighted ETF,C000087836,2024-06-30,-0.0007000000000000001,disclosed,1.0,https://www.sec.gov/Archives/edgar/data/930667/000175272424240241/primary_doc.xml,0001752724-24-240241,2024-10-28,2024-08-31
S000028709,iShares MSCI USA Equal Weighted ETF,C000087836,2024-07-31,0.0408,disclosed,1.0,https://www.sec.gov/Archives/edgar/data/930667/000175272424240241/primary_doc.xml,0001752724-24-240241,2024-10-28,2024-08-31
S000028709,iShares MSCI USA Equal Weighted ETF,C000087836,2024-08-31,0.0245,disclosed,1.0,https://www.sec.gov/Archives/edgar/data/930667/000175272424240241/primary_doc.xml,0001752724-24-240241,2024-10-28,2024-08-31
S000028709,iShares MSCI USA Equal Weighted ETF,C000087836,2024-09-30,0.0215,disclosed,1.0,https://www.sec.gov/Archives/edgar/data/930667/000175272425011140/primary_doc.xml,0001752724-25-011140,2025-01-23,2024-11-30
S000028709,iShares MSCI USA Equal Weighted ETF,C000087836,2024-10-31,-0.0104,disclosed,1.0,https://www.sec.gov/Archives/edgar/data/930667/000175272425011140/primary_doc.xml,0001752724-25-011140,2025-01-23,2024-11-30
S000028709,iShares MSCI USA Equal Weighted ETF,C000087836,2024-11-30,0.0776,disclosed,1.0,https://www.sec.gov/Archives/edgar/data/930667/000175272425011140/primary_doc.xml,0001752724-25-011140,2025-01-23,2024-11-30
S000028709,iShares MSCI USA Equal Weighted ETF,C000087836,2024-12-31,-0.062400000000000004,disclosed,1.0,https://www.sec.gov/Archives/edgar/data/930667/000175272425088419/primary_doc.xml,0001752724-25-088419,2025-04-23,2025-02-28
S000028709,iShares MSCI USA Equal Weighted ETF,C000087836,2025-01-31,0.0415,disclosed,1.0,https://www.sec.gov/Archives/edgar/data/930667/000175272425088419/primary_doc.xml,0001752724-25-088419,2025-04-23,2025-02-28
S000028709,iShares MSCI USA Equal Weighted ETF,C000087836,2025-02-28,-0.0141,disclosed,1.0,https://www.sec.gov/Archives/edgar/data/930667/000175272425088419/primary_doc.xml,0001752724-25-088419,2025-04-23,2025-02-28
S000028709,iShares MSCI USA Equal Weighted ETF,C000087836,2025-03-31,-0.0395,disclosed,1.0,https://www.sec.gov/Archives/edgar/data/930667/000175272425176181/primary_doc.xml,0001752724-25-176181,2025-07-24,2025-05-31
S000028709,iShares MSCI USA Equal Weighted ETF,C000087836,2025-04-30,-0.0187,disclosed,1.0,https://www.sec.gov/Archives/edgar/data/930667/000175272425176181/primary_doc.xml,0001752724-25-176181,2025-07-24,2025-05-31
S000028709,iShares MSCI USA Equal Weighted ETF,C000087836,2025-05-31,0.044800000000000006,disclosed,1.0,https://www.sec.gov/Archives/edgar/data/930667/000175272425176181/primary_doc.xml,0001752724-25-176181,2025-07-24,2025-05-31
S000028709,iShares MSCI USA Equal Weighted ETF,C000087836,2025-06-30,0.0363,disclosed,1.0,https://www.sec.gov/Archives/edgar/data/930667/000100472625001386/primary_doc.xml,0001004726-25-001386,2025-10-27,2025-08-31
S000028709,iShares MSCI USA Equal Weighted ETF,C000087836,2025-07-31,0.011399999999999999,disclosed,1.0,https://www.sec.gov/Archives/edgar/data/930667/000100472625001386/primary_doc.xml,0001004726-25-001386,2025-10-27,2025-08-31
S000028709,iShares MSCI USA Equal Weighted ETF,C000087836,2025-08-31,0.023700000000000002,disclosed,1.0,https://www.sec.gov/Archives/edgar/data/930667/000100472625001386/primary_doc.xml,0001004726-25-001386,2025-10-27,2025-08-31
S000028709,iShares MSCI USA Equal Weighted ETF,C000087836,2025-09-30,0.008,disclosed,1.0,https://www.sec.gov/Archives/edgar/data/930667/000100472626000492/primary_doc.xml,0001004726-26-000492,2026-01-28,2025-11-30
S000028709,iShares MSCI USA Equal Weighted ETF,C000087836,2025-10-31,-0.0048,disclosed,1.0,https://www.sec.gov/Archives/edgar/data/930667/000100472626000492/primary_doc.xml,0001004726-26-000492,2026-01-28,2025-11-30
S000028709,iShares MSCI USA Equal Weighted ETF,C000087836,2025-11-30,0.0101,disclosed,1.0,https://www.sec.gov/Archives/edgar/data/930667/000100472626000492/primary_doc.xml,0001004726-26-000492,2026-01-28,2025-11-30
S000028709,iShares MSCI USA Equal Weighted ETF,C000087836,2025-12-31,0.0031,disclosed,1.0,https://www.sec.gov/Archives/edgar/data/930667/000100472626002859/primary_doc.xml,0001004726-26-002859,2026-04-23,2026-02-28
S000028709,iShares MSCI USA Equal Weighted ETF,C000087836,2026-01-31,0.0215,disclosed,1.0,https://www.sec.gov/Archives/edgar/data/930667/000100472626002859/primary_doc.xml,0001004726-26-002859,2026-04-23,2026-02-28
S000028709,iShares MSCI USA Equal Weighted ETF,C000087836,2026-02-28,0.024300000000000002,disclosed,1.0,https://www.sec.gov/Archives/edgar/data/930667/000100472626002859/primary_doc.xml,0001004726-26-002859,2026-04-23,2026-02-28
S000028709,iShares MSCI USA Equal Weighted ETF,C000087836,2026-03-31,-0.0556,disclosed,1.0,https://www.sec.gov/Archives/edgar/data/930667/000100472626006404/primary_doc.xml,0001004726-26-006404,2026-07-27,2026-05-31
S000028709,iShares MSCI USA Equal Weighted ETF,C000087836,2026-04-30,0.0688,disclosed,1.0,https://www.sec.gov/Archives/edgar/data/930667/000100472626006404/primary_doc.xml,0001004726-26-006404,2026-07-27,2026-05-31
S000028709,iShares MSCI USA Equal Weighted ETF,C000087836,2026-05-31,0.0361,disclosed,1.0,https://www.sec.gov/Archives/edgar/data/930667/000100472626006404/primary_doc.xml,0001004726-26-006404,2026-07-27,2026-05-31
S000055381,iShares ESG Aware MSCI USA ETF,C000174221,2019-09-30,0.018500000000000003,disclosed,1.0,https://www.sec.gov/Archives/edgar/data/1100663/000175272420015327/primary_doc.xml,0001752724-20-015327,2020-01-28,2019-11-30
S000055381,iShares ESG Aware MSCI USA ETF,C000174221,2019-10-31,0.024300000000000002,disclosed,1.0,https://www.sec.gov/Archives/edgar/data/1100663/000175272420015327/primary_doc.xml,0001752724-20-015327,2020-01-28,2019-11-30
S000055381,iShares ESG Aware MSCI USA ETF,C000174221,2019-11-30,0.0382,disclosed,1.0,https://www.sec.gov/Archives/edgar/data/1100663/000175272420015327/primary_doc.xml,0001752724-20-015327,2020-01-28,2019-11-30
S000055381,iShares ESG Aware MSCI USA ETF,C000174221,2019-12-31,0.030899999999999997,disclosed,1.0,https://www.sec.gov/Archives/edgar/data/1100663/000175272420080247/primary_doc.xml,0001752724-20-080247,2020-04-27,2020-02-29
S000055381,iShares ESG Aware MSCI USA ETF,C000174221,2020-01-31,0.0055000000000000005,disclosed,1.0,https://www.sec.gov/Archives/edgar/data/1100663/000175272420080247/primary_doc.xml,0001752724-20-080247,2020-04-27,2020-02-29
S000055381,iShares ESG Aware MSCI USA ETF,C000174221,2020-02-29,-0.0815,disclosed,1.0,https://www.sec.gov/Archives/edgar/data/1100663/000175272420080247/primary_doc.xml,0001752724-20-080247,2020-04-27,2020-02-29
S000055381,iShares ESG Aware MSCI USA ETF,C000174221,2020-03-31,-0.12179999999999999,disclosed,1.0,https://www.sec.gov/Archives/edgar/data/1100663/000175272420148121/primary_doc.xml,0001752724-20-148121,2020-07-30,2020-05-31
S000055381,iShares ESG Aware MSCI USA ETF,C000174221,2020-04-30,0.131,disclosed,1.0,https://www.sec.gov/Archives/edgar/data/1100663/000175272420148121/primary_doc.xml,0001752724-20-148121,2020-07-30,2020-05-31
S000055381,iShares ESG Aware MSCI USA ETF,C000174221,2020-05-31,0.052300000000000006,disclosed,1.0,https://www.sec.gov/Archives/edgar/data/1100663/000175272420148121/primary_doc.xml,0001752724-20-148121,2020-07-30,2020-05-31
S000055381,iShares ESG Aware MSCI USA ETF,C000174221,2020-06-30,0.024300000000000002,disclosed,1.0,https://www.sec.gov/Archives/edgar/data/1100663/000175272420218548/primary_doc.xml,0001752724-20-218548,2020-10-28,2020-08-31
S000055381,iShares ESG Aware MSCI USA ETF,C000174221,2020-07-31,0.058600000000000006,disclosed,1.0,https://www.sec.gov/Archives/edgar/data/1100663/000175272420218548/primary_doc.xml,0001752724-20-218548,2020-10-28,2020-08-31
S000055381,iShares ESG Aware MSCI USA ETF,C000174221,2020-08-31,0.07629999999999999,disclosed,1.0,https://www.sec.gov/Archives/edgar/data/1100663/000175272420218548/primary_doc.xml,0001752724-20-218548,2020-10-28,2020-08-31
S000055381,iShares ESG Aware MSCI USA ETF,C000174221,2020-09-30,-0.0397,disclosed,1.0,https://www.sec.gov/Archives/edgar/data/1100663/000175272421013729/primary_doc.xml,0001752724-21-013729,2021-01-27,2020-11-30
S000055381,iShares ESG Aware MSCI USA ETF,C000174221,2020-10-31,-0.0252,disclosed,1.0,https://www.sec.gov/Archives/edgar/data/1100663/000175272421013729/primary_doc.xml,0001752724-21-013729,2021-01-27,2020-11-30
S000055381,iShares ESG Aware MSCI USA ETF,C000174221,2020-11-30,0.1177,disclosed,1.0,https://www.sec.gov/Archives/edgar/data/1100663/000175272421013729/primary_doc.xml,0001752724-21-013729,2021-01-27,2020-11-30
S000055381,iShares ESG Aware MSCI USA ETF,C000174221,2020-12-31,0.0392,disclosed,1.0,https://www.sec.gov/Archives/edgar/data/1100663/000175272421086065/primary_doc.xml,0001752724-21-086065,2021-04-27,2021-02-28
S000055381,iShares ESG Aware MSCI USA ETF,C000174221,2021-01-31,-0.0058,disclosed,1.0,https://www.sec.gov/Archives/edgar/data/1100663/000175272421086065/primary_doc.xml,0001752724-21-086065,2021-04-27,2021-02-28
S000055381,iShares ESG Aware MSCI USA ETF,C000174221,2021-02-28,0.0254,disclosed,1.0,https://www.sec.gov/Archives/edgar/data/1100663/000175272421086065/primary_doc.xml,0001752724-21-086065,2021-04-27,2021-02-28
S000055381,iShares ESG Aware MSCI USA ETF,C000174221,2021-03-31,0.0381,disclosed,1.0,https://www.sec.gov/Archives/edgar/data/1100663/000175272421158988/primary_doc.xml,0001752724-21-158988,2021-07-28,2021-05-31
S000055381,iShares ESG Aware MSCI USA ETF,C000174221,2021-04-30,0.0516,disclosed,1.0,https://www.sec.gov/Archives/edgar/data/1100663/000175272421158988/primary_doc.xml,0001752724-21-158988,2021-07-28,2021-05-31
S000055381,iShares ESG Aware MSCI USA ETF,C000174221,2021-05-31,0.0060999999999999995,disclosed,1.0,https://www.sec.gov/Archives/edgar/data/1100663/000175272421158988/primary_doc.xml,0001752724-21-158988,2021-07-28,2021-05-31
S000055381,iShares ESG Aware MSCI USA ETF,C000174221,2021-06-30,0.0273,disclosed,1.0,https://www.sec.gov/Archives/edgar/data/1100663/000175272421228442/primary_doc.xml,0001752724-21-228442,2021-10-27,2021-08-31
S000055381,iShares ESG Aware MSCI USA ETF,C000174221,2021-07-31,0.022099999999999998,disclosed,1.0,https://www.sec.gov/Archives/edgar/data/1100663/000175272421228442/primary_doc.xml,0001752724-21-228442,2021-10-27,2021-08-31
S000055381,iShares ESG Aware MSCI USA ETF,C000174221,2021-08-31,0.030299999999999997,disclosed,1.0,https://www.sec.gov/Archives/edgar/data/1100663/000175272421228442/primary_doc.xml,0001752724-21-228442,2021-10-27,2021-08-31
S000055381,iShares ESG Aware MSCI USA ETF,C000174221,2021-09-30,-0.0478,disclosed,1.0,https://www.sec.gov/Archives/edgar/data/1100663/000175272422015675/primary_doc.xml,0001752724-22-015675,2022-01-27,2021-11-30
S000055381,iShares ESG Aware MSCI USA ETF,C000174221,2021-10-31,0.0709,disclosed,1.0,https://www.sec.gov/Archives/edgar/data/1100663/000175272422015675/primary_doc.xml,0001752724-22-015675,2022-01-27,2021-11-30
S000055381,iShares ESG Aware MSCI USA ETF,C000174221,2021-11-30,-0.0123,disclosed,1.0,https://www.sec.gov/Archives/edgar/data/1100663/000175272422015675/primary_doc.xml,0001752724-22-015675,2022-01-27,2021-11-30
S000055381,iShares ESG Aware MSCI USA ETF,C000174221,2021-12-31,0.0391,disclosed,1.0,https://www.sec.gov/Archives/edgar/data/1100663/000175272422092726/primary_doc.xml,0001752724-22-092726,2022-04-26,2022-02-28
S000055381,iShares ESG Aware MSCI USA ETF,C000174221,2022-01-31,-0.0594,disclosed,1.0,https://www.sec.gov/Archives/edgar/data/1100663/000175272422092726/primary_doc.xml,0001752724-22-092726,2022-04-26,2022-02-28
S000055381,iShares ESG Aware MSCI USA ETF,C000174221,2022-02-28,-0.0318,disclosed,1.0,https://www.sec.gov/Archives/edgar/data/1100663/000175272422092726/primary_doc.xml,0001752724-22-092726,2022-04-26,2022-02-28
S000055381,iShares ESG Aware MSCI USA ETF,C000174221,2022-03-31,0.0336,disclosed,1.0,https://www.sec.gov/Archives/edgar/data/1100663/000175272422167566/primary_doc.xml,0001752724-22-167566,2022-07-27,2022-05-31
S000055381,iShares ESG Aware MSCI USA ETF,C000174221,2022-04-30,-0.0907,disclosed,1.0,https://www.sec.gov/Archives/edgar/data/1100663/000175272422167566/primary_doc.xml,0001752724-22-167566,2022-07-27,2022-05-31
S000055381,iShares ESG Aware MSCI USA ETF,C000174221,2022-05-31,-0.0011,disclosed,1.0,https://www.sec.gov/Archives/edgar/data/1100663/000175272422167566/primary_doc.xml,0001752724-22-167566,2022-07-27,2022-05-31
S000055381,iShares ESG Aware MSCI USA ETF,C000174221,2022-06-30,-0.0839,disclosed,1.0,https://www.sec.gov/Archives/edgar/data/1100663/000175272422239662/primary_doc.xml,0001752724-22-239662,2022-10-27,2022-08-31
S000055381,iShares ESG Aware MSCI USA ETF,C000174221,2022-07-31,0.094,disclosed,1.0,https://www.sec.gov/Archives/edgar/data/1100663/000175272422239662/primary_doc.xml,0001752724-22-239662,2022-10-27,2022-08-31
S000055381,iShares ESG Aware MSCI USA ETF,C000174221,2022-08-31,-0.0405,disclosed,1.0,https://www.sec.gov/Archives/edgar/data/1100663/000175272422239662/primary_doc.xml,0001752724-22-239662,2022-10-27,2022-08-31
S000055381,iShares ESG Aware MSCI USA ETF,C000174221,2022-09-30,-0.0946,disclosed,1.0,https://www.sec.gov/Archives/edgar/data/1100663/000175272423011814/primary_doc.xml,0001752724-23-011814,2023-01-25,2022-11-30
S000055381,iShares ESG Aware MSCI USA ETF,C000174221,2022-10-31,0.0801,disclosed,1.0,https://www.sec.gov/Archives/edgar/data/1100663/000175272423011814/primary_doc.xml,0001752724-23-011814,2023-01-25,2022-11-30
S000055381,iShares ESG Aware MSCI USA ETF,C000174221,2022-11-30,0.056100000000000004,disclosed,1.0,https://www.sec.gov/Archives/edgar/data/1100663/000175272423011814/primary_doc.xml,0001752724-23-011814,2023-01-25,2022-11-30
S000055381,iShares ESG Aware MSCI USA ETF,C000174221,2022-12-31,-0.0604,disclosed,1.0,https://www.sec.gov/Archives/edgar/data/1100663/000175272423087917/primary_doc.xml,0001752724-23-087917,2023-04-26,2023-02-28
S000055381,iShares ESG Aware MSCI USA ETF,C000174221,2023-01-31,0.0647,disclosed,1.0,https://www.sec.gov/Archives/edgar/data/1100663/000175272423087917/primary_doc.xml,0001752724-23-087917,2023-04-26,2023-02-28
S000055381,iShares ESG Aware MSCI USA ETF,C000174221,2023-02-28,-0.0256,disclosed,1.0,https://www.sec.gov/Archives/edgar/data/1100663/000175272423087917/primary_doc.xml,0001752724-23-087917,2023-04-26,2023-02-28
S000055381,iShares ESG Aware MSCI USA ETF,C000174221,2023-03-31,0.0341,disclosed,1.0,https://www.sec.gov/Archives/edgar/data/1100663/000175272423161524/primary_doc.xml,0001752724-23-161524,2023-07-25,2023-05-31
S000055381,iShares ESG Aware MSCI USA ETF,C000174221,2023-04-30,0.011899999999999999,disclosed,1.0,https://www.sec.gov/Archives/edgar/data/1100663/000175272423161524/primary_doc.xml,0001752724-23-161524,2023-07-25,2023-05-31
S000055381,iShares ESG Aware MSCI USA ETF,C000174221,2023-05-31,0.0038,disclosed,1.0,https://www.sec.gov/Archives/edgar/data/1100663/000175272423161524/primary_doc.xml,0001752724-23-161524,2023-07-25,2023-05-31
S000055381,iShares ESG Aware MSCI USA ETF,C000174221,2023-06-30,0.0645,disclosed,1.0,https://www.sec.gov/Archives/edgar/data/1100663/000175272423237853/primary_doc.xml,0001752724-23-237853,2023-10-26,2023-08-31
S000055381,iShares ESG Aware MSCI USA ETF,C000174221,2023-07-31,0.0347,disclosed,1.0,https://www.sec.gov/Archives/edgar/data/1100663/000175272423237853/primary_doc.xml,0001752724-23-237853,2023-10-26,2023-08-31
S000055381,iShares ESG Aware MSCI USA ETF,C000174221,2023-08-31,-0.0163,disclosed,1.0,https://www.sec.gov/Archives/edgar/data/1100663/000175272423237853/primary_doc.xml,0001752724-23-237853,2023-10-26,2023-08-31
S000055381,iShares ESG Aware MSCI USA ETF,C000174221,2023-09-30,-0.049800000000000004,disclosed,1.0,https://www.sec.gov/Archives/edgar/data/1100663/000175272424013876/primary_doc.xml,0001752724-24-013876,2024-01-25,2023-11-30
S000055381,iShares ESG Aware MSCI USA ETF,C000174221,2023-10-31,-0.0236,disclosed,1.0,https://www.sec.gov/Archives/edgar/data/1100663/000175272424013876/primary_doc.xml,0001752724-24-013876,2024-01-25,2023-11-30
S000055381,iShares ESG Aware MSCI USA ETF,C000174221,2023-11-30,0.0966,disclosed,1.0,https://www.sec.gov/Archives/edgar/data/1100663/000175272424013876/primary_doc.xml,0001752724-24-013876,2024-01-25,2023-11-30
S000055381,iShares ESG Aware MSCI USA ETF,C000174221,2023-12-31,0.0467,disclosed,1.0,https://www.sec.gov/Archives/edgar/data/1100663/000175272424087388/primary_doc.xml,0001752724-24-087388,2024-04-24,2024-02-29
S000055381,iShares ESG Aware MSCI USA ETF,C000174221,2024-01-31,0.0141,disclosed,1.0,https://www.sec.gov/Archives/edgar/data/1100663/000175272424087388/primary_doc.xml,0001752724-24-087388,2024-04-24,2024-02-29
S000055381,iShares ESG Aware MSCI USA ETF,C000174221,2024-02-29,0.0518,disclosed,1.0,https://www.sec.gov/Archives/edgar/data/1100663/000175272424087388/primary_doc.xml,0001752724-24-087388,2024-04-24,2024-02-29
S000055381,iShares ESG Aware MSCI USA ETF,C000174221,2024-03-31,0.0317,disclosed,1.0,https://www.sec.gov/Archives/edgar/data/1100663/000175272424164115/primary_doc.xml,0001752724-24-164115,2024-07-25,2024-05-31
S000055381,iShares ESG Aware MSCI USA ETF,C000174221,2024-04-30,-0.041100000000000005,disclosed,1.0,https://www.sec.gov/Archives/edgar/data/1100663/000175272424164115/primary_doc.xml,0001752724-24-164115,2024-07-25,2024-05-31
S000055381,iShares ESG Aware MSCI USA ETF,C000174221,2024-05-31,0.04769999999999999,disclosed,1.0,https://www.sec.gov/Archives/edgar/data/1100663/000175272424164115/primary_doc.xml,0001752724-24-164115,2024-07-25,2024-05-31
S000055381,iShares ESG Aware MSCI USA ETF,C000174221,2024-06-30,0.0349,disclosed,1.0,https://www.sec.gov/Archives/edgar/data/1100663/000175272424240237/primary_doc.xml,0001752724-24-240237,2024-10-28,2024-08-31
S000055381,iShares ESG Aware MSCI USA ETF,C000174221,2024-07-31,0.0146,disclosed,1.0,https://www.sec.gov/Archives/edgar/data/1100663/000175272424240237/primary_doc.xml,0001752724-24-240237,2024-10-28,2024-08-31
S000055381,iShares ESG Aware MSCI USA ETF,C000174221,2024-08-31,0.023399999999999997,disclosed,1.0,https://www.sec.gov/Archives/edgar/data/1100663/000175272424240237/primary_doc.xml,0001752724-24-240237,2024-10-28,2024-08-31
S000055381,iShares ESG Aware MSCI USA ETF,C000174221,2024-09-30,0.0225,disclosed,1.0,https://www.sec.gov/Archives/edgar/data/1100663/000175272425011141/primary_doc.xml,0001752724-25-011141,2025-01-23,2024-11-30
S000055381,iShares ESG Aware MSCI USA ETF,C000174221,2024-10-31,-0.0113,disclosed,1.0,https://www.sec.gov/Archives/edgar/data/1100663/000175272425011141/primary_doc.xml,0001752724-25-011141,2025-01-23,2024-11-30
S000055381,iShares ESG Aware MSCI USA ETF,C000174221,2024-11-30,0.0626,disclosed,1.0,https://www.sec.gov/Archives/edgar/data/1100663/000175272425011141/primary_doc.xml,0001752724-25-011141,2025-01-23,2024-11-30
S000055381,iShares ESG Aware MSCI USA ETF,C000174221,2024-12-31,-0.025699999999999997,disclosed,1.0,https://www.sec.gov/Archives/edgar/data/1100663/000175272425088416/primary_doc.xml,0001752724-25-088416,2025-04-23,2025-02-28
S000055381,iShares ESG Aware MSCI USA ETF,C000174221,2025-01-31,0.0276,disclosed,1.0,https://www.sec.gov/Archives/edgar/data/1100663/000175272425088416/primary_doc.xml,0001752724-25-088416,2025-04-23,2025-02-28
S000055381,iShares ESG Aware MSCI USA ETF,C000174221,2025-02-28,-0.0181,disclosed,1.0,https://www.sec.gov/Archives/edgar/data/1100663/000175272425088416/primary_doc.xml,0001752724-25-088416,2025-04-23,2025-02-28
S000055381,iShares ESG Aware MSCI USA ETF,C000174221,2025-03-31,-0.059699999999999996,disclosed,1.0,https://www.sec.gov/Archives/edgar/data/1100663/000175272425176182/primary_doc.xml,0001752724-25-176182,2025-07-24,2025-05-31
S000055381,iShares ESG Aware MSCI USA ETF,C000174221,2025-04-30,-0.0062,disclosed,1.0,https://www.sec.gov/Archives/edgar/data/1100663/000175272425176182/primary_doc.xml,0001752724-25-176182,2025-07-24,2025-05-31
S000055381,iShares ESG Aware MSCI USA ETF,C000174221,2025-05-31,0.06570000000000001,disclosed,1.0,https://www.sec.gov/Archives/edgar/data/1100663/000175272425176182/primary_doc.xml,0001752724-25-176182,2025-07-24,2025-05-31
S000055381,iShares ESG Aware MSCI USA ETF,C000174221,2025-06-30,0.050499999999999996,disclosed,1.0,https://www.sec.gov/Archives/edgar/data/1100663/000100472625001388/primary_doc.xml,0001004726-25-001388,2025-10-27,2025-08-31
S000055381,iShares ESG Aware MSCI USA ETF,C000174221,2025-07-31,0.0219,disclosed,1.0,https://www.sec.gov/Archives/edgar/data/1100663/000100472625001388/primary_doc.xml,0001004726-25-001388,2025-10-27,2025-08-31
S000055381,iShares ESG Aware MSCI USA ETF,C000174221,2025-08-31,0.02,disclosed,1.0,https://www.sec.gov/Archives/edgar/data/1100663/000100472625001388/primary_doc.xml,0001004726-25-001388,2025-10-27,2025-08-31
S000055381,iShares ESG Aware MSCI USA ETF,C000174221,2025-09-30,0.0359,disclosed,1.0,https://www.sec.gov/Archives/edgar/data/1100663/000100472626000497/primary_doc.xml,0001004726-26-000497,2026-01-28,2025-11-30
S000055381,iShares ESG Aware MSCI USA ETF,C000174221,2025-10-31,0.0269,disclosed,1.0,https://www.sec.gov/Archives/edgar/data/1100663/000100472626000497/primary_doc.xml,0001004726-26-000497,2026-01-28,2025-11-30
S000055381,iShares ESG Aware MSCI USA ETF,C000174221,2025-11-30,-0.001,disclosed,1.0,https://www.sec.gov/Archives/edgar/data/1100663/000100472626000497/primary_doc.xml,0001004726-26-000497,2026-01-28,2025-11-30
S000055381,iShares ESG Aware MSCI USA ETF,C000174221,2025-12-31,-0.0001,disclosed,1.0,https://www.sec.gov/Archives/edgar/data/1100663/000100472626002883/primary_doc.xml,0001004726-26-002883,2026-04-23,2026-02-28
S000055381,iShares ESG Aware MSCI USA ETF,C000174221,2026-01-31,0.011699999999999999,disclosed,1.0,https://www.sec.gov/Archives/edgar/data/1100663/000100472626002883/primary_doc.xml,0001004726-26-002883,2026-04-23,2026-02-28
S000055381,iShares ESG Aware MSCI USA ETF,C000174221,2026-02-28,-0.01,disclosed,1.0,https://www.sec.gov/Archives/edgar/data/1100663/000100472626002883/primary_doc.xml,0001004726-26-002883,2026-04-23,2026-02-28
S000055381,iShares ESG Aware MSCI USA ETF,C000174221,2026-03-31,-0.0496,disclosed,1.0,https://www.sec.gov/Archives/edgar/data/1100663/000100472626006383/primary_doc.xml,0001004726-26-006383,2026-07-27,2026-05-31
S000055381,iShares ESG Aware MSCI USA ETF,C000174221,2026-04-30,0.1063,disclosed,1.0,https://www.sec.gov/Archives/edgar/data/1100663/000100472626006383/primary_doc.xml,0001004726-26-006383,2026-07-27,2026-05-31
S000055381,iShares ESG Aware MSCI USA ETF,C000174221,2026-05-31,0.0559,disclosed,1.0,https://www.sec.gov/Archives/edgar/data/1100663/000100472626006383/primary_doc.xml,0001004726-26-006383,2026-07-27,2026-05-31
S000065220,Xtrackers S&P 500 Scored & Screened ETF,C000211086,2019-09-30,0.020099999999999996,disclosed,1.0,https://www.sec.gov/Archives/edgar/data/1503123/000175272420013687/primary_doc.xml,0001752724-20-013687,2020-01-27,2019-11-29
S000065220,Xtrackers S&P 500 Scored & Screened ETF,C000211086,2019-10-31,0.023799999999999998,disclosed,1.0,https://www.sec.gov/Archives/edgar/data/1503123/000175272420013687/primary_doc.xml,0001752724-20-013687,2020-01-27,2019-11-29
S000065220,Xtrackers S&P 500 Scored & Screened ETF,C000211086,2019-11-30,0.0362,disclosed,1.0,https://www.sec.gov/Archives/edgar/data/1503123/000175272420013687/primary_doc.xml,0001752724-20-013687,2020-01-27,2019-11-29
S000065220,Xtrackers S&P 500 Scored & Screened ETF,C000211086,2019-12-31,0.0326,disclosed,1.0,https://www.sec.gov/Archives/edgar/data/1503123/000175272420079470/primary_doc.xml,0001752724-20-079470,2020-04-27,2020-02-28
S000065220,Xtrackers S&P 500 Scored & Screened ETF,C000211086,2020-01-31,0.0032,disclosed,1.0,https://www.sec.gov/Archives/edgar/data/1503123/000175272420079470/primary_doc.xml,0001752724-20-079470,2020-04-27,2020-02-28
S000065220,Xtrackers S&P 500 Scored & Screened ETF,C000211086,2020-02-29,-0.0832,disclosed,1.0,https://www.sec.gov/Archives/edgar/data/1503123/000175272420079470/primary_doc.xml,0001752724-20-079470,2020-04-27,2020-02-28
S000065220,Xtrackers S&P 500 Scored & Screened ETF,C000211086,2020-03-31,-0.115,disclosed,1.0,https://www.sec.gov/Archives/edgar/data/1503123/000175272420146649/primary_doc.xml,0001752724-20-146649,2020-07-28,2020-05-29
S000065220,Xtrackers S&P 500 Scored & Screened ETF,C000211086,2020-04-30,0.1281,disclosed,1.0,https://www.sec.gov/Archives/edgar/data/1503123/000175272420146649/primary_doc.xml,0001752724-20-146649,2020-07-28,2020-05-29
S000065220,Xtrackers S&P 500 Scored & Screened ETF,C000211086,2020-05-31,0.0464,disclosed,1.0,https://www.sec.gov/Archives/edgar/data/1503123/000175272420146649/primary_doc.xml,0001752724-20-146649,2020-07-28,2020-05-29
S000065220,Xtrackers S&P 500 Scored & Screened ETF,C000211086,2020-06-30,0.026099999999999998,disclosed,1.0,https://www.sec.gov/Archives/edgar/data/1503123/000175272420217282/primary_doc.xml,0001752724-20-217282,2020-10-27,2020-08-31
S000065220,Xtrackers S&P 500 Scored & Screened ETF,C000211086,2020-07-31,0.0576,disclosed,1.0,https://www.sec.gov/Archives/edgar/data/1503123/000175272420217282/primary_doc.xml,0001752724-20-217282,2020-10-27,2020-08-31
S000065220,Xtrackers S&P 500 Scored & Screened ETF,C000211086,2020-08-31,0.0788,disclosed,1.0,https://www.sec.gov/Archives/edgar/data/1503123/000175272420217282/primary_doc.xml,0001752724-20-217282,2020-10-27,2020-08-31
S000065220,Xtrackers S&P 500 Scored & Screened ETF,C000211086,2020-09-30,-0.043,disclosed,1.0,https://www.sec.gov/Archives/edgar/data/1503123/000175272421013927/primary_doc.xml,0001752724-21-013927,2021-01-27,2020-11-30
S000065220,Xtrackers S&P 500 Scored & Screened ETF,C000211086,2020-10-31,-0.0273,disclosed,1.0,https://www.sec.gov/Archives/edgar/data/1503123/000175272421013927/primary_doc.xml,0001752724-21-013927,2021-01-27,2020-11-30
S000065220,Xtrackers S&P 500 Scored & Screened ETF,C000211086,2020-11-30,0.1051,disclosed,1.0,https://www.sec.gov/Archives/edgar/data/1503123/000175272421013927/primary_doc.xml,0001752724-21-013927,2021-01-27,2020-11-30
S000065220,Xtrackers S&P 500 Scored & Screened ETF,C000211086,2020-12-31,0.0337,disclosed,1.0,https://www.sec.gov/Archives/edgar/data/1503123/000175272421082388/primary_doc.xml,0001752724-21-082388,2021-04-23,2021-02-26
S000065220,Xtrackers S&P 500 Scored & Screened ETF,C000211086,2021-01-31,-0.0076,disclosed,1.0,https://www.sec.gov/Archives/edgar/data/1503123/000175272421082388/primary_doc.xml,0001752724-21-082388,2021-04-23,2021-02-26
S000065220,Xtrackers S&P 500 Scored & Screened ETF,C000211086,2021-02-28,0.0227,disclosed,1.0,https://www.sec.gov/Archives/edgar/data/1503123/000175272421082388/primary_doc.xml,0001752724-21-082388,2021-04-23,2021-02-26
S000065220,Xtrackers S&P 500 Scored & Screened ETF,C000211086,2021-03-31,0.045599999999999995,disclosed,1.0,https://www.sec.gov/Archives/edgar/data/1503123/000175272421155528/primary_doc.xml,0001752724-21-155528,2021-07-26,2021-05-28
S000065220,Xtrackers S&P 500 Scored & Screened ETF,C000211086,2021-04-30,0.0582,disclosed,1.0,https://www.sec.gov/Archives/edgar/data/1503123/000175272421155528/primary_doc.xml,0001752724-21-155528,2021-07-26,2021-05-28
S000065220,Xtrackers S&P 500 Scored & Screened ETF,C000211086,2021-05-31,0.0040999999999999995,disclosed,1.0,https://www.sec.gov/Archives/edgar/data/1503123/000175272421155528/primary_doc.xml,0001752724-21-155528,2021-07-26,2021-05-28
S000065220,Xtrackers S&P 500 Scored & Screened ETF,C000211086,2021-06-30,0.027999999999999997,disclosed,1.0,https://www.sec.gov/Archives/edgar/data/1503123/000175272421224611/primary_doc.xml,0001752724-21-224611,2021-10-25,2021-08-31
S000065220,Xtrackers S&P 500 Scored & Screened ETF,C000211086,2021-07-31,0.024300000000000002,disclosed,1.0,https://www.sec.gov/Archives/edgar/data/1503123/000175272421224611/primary_doc.xml,0001752724-21-224611,2021-10-25,2021-08-31
S000065220,Xtrackers S&P 500 Scored & Screened ETF,C000211086,2021-08-31,0.031,disclosed,1.0,https://www.sec.gov/Archives/edgar/data/1503123/000175272421224611/primary_doc.xml,0001752724-21-224611,2021-10-25,2021-08-31
S000065220,Xtrackers S&P 500 Scored & Screened ETF,C000211086,2021-09-30,-0.046799999999999994,disclosed,1.0,https://www.sec.gov/Archives/edgar/data/1503123/000175272422015262/primary_doc.xml,0001752724-22-015262,2022-01-27,2021-11-30
S000065220,Xtrackers S&P 500 Scored & Screened ETF,C000211086,2021-10-31,0.0833,disclosed,1.0,https://www.sec.gov/Archives/edgar/data/1503123/000175272422015262/primary_doc.xml,0001752724-22-015262,2022-01-27,2021-11-30
S000065220,Xtrackers S&P 500 Scored & Screened ETF,C000211086,2021-11-30,0.0012,disclosed,1.0,https://www.sec.gov/Archives/edgar/data/1503123/000175272422015262/primary_doc.xml,0001752724-22-015262,2022-01-27,2021-11-30
S000065220,Xtrackers S&P 500 Scored & Screened ETF,C000211086,2021-12-31,0.0405,disclosed,1.0,https://www.sec.gov/Archives/edgar/data/1503123/000175272422088645/primary_doc.xml,0001752724-22-088645,2022-04-21,2022-02-28
S000065220,Xtrackers S&P 500 Scored & Screened ETF,C000211086,2022-01-31,-0.049,disclosed,1.0,https://www.sec.gov/Archives/edgar/data/1503123/000175272422088645/primary_doc.xml,0001752724-22-088645,2022-04-21,2022-02-28
S000065220,Xtrackers S&P 500 Scored & Screened ETF,C000211086,2022-02-28,-0.0264,disclosed,1.0,https://www.sec.gov/Archives/edgar/data/1503123/000175272422088645/primary_doc.xml,0001752724-22-088645,2022-04-21,2022-02-28
S000065220,Xtrackers S&P 500 Scored & Screened ETF,C000211086,2022-03-31,0.0378,disclosed,1.0,https://www.sec.gov/Archives/edgar/data/1503123/000175272422167772/primary_doc.xml,0001752724-22-167772,2022-07-27,2022-05-31
S000065220,Xtrackers S&P 500 Scored & Screened ETF,C000211086,2022-04-30,-0.0917,disclosed,1.0,https://www.sec.gov/Archives/edgar/data/1503123/000175272422167772/primary_doc.xml,0001752724-22-167772,2022-07-27,2022-05-31
S000065220,Xtrackers S&P 500 Scored & Screened ETF,C000211086,2022-05-31,0.0038,disclosed,1.0,https://www.sec.gov/Archives/edgar/data/1503123/000175272422167772/primary_doc.xml,0001752724-22-167772,2022-07-27,2022-05-31
S000065220,Xtrackers S&P 500 Scored & Screened ETF,C000211086,2022-06-30,-0.0802,disclosed,1.0,https://www.sec.gov/Archives/edgar/data/1503123/000175272422239368/primary_doc.xml,0001752724-22-239368,2022-10-27,2022-08-31
S000065220,Xtrackers S&P 500 Scored & Screened ETF,C000211086,2022-07-31,0.08960000000000001,disclosed,1.0,https://www.sec.gov/Archives/edgar/data/1503123/000175272422239368/primary_doc.xml,0001752724-22-239368,2022-10-27,2022-08-31
S000065220,Xtrackers S&P 500 Scored & Screened ETF,C000211086,2022-08-31,-0.042699999999999995,disclosed,1.0,https://www.sec.gov/Archives/edgar/data/1503123/000175272422239368/primary_doc.xml,0001752724-22-239368,2022-10-27,2022-08-31
S000065220,Xtrackers S&P 500 Scored & Screened ETF,C000211086,2022-09-30,-0.0959,disclosed,1.0,https://www.sec.gov/Archives/edgar/data/1503123/000175272423015807/primary_doc.xml,0001752724-23-015807,2023-01-27,2022-11-30
S000065220,Xtrackers S&P 500 Scored & Screened ETF,C000211086,2022-10-31,0.0885,disclosed,1.0,https://www.sec.gov/Archives/edgar/data/1503123/000175272423015807/primary_doc.xml,0001752724-23-015807,2023-01-27,2022-11-30
S000065220,Xtrackers S&P 500 Scored & Screened ETF,C000211086,2022-11-30,0.0564,disclosed,1.0,https://www.sec.gov/Archives/edgar/data/1503123/000175272423015807/primary_doc.xml,0001752724-23-015807,2023-01-27,2022-11-30
S000065220,Xtrackers S&P 500 Scored & Screened ETF,C000211086,2022-12-31,-0.058600000000000006,disclosed,1.0,https://www.sec.gov/Archives/edgar/data/1503123/000175272423084675/primary_doc.xml,0001752724-23-084675,2023-04-24,2023-02-28
S000065220,Xtrackers S&P 500 Scored & Screened ETF,C000211086,2023-01-31,0.06480000000000001,disclosed,1.0,https://www.sec.gov/Archives/edgar/data/1503123/000175272423084675/primary_doc.xml,0001752724-23-084675,2023-04-24,2023-02-28
S000065220,Xtrackers S&P 500 Scored & Screened ETF,C000211086,2023-02-28,-0.028300000000000002,disclosed,1.0,https://www.sec.gov/Archives/edgar/data/1503123/000175272423084675/primary_doc.xml,0001752724-23-084675,2023-04-24,2023-02-28
S000065220,Xtrackers S&P 500 Scored & Screened ETF,C000211086,2023-03-31,0.0441,disclosed,1.0,https://www.sec.gov/Archives/edgar/data/1503123/000175272423165142/primary_doc.xml,0001752724-23-165142,2023-07-27,2023-05-31
S000065220,Xtrackers S&P 500 Scored & Screened ETF,C000211086,2023-04-30,0.0196,disclosed,1.0,https://www.sec.gov/Archives/edgar/data/1503123/000175272423165142/primary_doc.xml,0001752724-23-165142,2023-07-27,2023-05-31
S000065220,Xtrackers S&P 500 Scored & Screened ETF,C000211086,2023-05-31,0.0095,disclosed,1.0,https://www.sec.gov/Archives/edgar/data/1503123/000175272423165142/primary_doc.xml,0001752724-23-165142,2023-07-27,2023-05-31
S000065220,Xtrackers S&P 500 Scored & Screened ETF,C000211086,2023-06-30,0.0644,disclosed,1.0,https://www.sec.gov/Archives/edgar/data/1503123/000175272423240925/primary_doc.xml,0001752724-23-240925,2023-10-27,2023-08-31
S000065220,Xtrackers S&P 500 Scored & Screened ETF,C000211086,2023-07-31,0.035,disclosed,1.0,https://www.sec.gov/Archives/edgar/data/1503123/000175272423240925/primary_doc.xml,0001752724-23-240925,2023-10-27,2023-08-31
S000065220,Xtrackers S&P 500 Scored & Screened ETF,C000211086,2023-08-31,-0.0159,disclosed,1.0,https://www.sec.gov/Archives/edgar/data/1503123/000175272423240925/primary_doc.xml,0001752724-23-240925,2023-10-27,2023-08-31
S000065220,Xtrackers S&P 500 Scored & Screened ETF,C000211086,2023-09-30,-0.0501,disclosed,1.0,https://www.sec.gov/Archives/edgar/data/1503123/000175272424015246/primary_doc.xml,0001752724-24-015246,2024-01-26,2023-11-30
S000065220,Xtrackers S&P 500 Scored & Screened ETF,C000211086,2023-10-31,-0.0184,disclosed,1.0,https://www.sec.gov/Archives/edgar/data/1503123/000175272424015246/primary_doc.xml,0001752724-24-015246,2024-01-26,2023-11-30
S000065220,Xtrackers S&P 500 Scored & Screened ETF,C000211086,2023-11-30,0.0908,disclosed,1.0,https://www.sec.gov/Archives/edgar/data/1503123/000175272424015246/primary_doc.xml,0001752724-24-015246,2024-01-26,2023-11-30
S000065220,Xtrackers S&P 500 Scored & Screened ETF,C000211086,2023-12-31,0.0425,disclosed,1.0,https://www.sec.gov/Archives/edgar/data/1503123/000175272424086709/primary_doc.xml,0001752724-24-086709,2024-04-23,2024-02-29
S000065220,Xtrackers S&P 500 Scored & Screened ETF,C000211086,2024-01-31,0.0152,disclosed,1.0,https://www.sec.gov/Archives/edgar/data/1503123/000175272424086709/primary_doc.xml,0001752724-24-086709,2024-04-23,2024-02-29
S000065220,Xtrackers S&P 500 Scored & Screened ETF,C000211086,2024-02-29,0.050199999999999995,disclosed,1.0,https://www.sec.gov/Archives/edgar/data/1503123/000175272424086709/primary_doc.xml,0001752724-24-086709,2024-04-23,2024-02-29
S000065220,Xtrackers S&P 500 Scored & Screened ETF,C000211086,2024-03-31,0.0332,disclosed,1.0,https://www.sec.gov/Archives/edgar/data/1503123/000175272424168323/primary_doc.xml,0001752724-24-168323,2024-07-29,2024-05-31
S000065220,Xtrackers S&P 500 Scored & Screened ETF,C000211086,2024-04-30,-0.0368,disclosed,1.0,https://www.sec.gov/Archives/edgar/data/1503123/000175272424168323/primary_doc.xml,0001752724-24-168323,2024-07-29,2024-05-31
S000065220,Xtrackers S&P 500 Scored & Screened ETF,C000211086,2024-05-31,0.0541,disclosed,1.0,https://www.sec.gov/Archives/edgar/data/1503123/000175272424168323/primary_doc.xml,0001752724-24-168323,2024-07-29,2024-05-31
S000065220,Xtrackers S&P 500 Scored & Screened ETF,C000211086,2024-06-30,0.034300000000000004,disclosed,1.0,https://www.sec.gov/Archives/edgar/data/1503123/000175272424241238/primary_doc.xml,0001752724-24-241238,2024-10-28,2024-08-30
S000065220,Xtrackers S&P 500 Scored & Screened ETF,C000211086,2024-07-31,0.0113,disclosed,1.0,https://www.sec.gov/Archives/edgar/data/1503123/000175272424241238/primary_doc.xml,0001752724-24-241238,2024-10-28,2024-08-30
S000065220,Xtrackers S&P 500 Scored & Screened ETF,C000211086,2024-08-31,0.022099999999999998,disclosed,1.0,https://www.sec.gov/Archives/edgar/data/1503123/000175272424241238/primary_doc.xml,0001752724-24-241238,2024-10-28,2024-08-30
S000065220,Xtrackers S&P 500 Scored & Screened ETF,C000211086,2024-09-30,0.0191,disclosed,1.0,https://www.sec.gov/Archives/edgar/data/1503123/000175272425013100/primary_doc.xml,0001752724-25-013100,2025-01-24,2024-11-29
S000065220,Xtrackers S&P 500 Scored & Screened ETF,C000211086,2024-10-31,-0.0109,disclosed,1.0,https://www.sec.gov/Archives/edgar/data/1503123/000175272425013100/primary_doc.xml,0001752724-25-013100,2025-01-24,2024-11-29
S000065220,Xtrackers S&P 500 Scored & Screened ETF,C000211086,2024-11-30,0.0582,disclosed,1.0,https://www.sec.gov/Archives/edgar/data/1503123/000175272425013100/primary_doc.xml,0001752724-25-013100,2025-01-24,2024-11-29
S000065220,Xtrackers S&P 500 Scored & Screened ETF,C000211086,2024-12-31,-0.0291,disclosed,1.0,https://www.sec.gov/Archives/edgar/data/1503123/000175272425093371/primary_doc.xml,0001752724-25-093371,2025-04-25,2025-02-28
S000065220,Xtrackers S&P 500 Scored & Screened ETF,C000211086,2025-01-31,0.0165,disclosed,1.0,https://www.sec.gov/Archives/edgar/data/1503123/000175272425093371/primary_doc.xml,0001752724-25-093371,2025-04-25,2025-02-28
S000065220,Xtrackers S&P 500 Scored & Screened ETF,C000211086,2025-02-28,-0.0105,disclosed,1.0,https://www.sec.gov/Archives/edgar/data/1503123/000175272425093371/primary_doc.xml,0001752724-25-093371,2025-04-25,2025-02-28
S000065220,Xtrackers S&P 500 Scored & Screened ETF,C000211086,2025-03-31,-0.055999999999999994,disclosed,1.0,https://www.sec.gov/Archives/edgar/data/1503123/000175272425179354/primary_doc.xml,0001752724-25-179354,2025-07-25,2025-05-30
S000065220,Xtrackers S&P 500 Scored & Screened ETF,C000211086,2025-04-30,-0.0151,disclosed,1.0,https://www.sec.gov/Archives/edgar/data/1503123/000175272425179354/primary_doc.xml,0001752724-25-179354,2025-07-25,2025-05-30
S000065220,Xtrackers S&P 500 Scored & Screened ETF,C000211086,2025-05-31,0.056900000000000006,disclosed,1.0,https://www.sec.gov/Archives/edgar/data/1503123/000175272425179354/primary_doc.xml,0001752724-25-179354,2025-07-25,2025-05-30
S000065220,Xtrackers S&P 500 Scored & Screened ETF,C000211086,2025-06-30,0.0555,disclosed,1.0,https://www.sec.gov/Archives/edgar/data/1503123/000094040025005096/primary_doc.xml,0000940400-25-005096,2025-10-22,2025-08-29
S000065220,Xtrackers S&P 500 Scored & Screened ETF,C000211086,2025-07-31,0.026699999999999998,disclosed,1.0,https://www.sec.gov/Archives/edgar/data/1503123/000094040025005096/primary_doc.xml,0000940400-25-005096,2025-10-22,2025-08-29
S000065220,Xtrackers S&P 500 Scored & Screened ETF,C000211086,2025-08-31,0.023799999999999998,disclosed,1.0,https://www.sec.gov/Archives/edgar/data/1503123/000094040025005096/primary_doc.xml,0000940400-25-005096,2025-10-22,2025-08-29
S000065220,Xtrackers S&P 500 Scored & Screened ETF,C000211086,2025-09-30,0.036000000000000004,disclosed,1.0,https://www.sec.gov/Archives/edgar/data/1503123/000094040026002659/primary_doc.xml,0000940400-26-002659,2026-01-27,2025-11-28
S000065220,Xtrackers S&P 500 Scored & Screened ETF,C000211086,2025-10-31,0.0276,disclosed,1.0,https://www.sec.gov/Archives/edgar/data/1503123/000094040026002659/primary_doc.xml,0000940400-26-002659,2026-01-27,2025-11-28
S000065220,Xtrackers S&P 500 Scored & Screened ETF,C000211086,2025-11-30,0.0074,disclosed,1.0,https://www.sec.gov/Archives/edgar/data/1503123/000094040026002659/primary_doc.xml,0000940400-26-002659,2026-01-27,2025-11-28
S000065220,Xtrackers S&P 500 Scored & Screened ETF,C000211086,2025-12-31,0.0078000000000000005,disclosed,1.0,https://www.sec.gov/Archives/edgar/data/1503123/000094040026015678/primary_doc.xml,0000940400-26-015678,2026-04-29,2026-02-27
S000065220,Xtrackers S&P 500 Scored & Screened ETF,C000211086,2026-01-31,0.018000000000000002,disclosed,1.0,https://www.sec.gov/Archives/edgar/data/1503123/000094040026015678/primary_doc.xml,0000940400-26-015678,2026-04-29,2026-02-27
S000065220,Xtrackers S&P 500 Scored & Screened ETF,C000211086,2026-02-28,-0.009000000000000001,disclosed,1.0,https://www.sec.gov/Archives/edgar/data/1503123/000094040026015678/primary_doc.xml,0000940400-26-015678,2026-04-29,2026-02-27
S000065220,Xtrackers S&P 500 Scored & Screened ETF,C000211086,2026-03-31,-0.0519,disclosed,1.0,https://www.sec.gov/Archives/edgar/data/1503123/000094040026028811/primary_doc.xml,0000940400-26-028811,2026-07-29,2026-05-29
S000065220,Xtrackers S&P 500 Scored & Screened ETF,C000211086,2026-04-30,0.1024,disclosed,1.0,https://www.sec.gov/Archives/edgar/data/1503123/000094040026028811/primary_doc.xml,0000940400-26-028811,2026-07-29,2026-05-29
S000065220,Xtrackers S&P 500 Scored & Screened ETF,C000211086,2026-05-31,0.0433,disclosed,1.0,https://www.sec.gov/Archives/edgar/data/1503123/000094040026028811/primary_doc.xml,0000940400-26-028811,2026-07-29,2026-05-29
S000069051,State Street(R) SPDR(R) S&P 500(R) ESG ETF,C000220766,2020-07-31,0.018500000000000003,disclosed,1.0,https://www.sec.gov/Archives/edgar/data/1064642/000175272420251355/primary_doc.xml,0001752724-20-251355,2020-11-27,2020-09-30
S000069051,State Street(R) SPDR(R) S&P 500(R) ESG ETF,C000220766,2020-08-31,0.0789,disclosed,1.0,https://www.sec.gov/Archives/edgar/data/1064642/000175272420251355/primary_doc.xml,0001752724-20-251355,2020-11-27,2020-09-30
S000069051,State Street(R) SPDR(R) S&P 500(R) ESG ETF,C000220766,2020-09-30,-0.042699999999999995,disclosed,1.0,https://www.sec.gov/Archives/edgar/data/1064642/000175272420251355/primary_doc.xml,0001752724-20-251355,2020-11-27,2020-09-30
S000069051,State Street(R) SPDR(R) S&P 500(R) ESG ETF,C000220766,2020-10-31,-0.0274,disclosed,1.0,https://www.sec.gov/Archives/edgar/data/1064642/000175272421043788/primary_doc.xml,0001752724-21-043788,2021-02-26,2020-12-31
S000069051,State Street(R) SPDR(R) S&P 500(R) ESG ETF,C000220766,2020-11-30,0.10460000000000001,disclosed,1.0,https://www.sec.gov/Archives/edgar/data/1064642/000175272421043788/primary_doc.xml,0001752724-21-043788,2021-02-26,2020-12-31
S000069051,State Street(R) SPDR(R) S&P 500(R) ESG ETF,C000220766,2020-12-31,0.0338,disclosed,1.0,https://www.sec.gov/Archives/edgar/data/1064642/000175272421043788/primary_doc.xml,0001752724-21-043788,2021-02-26,2020-12-31
S000069051,State Street(R) SPDR(R) S&P 500(R) ESG ETF,C000220766,2021-01-31,-0.0075,disclosed,1.0,https://www.sec.gov/Archives/edgar/data/1064642/000175272421118895/primary_doc.xml,0001752724-21-118895,2021-05-28,2021-03-31
S000069051,State Street(R) SPDR(R) S&P 500(R) ESG ETF,C000220766,2021-02-28,0.0223,disclosed,1.0,https://www.sec.gov/Archives/edgar/data/1064642/000175272421118895/primary_doc.xml,0001752724-21-118895,2021-05-28,2021-03-31
S000069051,State Street(R) SPDR(R) S&P 500(R) ESG ETF,C000220766,2021-03-31,0.0458,disclosed,1.0,https://www.sec.gov/Archives/edgar/data/1064642/000175272421118895/primary_doc.xml,0001752724-21-118895,2021-05-28,2021-03-31
S000069051,State Street(R) SPDR(R) S&P 500(R) ESG ETF,C000220766,2021-04-30,0.057999999999999996,disclosed,1.0,https://www.sec.gov/Archives/edgar/data/1064642/000175272421179958/primary_doc.xml,0001752724-21-179958,2021-08-23,2021-06-30
S000069051,State Street(R) SPDR(R) S&P 500(R) ESG ETF,C000220766,2021-05-31,0.004,disclosed,1.0,https://www.sec.gov/Archives/edgar/data/1064642/000175272421179958/primary_doc.xml,0001752724-21-179958,2021-08-23,2021-06-30
S000069051,State Street(R) SPDR(R) S&P 500(R) ESG ETF,C000220766,2021-06-30,0.0277,disclosed,1.0,https://www.sec.gov/Archives/edgar/data/1064642/000175272421179958/primary_doc.xml,0001752724-21-179958,2021-08-23,2021-06-30
S000069051,State Street(R) SPDR(R) S&P 500(R) ESG ETF,C000220766,2021-07-31,0.024300000000000002,disclosed,1.0,https://www.sec.gov/Archives/edgar/data/1064642/000175272421260090/primary_doc.xml,0001752724-21-260090,2021-11-26,2021-09-30
S000069051,State Street(R) SPDR(R) S&P 500(R) ESG ETF,C000220766,2021-08-31,0.0311,disclosed,1.0,https://www.sec.gov/Archives/edgar/data/1064642/000175272421260090/primary_doc.xml,0001752724-21-260090,2021-11-26,2021-09-30
S000069051,State Street(R) SPDR(R) S&P 500(R) ESG ETF,C000220766,2021-09-30,-0.046900000000000004,disclosed,1.0,https://www.sec.gov/Archives/edgar/data/1064642/000175272421260090/primary_doc.xml,0001752724-21-260090,2021-11-26,2021-09-30
S000069051,State Street(R) SPDR(R) S&P 500(R) ESG ETF,C000220766,2021-10-31,0.0832,disclosed,1.0,https://www.sec.gov/Archives/edgar/data/1064642/000175272422048707/primary_doc.xml,0001752724-22-048707,2022-02-25,2021-12-31
S000069051,State Street(R) SPDR(R) S&P 500(R) ESG ETF,C000220766,2021-11-30,0.0013,disclosed,1.0,https://www.sec.gov/Archives/edgar/data/1064642/000175272422048707/primary_doc.xml,0001752724-22-048707,2022-02-25,2021-12-31
S000069051,State Street(R) SPDR(R) S&P 500(R) ESG ETF,C000220766,2021-12-31,0.0405,disclosed,1.0,https://www.sec.gov/Archives/edgar/data/1064642/000175272422048707/primary_doc.xml,0001752724-22-048707,2022-02-25,2021-12-31
S000069051,State Street(R) SPDR(R) S&P 500(R) ESG ETF,C000220766,2022-01-31,-0.049,disclosed,1.0,https://www.sec.gov/Archives/edgar/data/1064642/000175272422128006/primary_doc.xml,0001752724-22-128006,2022-05-27,2022-03-31
S000069051,State Street(R) SPDR(R) S&P 500(R) ESG ETF,C000220766,2022-02-28,-0.0264,disclosed,1.0,https://www.sec.gov/Archives/edgar/data/1064642/000175272422128006/primary_doc.xml,0001752724-22-128006,2022-05-27,2022-03-31
S000069051,State Street(R) SPDR(R) S&P 500(R) ESG ETF,C000220766,2022-03-31,0.037599999999999995,disclosed,1.0,https://www.sec.gov/Archives/edgar/data/1064642/000175272422128006/primary_doc.xml,0001752724-22-128006,2022-05-27,2022-03-31
S000069051,State Street(R) SPDR(R) S&P 500(R) ESG ETF,C000220766,2022-04-30,-0.09140000000000001,disclosed,1.0,https://www.sec.gov/Archives/edgar/data/1064642/000175272422196938/primary_doc.xml,0001752724-22-196938,2022-08-26,2022-06-30
S000069051,State Street(R) SPDR(R) S&P 500(R) ESG ETF,C000220766,2022-05-31,0.0037,disclosed,1.0,https://www.sec.gov/Archives/edgar/data/1064642/000175272422196938/primary_doc.xml,0001752724-22-196938,2022-08-26,2022-06-30
S000069051,State Street(R) SPDR(R) S&P 500(R) ESG ETF,C000220766,2022-06-30,-0.08039999999999999,disclosed,1.0,https://www.sec.gov/Archives/edgar/data/1064642/000175272422196938/primary_doc.xml,0001752724-22-196938,2022-08-26,2022-06-30
S000069051,State Street(R) SPDR(R) S&P 500(R) ESG ETF,C000220766,2022-07-31,0.08960000000000001,disclosed,1.0,https://www.sec.gov/Archives/edgar/data/1064642/000175272422271867/primary_doc.xml,0001752724-22-271867,2022-11-28,2022-09-30
S000069051,State Street(R) SPDR(R) S&P 500(R) ESG ETF,C000220766,2022-08-31,-0.0426,disclosed,1.0,https://www.sec.gov/Archives/edgar/data/1064642/000175272422271867/primary_doc.xml,0001752724-22-271867,2022-11-28,2022-09-30
S000069051,State Street(R) SPDR(R) S&P 500(R) ESG ETF,C000220766,2022-09-30,-0.0959,disclosed,1.0,https://www.sec.gov/Archives/edgar/data/1064642/000175272422271867/primary_doc.xml,0001752724-22-271867,2022-11-28,2022-09-30
S000069051,State Street(R) SPDR(R) S&P 500(R) ESG ETF,C000220766,2022-10-31,0.0885,disclosed,1.0,https://www.sec.gov/Archives/edgar/data/1064642/000175272423046938/primary_doc.xml,0001752724-23-046938,2023-02-28,2022-12-31
S000069051,State Street(R) SPDR(R) S&P 500(R) ESG ETF,C000220766,2022-11-30,0.0564,disclosed,1.0,https://www.sec.gov/Archives/edgar/data/1064642/000175272423046938/primary_doc.xml,0001752724-23-046938,2023-02-28,2022-12-31
S000069051,State Street(R) SPDR(R) S&P 500(R) ESG ETF,C000220766,2022-12-31,-0.0587,disclosed,1.0,https://www.sec.gov/Archives/edgar/data/1064642/000175272423046938/primary_doc.xml,0001752724-23-046938,2023-02-28,2022-12-31
S000069051,State Street(R) SPDR(R) S&P 500(R) ESG ETF,C000220766,2023-01-31,0.0649,disclosed,1.0,https://www.sec.gov/Archives/edgar/data/1064642/000175272423126117/primary_doc.xml,0001752724-23-126117,2023-05-30,2023-03-31
S000069051,State Street(R) SPDR(R) S&P 500(R) ESG ETF,C000220766,2023-02-28,-0.0281,disclosed,1.0,https://www.sec.gov/Archives/edgar/data/1064642/000175272423126117/primary_doc.xml,0001752724-23-126117,2023-05-30,2023-03-31
S000069051,State Street(R) SPDR(R) S&P 500(R) ESG ETF,C000220766,2023-03-31,0.044000000000000004,disclosed,1.0,https://www.sec.gov/Archives/edgar/data/1064642/000175272423126117/primary_doc.xml,0001752724-23-126117,2023-05-30,2023-03-31
S000069051,State Street(R) SPDR(R) S&P 500(R) ESG ETF,C000220766,2023-04-30,0.0195,disclosed,1.0,https://www.sec.gov/Archives/edgar/data/1064642/000175272423196568/primary_doc.xml,0001752724-23-196568,2023-08-28,2023-06-30
S000069051,State Street(R) SPDR(R) S&P 500(R) ESG ETF,C000220766,2023-05-31,0.0096,disclosed,1.0,https://www.sec.gov/Archives/edgar/data/1064642/000175272423196568/primary_doc.xml,0001752724-23-196568,2023-08-28,2023-06-30
S000069051,State Street(R) SPDR(R) S&P 500(R) ESG ETF,C000220766,2023-06-30,0.0645,disclosed,1.0,https://www.sec.gov/Archives/edgar/data/1064642/000175272423196568/primary_doc.xml,0001752724-23-196568,2023-08-28,2023-06-30
S000069051,State Street(R) SPDR(R) S&P 500(R) ESG ETF,C000220766,2023-07-31,0.035,disclosed,1.0,https://www.sec.gov/Archives/edgar/data/1064642/000175272423267726/primary_doc.xml,0001752724-23-267726,2023-11-28,2023-09-30
S000069051,State Street(R) SPDR(R) S&P 500(R) ESG ETF,C000220766,2023-08-31,-0.016,disclosed,1.0,https://www.sec.gov/Archives/edgar/data/1064642/000175272423267726/primary_doc.xml,0001752724-23-267726,2023-11-28,2023-09-30
S000069051,State Street(R) SPDR(R) S&P 500(R) ESG ETF,C000220766,2023-09-30,-0.050199999999999995,disclosed,1.0,https://www.sec.gov/Archives/edgar/data/1064642/000175272423267726/primary_doc.xml,0001752724-23-267726,2023-11-28,2023-09-30
S000069051,State Street(R) SPDR(R) S&P 500(R) ESG ETF,C000220766,2023-10-31,-0.0181,disclosed,1.0,https://www.sec.gov/Archives/edgar/data/1064642/000175272424043230/primary_doc.xml,0001752724-24-043230,2024-02-27,2023-12-31
S000069051,State Street(R) SPDR(R) S&P 500(R) ESG ETF,C000220766,2023-11-30,0.0907,disclosed,1.0,https://www.sec.gov/Archives/edgar/data/1064642/000175272424043230/primary_doc.xml,0001752724-24-043230,2024-02-27,2023-12-31
S000069051,State Street(R) SPDR(R) S&P 500(R) ESG ETF,C000220766,2023-12-31,0.0425,disclosed,1.0,https://www.sec.gov/Archives/edgar/data/1064642/000175272424043230/primary_doc.xml,0001752724-24-043230,2024-02-27,2023-12-31
S000069051,State Street(R) SPDR(R) S&P 500(R) ESG ETF,C000220766,2024-01-31,0.0152,disclosed,1.0,https://www.sec.gov/Archives/edgar/data/1064642/000175272424123815/primary_doc.xml,0001752724-24-123815,2024-05-28,2024-03-31
S000069051,State Street(R) SPDR(R) S&P 500(R) ESG ETF,C000220766,2024-02-29,0.0501,disclosed,1.0,https://www.sec.gov/Archives/edgar/data/1064642/000175272424123815/primary_doc.xml,0001752724-24-123815,2024-05-28,2024-03-31
S000069051,State Street(R) SPDR(R) S&P 500(R) ESG ETF,C000220766,2024-03-31,0.0331,disclosed,1.0,https://www.sec.gov/Archives/edgar/data/1064642/000175272424123815/primary_doc.xml,0001752724-24-123815,2024-05-28,2024-03-31
S000069051,State Street(R) SPDR(R) S&P 500(R) ESG ETF,C000220766,2024-04-30,-0.0366,disclosed,1.0,https://www.sec.gov/Archives/edgar/data/1064642/000175272424196648/primary_doc.xml,0001752724-24-196648,2024-08-28,2024-06-30
S000069051,State Street(R) SPDR(R) S&P 500(R) ESG ETF,C000220766,2024-05-31,0.0542,disclosed,1.0,https://www.sec.gov/Archives/edgar/data/1064642/000175272424196648/primary_doc.xml,0001752724-24-196648,2024-08-28,2024-06-30
S000069051,State Street(R) SPDR(R) S&P 500(R) ESG ETF,C000220766,2024-06-30,0.0344,disclosed,1.0,https://www.sec.gov/Archives/edgar/data/1064642/000175272424196648/primary_doc.xml,0001752724-24-196648,2024-08-28,2024-06-30
S000069051,State Street(R) SPDR(R) S&P 500(R) ESG ETF,C000220766,2024-07-31,0.011399999999999999,disclosed,1.0,https://www.sec.gov/Archives/edgar/data/1064642/000175272424264668/primary_doc.xml,0001752724-24-264668,2024-11-25,2024-09-30
S000069051,State Street(R) SPDR(R) S&P 500(R) ESG ETF,C000220766,2024-08-31,0.022099999999999998,disclosed,1.0,https://www.sec.gov/Archives/edgar/data/1064642/000175272424264668/primary_doc.xml,0001752724-24-264668,2024-11-25,2024-09-30
S000069051,State Street(R) SPDR(R) S&P 500(R) ESG ETF,C000220766,2024-09-30,0.0191,disclosed,1.0,https://www.sec.gov/Archives/edgar/data/1064642/000175272424264668/primary_doc.xml,0001752724-24-264668,2024-11-25,2024-09-30
S000069051,State Street(R) SPDR(R) S&P 500(R) ESG ETF,C000220766,2024-10-31,-0.0108,disclosed,1.0,https://www.sec.gov/Archives/edgar/data/1064642/000175272425044019/primary_doc.xml,0001752724-25-044019,2025-02-27,2024-12-31
S000069051,State Street(R) SPDR(R) S&P 500(R) ESG ETF,C000220766,2024-11-30,0.0582,disclosed,1.0,https://www.sec.gov/Archives/edgar/data/1064642/000175272425044019/primary_doc.xml,0001752724-25-044019,2025-02-27,2024-12-31
S000069051,State Street(R) SPDR(R) S&P 500(R) ESG ETF,C000220766,2024-12-31,-0.0292,disclosed,1.0,https://www.sec.gov/Archives/edgar/data/1064642/000175272425044019/primary_doc.xml,0001752724-25-044019,2025-02-27,2024-12-31
S000069051,State Street(R) SPDR(R) S&P 500(R) ESG ETF,C000220766,2025-01-31,0.0165,disclosed,1.0,https://www.sec.gov/Archives/edgar/data/1064642/000175272425125065/primary_doc.xml,0001752724-25-125065,2025-05-28,2025-03-31
S000069051,State Street(R) SPDR(R) S&P 500(R) ESG ETF,C000220766,2025-02-28,-0.0105,disclosed,1.0,https://www.sec.gov/Archives/edgar/data/1064642/000175272425125065/primary_doc.xml,0001752724-25-125065,2025-05-28,2025-03-31
S000069051,State Street(R) SPDR(R) S&P 500(R) ESG ETF,C000220766,2025-03-31,-0.055999999999999994,disclosed,1.0,https://www.sec.gov/Archives/edgar/data/1064642/000175272425125065/primary_doc.xml,0001752724-25-125065,2025-05-28,2025-03-31
S000069051,State Street(R) SPDR(R) S&P 500(R) ESG ETF,C000220766,2025-04-30,-0.0152,disclosed,1.0,https://www.sec.gov/Archives/edgar/data/1064642/000175272425211083/primary_doc.xml,0001752724-25-211083,2025-08-28,2025-06-30
S000069051,State Street(R) SPDR(R) S&P 500(R) ESG ETF,C000220766,2025-05-31,0.056900000000000006,disclosed,1.0,https://www.sec.gov/Archives/edgar/data/1064642/000175272425211083/primary_doc.xml,0001752724-25-211083,2025-08-28,2025-06-30
S000069051,State Street(R) SPDR(R) S&P 500(R) ESG ETF,C000220766,2025-06-30,0.0554,disclosed,1.0,https://www.sec.gov/Archives/edgar/data/1064642/000175272425211083/primary_doc.xml,0001752724-25-211083,2025-08-28,2025-06-30
S000069051,State Street(R) SPDR(R) S&P 500(R) ESG ETF,C000220766,2025-07-31,0.026699999999999998,disclosed,1.0,https://www.sec.gov/Archives/edgar/data/1064642/000141036825032287/primary_doc.xml,0001410368-25-032287,2025-11-26,2025-09-30
S000069051,State Street(R) SPDR(R) S&P 500(R) ESG ETF,C000220766,2025-08-31,0.023799999999999998,disclosed,1.0,https://www.sec.gov/Archives/edgar/data/1064642/000141036825032287/primary_doc.xml,0001410368-25-032287,2025-11-26,2025-09-30
S000069051,State Street(R) SPDR(R) S&P 500(R) ESG ETF,C000220766,2025-09-30,0.036000000000000004,disclosed,1.0,https://www.sec.gov/Archives/edgar/data/1064642/000141036825032287/primary_doc.xml,0001410368-25-032287,2025-11-26,2025-09-30
S000069051,State Street(R) SPDR(R) S&P 500(R) ESG ETF,C000220766,2025-10-31,0.0276,disclosed,1.0,https://www.sec.gov/Archives/edgar/data/1064642/000141036826020028/primary_doc.xml,0001410368-26-020028,2026-02-26,2025-12-31
S000069051,State Street(R) SPDR(R) S&P 500(R) ESG ETF,C000220766,2025-11-30,0.0074,disclosed,1.0,https://www.sec.gov/Archives/edgar/data/1064642/000141036826020028/primary_doc.xml,0001410368-26-020028,2026-02-26,2025-12-31
S000069051,State Street(R) SPDR(R) S&P 500(R) ESG ETF,C000220766,2025-12-31,0.0077,disclosed,1.0,https://www.sec.gov/Archives/edgar/data/1064642/000141036826020028/primary_doc.xml,0001410368-26-020028,2026-02-26,2025-12-31
S000069051,State Street(R) SPDR(R) S&P 500(R) ESG ETF,C000220766,2026-01-31,0.0181,disclosed,1.0,https://www.sec.gov/Archives/edgar/data/1064642/000141036826055546/primary_doc.xml,0001410368-26-055546,2026-05-28,2026-03-31
S000069051,State Street(R) SPDR(R) S&P 500(R) ESG ETF,C000220766,2026-02-28,-0.0089,disclosed,1.0,https://www.sec.gov/Archives/edgar/data/1064642/000141036826055546/primary_doc.xml,0001410368-26-055546,2026-05-28,2026-03-31
S000069051,State Street(R) SPDR(R) S&P 500(R) ESG ETF,C000220766,2026-03-31,-0.0519,disclosed,1.0,https://www.sec.gov/Archives/edgar/data/1064642/000141036826055546/primary_doc.xml,0001410368-26-055546,2026-05-28,2026-03-31
S000069051,State Street(R) SPDR(R) S&P 500(R) ESG ETF,C000220766,2026-04-30,0.1023,disclosed,1.0,https://www.sec.gov/Archives/edgar/data/1064642/000141036826089369/primary_doc.xml,0001410368-26-089369,2026-08-28,2026-06-30
S000069051,State Street(R) SPDR(R) S&P 500(R) ESG ETF,C000220766,2026-05-31,0.0432,disclosed,1.0,https://www.sec.gov/Archives/edgar/data/1064642/000141036826089369/primary_doc.xml,0001410368-26-089369,2026-08-28,2026-06-30
S000069051,State Street(R) SPDR(R) S&P 500(R) ESG ETF,C000220766,2026-06-30,0.0079,disclosed,1.0,https://www.sec.gov/Archives/edgar/data/1064642/000141036826089369/primary_doc.xml,0001410368-26-089369,2026-08-28,2026-06-30
S000074757,iShares Paris-Aligned Climate Optimized MSCI USA ETF,C000232922,2021-12-31,,disclosed,1.0,https://www.sec.gov/Archives/edgar/data/1100663/000175272422092762/primary_doc.xml,0001752724-22-092762,2022-04-26,2022-02-28
S000074757,iShares Paris-Aligned Climate Optimized MSCI USA ETF,C000232922,2022-01-31,,disclosed,1.0,https://www.sec.gov/Archives/edgar/data/1100663/000175272422092762/primary_doc.xml,0001752724-22-092762,2022-04-26,2022-02-28
S000074757,iShares Paris-Aligned Climate Optimized MSCI USA ETF,C000232922,2022-02-28,-0.0316,disclosed,1.0,https://www.sec.gov/Archives/edgar/data/1100663/000175272422092762/primary_doc.xml,0001752724-22-092762,2022-04-26,2022-02-28
S000074757,iShares Paris-Aligned Climate Optimized MSCI USA ETF,C000232922,2022-03-31,0.0353,disclosed,1.0,https://www.sec.gov/Archives/edgar/data/1100663/000175272422167525/primary_doc.xml,0001752724-22-167525,2022-07-27,2022-05-31
S000074757,iShares Paris-Aligned Climate Optimized MSCI USA ETF,C000232922,2022-04-30,-0.1009,disclosed,1.0,https://www.sec.gov/Archives/edgar/data/1100663/000175272422167525/primary_doc.xml,0001752724-22-167525,2022-07-27,2022-05-31
S000074757,iShares Paris-Aligned Climate Optimized MSCI USA ETF,C000232922,2022-05-31,-0.011399999999999999,disclosed,1.0,https://www.sec.gov/Archives/edgar/data/1100663/000175272422167525/primary_doc.xml,0001752724-22-167525,2022-07-27,2022-05-31
S000074757,iShares Paris-Aligned Climate Optimized MSCI USA ETF,C000232922,2022-06-30,-0.07339999999999999,disclosed,1.0,https://www.sec.gov/Archives/edgar/data/1100663/000175272422239663/primary_doc.xml,0001752724-22-239663,2022-10-27,2022-08-31
S000074757,iShares Paris-Aligned Climate Optimized MSCI USA ETF,C000232922,2022-07-31,0.10550000000000001,disclosed,1.0,https://www.sec.gov/Archives/edgar/data/1100663/000175272422239663/primary_doc.xml,0001752724-22-239663,2022-10-27,2022-08-31
S000074757,iShares Paris-Aligned Climate Optimized MSCI USA ETF,C000232922,2022-08-31,-0.051500000000000004,disclosed,1.0,https://www.sec.gov/Archives/edgar/data/1100663/000175272422239663/primary_doc.xml,0001752724-22-239663,2022-10-27,2022-08-31
S000074757,iShares Paris-Aligned Climate Optimized MSCI USA ETF,C000232922,2022-09-30,-0.0915,disclosed,1.0,https://www.sec.gov/Archives/edgar/data/1100663/000175272423011816/primary_doc.xml,0001752724-23-011816,2023-01-25,2022-11-30
S000074757,iShares Paris-Aligned Climate Optimized MSCI USA ETF,C000232922,2022-10-31,0.0632,disclosed,1.0,https://www.sec.gov/Archives/edgar/data/1100663/000175272423011816/primary_doc.xml,0001752724-23-011816,2023-01-25,2022-11-30
S000074757,iShares Paris-Aligned Climate Optimized MSCI USA ETF,C000232922,2022-11-30,0.0533,disclosed,1.0,https://www.sec.gov/Archives/edgar/data/1100663/000175272423011816/primary_doc.xml,0001752724-23-011816,2023-01-25,2022-11-30
S000074757,iShares Paris-Aligned Climate Optimized MSCI USA ETF,C000232922,2022-12-31,-0.0649,disclosed,1.0,https://www.sec.gov/Archives/edgar/data/1100663/000175272423087911/primary_doc.xml,0001752724-23-087911,2023-04-26,2023-02-28
S000074757,iShares Paris-Aligned Climate Optimized MSCI USA ETF,C000232922,2023-01-31,0.0748,disclosed,1.0,https://www.sec.gov/Archives/edgar/data/1100663/000175272423087911/primary_doc.xml,0001752724-23-087911,2023-04-26,2023-02-28
S000074757,iShares Paris-Aligned Climate Optimized MSCI USA ETF,C000232922,2023-02-28,-0.0209,disclosed,1.0,https://www.sec.gov/Archives/edgar/data/1100663/000175272423087911/primary_doc.xml,0001752724-23-087911,2023-04-26,2023-02-28
S000074757,iShares Paris-Aligned Climate Optimized MSCI USA ETF,C000232922,2023-03-31,0.042300000000000004,disclosed,1.0,https://www.sec.gov/Archives/edgar/data/1100663/000175272423161521/primary_doc.xml,0001752724-23-161521,2023-07-25,2023-05-31
S000074757,iShares Paris-Aligned Climate Optimized MSCI USA ETF,C000232922,2023-04-30,0.011399999999999999,disclosed,1.0,https://www.sec.gov/Archives/edgar/data/1100663/000175272423161521/primary_doc.xml,0001752724-23-161521,2023-07-25,2023-05-31
S000074757,iShares Paris-Aligned Climate Optimized MSCI USA ETF,C000232922,2023-05-31,0.016,disclosed,1.0,https://www.sec.gov/Archives/edgar/data/1100663/000175272423161521/primary_doc.xml,0001752724-23-161521,2023-07-25,2023-05-31
S000074757,iShares Paris-Aligned Climate Optimized MSCI USA ETF,C000232922,2023-06-30,0.06709999999999999,disclosed,1.0,https://www.sec.gov/Archives/edgar/data/1100663/000175272423237916/primary_doc.xml,0001752724-23-237916,2023-10-26,2023-08-31
S000074757,iShares Paris-Aligned Climate Optimized MSCI USA ETF,C000232922,2023-07-31,0.0298,disclosed,1.0,https://www.sec.gov/Archives/edgar/data/1100663/000175272423237916/primary_doc.xml,0001752724-23-237916,2023-10-26,2023-08-31
S000074757,iShares Paris-Aligned Climate Optimized MSCI USA ETF,C000232922,2023-08-31,-0.0144,disclosed,1.0,https://www.sec.gov/Archives/edgar/data/1100663/000175272423237916/primary_doc.xml,0001752724-23-237916,2023-10-26,2023-08-31
S000074757,iShares Paris-Aligned Climate Optimized MSCI USA ETF,C000232922,2023-09-30,-0.0575,disclosed,1.0,https://www.sec.gov/Archives/edgar/data/1100663/000175272424013878/primary_doc.xml,0001752724-24-013878,2024-01-25,2023-11-30
S000074757,iShares Paris-Aligned Climate Optimized MSCI USA ETF,C000232922,2023-10-31,-0.0285,disclosed,1.0,https://www.sec.gov/Archives/edgar/data/1100663/000175272424013878/primary_doc.xml,0001752724-24-013878,2024-01-25,2023-11-30
S000074757,iShares Paris-Aligned Climate Optimized MSCI USA ETF,C000232922,2023-11-30,0.1045,disclosed,1.0,https://www.sec.gov/Archives/edgar/data/1100663/000175272424013878/primary_doc.xml,0001752724-24-013878,2024-01-25,2023-11-30
S000074757,iShares Paris-Aligned Climate Optimized MSCI USA ETF,C000232922,2023-12-31,0.051500000000000004,disclosed,1.0,https://www.sec.gov/Archives/edgar/data/1100663/000175272424087396/primary_doc.xml,0001752724-24-087396,2024-04-24,2024-02-29
S000074757,iShares Paris-Aligned Climate Optimized MSCI USA ETF,C000232922,2024-01-31,0.0109,disclosed,1.0,https://www.sec.gov/Archives/edgar/data/1100663/000175272424087396/primary_doc.xml,0001752724-24-087396,2024-04-24,2024-02-29
S000074757,iShares Paris-Aligned Climate Optimized MSCI USA ETF,C000232922,2024-02-29,0.053200000000000004,disclosed,1.0,https://www.sec.gov/Archives/edgar/data/1100663/000175272424087396/primary_doc.xml,0001752724-24-087396,2024-04-24,2024-02-29
S000074757,iShares Paris-Aligned Climate Optimized MSCI USA ETF,C000232922,2024-03-31,0.0176,disclosed,1.0,https://www.sec.gov/Archives/edgar/data/1100663/000175272424164111/primary_doc.xml,0001752724-24-164111,2024-07-25,2024-05-31
S000074757,iShares Paris-Aligned Climate Optimized MSCI USA ETF,C000232922,2024-04-30,-0.049800000000000004,disclosed,1.0,https://www.sec.gov/Archives/edgar/data/1100663/000175272424164111/primary_doc.xml,0001752724-24-164111,2024-07-25,2024-05-31
S000074757,iShares Paris-Aligned Climate Optimized MSCI USA ETF,C000232922,2024-05-31,0.056100000000000004,disclosed,1.0,https://www.sec.gov/Archives/edgar/data/1100663/000175272424164111/primary_doc.xml,0001752724-24-164111,2024-07-25,2024-05-31
S000074757,iShares Paris-Aligned Climate Optimized MSCI USA ETF,C000232922,2024-06-30,0.0416,disclosed,1.0,https://www.sec.gov/Archives/edgar/data/1100663/000175272424240240/primary_doc.xml,0001752724-24-240240,2024-10-28,2024-08-31
S000074757,iShares Paris-Aligned Climate Optimized MSCI USA ETF,C000232922,2024-07-31,0.015700000000000002,disclosed,1.0,https://www.sec.gov/Archives/edgar/data/1100663/000175272424240240/primary_doc.xml,0001752724-24-240240,2024-10-28,2024-08-31
S000074757,iShares Paris-Aligned Climate Optimized MSCI USA ETF,C000232922,2024-08-31,0.03,disclosed,1.0,https://www.sec.gov/Archives/edgar/data/1100663/000175272424240240/primary_doc.xml,0001752724-24-240240,2024-10-28,2024-08-31
S000074757,iShares Paris-Aligned Climate Optimized MSCI USA ETF,C000232922,2024-09-30,0.0239,disclosed,1.0,https://www.sec.gov/Archives/edgar/data/1100663/000175272425011137/primary_doc.xml,0001752724-25-011137,2025-01-23,2024-11-30
S000074757,iShares Paris-Aligned Climate Optimized MSCI USA ETF,C000232922,2024-10-31,-0.016,disclosed,1.0,https://www.sec.gov/Archives/edgar/data/1100663/000175272425011137/primary_doc.xml,0001752724-25-011137,2025-01-23,2024-11-30
S000074757,iShares Paris-Aligned Climate Optimized MSCI USA ETF,C000232922,2024-11-30,0.0608,disclosed,1.0,https://www.sec.gov/Archives/edgar/data/1100663/000175272425011137/primary_doc.xml,0001752724-25-011137,2025-01-23,2024-11-30
S000074757,iShares Paris-Aligned Climate Optimized MSCI USA ETF,C000232922,2024-12-31,-0.0169,disclosed,1.0,https://www.sec.gov/Archives/edgar/data/1100663/000175272425088417/primary_doc.xml,0001752724-25-088417,2025-04-23,2025-02-28
S000074757,iShares Paris-Aligned Climate Optimized MSCI USA ETF,C000232922,2025-01-31,0.0141,disclosed,1.0,https://www.sec.gov/Archives/edgar/data/1100663/000175272425088417/primary_doc.xml,0001752724-25-088417,2025-04-23,2025-02-28
S000074757,iShares Paris-Aligned Climate Optimized MSCI USA ETF,C000232922,2025-02-28,-0.024,disclosed,1.0,https://www.sec.gov/Archives/edgar/data/1100663/000175272425088417/primary_doc.xml,0001752724-25-088417,2025-04-23,2025-02-28
S000074757,iShares Paris-Aligned Climate Optimized MSCI USA ETF,C000232922,2025-03-31,-0.0653,disclosed,1.0,https://www.sec.gov/Archives/edgar/data/1100663/000175272425176179/primary_doc.xml,0001752724-25-176179,2025-07-24,2025-05-31
S000074757,iShares Paris-Aligned Climate Optimized MSCI USA ETF,C000232922,2025-04-30,-0.0004,disclosed,1.0,https://www.sec.gov/Archives/edgar/data/1100663/000175272425176179/primary_doc.xml,0001752724-25-176179,2025-07-24,2025-05-31
S000074757,iShares Paris-Aligned Climate Optimized MSCI USA ETF,C000232922,2025-05-31,0.07139999999999999,disclosed,1.0,https://www.sec.gov/Archives/edgar/data/1100663/000175272425176179/primary_doc.xml,0001752724-25-176179,2025-07-24,2025-05-31
S000074757,iShares Paris-Aligned Climate Optimized MSCI USA ETF,C000232922,2025-06-30,0.0447,disclosed,1.0,https://www.sec.gov/Archives/edgar/data/1100663/000100472625001381/primary_doc.xml,0001004726-25-001381,2025-10-27,2025-08-31
S000074757,iShares Paris-Aligned Climate Optimized MSCI USA ETF,C000232922,2025-07-31,0.0187,disclosed,1.0,https://www.sec.gov/Archives/edgar/data/1100663/000100472625001381/primary_doc.xml,0001004726-25-001381,2025-10-27,2025-08-31
S000074757,iShares Paris-Aligned Climate Optimized MSCI USA ETF,C000232922,2025-08-31,0.0151,disclosed,1.0,https://www.sec.gov/Archives/edgar/data/1100663/000100472625001381/primary_doc.xml,0001004726-25-001381,2025-10-27,2025-08-31
S000074757,iShares Paris-Aligned Climate Optimized MSCI USA ETF,C000232922,2025-09-30,0.0406,disclosed,1.0,https://www.sec.gov/Archives/edgar/data/1100663/000100472626000506/primary_doc.xml,0001004726-26-000506,2026-01-28,2025-11-30
S000074757,iShares Paris-Aligned Climate Optimized MSCI USA ETF,C000232922,2025-10-31,0.028900000000000002,disclosed,1.0,https://www.sec.gov/Archives/edgar/data/1100663/000100472626000506/primary_doc.xml,0001004726-26-000506,2026-01-28,2025-11-30
S000074757,iShares Paris-Aligned Climate Optimized MSCI USA ETF,C000232922,2025-11-30,-0.0091,disclosed,1.0,https://www.sec.gov/Archives/edgar/data/1100663/000100472626000506/primary_doc.xml,0001004726-26-000506,2026-01-28,2025-11-30
S000074757,iShares Paris-Aligned Climate Optimized MSCI USA ETF,C000232922,2025-12-31,-0.0031,disclosed,1.0,https://www.sec.gov/Archives/edgar/data/1100663/000100472626002869/primary_doc.xml,0001004726-26-002869,2026-04-23,2026-02-28
S000074757,iShares Paris-Aligned Climate Optimized MSCI USA ETF,C000232922,2026-01-31,-0.018500000000000003,disclosed,1.0,https://www.sec.gov/Archives/edgar/data/1100663/000100472626002869/primary_doc.xml,0001004726-26-002869,2026-04-23,2026-02-28
S000074757,iShares Paris-Aligned Climate Optimized MSCI USA ETF,C000232922,2026-02-28,-0.027999999999999997,disclosed,1.0,https://www.sec.gov/Archives/edgar/data/1100663/000100472626002869/primary_doc.xml,0001004726-26-002869,2026-04-23,2026-02-28
S000074757,iShares Paris-Aligned Climate Optimized MSCI USA ETF,C000232922,2026-03-31,-0.0432,disclosed,1.0,https://www.sec.gov/Archives/edgar/data/1100663/000100472626006407/primary_doc.xml,0001004726-26-006407,2026-07-27,2026-05-31
S000074757,iShares Paris-Aligned Climate Optimized MSCI USA ETF,C000232922,2026-04-30,0.1143,disclosed,1.0,https://www.sec.gov/Archives/edgar/data/1100663/000100472626006407/primary_doc.xml,0001004726-26-006407,2026-07-27,2026-05-31
S000074757,iShares Paris-Aligned Climate Optimized MSCI USA ETF,C000232922,2026-05-31,0.0712,disclosed,1.0,https://www.sec.gov/Archives/edgar/data/1100663/000100472626006407/primary_doc.xml,0001004726-26-006407,2026-07-27,2026-05-31
