fund_id,fund_name,month_end,sales,reinvestments,redemptions,status,confidence,source_url,accession,filing_date,report_date
S000000856,Parnassus Core Equity Fund,2019-07-31,354577734.19,0.0,325818979.47,disclosed,1.0,https://www.sec.gov/Archives/edgar/data/866256/000114554919048973/primary_doc.xml,0001145549-19-048973,2019-11-27,2019-09-30
S000000856,Parnassus Core Equity Fund,2019-08-31,296527823.95,0.0,255075170.14,disclosed,1.0,https://www.sec.gov/Archives/edgar/data/866256/000114554919048973/primary_doc.xml,0001145549-19-048973,2019-11-27,2019-09-30
S000000856,Parnassus Core Equity Fund,2019-09-30,300554439.29,35536689.88,191533501.29,disclosed,1.0,https://www.sec.gov/Archives/edgar/data/866256/000114554919048973/primary_doc.xml,0001145549-19-048973,2019-11-27,2019-09-30
S000000856,Parnassus Core Equity Fund,2019-10-31,386998804.55,0.0,264723618.18,disclosed,1.0,https://www.sec.gov/Archives/edgar/data/866256/000114554920011320/primary_doc.xml,0001145549-20-011320,2020-02-28,2019-12-31
S000000856,Parnassus Core Equity Fund,2019-11-30,323568733.33,1232280749.45,492546767.44,disclosed,1.0,https://www.sec.gov/Archives/edgar/data/866256/000114554920011320/primary_doc.xml,0001145549-20-011320,2020-02-28,2019-12-31
S000000856,Parnassus Core Equity Fund,2019-12-31,399557153.87,40189864.58,353445285.08,disclosed,1.0,https://www.sec.gov/Archives/edgar/data/866256/000114554920011320/primary_doc.xml,0001145549-20-011320,2020-02-28,2019-12-31
S000000856,Parnassus Core Equity Fund,2020-01-31,313081846.39,0.0,343413831.59,disclosed,1.0,https://www.sec.gov/Archives/edgar/data/866256/000114554920025929/primary_doc.xml,0001145549-20-025929,2020-05-21,2020-03-31
S000000856,Parnassus Core Equity Fund,2020-02-29,295366750.89,0.0,437357901.85,disclosed,1.0,https://www.sec.gov/Archives/edgar/data/866256/000114554920025929/primary_doc.xml,0001145549-20-025929,2020-05-21,2020-03-31
S000000856,Parnassus Core Equity Fund,2020-03-31,725568914.35,41472146.0,893308254.37,disclosed,1.0,https://www.sec.gov/Archives/edgar/data/866256/000114554920025929/primary_doc.xml,0001145549-20-025929,2020-05-21,2020-03-31
S000000856,Parnassus Core Equity Fund,2020-04-30,495555741.52,0.0,363377147.01,disclosed,1.0,https://www.sec.gov/Archives/edgar/data/866256/000114554920050623/primary_doc.xml,0001145549-20-050623,2020-08-27,2020-06-30
S000000856,Parnassus Core Equity Fund,2020-05-31,664476077.34,0.0,261736318.81,disclosed,1.0,https://www.sec.gov/Archives/edgar/data/866256/000114554920050623/primary_doc.xml,0001145549-20-050623,2020-08-27,2020-06-30
S000000856,Parnassus Core Equity Fund,2020-06-30,473187160.9,31672690.47,641712222.62,disclosed,1.0,https://www.sec.gov/Archives/edgar/data/866256/000114554920050623/primary_doc.xml,0001145549-20-050623,2020-08-27,2020-06-30
S000000856,Parnassus Core Equity Fund,2020-07-31,449708111.49,0.0,589975664.36,disclosed,1.0,https://www.sec.gov/Archives/edgar/data/866256/000114554920067360/primary_doc.xml,0001145549-20-067360,2020-11-20,2020-09-30
S000000856,Parnassus Core Equity Fund,2020-08-31,416674243.25,0.0,364613380.86,disclosed,1.0,https://www.sec.gov/Archives/edgar/data/866256/000114554920067360/primary_doc.xml,0001145549-20-067360,2020-11-20,2020-09-30
S000000856,Parnassus Core Equity Fund,2020-09-30,363974120.15,23799503.25,274176373.78,disclosed,1.0,https://www.sec.gov/Archives/edgar/data/866256/000114554920067360/primary_doc.xml,0001145549-20-067360,2020-11-20,2020-09-30
S000000856,Parnassus Core Equity Fund,2020-10-31,452067006.05,0.0,322904490.85,disclosed,1.0,https://www.sec.gov/Archives/edgar/data/866256/000114554921007121/primary_doc.xml,0001145549-21-007121,2021-02-17,2020-12-31
S000000856,Parnassus Core Equity Fund,2020-11-30,561702145.64,1112543812.08,468261353.81,disclosed,1.0,https://www.sec.gov/Archives/edgar/data/866256/000114554921007121/primary_doc.xml,0001145549-21-007121,2021-02-17,2020-12-31
S000000856,Parnassus Core Equity Fund,2020-12-31,706430761.78,40107901.6,331920488.71,disclosed,1.0,https://www.sec.gov/Archives/edgar/data/866256/000114554921007121/primary_doc.xml,0001145549-21-007121,2021-02-17,2020-12-31
S000000856,Parnassus Core Equity Fund,2021-01-31,603411636.0,0.0,495798740.02,disclosed,1.0,https://www.sec.gov/Archives/edgar/data/866256/000114554921028487/primary_doc.xml,0001145549-21-028487,2021-05-24,2021-03-31
S000000856,Parnassus Core Equity Fund,2021-02-28,667588101.8,0.0,399341265.83,disclosed,1.0,https://www.sec.gov/Archives/edgar/data/866256/000114554921028487/primary_doc.xml,0001145549-21-028487,2021-05-24,2021-03-31
S000000856,Parnassus Core Equity Fund,2021-03-31,771060410.48,24007472.03,407378906.21,disclosed,1.0,https://www.sec.gov/Archives/edgar/data/866256/000114554921028487/primary_doc.xml,0001145549-21-028487,2021-05-24,2021-03-31
S000000856,Parnassus Core Equity Fund,2021-04-30,709275970.29,0.0,429218951.94,disclosed,1.0,https://www.sec.gov/Archives/edgar/data/866256/000114554921047088/primary_doc.xml,0001145549-21-047088,2021-08-23,2021-06-30
S000000856,Parnassus Core Equity Fund,2021-05-31,716079746.66,0.0,396851625.27,disclosed,1.0,https://www.sec.gov/Archives/edgar/data/866256/000114554921047088/primary_doc.xml,0001145549-21-047088,2021-08-23,2021-06-30
S000000856,Parnassus Core Equity Fund,2021-06-30,720830227.39,33433529.07,387855314.84,disclosed,1.0,https://www.sec.gov/Archives/edgar/data/866256/000114554921047088/primary_doc.xml,0001145549-21-047088,2021-08-23,2021-06-30
S000000856,Parnassus Core Equity Fund,2021-07-31,661870576.94,0.0,342256933.14,disclosed,1.0,https://www.sec.gov/Archives/edgar/data/866256/000114554921065835/primary_doc.xml,0001145549-21-065835,2021-11-17,2021-09-30
S000000856,Parnassus Core Equity Fund,2021-08-31,805641384.79,0.0,383429612.52,disclosed,1.0,https://www.sec.gov/Archives/edgar/data/866256/000114554921065835/primary_doc.xml,0001145549-21-065835,2021-11-17,2021-09-30
S000000856,Parnassus Core Equity Fund,2021-09-30,1146387112.9,32077546.9,1017002728.86,disclosed,1.0,https://www.sec.gov/Archives/edgar/data/866256/000114554921065835/primary_doc.xml,0001145549-21-065835,2021-11-17,2021-09-30
S000000856,Parnassus Core Equity Fund,2021-10-31,514313076.57,0.0,554352969.78,disclosed,1.0,https://www.sec.gov/Archives/edgar/data/866256/000114554922011150/primary_doc.xml,0001145549-22-011150,2022-02-25,2021-12-31
S000000856,Parnassus Core Equity Fund,2021-11-30,609979735.84,2034870039.9,838283020.91,disclosed,1.0,https://www.sec.gov/Archives/edgar/data/866256/000114554922011150/primary_doc.xml,0001145549-22-011150,2022-02-25,2021-12-31
S000000856,Parnassus Core Equity Fund,2021-12-31,674829197.37,187205287.58,610139023.99,disclosed,1.0,https://www.sec.gov/Archives/edgar/data/866256/000114554922011150/primary_doc.xml,0001145549-22-011150,2022-02-25,2021-12-31
S000000856,Parnassus Core Equity Fund,2022-01-31,626477768.95,0.0,663523954.44,disclosed,1.0,https://www.sec.gov/Archives/edgar/data/866256/000114554922029272/primary_doc.xml,0001145549-22-029272,2022-05-24,2022-03-31
S000000856,Parnassus Core Equity Fund,2022-02-28,530593691.68,0.0,560027458.91,disclosed,1.0,https://www.sec.gov/Archives/edgar/data/866256/000114554922029272/primary_doc.xml,0001145549-22-029272,2022-05-24,2022-03-31
S000000856,Parnassus Core Equity Fund,2022-03-31,563705917.22,21837972.95,691146847.6,disclosed,1.0,https://www.sec.gov/Archives/edgar/data/866256/000114554922029272/primary_doc.xml,0001145549-22-029272,2022-05-24,2022-03-31
S000000856,Parnassus Core Equity Fund,2022-04-30,479211092.96,0.0,607425353.69,disclosed,1.0,https://www.sec.gov/Archives/edgar/data/866256/000114554922046955/primary_doc.xml,0001145549-22-046955,2022-08-09,2022-06-30
S000000856,Parnassus Core Equity Fund,2022-05-31,437284078.97,0.0,604509812.63,disclosed,1.0,https://www.sec.gov/Archives/edgar/data/866256/000114554922046955/primary_doc.xml,0001145549-22-046955,2022-08-09,2022-06-30
S000000856,Parnassus Core Equity Fund,2022-06-30,428300951.31,29697736.79,649065256.18,disclosed,1.0,https://www.sec.gov/Archives/edgar/data/866256/000114554922046955/primary_doc.xml,0001145549-22-046955,2022-08-09,2022-06-30
S000000856,Parnassus Core Equity Fund,2022-07-31,312622966.64,0.0,437547081.66,disclosed,1.0,https://www.sec.gov/Archives/edgar/data/866256/000114554922069797/primary_doc.xml,0001145549-22-069797,2022-11-25,2022-09-30
S000000856,Parnassus Core Equity Fund,2022-08-31,379984148.98,0.0,514407771.94,disclosed,1.0,https://www.sec.gov/Archives/edgar/data/866256/000114554922069797/primary_doc.xml,0001145549-22-069797,2022-11-25,2022-09-30
S000000856,Parnassus Core Equity Fund,2022-09-30,275874082.94,47135746.9,484302501.83,disclosed,1.0,https://www.sec.gov/Archives/edgar/data/866256/000114554922069797/primary_doc.xml,0001145549-22-069797,2022-11-25,2022-09-30
S000000856,Parnassus Core Equity Fund,2022-10-31,273166872.32,0.0,417488603.57,disclosed,1.0,https://www.sec.gov/Archives/edgar/data/866256/000114554923007275/primary_doc.xml,0001145549-23-007275,2023-02-21,2022-12-31
S000000856,Parnassus Core Equity Fund,2022-11-30,377504995.21,2075537935.75,1213888827.43,disclosed,1.0,https://www.sec.gov/Archives/edgar/data/866256/000114554923007275/primary_doc.xml,0001145549-23-007275,2023-02-21,2022-12-31
S000000856,Parnassus Core Equity Fund,2022-12-31,482824996.52,37635946.13,645919508.17,disclosed,1.0,https://www.sec.gov/Archives/edgar/data/866256/000114554923007275/primary_doc.xml,0001145549-23-007275,2023-02-21,2022-12-31
S000000856,Parnassus Core Equity Fund,2023-01-31,392671261.22,0.0,467961248.12,disclosed,1.0,https://www.sec.gov/Archives/edgar/data/866256/000114554923035343/primary_doc.xml,0001145549-23-035343,2023-05-30,2023-03-31
S000000856,Parnassus Core Equity Fund,2023-01-31,392671261.22,0.0,467961248.12,disclosed,1.0,https://www.sec.gov/Archives/edgar/data/866256/000114554923036817/primary_doc.xml,0001145549-23-036817,2023-06-13,2023-03-31
S000000856,Parnassus Core Equity Fund,2023-01-31,392671261.22,0.0,467961248.12,disclosed,1.0,https://www.sec.gov/Archives/edgar/data/866256/000114554923037015/primary_doc.xml,0001145549-23-037015,2023-06-14,2023-03-31
S000000856,Parnassus Core Equity Fund,2023-02-28,263397323.15,0.0,483833742.57,disclosed,1.0,https://www.sec.gov/Archives/edgar/data/866256/000114554923035343/primary_doc.xml,0001145549-23-035343,2023-05-30,2023-03-31
S000000856,Parnassus Core Equity Fund,2023-02-28,263397323.15,0.0,483833742.57,disclosed,1.0,https://www.sec.gov/Archives/edgar/data/866256/000114554923036817/primary_doc.xml,0001145549-23-036817,2023-06-13,2023-03-31
S000000856,Parnassus Core Equity Fund,2023-02-28,263397323.15,0.0,483833742.57,disclosed,1.0,https://www.sec.gov/Archives/edgar/data/866256/000114554923037015/primary_doc.xml,0001145549-23-037015,2023-06-14,2023-03-31
S000000856,Parnassus Core Equity Fund,2023-03-31,385380752.57,39117205.04,437179027.13,disclosed,1.0,https://www.sec.gov/Archives/edgar/data/866256/000114554923035343/primary_doc.xml,0001145549-23-035343,2023-05-30,2023-03-31
S000000856,Parnassus Core Equity Fund,2023-03-31,385380752.57,39117205.04,437179027.13,disclosed,1.0,https://www.sec.gov/Archives/edgar/data/866256/000114554923036817/primary_doc.xml,0001145549-23-036817,2023-06-13,2023-03-31
S000000856,Parnassus Core Equity Fund,2023-03-31,385380752.57,39117205.04,437179027.13,disclosed,1.0,https://www.sec.gov/Archives/edgar/data/866256/000114554923037015/primary_doc.xml,0001145549-23-037015,2023-06-14,2023-03-31
S000000856,Parnassus Core Equity Fund,2023-04-30,337986230.38,0.0,480971297.55,disclosed,1.0,https://www.sec.gov/Archives/edgar/data/866256/000114554923046828/primary_doc.xml,0001145549-23-046828,2023-08-14,2023-06-30
S000000856,Parnassus Core Equity Fund,2023-05-31,355198074.8,0.0,426801323.8,disclosed,1.0,https://www.sec.gov/Archives/edgar/data/866256/000114554923046828/primary_doc.xml,0001145549-23-046828,2023-08-14,2023-06-30
S000000856,Parnassus Core Equity Fund,2023-06-30,406797521.07000005,38253107.3,438532903.36,disclosed,1.0,https://www.sec.gov/Archives/edgar/data/866256/000114554923046828/primary_doc.xml,0001145549-23-046828,2023-08-14,2023-06-30
S000000856,Parnassus Core Equity Fund,2023-07-31,308199945.19,0.0,378663537.13,disclosed,1.0,https://www.sec.gov/Archives/edgar/data/866256/000114554923066472/primary_doc.xml,0001145549-23-066472,2023-11-08,2023-09-30
S000000856,Parnassus Core Equity Fund,2023-08-31,320652209.46999997,0.0,378722426.81,disclosed,1.0,https://www.sec.gov/Archives/edgar/data/866256/000114554923066472/primary_doc.xml,0001145549-23-066472,2023-11-08,2023-09-30
S000000856,Parnassus Core Equity Fund,2023-09-30,290524844.03999996,50145561.29000001,762059319.5,disclosed,1.0,https://www.sec.gov/Archives/edgar/data/866256/000114554923066472/primary_doc.xml,0001145549-23-066472,2023-11-08,2023-09-30
S000000856,Parnassus Core Equity Fund,2023-10-31,331978006.23,0.0,439356878.19,disclosed,1.0,https://www.sec.gov/Archives/edgar/data/866256/000114554924005796/primary_doc.xml,0001145549-24-005796,2024-02-07,2023-12-31
S000000856,Parnassus Core Equity Fund,2023-11-30,434764866.69,1392729368.04,811955893.22,disclosed,1.0,https://www.sec.gov/Archives/edgar/data/866256/000114554924005796/primary_doc.xml,0001145549-24-005796,2024-02-07,2023-12-31
S000000856,Parnassus Core Equity Fund,2023-12-31,367479905.78000003,47578751.019999996,523429385.39,disclosed,1.0,https://www.sec.gov/Archives/edgar/data/866256/000114554924005796/primary_doc.xml,0001145549-24-005796,2024-02-07,2023-12-31
S000000856,Parnassus Core Equity Fund,2024-01-31,356694968.61,0.0,456608773.11,disclosed,1.0,https://www.sec.gov/Archives/edgar/data/866256/000114554924027353/primary_doc.xml,0001145549-24-027353,2024-05-16,2024-03-31
S000000856,Parnassus Core Equity Fund,2024-02-29,392148130.92,299.4,417924619.48,disclosed,1.0,https://www.sec.gov/Archives/edgar/data/866256/000114554924027353/primary_doc.xml,0001145549-24-027353,2024-05-16,2024-03-31
S000000856,Parnassus Core Equity Fund,2024-03-31,343636438.24,37782467.48,497875387.75,disclosed,1.0,https://www.sec.gov/Archives/edgar/data/866256/000114554924027353/primary_doc.xml,0001145549-24-027353,2024-05-16,2024-03-31
S000000856,Parnassus Core Equity Fund,2024-04-30,376977717.34000003,0.0,768869837.32,disclosed,1.0,https://www.sec.gov/Archives/edgar/data/866256/000175272424172713/primary_doc.xml,0001752724-24-172713,2024-08-12,2024-06-30
S000000856,Parnassus Core Equity Fund,2024-05-31,337670399.0,0.0,521674332.13,disclosed,1.0,https://www.sec.gov/Archives/edgar/data/866256/000175272424172713/primary_doc.xml,0001752724-24-172713,2024-08-12,2024-06-30
S000000856,Parnassus Core Equity Fund,2024-06-30,235628979.41,0.0,418559637.33,disclosed,1.0,https://www.sec.gov/Archives/edgar/data/866256/000175272424172713/primary_doc.xml,0001752724-24-172713,2024-08-12,2024-06-30
S000000856,Parnassus Core Equity Fund,2024-07-31,254246203.97,19635395.1,580795166.31,disclosed,1.0,https://www.sec.gov/Archives/edgar/data/866256/000175272424246668/primary_doc.xml,0001752724-24-246668,2024-11-08,2024-09-30
S000000856,Parnassus Core Equity Fund,2024-08-31,267186878.78,0.0,481149528.11,disclosed,1.0,https://www.sec.gov/Archives/edgar/data/866256/000175272424246668/primary_doc.xml,0001752724-24-246668,2024-11-08,2024-09-30
S000000856,Parnassus Core Equity Fund,2024-09-30,236640481.79,-2.36,525390225.17,disclosed,1.0,https://www.sec.gov/Archives/edgar/data/866256/000175272424246668/primary_doc.xml,0001752724-24-246668,2024-11-08,2024-09-30
S000000856,Parnassus Core Equity Fund,2024-10-31,243385347.3,34458353.08,1035687898.79,disclosed,1.0,https://www.sec.gov/Archives/edgar/data/866256/000175272425024370/primary_doc.xml,0001752724-25-024370,2025-02-14,2024-12-31
S000000856,Parnassus Core Equity Fund,2024-11-30,300715279.68,0.0,658550335.94,disclosed,1.0,https://www.sec.gov/Archives/edgar/data/866256/000175272425024370/primary_doc.xml,0001752724-25-024370,2025-02-14,2024-12-31
S000000856,Parnassus Core Equity Fund,2024-12-31,424866308.89,2551500616.87,1129425268.26,disclosed,1.0,https://www.sec.gov/Archives/edgar/data/866256/000175272425024370/primary_doc.xml,0001752724-25-024370,2025-02-14,2024-12-31
S000000856,Parnassus Core Equity Fund,2025-01-31,251953598.6,0.0,953255107.65,disclosed,1.0,https://www.sec.gov/Archives/edgar/data/866256/000175272425097835/primary_doc.xml,0001752724-25-097835,2025-05-05,2025-03-31
S000000856,Parnassus Core Equity Fund,2025-02-28,213945264.01,0.0,691210343.63,disclosed,1.0,https://www.sec.gov/Archives/edgar/data/866256/000175272425097835/primary_doc.xml,0001752724-25-097835,2025-05-05,2025-03-31
S000000856,Parnassus Core Equity Fund,2025-03-31,254862171.44,0.0,697131223.75,disclosed,1.0,https://www.sec.gov/Archives/edgar/data/866256/000175272425097835/primary_doc.xml,0001752724-25-097835,2025-05-05,2025-03-31
S000000856,Parnassus Core Equity Fund,2025-04-30,342475309.97,18820823.24,652960592.32,disclosed,1.0,https://www.sec.gov/Archives/edgar/data/866256/000175272425181415/primary_doc.xml,0001752724-25-181415,2025-07-29,2025-06-30
S000000856,Parnassus Core Equity Fund,2025-05-31,244946681.63,0.0,475103135.72,disclosed,1.0,https://www.sec.gov/Archives/edgar/data/866256/000175272425181415/primary_doc.xml,0001752724-25-181415,2025-07-29,2025-06-30
S000000856,Parnassus Core Equity Fund,2025-06-30,150045311.06,0.0,388645527.54,disclosed,1.0,https://www.sec.gov/Archives/edgar/data/866256/000175272425181415/primary_doc.xml,0001752724-25-181415,2025-07-29,2025-06-30
S000000856,Parnassus Core Equity Fund,2025-07-31,300083411.5,16319807.15,827210793.15,disclosed,1.0,https://www.sec.gov/Archives/edgar/data/866256/000100371525001032/primary_doc.xml,0001003715-25-001032,2025-10-30,2025-09-30
S000000856,Parnassus Core Equity Fund,2025-08-31,195423181.8,0.0,463045666.83,disclosed,1.0,https://www.sec.gov/Archives/edgar/data/866256/000100371525001032/primary_doc.xml,0001003715-25-001032,2025-10-30,2025-09-30
S000000856,Parnassus Core Equity Fund,2025-09-30,307053493.66,0.0,819390887.78,disclosed,1.0,https://www.sec.gov/Archives/edgar/data/866256/000100371525001032/primary_doc.xml,0001003715-25-001032,2025-10-30,2025-09-30
S000000856,Parnassus Core Equity Fund,2025-10-31,222943126.89,7037198.66,712904340.69,disclosed,1.0,https://www.sec.gov/Archives/edgar/data/866256/000100371526000215/primary_doc.xml,0001003715-26-000215,2026-01-23,2025-12-31
S000000856,Parnassus Core Equity Fund,2025-11-30,178874441.44,0.0,792430108.76,disclosed,1.0,https://www.sec.gov/Archives/edgar/data/866256/000100371526000215/primary_doc.xml,0001003715-26-000215,2026-01-23,2025-12-31
S000000856,Parnassus Core Equity Fund,2025-12-31,543390410.97,4174985648.93,1824887350.43,disclosed,1.0,https://www.sec.gov/Archives/edgar/data/866256/000100371526000215/primary_doc.xml,0001003715-26-000215,2026-01-23,2025-12-31
S000000856,Parnassus Core Equity Fund,2026-01-31,234542216.39,0.0,906474306.52,disclosed,1.0,https://www.sec.gov/Archives/edgar/data/866256/000100371526001630/primary_doc.xml,0001003715-26-001630,2026-05-06,2026-03-31
S000000856,Parnassus Core Equity Fund,2026-02-28,179706262.12,0.0,784229662.61,disclosed,1.0,https://www.sec.gov/Archives/edgar/data/866256/000100371526001630/primary_doc.xml,0001003715-26-001630,2026-05-06,2026-03-31
S000000856,Parnassus Core Equity Fund,2026-03-31,159413129.7,0.0,842515524.9,disclosed,1.0,https://www.sec.gov/Archives/edgar/data/866256/000100371526001630/primary_doc.xml,0001003715-26-001630,2026-05-06,2026-03-31
S000000856,Parnassus Core Equity Fund,2026-04-30,151712398.5,6420678.25,804398889.59,disclosed,1.0,https://www.sec.gov/Archives/edgar/data/866256/000100371526002722/primary_doc.xml,0001003715-26-002722,2026-07-20,2026-06-30
S000000856,Parnassus Core Equity Fund,2026-05-31,111101562.98,0.0,794977153.4,disclosed,1.0,https://www.sec.gov/Archives/edgar/data/866256/000100371526002722/primary_doc.xml,0001003715-26-002722,2026-07-20,2026-06-30
S000000856,Parnassus Core Equity Fund,2026-06-30,114531445.64,0.0,662287364.7,disclosed,1.0,https://www.sec.gov/Archives/edgar/data/866256/000100371526002722/primary_doc.xml,0001003715-26-002722,2026-07-20,2026-06-30
S000004310,iShares Core S&P 500 ETF,2019-07-31,4163389100.25,0.0,977118340.56,disclosed,1.0,https://www.sec.gov/Archives/edgar/data/1100663/000175272419177847/primary_doc.xml,0001752724-19-177847,2019-11-25,2019-09-30
S000004310,iShares Core S&P 500 ETF,2019-08-31,6334962826.62,0.0,3622587179.16,disclosed,1.0,https://www.sec.gov/Archives/edgar/data/1100663/000175272419177847/primary_doc.xml,0001752724-19-177847,2019-11-25,2019-09-30
S000004310,iShares Core S&P 500 ETF,2019-09-30,4192809454.45,0.0,2076531888.96,disclosed,1.0,https://www.sec.gov/Archives/edgar/data/1100663/000175272419177847/primary_doc.xml,0001752724-19-177847,2019-11-25,2019-09-30
S000004310,iShares Core S&P 500 ETF,2019-10-31,2506981143.44,0.0,2154870383.44,disclosed,1.0,https://www.sec.gov/Archives/edgar/data/1100663/000175272420038725/primary_doc.xml,0001752724-20-038725,2020-02-27,2019-12-31
S000004310,iShares Core S&P 500 ETF,2019-11-30,1038718024.17,0.0,1730391123.92,disclosed,1.0,https://www.sec.gov/Archives/edgar/data/1100663/000175272420038725/primary_doc.xml,0001752724-20-038725,2020-02-27,2019-12-31
S000004310,iShares Core S&P 500 ETF,2019-12-31,8448856033.79,0.0,8859121789.69,disclosed,1.0,https://www.sec.gov/Archives/edgar/data/1100663/000175272420038725/primary_doc.xml,0001752724-20-038725,2020-02-27,2019-12-31
S000004310,iShares Core S&P 500 ETF,2020-01-31,4628163213.13,0.0,2544461564.04,disclosed,1.0,https://www.sec.gov/Archives/edgar/data/1100663/000175272420112027/primary_doc.xml,0001752724-20-112027,2020-06-01,2020-03-31
S000004310,iShares Core S&P 500 ETF,2020-02-29,11250212154.37,0.0,4465836255.92,disclosed,1.0,https://www.sec.gov/Archives/edgar/data/1100663/000175272420112027/primary_doc.xml,0001752724-20-112027,2020-06-01,2020-03-31
S000004310,iShares Core S&P 500 ETF,2020-03-31,0.0,0.0,0.0,disclosed,1.0,https://www.sec.gov/Archives/edgar/data/1100663/000175272420112027/primary_doc.xml,0001752724-20-112027,2020-06-01,2020-03-31
S000004310,iShares Core S&P 500 ETF,2020-04-30,3071329186.6,0.0,3227671627.33,disclosed,1.0,https://www.sec.gov/Archives/edgar/data/1100663/000175272420176909/primary_doc.xml,0001752724-20-176909,2020-08-27,2020-06-30
S000004310,iShares Core S&P 500 ETF,2020-05-31,2974968598.1,0.0,4152159928.21,disclosed,1.0,https://www.sec.gov/Archives/edgar/data/1100663/000175272420176909/primary_doc.xml,0001752724-20-176909,2020-08-27,2020-06-30
S000004310,iShares Core S&P 500 ETF,2020-06-30,4799887751.85,0.0,3658993996.53,disclosed,1.0,https://www.sec.gov/Archives/edgar/data/1100663/000175272420176909/primary_doc.xml,0001752724-20-176909,2020-08-27,2020-06-30
S000004310,iShares Core S&P 500 ETF,2020-07-31,2367113702.25,0.0,1963195467.57,disclosed,1.0,https://www.sec.gov/Archives/edgar/data/1100663/000175272420247818/primary_doc.xml,0001752724-20-247818,2020-11-25,2020-09-30
S000004310,iShares Core S&P 500 ETF,2020-08-31,1001569404.75,0.0,1498306001.05,disclosed,1.0,https://www.sec.gov/Archives/edgar/data/1100663/000175272420247818/primary_doc.xml,0001752724-20-247818,2020-11-25,2020-09-30
S000004310,iShares Core S&P 500 ETF,2020-09-30,6956027902.19,0.0,3219806131.78,disclosed,1.0,https://www.sec.gov/Archives/edgar/data/1100663/000175272420247818/primary_doc.xml,0001752724-20-247818,2020-11-25,2020-09-30
S000004310,iShares Core S&P 500 ETF,2020-10-31,2443901329.48,0.0,2015615009.99,disclosed,1.0,https://www.sec.gov/Archives/edgar/data/1100663/000175272421040719/primary_doc.xml,0001752724-21-040719,2021-02-25,2020-12-31
S000004310,iShares Core S&P 500 ETF,2020-11-30,3911598692.66,0.0,1683488322.46,disclosed,1.0,https://www.sec.gov/Archives/edgar/data/1100663/000175272421040719/primary_doc.xml,0001752724-21-040719,2021-02-25,2020-12-31
S000004310,iShares Core S&P 500 ETF,2020-12-31,11723869201.2,0.0,15502277596.91,disclosed,1.0,https://www.sec.gov/Archives/edgar/data/1100663/000175272421040719/primary_doc.xml,0001752724-21-040719,2021-02-25,2020-12-31
S000004310,iShares Core S&P 500 ETF,2021-01-31,4961125231.56,0.0,7270356191.35,disclosed,1.0,https://www.sec.gov/Archives/edgar/data/1100663/000175272421116363/primary_doc.xml,0001752724-21-116363,2021-05-27,2021-03-31
S000004310,iShares Core S&P 500 ETF,2021-02-28,11023809289.28,0.0,2704652089.91,disclosed,1.0,https://www.sec.gov/Archives/edgar/data/1100663/000175272421116363/primary_doc.xml,0001752724-21-116363,2021-05-27,2021-03-31
S000004310,iShares Core S&P 500 ETF,2021-03-31,5570295967.32,0.0,2821522470.23,disclosed,1.0,https://www.sec.gov/Archives/edgar/data/1100663/000175272421116363/primary_doc.xml,0001752724-21-116363,2021-05-27,2021-03-31
S000004310,iShares Core S&P 500 ETF,2021-04-30,6706272392.18,0.0,3751548736.09,disclosed,1.0,https://www.sec.gov/Archives/edgar/data/1100663/000175272421186201/primary_doc.xml,0001752724-21-186201,2021-08-26,2021-06-30
S000004310,iShares Core S&P 500 ETF,2021-05-31,1832582887.2,0.0,2630090022.04,disclosed,1.0,https://www.sec.gov/Archives/edgar/data/1100663/000175272421186201/primary_doc.xml,0001752724-21-186201,2021-08-26,2021-06-30
S000004310,iShares Core S&P 500 ETF,2021-06-30,6009172901.21,0.0,4411897215.05,disclosed,1.0,https://www.sec.gov/Archives/edgar/data/1100663/000175272421186201/primary_doc.xml,0001752724-21-186201,2021-08-26,2021-06-30
S000004310,iShares Core S&P 500 ETF,2021-07-31,5065952163.59,0.0,3946840245.59,disclosed,1.0,https://www.sec.gov/Archives/edgar/data/1100663/000175272421255857/primary_doc.xml,0001752724-21-255857,2021-11-24,2021-09-30
S000004310,iShares Core S&P 500 ETF,2021-08-31,3259399784.91,0.0,1894130929.96,disclosed,1.0,https://www.sec.gov/Archives/edgar/data/1100663/000175272421255857/primary_doc.xml,0001752724-21-255857,2021-11-24,2021-09-30
S000004310,iShares Core S&P 500 ETF,2021-09-30,7159251624.3,0.0,10247301908.87,disclosed,1.0,https://www.sec.gov/Archives/edgar/data/1100663/000175272421255857/primary_doc.xml,0001752724-21-255857,2021-11-24,2021-09-30
S000004310,iShares Core S&P 500 ETF,2021-10-31,11378027854.17,0.0,2258514456.83,disclosed,1.0,https://www.sec.gov/Archives/edgar/data/1100663/000175272422046281/primary_doc.xml,0001752724-22-046281,2022-02-25,2021-12-31
S000004310,iShares Core S&P 500 ETF,2021-11-30,6314817578.91,0.0,2039947316.86,disclosed,1.0,https://www.sec.gov/Archives/edgar/data/1100663/000175272422046281/primary_doc.xml,0001752724-22-046281,2022-02-25,2021-12-31
S000004310,iShares Core S&P 500 ETF,2021-12-31,24920573979.75,0.0,21646675761.62,disclosed,1.0,https://www.sec.gov/Archives/edgar/data/1100663/000175272422046281/primary_doc.xml,0001752724-22-046281,2022-02-25,2021-12-31
S000004310,iShares Core S&P 500 ETF,2022-01-31,10529032680.87,0.0,9477174159.11,disclosed,1.0,https://www.sec.gov/Archives/edgar/data/1100663/000175272422122805/primary_doc.xml,0001752724-22-122805,2022-05-26,2022-03-31
S000004310,iShares Core S&P 500 ETF,2022-02-28,13121928279.7,0.0,4076564113.34,disclosed,1.0,https://www.sec.gov/Archives/edgar/data/1100663/000175272422122805/primary_doc.xml,0001752724-22-122805,2022-05-26,2022-03-31
S000004310,iShares Core S&P 500 ETF,2022-03-31,8727068149.8,0.0,4740513077.98,disclosed,1.0,https://www.sec.gov/Archives/edgar/data/1100663/000175272422122805/primary_doc.xml,0001752724-22-122805,2022-05-26,2022-03-31
S000004310,iShares Core S&P 500 ETF,2022-04-30,4041503725.78,0.0,15723238228.62,disclosed,1.0,https://www.sec.gov/Archives/edgar/data/1100663/000175272422193652/primary_doc.xml,0001752724-22-193652,2022-08-25,2022-06-30
S000004310,iShares Core S&P 500 ETF,2022-05-31,9567219187.05,0.0,2015276650.5,disclosed,1.0,https://www.sec.gov/Archives/edgar/data/1100663/000175272422193652/primary_doc.xml,0001752724-22-193652,2022-08-25,2022-06-30
S000004310,iShares Core S&P 500 ETF,2022-06-30,10046656251.55,0.0,6437026256.45,disclosed,1.0,https://www.sec.gov/Archives/edgar/data/1100663/000175272422193652/primary_doc.xml,0001752724-22-193652,2022-08-25,2022-06-30
S000004310,iShares Core S&P 500 ETF,2022-07-31,4301057370.9,0.0,2050046982.3,disclosed,1.0,https://www.sec.gov/Archives/edgar/data/1100663/000175272422268673/primary_doc.xml,0001752724-22-268673,2022-11-28,2022-09-30
S000004310,iShares Core S&P 500 ETF,2022-08-31,5167740083.56,0.0,2856655180.74,disclosed,1.0,https://www.sec.gov/Archives/edgar/data/1100663/000175272422268673/primary_doc.xml,0001752724-22-268673,2022-11-28,2022-09-30
S000004310,iShares Core S&P 500 ETF,2022-09-30,3739465630.28,0.0,2574777912.02,disclosed,1.0,https://www.sec.gov/Archives/edgar/data/1100663/000175272422268673/primary_doc.xml,0001752724-22-268673,2022-11-28,2022-09-30
S000004310,iShares Core S&P 500 ETF,2022-10-31,6760678706.96,0.0,2364952946.4,disclosed,1.0,https://www.sec.gov/Archives/edgar/data/1100663/000175272423039243/primary_doc.xml,0001752724-23-039243,2023-02-24,2022-12-31
S000004310,iShares Core S&P 500 ETF,2022-11-30,4189492766.83,0.0,3340150968.39,disclosed,1.0,https://www.sec.gov/Archives/edgar/data/1100663/000175272423039243/primary_doc.xml,0001752724-23-039243,2023-02-24,2022-12-31
S000004310,iShares Core S&P 500 ETF,2022-12-31,8724901666.0,0.0,12018841884.27,disclosed,1.0,https://www.sec.gov/Archives/edgar/data/1100663/000175272423039243/primary_doc.xml,0001752724-23-039243,2023-02-24,2022-12-31
S000004310,iShares Core S&P 500 ETF,2023-01-31,2367657566.99,0.0,2638721942.34,disclosed,1.0,https://www.sec.gov/Archives/edgar/data/1100663/000175272423123220/primary_doc.xml,0001752724-23-123220,2023-05-26,2023-03-31
S000004310,iShares Core S&P 500 ETF,2023-02-28,1825529641.31,0.0,4208055413.66,disclosed,1.0,https://www.sec.gov/Archives/edgar/data/1100663/000175272423123220/primary_doc.xml,0001752724-23-123220,2023-05-26,2023-03-31
S000004310,iShares Core S&P 500 ETF,2023-03-31,5270472202.84,0.0,6884539332.4,disclosed,1.0,https://www.sec.gov/Archives/edgar/data/1100663/000175272423123220/primary_doc.xml,0001752724-23-123220,2023-05-26,2023-03-31
S000004310,iShares Core S&P 500 ETF,2023-04-30,3494581557.81,0.0,2014750216.98,disclosed,1.0,https://www.sec.gov/Archives/edgar/data/1100663/000175272423191503/primary_doc.xml,0001752724-23-191503,2023-08-25,2023-06-30
S000004310,iShares Core S&P 500 ETF,2023-05-31,1044464671.53,0.0,3711576537.13,disclosed,1.0,https://www.sec.gov/Archives/edgar/data/1100663/000175272423191503/primary_doc.xml,0001752724-23-191503,2023-08-25,2023-06-30
S000004310,iShares Core S&P 500 ETF,2023-06-30,9328619735.47,0.0,4979586822.02,disclosed,1.0,https://www.sec.gov/Archives/edgar/data/1100663/000175272423191503/primary_doc.xml,0001752724-23-191503,2023-08-25,2023-06-30
S000004310,iShares Core S&P 500 ETF,2023-07-31,12494141450.17,0.0,1484678536.63,disclosed,1.0,https://www.sec.gov/Archives/edgar/data/1100663/000175272423264277/primary_doc.xml,0001752724-23-264277,2023-11-22,2023-09-30
S000004310,iShares Core S&P 500 ETF,2023-08-31,7777134200.8,0.0,3954543564.1,disclosed,1.0,https://www.sec.gov/Archives/edgar/data/1100663/000175272423264277/primary_doc.xml,0001752724-23-264277,2023-11-22,2023-09-30
S000004310,iShares Core S&P 500 ETF,2023-09-30,17685075433.54,0.0,13630204300.87,disclosed,1.0,https://www.sec.gov/Archives/edgar/data/1100663/000175272423264277/primary_doc.xml,0001752724-23-264277,2023-11-22,2023-09-30
S000004310,iShares Core S&P 500 ETF,2023-10-31,10294003768.14,0.0,1646602446.66,disclosed,1.0,https://www.sec.gov/Archives/edgar/data/1100663/000175272424043113/primary_doc.xml,0001752724-24-043113,2024-02-27,2023-12-31
S000004310,iShares Core S&P 500 ETF,2023-11-30,8298150963.48,0.0,2454194941.82,disclosed,1.0,https://www.sec.gov/Archives/edgar/data/1100663/000175272424043113/primary_doc.xml,0001752724-24-043113,2024-02-27,2023-12-31
S000004310,iShares Core S&P 500 ETF,2023-12-31,25504143628.88,0.0,19973711372.5,disclosed,1.0,https://www.sec.gov/Archives/edgar/data/1100663/000175272424043113/primary_doc.xml,0001752724-24-043113,2024-02-27,2023-12-31
S000004310,iShares Core S&P 500 ETF,2024-01-31,20580437021.24,0.0,8702537021.0,disclosed,1.0,https://www.sec.gov/Archives/edgar/data/1100663/000175272424123331/primary_doc.xml,0001752724-24-123331,2024-05-28,2024-03-31
S000004310,iShares Core S&P 500 ETF,2024-02-29,8307696775.89,0.0,4162665648.11,disclosed,1.0,https://www.sec.gov/Archives/edgar/data/1100663/000175272424123331/primary_doc.xml,0001752724-24-123331,2024-05-28,2024-03-31
S000004310,iShares Core S&P 500 ETF,2024-03-31,24182394223.71,0.0,27158419905.96,disclosed,1.0,https://www.sec.gov/Archives/edgar/data/1100663/000175272424123331/primary_doc.xml,0001752724-24-123331,2024-05-28,2024-03-31
S000004310,iShares Core S&P 500 ETF,2024-04-30,14324018482.98,0.0,14967644894.26,disclosed,1.0,https://www.sec.gov/Archives/edgar/data/1100663/000175272424194289/primary_doc.xml,0001752724-24-194289,2024-08-27,2024-06-30
S000004310,iShares Core S&P 500 ETF,2024-05-31,8770064250.57,0.0,3898208318.54,disclosed,1.0,https://www.sec.gov/Archives/edgar/data/1100663/000175272424194289/primary_doc.xml,0001752724-24-194289,2024-08-27,2024-06-30
S000004310,iShares Core S&P 500 ETF,2024-06-30,36028584972.54,0.0,25094148246.83,disclosed,1.0,https://www.sec.gov/Archives/edgar/data/1100663/000175272424194289/primary_doc.xml,0001752724-24-194289,2024-08-27,2024-06-30
S000004310,iShares Core S&P 500 ETF,2024-07-31,13928880157.91,0.0,4480752263.18,disclosed,1.0,https://www.sec.gov/Archives/edgar/data/1100663/000175272424269943/primary_doc.xml,0001752724-24-269943,2024-11-26,2024-09-30
S000004310,iShares Core S&P 500 ETF,2024-08-31,12823517944.1,0.0,6948791185.28,disclosed,1.0,https://www.sec.gov/Archives/edgar/data/1100663/000175272424269943/primary_doc.xml,0001752724-24-269943,2024-11-26,2024-09-30
S000004310,iShares Core S&P 500 ETF,2024-09-30,33307472217.05,0.0,32992546914.05,disclosed,1.0,https://www.sec.gov/Archives/edgar/data/1100663/000175272424269943/primary_doc.xml,0001752724-24-269943,2024-11-26,2024-09-30
S000004310,iShares Core S&P 500 ETF,2024-10-31,15730721092.7,0.0,4280071209.65,disclosed,1.0,https://www.sec.gov/Archives/edgar/data/1100663/000175272425043800/primary_doc.xml,0001752724-25-043800,2025-02-27,2024-12-31
S000004310,iShares Core S&P 500 ETF,2024-11-30,17590586500.7,0.0,9901598905.9,disclosed,1.0,https://www.sec.gov/Archives/edgar/data/1100663/000175272425043800/primary_doc.xml,0001752724-25-043800,2025-02-27,2024-12-31
S000004310,iShares Core S&P 500 ETF,2024-12-31,78231745979.05,0.0,54558146994.6,disclosed,1.0,https://www.sec.gov/Archives/edgar/data/1100663/000175272425043800/primary_doc.xml,0001752724-25-043800,2025-02-27,2024-12-31
S000004310,iShares Core S&P 500 ETF,2025-01-31,13945740209.15,0.0,15179513977.7,disclosed,1.0,https://www.sec.gov/Archives/edgar/data/1100663/000175272425119791/primary_doc.xml,0001752724-25-119791,2025-05-27,2025-03-31
S000004310,iShares Core S&P 500 ETF,2025-02-28,10298027792.45,0.0,9201211959.0,disclosed,1.0,https://www.sec.gov/Archives/edgar/data/1100663/000175272425119791/primary_doc.xml,0001752724-25-119791,2025-05-27,2025-03-31
S000004310,iShares Core S&P 500 ETF,2025-03-31,57167108923.45,0.0,35249754148.65,disclosed,1.0,https://www.sec.gov/Archives/edgar/data/1100663/000175272425119791/primary_doc.xml,0001752724-25-119791,2025-05-27,2025-03-31
S000004310,iShares Core S&P 500 ETF,2025-04-30,10899409744.3,0.0,24678632844.9,disclosed,1.0,https://www.sec.gov/Archives/edgar/data/1100663/000175272425210389/primary_doc.xml,0001752724-25-210389,2025-08-28,2025-06-30
S000004310,iShares Core S&P 500 ETF,2025-05-31,5988641684.7,0.0,19996334564.65,disclosed,1.0,https://www.sec.gov/Archives/edgar/data/1100663/000175272425210389/primary_doc.xml,0001752724-25-210389,2025-08-28,2025-06-30
S000004310,iShares Core S&P 500 ETF,2025-06-30,44619181212.3,0.0,32040219875.05,disclosed,1.0,https://www.sec.gov/Archives/edgar/data/1100663/000175272425210389/primary_doc.xml,0001752724-25-210389,2025-08-28,2025-06-30
S000004310,iShares Core S&P 500 ETF,2025-07-31,12386061447.7,0.0,9604552107.6,disclosed,1.0,https://www.sec.gov/Archives/edgar/data/1100663/000207169125007634/primary_doc.xml,0002071691-25-007634,2025-11-26,2025-09-30
S000004310,iShares Core S&P 500 ETF,2025-07-31,12386061447.7,0.0,9604552107.6,disclosed,1.0,https://www.sec.gov/Archives/edgar/data/1100663/000207169126015790/primary_doc.xml,0002071691-26-015790,2026-07-13,2025-09-30
S000004310,iShares Core S&P 500 ETF,2025-08-31,12652498062.85,0.0,4773861525.95,disclosed,1.0,https://www.sec.gov/Archives/edgar/data/1100663/000207169125007634/primary_doc.xml,0002071691-25-007634,2025-11-26,2025-09-30
S000004310,iShares Core S&P 500 ETF,2025-08-31,12652498062.85,0.0,4773861525.95,disclosed,1.0,https://www.sec.gov/Archives/edgar/data/1100663/000207169126015790/primary_doc.xml,0002071691-26-015790,2026-07-13,2025-09-30
S000004310,iShares Core S&P 500 ETF,2025-09-30,72270823042.9,0.0,53356396772.8,disclosed,1.0,https://www.sec.gov/Archives/edgar/data/1100663/000207169125007634/primary_doc.xml,0002071691-25-007634,2025-11-26,2025-09-30
S000004310,iShares Core S&P 500 ETF,2025-09-30,72270823042.9,0.0,53356396772.8,disclosed,1.0,https://www.sec.gov/Archives/edgar/data/1100663/000207169126015790/primary_doc.xml,0002071691-26-015790,2026-07-13,2025-09-30
S000004310,iShares Core S&P 500 ETF,2025-10-31,12229774080.85,0.0,11321835895.05,disclosed,1.0,https://www.sec.gov/Archives/edgar/data/1100663/000207169126004238/primary_doc.xml,0002071691-26-004238,2026-02-25,2025-12-31
S000004310,iShares Core S&P 500 ETF,2025-11-30,19275105703.6,0.0,7350654697.85,disclosed,1.0,https://www.sec.gov/Archives/edgar/data/1100663/000207169126004238/primary_doc.xml,0002071691-26-004238,2026-02-25,2025-12-31
S000004310,iShares Core S&P 500 ETF,2025-12-31,124951295917.65,0.0,96206943954.45,disclosed,1.0,https://www.sec.gov/Archives/edgar/data/1100663/000207169126004238/primary_doc.xml,0002071691-26-004238,2026-02-25,2025-12-31
S000004310,iShares Core S&P 500 ETF,2026-01-31,29297144912.25,0.0,37178420861.55,disclosed,1.0,https://www.sec.gov/Archives/edgar/data/1100663/000207169126012459/primary_doc.xml,0002071691-26-012459,2026-05-28,2026-03-31
S000004310,iShares Core S&P 500 ETF,2026-02-28,6577681337.4,0.0,13740714825.6,disclosed,1.0,https://www.sec.gov/Archives/edgar/data/1100663/000207169126012459/primary_doc.xml,0002071691-26-012459,2026-05-28,2026-03-31
S000004310,iShares Core S&P 500 ETF,2026-03-31,77213764914.8,0.0,68894853740.15,disclosed,1.0,https://www.sec.gov/Archives/edgar/data/1100663/000207169126012459/primary_doc.xml,0002071691-26-012459,2026-05-28,2026-03-31
S000004310,iShares Core S&P 500 ETF,2026-04-30,16417602043.25,0.0,14720875334.2,disclosed,1.0,https://www.sec.gov/Archives/edgar/data/1100663/000207169126019760/primary_doc.xml,0002071691-26-019760,2026-08-25,2026-06-30
S000004310,iShares Core S&P 500 ETF,2026-05-31,30594589401.55,0.0,15266607536.05,disclosed,1.0,https://www.sec.gov/Archives/edgar/data/1100663/000207169126019760/primary_doc.xml,0002071691-26-019760,2026-08-25,2026-06-30
S000004310,iShares Core S&P 500 ETF,2026-06-30,114335801883.95,0.0,70740612095.5,disclosed,1.0,https://www.sec.gov/Archives/edgar/data/1100663/000207169126019760/primary_doc.xml,0002071691-26-019760,2026-08-25,2026-06-30
S000004347,iShares Russell 1000 ETF,2019-07-31,613231243.05,0.0,351820169.4,disclosed,1.0,https://www.sec.gov/Archives/edgar/data/1100663/000175272419177695/primary_doc.xml,0001752724-19-177695,2019-11-25,2019-09-30
S000004347,iShares Russell 1000 ETF,2019-08-31,120060678.4,0.0,393715248.26,disclosed,1.0,https://www.sec.gov/Archives/edgar/data/1100663/000175272419177695/primary_doc.xml,0001752724-19-177695,2019-11-25,2019-09-30
S000004347,iShares Russell 1000 ETF,2019-09-30,282434871.04,0.0,555906512.47,disclosed,1.0,https://www.sec.gov/Archives/edgar/data/1100663/000175272419177695/primary_doc.xml,0001752724-19-177695,2019-11-25,2019-09-30
S000004347,iShares Russell 1000 ETF,2019-10-31,139329592.03,0.0,83525649.19,disclosed,1.0,https://www.sec.gov/Archives/edgar/data/1100663/000175272420038715/primary_doc.xml,0001752724-20-038715,2020-02-27,2019-12-31
S000004347,iShares Russell 1000 ETF,2019-11-30,653788146.17,0.0,621873220.84,disclosed,1.0,https://www.sec.gov/Archives/edgar/data/1100663/000175272420038715/primary_doc.xml,0001752724-20-038715,2020-02-27,2019-12-31
S000004347,iShares Russell 1000 ETF,2019-12-31,600041466.71,0.0,468181557.26,disclosed,1.0,https://www.sec.gov/Archives/edgar/data/1100663/000175272420038715/primary_doc.xml,0001752724-20-038715,2020-02-27,2019-12-31
S000004347,iShares Russell 1000 ETF,2020-01-31,538305203.95,0.0,631498799.09,disclosed,1.0,https://www.sec.gov/Archives/edgar/data/1100663/000175272420112063/primary_doc.xml,0001752724-20-112063,2020-06-01,2020-03-31
S000004347,iShares Russell 1000 ETF,2020-02-29,100959325.68,0.0,223254379.65,disclosed,1.0,https://www.sec.gov/Archives/edgar/data/1100663/000175272420112063/primary_doc.xml,0001752724-20-112063,2020-06-01,2020-03-31
S000004347,iShares Russell 1000 ETF,2020-03-31,931689535.06,0.0,613209240.77,disclosed,1.0,https://www.sec.gov/Archives/edgar/data/1100663/000175272420112063/primary_doc.xml,0001752724-20-112063,2020-06-01,2020-03-31
S000004347,iShares Russell 1000 ETF,2020-04-30,384538364.71,0.0,124915983.44,disclosed,1.0,https://www.sec.gov/Archives/edgar/data/1100663/000175272420176948/primary_doc.xml,0001752724-20-176948,2020-08-27,2020-06-30
S000004347,iShares Russell 1000 ETF,2020-05-31,123798819.36,0.0,527206507.33,disclosed,1.0,https://www.sec.gov/Archives/edgar/data/1100663/000175272420176948/primary_doc.xml,0001752724-20-176948,2020-08-27,2020-06-30
S000004347,iShares Russell 1000 ETF,2020-06-30,536983540.88,0.0,402528359.43,disclosed,1.0,https://www.sec.gov/Archives/edgar/data/1100663/000175272420176948/primary_doc.xml,0001752724-20-176948,2020-08-27,2020-06-30
S000004347,iShares Russell 1000 ETF,2020-07-31,300227077.68,0.0,181053894.45,disclosed,1.0,https://www.sec.gov/Archives/edgar/data/1100663/000175272420247751/primary_doc.xml,0001752724-20-247751,2020-11-25,2020-09-30
S000004347,iShares Russell 1000 ETF,2020-08-31,83445851.12,0.0,38057852.51,disclosed,1.0,https://www.sec.gov/Archives/edgar/data/1100663/000175272420247751/primary_doc.xml,0001752724-20-247751,2020-11-25,2020-09-30
S000004347,iShares Russell 1000 ETF,2020-09-30,36854823.43,0.0,592558494.74,disclosed,1.0,https://www.sec.gov/Archives/edgar/data/1100663/000175272420247751/primary_doc.xml,0001752724-20-247751,2020-11-25,2020-09-30
S000004347,iShares Russell 1000 ETF,2020-10-31,46293903.4,0.0,413801213.23,disclosed,1.0,https://www.sec.gov/Archives/edgar/data/1100663/000175272421040717/primary_doc.xml,0001752724-21-040717,2021-02-25,2020-12-31
S000004347,iShares Russell 1000 ETF,2020-11-30,242015603.83,0.0,161191164.03,disclosed,1.0,https://www.sec.gov/Archives/edgar/data/1100663/000175272421040717/primary_doc.xml,0001752724-21-040717,2021-02-25,2020-12-31
S000004347,iShares Russell 1000 ETF,2020-12-31,417750160.48,0.0,520520300.32,disclosed,1.0,https://www.sec.gov/Archives/edgar/data/1100663/000175272421040717/primary_doc.xml,0001752724-21-040717,2021-02-25,2020-12-31
S000004347,iShares Russell 1000 ETF,2021-01-31,204878908.5,0.0,514626864.68,disclosed,1.0,https://www.sec.gov/Archives/edgar/data/1100663/000175272421116413/primary_doc.xml,0001752724-21-116413,2021-05-27,2021-03-31
S000004347,iShares Russell 1000 ETF,2021-02-28,684805944.96,0.0,410052308.37,disclosed,1.0,https://www.sec.gov/Archives/edgar/data/1100663/000175272421116413/primary_doc.xml,0001752724-21-116413,2021-05-27,2021-03-31
S000004347,iShares Russell 1000 ETF,2021-03-31,491452198.82,0.0,691840602.58,disclosed,1.0,https://www.sec.gov/Archives/edgar/data/1100663/000175272421116413/primary_doc.xml,0001752724-21-116413,2021-05-27,2021-03-31
S000004347,iShares Russell 1000 ETF,2021-04-30,265903000.0,0.0,139275276.66,disclosed,1.0,https://www.sec.gov/Archives/edgar/data/1100663/000175272421186108/primary_doc.xml,0001752724-21-186108,2021-08-26,2021-06-30
S000004347,iShares Russell 1000 ETF,2021-05-31,446717958.18,0.0,175286883.43,disclosed,1.0,https://www.sec.gov/Archives/edgar/data/1100663/000175272421186108/primary_doc.xml,0001752724-21-186108,2021-08-26,2021-06-30
S000004347,iShares Russell 1000 ETF,2021-06-30,369547532.37,0.0,392852148.22,disclosed,1.0,https://www.sec.gov/Archives/edgar/data/1100663/000175272421186108/primary_doc.xml,0001752724-21-186108,2021-08-26,2021-06-30
S000004347,iShares Russell 1000 ETF,2021-07-31,550148749.78,0.0,377692717.65,disclosed,1.0,https://www.sec.gov/Archives/edgar/data/1100663/000175272421255902/primary_doc.xml,0001752724-21-255902,2021-11-24,2021-09-30
S000004347,iShares Russell 1000 ETF,2021-08-31,251691021.86,0.0,50291000.45,disclosed,1.0,https://www.sec.gov/Archives/edgar/data/1100663/000175272421255902/primary_doc.xml,0001752724-21-255902,2021-11-24,2021-09-30
S000004347,iShares Russell 1000 ETF,2021-09-30,553362263.84,0.0,983476442.19,disclosed,1.0,https://www.sec.gov/Archives/edgar/data/1100663/000175272421255902/primary_doc.xml,0001752724-21-255902,2021-11-24,2021-09-30
S000004347,iShares Russell 1000 ETF,2021-10-31,451534864.61,0.0,249897847.05,disclosed,1.0,https://www.sec.gov/Archives/edgar/data/1100663/000175272422046365/primary_doc.xml,0001752724-22-046365,2022-02-25,2021-12-31
S000004347,iShares Russell 1000 ETF,2021-11-30,118193105.99,0.0,1041378245.0,disclosed,1.0,https://www.sec.gov/Archives/edgar/data/1100663/000175272422046365/primary_doc.xml,0001752724-22-046365,2022-02-25,2021-12-31
S000004347,iShares Russell 1000 ETF,2021-12-31,1268432922.35,0.0,284345056.59,disclosed,1.0,https://www.sec.gov/Archives/edgar/data/1100663/000175272422046365/primary_doc.xml,0001752724-22-046365,2022-02-25,2021-12-31
S000004347,iShares Russell 1000 ETF,2022-01-31,289694228.36,0.0,891366126.03,disclosed,1.0,https://www.sec.gov/Archives/edgar/data/1100663/000175272422122790/primary_doc.xml,0001752724-22-122790,2022-05-26,2022-03-31
S000004347,iShares Russell 1000 ETF,2022-02-28,272975956.49,0.0,409464979.68,disclosed,1.0,https://www.sec.gov/Archives/edgar/data/1100663/000175272422122790/primary_doc.xml,0001752724-22-122790,2022-05-26,2022-03-31
S000004347,iShares Russell 1000 ETF,2022-03-31,718238039.65,0.0,570652303.74,disclosed,1.0,https://www.sec.gov/Archives/edgar/data/1100663/000175272422122790/primary_doc.xml,0001752724-22-122790,2022-05-26,2022-03-31
S000004347,iShares Russell 1000 ETF,2022-04-30,486095547.5,0.0,639399083.77,disclosed,1.0,https://www.sec.gov/Archives/edgar/data/1100663/000175272422193681/primary_doc.xml,0001752724-22-193681,2022-08-25,2022-06-30
S000004347,iShares Russell 1000 ETF,2022-05-31,1263134908.7,0.0,552035711.2,disclosed,1.0,https://www.sec.gov/Archives/edgar/data/1100663/000175272422193681/primary_doc.xml,0001752724-22-193681,2022-08-25,2022-06-30
S000004347,iShares Russell 1000 ETF,2022-06-30,736926512.05,0.0,485303103.05,disclosed,1.0,https://www.sec.gov/Archives/edgar/data/1100663/000175272422193681/primary_doc.xml,0001752724-22-193681,2022-08-25,2022-06-30
S000004347,iShares Russell 1000 ETF,2022-07-31,580418572.1,0.0,-641696749.5,disclosed,1.0,https://www.sec.gov/Archives/edgar/data/1100663/000175272422269712/primary_doc.xml,0001752724-22-269712,2022-11-28,2022-09-30
S000004347,iShares Russell 1000 ETF,2022-08-31,337574504.8,0.0,-383555497.95,disclosed,1.0,https://www.sec.gov/Archives/edgar/data/1100663/000175272422269712/primary_doc.xml,0001752724-22-269712,2022-11-28,2022-09-30
S000004347,iShares Russell 1000 ETF,2022-09-30,895614839.75,0.0,-760577978.75,disclosed,1.0,https://www.sec.gov/Archives/edgar/data/1100663/000175272422269712/primary_doc.xml,0001752724-22-269712,2022-11-28,2022-09-30
S000004347,iShares Russell 1000 ETF,2022-10-31,1465746768.6,0.0,-363682582.7,disclosed,1.0,https://www.sec.gov/Archives/edgar/data/1100663/000175272423039564/primary_doc.xml,0001752724-23-039564,2023-02-24,2022-12-31
S000004347,iShares Russell 1000 ETF,2022-11-30,358435122.75,0.0,-600317492.1,disclosed,1.0,https://www.sec.gov/Archives/edgar/data/1100663/000175272423039564/primary_doc.xml,0001752724-23-039564,2023-02-24,2022-12-31
S000004347,iShares Russell 1000 ETF,2022-12-31,926766545.55,0.0,-661595638.2,disclosed,1.0,https://www.sec.gov/Archives/edgar/data/1100663/000175272423039564/primary_doc.xml,0001752724-23-039564,2023-02-24,2022-12-31
S000004347,iShares Russell 1000 ETF,2023-01-31,309220568.75,0.0,-965373062.55,disclosed,1.0,https://www.sec.gov/Archives/edgar/data/1100663/000175272423114943/primary_doc.xml,0001752724-23-114943,2023-05-24,2023-03-31
S000004347,iShares Russell 1000 ETF,2023-02-28,160693937.55,0.0,-537424228.2,disclosed,1.0,https://www.sec.gov/Archives/edgar/data/1100663/000175272423114943/primary_doc.xml,0001752724-23-114943,2023-05-24,2023-03-31
S000004347,iShares Russell 1000 ETF,2023-03-31,469888427.15,0.0,-637345821.55,disclosed,1.0,https://www.sec.gov/Archives/edgar/data/1100663/000175272423114943/primary_doc.xml,0001752724-23-114943,2023-05-24,2023-03-31
S000004347,iShares Russell 1000 ETF,2023-04-30,428135895.2,0.0,-238205174.4,disclosed,1.0,https://www.sec.gov/Archives/edgar/data/1100663/000175272423192398/primary_doc.xml,0001752724-23-192398,2023-08-28,2023-06-30
S000004347,iShares Russell 1000 ETF,2023-05-31,342421595.55,0.0,-376114516.45,disclosed,1.0,https://www.sec.gov/Archives/edgar/data/1100663/000175272423192398/primary_doc.xml,0001752724-23-192398,2023-08-28,2023-06-30
S000004347,iShares Russell 1000 ETF,2023-06-30,742752355.35,0.0,-783106269.55,disclosed,1.0,https://www.sec.gov/Archives/edgar/data/1100663/000175272423192398/primary_doc.xml,0001752724-23-192398,2023-08-28,2023-06-30
S000004347,iShares Russell 1000 ETF,2023-07-31,493647682.25,0.0,-345436147.4,disclosed,1.0,https://www.sec.gov/Archives/edgar/data/1100663/000175272423265165/primary_doc.xml,0001752724-23-265165,2023-11-24,2023-09-30
S000004347,iShares Russell 1000 ETF,2023-08-31,328753408.25,0.0,-594670312.8,disclosed,1.0,https://www.sec.gov/Archives/edgar/data/1100663/000175272423265165/primary_doc.xml,0001752724-23-265165,2023-11-24,2023-09-30
S000004347,iShares Russell 1000 ETF,2023-09-30,510246390.36,0.0,-876290774.01,disclosed,1.0,https://www.sec.gov/Archives/edgar/data/1100663/000175272423265165/primary_doc.xml,0001752724-23-265165,2023-11-24,2023-09-30
S000004347,iShares Russell 1000 ETF,2023-10-31,800184901.51,0.0,-781137274.71,disclosed,1.0,https://www.sec.gov/Archives/edgar/data/1100663/000175272424034803/primary_doc.xml,0001752724-24-034803,2024-02-23,2023-12-31
S000004347,iShares Russell 1000 ETF,2023-11-30,625791642.45,0.0,-420475774.75,disclosed,1.0,https://www.sec.gov/Archives/edgar/data/1100663/000175272424034803/primary_doc.xml,0001752724-24-034803,2024-02-23,2023-12-31
S000004347,iShares Russell 1000 ETF,2023-12-31,1718245974.35,0.0,-1887177764.72,disclosed,1.0,https://www.sec.gov/Archives/edgar/data/1100663/000175272424034803/primary_doc.xml,0001752724-24-034803,2024-02-23,2023-12-31
S000004347,iShares Russell 1000 ETF,2024-01-31,209172621.95,0.0,577481667.37,disclosed,1.0,https://www.sec.gov/Archives/edgar/data/1100663/000175272424118351/primary_doc.xml,0001752724-24-118351,2024-05-24,2024-03-31
S000004347,iShares Russell 1000 ETF,2024-02-29,770203376.28,0.0,616922781.1,disclosed,1.0,https://www.sec.gov/Archives/edgar/data/1100663/000175272424118351/primary_doc.xml,0001752724-24-118351,2024-05-24,2024-03-31
S000004347,iShares Russell 1000 ETF,2024-03-31,540666485.86,0.0,662364096.55,disclosed,1.0,https://www.sec.gov/Archives/edgar/data/1100663/000175272424118351/primary_doc.xml,0001752724-24-118351,2024-05-24,2024-03-31
S000004347,iShares Russell 1000 ETF,2024-04-30,254483579.91,0.0,293087537.0,disclosed,1.0,https://www.sec.gov/Archives/edgar/data/1100663/000175272424189684/primary_doc.xml,0001752724-24-189684,2024-08-26,2024-06-30
S000004347,iShares Russell 1000 ETF,2024-05-31,605757243.6,0.0,714615739.15,disclosed,1.0,https://www.sec.gov/Archives/edgar/data/1100663/000175272424189684/primary_doc.xml,0001752724-24-189684,2024-08-26,2024-06-30
S000004347,iShares Russell 1000 ETF,2024-06-30,2380950309.8,0.0,1240221878.0,disclosed,1.0,https://www.sec.gov/Archives/edgar/data/1100663/000175272424189684/primary_doc.xml,0001752724-24-189684,2024-08-26,2024-06-30
S000004347,iShares Russell 1000 ETF,2024-07-31,252293568.15,0.0,1884501810.75,disclosed,1.0,https://www.sec.gov/Archives/edgar/data/1100663/000175272424268869/primary_doc.xml,0001752724-24-268869,2024-11-26,2024-09-30
S000004347,iShares Russell 1000 ETF,2024-08-31,960284443.75,0.0,321099694.3,disclosed,1.0,https://www.sec.gov/Archives/edgar/data/1100663/000175272424268869/primary_doc.xml,0001752724-24-268869,2024-11-26,2024-09-30
S000004347,iShares Russell 1000 ETF,2024-09-30,1241661709.8,0.0,2020178814.8,disclosed,1.0,https://www.sec.gov/Archives/edgar/data/1100663/000175272424268869/primary_doc.xml,0001752724-24-268869,2024-11-26,2024-09-30
S000004347,iShares Russell 1000 ETF,2024-10-31,157182243.55,0.0,316494439.35,disclosed,1.0,https://www.sec.gov/Archives/edgar/data/1100663/000175272425034052/primary_doc.xml,0001752724-25-034052,2025-02-24,2024-12-31
S000004347,iShares Russell 1000 ETF,2024-11-30,1594206522.7,0.0,1234238395.4,disclosed,1.0,https://www.sec.gov/Archives/edgar/data/1100663/000175272425034052/primary_doc.xml,0001752724-25-034052,2025-02-24,2024-12-31
S000004347,iShares Russell 1000 ETF,2024-12-31,3946243091.65,0.0,2782479990.2,disclosed,1.0,https://www.sec.gov/Archives/edgar/data/1100663/000175272425034052/primary_doc.xml,0001752724-25-034052,2025-02-24,2024-12-31
S000004347,iShares Russell 1000 ETF,2025-01-31,628058281.1,0.0,1577600184.1,disclosed,1.0,https://www.sec.gov/Archives/edgar/data/1100663/000175272425118607/primary_doc.xml,0001752724-25-118607,2025-05-23,2025-03-31
S000004347,iShares Russell 1000 ETF,2025-02-28,874262244.3,0.0,1385078404.15,disclosed,1.0,https://www.sec.gov/Archives/edgar/data/1100663/000175272425118607/primary_doc.xml,0001752724-25-118607,2025-05-23,2025-03-31
S000004347,iShares Russell 1000 ETF,2025-03-31,1303280807.05,0.0,974498228.05,disclosed,1.0,https://www.sec.gov/Archives/edgar/data/1100663/000175272425118607/primary_doc.xml,0001752724-25-118607,2025-05-23,2025-03-31
S000004347,iShares Russell 1000 ETF,2025-04-30,1612247731.1,0.0,468735594.5,disclosed,1.0,https://www.sec.gov/Archives/edgar/data/1100663/000175272425204367/primary_doc.xml,0001752724-25-204367,2025-08-26,2025-06-30
S000004347,iShares Russell 1000 ETF,2025-05-31,729054263.7,0.0,1752074557.65,disclosed,1.0,https://www.sec.gov/Archives/edgar/data/1100663/000175272425204367/primary_doc.xml,0001752724-25-204367,2025-08-26,2025-06-30
S000004347,iShares Russell 1000 ETF,2025-06-30,1582987219.42,0.0,1593139817.81,disclosed,1.0,https://www.sec.gov/Archives/edgar/data/1100663/000175272425204367/primary_doc.xml,0001752724-25-204367,2025-08-26,2025-06-30
S000004347,iShares Russell 1000 ETF,2025-07-31,936237233.9,0.0,976265086.49,disclosed,1.0,https://www.sec.gov/Archives/edgar/data/1100663/000100472625002043/primary_doc.xml,0001004726-25-002043,2025-11-25,2025-09-30
S000004347,iShares Russell 1000 ETF,2025-08-31,1146792453.85,0.0,1402718763.35,disclosed,1.0,https://www.sec.gov/Archives/edgar/data/1100663/000100472625002043/primary_doc.xml,0001004726-25-002043,2025-11-25,2025-09-30
S000004347,iShares Russell 1000 ETF,2025-09-30,1599904913.9,0.0,1890782941.5,disclosed,1.0,https://www.sec.gov/Archives/edgar/data/1100663/000100472625002043/primary_doc.xml,0001004726-25-002043,2025-11-25,2025-09-30
S000004347,iShares Russell 1000 ETF,2025-10-31,2589970758.35,0.0,2624363381.35,disclosed,1.0,https://www.sec.gov/Archives/edgar/data/1100663/000100472626000805/primary_doc.xml,0001004726-26-000805,2026-02-23,2025-12-31
S000004347,iShares Russell 1000 ETF,2025-11-30,1415102734.5,0.0,979525651.75,disclosed,1.0,https://www.sec.gov/Archives/edgar/data/1100663/000100472626000805/primary_doc.xml,0001004726-26-000805,2026-02-23,2025-12-31
S000004347,iShares Russell 1000 ETF,2025-12-31,2658451497.8,0.0,1705585942.3,disclosed,1.0,https://www.sec.gov/Archives/edgar/data/1100663/000100472626000805/primary_doc.xml,0001004726-26-000805,2026-02-23,2025-12-31
S000004347,iShares Russell 1000 ETF,2026-01-31,1249556285.4,0.0,1438262052.2,disclosed,1.0,https://www.sec.gov/Archives/edgar/data/1100663/000100472626003726/primary_doc.xml,0001004726-26-003726,2026-05-22,2026-03-31
S000004347,iShares Russell 1000 ETF,2026-02-28,582002430.45,0.0,733850919.7,disclosed,1.0,https://www.sec.gov/Archives/edgar/data/1100663/000100472626003726/primary_doc.xml,0001004726-26-003726,2026-05-22,2026-03-31
S000004347,iShares Russell 1000 ETF,2026-03-31,1778904519.25,0.0,2891169807.8,disclosed,1.0,https://www.sec.gov/Archives/edgar/data/1100663/000100472626003726/primary_doc.xml,0001004726-26-003726,2026-05-22,2026-03-31
S000004347,iShares Russell 1000 ETF,2026-04-30,814086475.4,0.0,1663792300.4,disclosed,1.0,https://www.sec.gov/Archives/edgar/data/1100663/000100472626007016/primary_doc.xml,0001004726-26-007016,2026-08-24,2026-06-30
S000004347,iShares Russell 1000 ETF,2026-05-31,483670675.45,0.0,179609627.05,disclosed,1.0,https://www.sec.gov/Archives/edgar/data/1100663/000100472626007016/primary_doc.xml,0001004726-26-007016,2026-08-24,2026-06-30
S000004347,iShares Russell 1000 ETF,2026-06-30,691304310.3,0.0,867412278.05,disclosed,1.0,https://www.sec.gov/Archives/edgar/data/1100663/000100472626007016/primary_doc.xml,0001004726-26-007016,2026-08-24,2026-06-30
S000005371,Nuveen Large Cap Responsible Equity Fund,2019-08-31,46355659.0,0.0,52511323.0,disclosed,1.0,https://www.sec.gov/Archives/edgar/data/1084380/000175272419203901/primary_doc.xml,0001752724-19-203901,2019-12-27,2019-10-31
S000005371,Nuveen Large Cap Responsible Equity Fund,2019-09-30,52041660.0,0.0,85412887.0,disclosed,1.0,https://www.sec.gov/Archives/edgar/data/1084380/000175272419203901/primary_doc.xml,0001752724-19-203901,2019-12-27,2019-10-31
S000005371,Nuveen Large Cap Responsible Equity Fund,2019-10-31,41553306.0,0.0,37796783.0,disclosed,1.0,https://www.sec.gov/Archives/edgar/data/1084380/000175272419203901/primary_doc.xml,0001752724-19-203901,2019-12-27,2019-10-31
S000005371,Nuveen Large Cap Responsible Equity Fund,2019-11-30,36157940.0,0.0,58529029.0,disclosed,1.0,https://www.sec.gov/Archives/edgar/data/1084380/000175272420057260/primary_doc.xml,0001752724-20-057260,2020-03-24,2020-01-31
S000005371,Nuveen Large Cap Responsible Equity Fund,2019-12-31,56012793.0,220019951.0,51491856.0,disclosed,1.0,https://www.sec.gov/Archives/edgar/data/1084380/000175272420057260/primary_doc.xml,0001752724-20-057260,2020-03-24,2020-01-31
S000005371,Nuveen Large Cap Responsible Equity Fund,2020-01-31,72865426.0,-46.0,83970607.0,disclosed,1.0,https://www.sec.gov/Archives/edgar/data/1084380/000175272420057260/primary_doc.xml,0001752724-20-057260,2020-03-24,2020-01-31
S000005371,Nuveen Large Cap Responsible Equity Fund,2020-02-29,62259094.0,-288.0,33917461.0,disclosed,1.0,https://www.sec.gov/Archives/edgar/data/1084380/000175272420130132/primary_doc.xml,0001752724-20-130132,2020-06-26,2020-04-30
S000005371,Nuveen Large Cap Responsible Equity Fund,2020-03-31,88391533.0,0.0,133278101.0,disclosed,1.0,https://www.sec.gov/Archives/edgar/data/1084380/000175272420130132/primary_doc.xml,0001752724-20-130132,2020-06-26,2020-04-30
S000005371,Nuveen Large Cap Responsible Equity Fund,2020-04-30,71027987.0,0.0,76730039.0,disclosed,1.0,https://www.sec.gov/Archives/edgar/data/1084380/000175272420130132/primary_doc.xml,0001752724-20-130132,2020-06-26,2020-04-30
S000005371,Nuveen Large Cap Responsible Equity Fund,2020-05-31,91652142.0,0.0,65203582.0,disclosed,1.0,https://www.sec.gov/Archives/edgar/data/1084380/000175272420191233/primary_doc.xml,0001752724-20-191233,2020-09-23,2020-07-31
S000005371,Nuveen Large Cap Responsible Equity Fund,2020-06-30,100656222.0,0.0,99691729.0,disclosed,1.0,https://www.sec.gov/Archives/edgar/data/1084380/000175272420191233/primary_doc.xml,0001752724-20-191233,2020-09-23,2020-07-31
S000005371,Nuveen Large Cap Responsible Equity Fund,2020-07-31,100097292.0,0.0,37988160.0,disclosed,1.0,https://www.sec.gov/Archives/edgar/data/1084380/000175272420191233/primary_doc.xml,0001752724-20-191233,2020-09-23,2020-07-31
S000005371,Nuveen Large Cap Responsible Equity Fund,2020-08-31,85527662.0,0.0,48956182.0,disclosed,1.0,https://www.sec.gov/Archives/edgar/data/1084380/000175272420272666/primary_doc.xml,0001752724-20-272666,2020-12-28,2020-10-31
S000005371,Nuveen Large Cap Responsible Equity Fund,2020-09-30,90226902.0,0.0,30770142.0,disclosed,1.0,https://www.sec.gov/Archives/edgar/data/1084380/000175272420272666/primary_doc.xml,0001752724-20-272666,2020-12-28,2020-10-31
S000005371,Nuveen Large Cap Responsible Equity Fund,2020-10-31,78200805.0,0.0,40937741.0,disclosed,1.0,https://www.sec.gov/Archives/edgar/data/1084380/000175272420272666/primary_doc.xml,0001752724-20-272666,2020-12-28,2020-10-31
S000005371,Nuveen Large Cap Responsible Equity Fund,2020-11-30,84941687.0,0.0,33938887.0,disclosed,1.0,https://www.sec.gov/Archives/edgar/data/1084380/000175272421062232/primary_doc.xml,0001752724-21-062232,2021-03-25,2021-01-31
S000005371,Nuveen Large Cap Responsible Equity Fund,2020-12-31,97914623.0,79179272.0,72094824.0,disclosed,1.0,https://www.sec.gov/Archives/edgar/data/1084380/000175272421062232/primary_doc.xml,0001752724-21-062232,2021-03-25,2021-01-31
S000005371,Nuveen Large Cap Responsible Equity Fund,2021-01-31,93759163.0,0.0,49403421.0,disclosed,1.0,https://www.sec.gov/Archives/edgar/data/1084380/000175272421062232/primary_doc.xml,0001752724-21-062232,2021-03-25,2021-01-31
S000005371,Nuveen Large Cap Responsible Equity Fund,2021-02-28,55986577.0,-345.0,128694869.0,disclosed,1.0,https://www.sec.gov/Archives/edgar/data/1084380/000175272421136402/primary_doc.xml,0001752724-21-136402,2021-06-25,2021-04-30
S000005371,Nuveen Large Cap Responsible Equity Fund,2021-03-31,85665496.0,0.0,87267262.0,disclosed,1.0,https://www.sec.gov/Archives/edgar/data/1084380/000175272421136402/primary_doc.xml,0001752724-21-136402,2021-06-25,2021-04-30
S000005371,Nuveen Large Cap Responsible Equity Fund,2021-04-30,72457399.0,0.0,48614798.0,disclosed,1.0,https://www.sec.gov/Archives/edgar/data/1084380/000175272421136402/primary_doc.xml,0001752724-21-136402,2021-06-25,2021-04-30
S000005371,Nuveen Large Cap Responsible Equity Fund,2021-05-31,50849953.0,0.0,53628480.0,disclosed,1.0,https://www.sec.gov/Archives/edgar/data/1084380/000175272421205915/primary_doc.xml,0001752724-21-205915,2021-09-24,2021-07-31
S000005371,Nuveen Large Cap Responsible Equity Fund,2021-06-30,54743609.0,0.0,71001867.0,disclosed,1.0,https://www.sec.gov/Archives/edgar/data/1084380/000175272421205915/primary_doc.xml,0001752724-21-205915,2021-09-24,2021-07-31
S000005371,Nuveen Large Cap Responsible Equity Fund,2021-07-31,41903727.0,0.0,61861488.0,disclosed,1.0,https://www.sec.gov/Archives/edgar/data/1084380/000175272421205915/primary_doc.xml,0001752724-21-205915,2021-09-24,2021-07-31
S000005371,Nuveen Large Cap Responsible Equity Fund,2021-08-31,102815107.0,0.0,110012794.0,disclosed,1.0,https://www.sec.gov/Archives/edgar/data/1084380/000175272421276357/primary_doc.xml,0001752724-21-276357,2021-12-21,2021-10-31
S000005371,Nuveen Large Cap Responsible Equity Fund,2021-09-30,44079113.0,0.0,87072936.0,disclosed,1.0,https://www.sec.gov/Archives/edgar/data/1084380/000175272421276357/primary_doc.xml,0001752724-21-276357,2021-12-21,2021-10-31
S000005371,Nuveen Large Cap Responsible Equity Fund,2021-10-31,66796024.0,0.0,70331843.0,disclosed,1.0,https://www.sec.gov/Archives/edgar/data/1084380/000175272421276357/primary_doc.xml,0001752724-21-276357,2021-12-21,2021-10-31
S000005371,Nuveen Large Cap Responsible Equity Fund,2021-11-30,72203484.0,0.0,61971179.0,disclosed,1.0,https://www.sec.gov/Archives/edgar/data/1084380/000175272422075839/primary_doc.xml,0001752724-22-075839,2022-03-29,2022-01-31
S000005371,Nuveen Large Cap Responsible Equity Fund,2021-12-31,182403218.0,653124658.0,243183692.0,disclosed,1.0,https://www.sec.gov/Archives/edgar/data/1084380/000175272422075839/primary_doc.xml,0001752724-22-075839,2022-03-29,2022-01-31
S000005371,Nuveen Large Cap Responsible Equity Fund,2022-01-31,75324540.0,0.0,107462139.0,disclosed,1.0,https://www.sec.gov/Archives/edgar/data/1084380/000175272422075839/primary_doc.xml,0001752724-22-075839,2022-03-29,2022-01-31
S000005371,Nuveen Large Cap Responsible Equity Fund,2022-02-28,63264000.0,0.0,65943763.0,disclosed,1.0,https://www.sec.gov/Archives/edgar/data/1084380/000175272422147734/primary_doc.xml,0001752724-22-147734,2022-06-27,2022-04-30
S000005371,Nuveen Large Cap Responsible Equity Fund,2022-03-31,64130188.0,-398.0,78403411.0,disclosed,1.0,https://www.sec.gov/Archives/edgar/data/1084380/000175272422147734/primary_doc.xml,0001752724-22-147734,2022-06-27,2022-04-30
S000005371,Nuveen Large Cap Responsible Equity Fund,2022-04-30,110682087.0,0.0,41676693.0,disclosed,1.0,https://www.sec.gov/Archives/edgar/data/1084380/000175272422147734/primary_doc.xml,0001752724-22-147734,2022-06-27,2022-04-30
S000005371,Nuveen Large Cap Responsible Equity Fund,2022-05-31,51877112.0,0.0,70321347.0,disclosed,1.0,https://www.sec.gov/Archives/edgar/data/1084380/000175272422217118/primary_doc.xml,0001752724-22-217118,2022-09-27,2022-07-31
S000005371,Nuveen Large Cap Responsible Equity Fund,2022-06-30,47367215.0,0.0,89003872.0,disclosed,1.0,https://www.sec.gov/Archives/edgar/data/1084380/000175272422217118/primary_doc.xml,0001752724-22-217118,2022-09-27,2022-07-31
S000005371,Nuveen Large Cap Responsible Equity Fund,2022-07-31,42592937.0,0.0,123834386.0,disclosed,1.0,https://www.sec.gov/Archives/edgar/data/1084380/000175272422217118/primary_doc.xml,0001752724-22-217118,2022-09-27,2022-07-31
S000005371,Nuveen Large Cap Responsible Equity Fund,2022-08-31,27822679.0,0.0,76150362.0,disclosed,1.0,https://www.sec.gov/Archives/edgar/data/1084380/000175272422288504/primary_doc.xml,0001752724-22-288504,2022-12-22,2022-10-31
S000005371,Nuveen Large Cap Responsible Equity Fund,2022-09-30,33338311.0,0.0,77180519.0,disclosed,1.0,https://www.sec.gov/Archives/edgar/data/1084380/000175272422288504/primary_doc.xml,0001752724-22-288504,2022-12-22,2022-10-31
S000005371,Nuveen Large Cap Responsible Equity Fund,2022-10-31,23107211.0,0.0,75673336.0,disclosed,1.0,https://www.sec.gov/Archives/edgar/data/1084380/000175272422288504/primary_doc.xml,0001752724-22-288504,2022-12-22,2022-10-31
S000005371,Nuveen Large Cap Responsible Equity Fund,2022-11-30,51185504.0,0.0,292048824.0,disclosed,1.0,https://www.sec.gov/Archives/edgar/data/1084380/000175272423069517/primary_doc.xml,0001752724-23-069517,2023-03-28,2023-01-31
S000005371,Nuveen Large Cap Responsible Equity Fund,2022-12-31,56835895.0,265916820.0,104813384.0,disclosed,1.0,https://www.sec.gov/Archives/edgar/data/1084380/000175272423069517/primary_doc.xml,0001752724-23-069517,2023-03-28,2023-01-31
S000005371,Nuveen Large Cap Responsible Equity Fund,2023-01-31,45640487.0,0.0,68099936.0,disclosed,1.0,https://www.sec.gov/Archives/edgar/data/1084380/000175272423069517/primary_doc.xml,0001752724-23-069517,2023-03-28,2023-01-31
S000005371,Nuveen Large Cap Responsible Equity Fund,2023-02-28,54102193.0,0.0,74603739.0,disclosed,1.0,https://www.sec.gov/Archives/edgar/data/1084380/000175272423143992/primary_doc.xml,0001752724-23-143992,2023-06-26,2023-04-30
S000005371,Nuveen Large Cap Responsible Equity Fund,2023-03-31,61383777.0,-325.0,358979435.0,disclosed,1.0,https://www.sec.gov/Archives/edgar/data/1084380/000175272423143992/primary_doc.xml,0001752724-23-143992,2023-06-26,2023-04-30
S000005371,Nuveen Large Cap Responsible Equity Fund,2023-04-30,41580290.0,0.0,48449625.0,disclosed,1.0,https://www.sec.gov/Archives/edgar/data/1084380/000175272423143992/primary_doc.xml,0001752724-23-143992,2023-06-26,2023-04-30
S000005371,Nuveen Large Cap Responsible Equity Fund,2023-05-31,34067970.0,0.0,90644433.0,disclosed,1.0,https://www.sec.gov/Archives/edgar/data/1084380/000175272423219045/primary_doc.xml,0001752724-23-219045,2023-09-27,2023-07-31
S000005371,Nuveen Large Cap Responsible Equity Fund,2023-06-30,37370306.0,0.0,84662876.0,disclosed,1.0,https://www.sec.gov/Archives/edgar/data/1084380/000175272423219045/primary_doc.xml,0001752724-23-219045,2023-09-27,2023-07-31
S000005371,Nuveen Large Cap Responsible Equity Fund,2023-07-31,29391945.0,0.0,84236452.0,disclosed,1.0,https://www.sec.gov/Archives/edgar/data/1084380/000175272423219045/primary_doc.xml,0001752724-23-219045,2023-09-27,2023-07-31
S000005371,Nuveen Large Cap Responsible Equity Fund,2023-08-31,32875741.0,0.0,98219190.0,disclosed,1.0,https://www.sec.gov/Archives/edgar/data/1084380/000175272423292699/primary_doc.xml,0001752724-23-292699,2023-12-27,2023-10-31
S000005371,Nuveen Large Cap Responsible Equity Fund,2023-09-30,19916573.0,0.0,85236020.0,disclosed,1.0,https://www.sec.gov/Archives/edgar/data/1084380/000175272423292699/primary_doc.xml,0001752724-23-292699,2023-12-27,2023-10-31
S000005371,Nuveen Large Cap Responsible Equity Fund,2023-10-31,15904279.0,0.0,86806691.0,disclosed,1.0,https://www.sec.gov/Archives/edgar/data/1084380/000175272423292699/primary_doc.xml,0001752724-23-292699,2023-12-27,2023-10-31
S000005371,Nuveen Large Cap Responsible Equity Fund,2023-11-30,19111920.0,0.0,84938931.0,disclosed,1.0,https://www.sec.gov/Archives/edgar/data/1084380/000175272424065443/primary_doc.xml,0001752724-24-065443,2024-03-25,2024-01-31
S000005371,Nuveen Large Cap Responsible Equity Fund,2023-12-31,40112860.0,312665941.0,113780669.0,disclosed,1.0,https://www.sec.gov/Archives/edgar/data/1084380/000175272424065443/primary_doc.xml,0001752724-24-065443,2024-03-25,2024-01-31
S000005371,Nuveen Large Cap Responsible Equity Fund,2024-01-31,25347126.0,0.0,119392617.0,disclosed,1.0,https://www.sec.gov/Archives/edgar/data/1084380/000175272424065443/primary_doc.xml,0001752724-24-065443,2024-03-25,2024-01-31
S000005371,Nuveen Large Cap Responsible Equity Fund,2024-02-29,32650330.0,-399.0,131193084.0,disclosed,1.0,https://www.sec.gov/Archives/edgar/data/1084380/000175272424144490/primary_doc.xml,0001752724-24-144490,2024-06-25,2024-04-30
S000005371,Nuveen Large Cap Responsible Equity Fund,2024-02-29,32650330.0,-399.0,131193084.0,disclosed,1.0,https://www.sec.gov/Archives/edgar/data/1084380/000175272424167009/primary_doc.xml,0001752724-24-167009,2024-07-26,2024-04-30
S000005371,Nuveen Large Cap Responsible Equity Fund,2024-03-31,34441852.0,0.0,127085992.0,disclosed,1.0,https://www.sec.gov/Archives/edgar/data/1084380/000175272424144490/primary_doc.xml,0001752724-24-144490,2024-06-25,2024-04-30
S000005371,Nuveen Large Cap Responsible Equity Fund,2024-03-31,34441852.0,0.0,127085992.0,disclosed,1.0,https://www.sec.gov/Archives/edgar/data/1084380/000175272424167009/primary_doc.xml,0001752724-24-167009,2024-07-26,2024-04-30
S000005371,Nuveen Large Cap Responsible Equity Fund,2024-04-30,39551468.0,0.0,110666398.0,disclosed,1.0,https://www.sec.gov/Archives/edgar/data/1084380/000175272424144490/primary_doc.xml,0001752724-24-144490,2024-06-25,2024-04-30
S000005371,Nuveen Large Cap Responsible Equity Fund,2024-04-30,39551468.0,0.0,110666398.0,disclosed,1.0,https://www.sec.gov/Archives/edgar/data/1084380/000175272424167009/primary_doc.xml,0001752724-24-167009,2024-07-26,2024-04-30
S000005371,Nuveen Large Cap Responsible Equity Fund,2024-05-31,27454421.0,0.0,110227820.0,disclosed,1.0,https://www.sec.gov/Archives/edgar/data/1084380/000175272424214063/primary_doc.xml,0001752724-24-214063,2024-09-24,2024-07-31
S000005371,Nuveen Large Cap Responsible Equity Fund,2024-06-30,24104648.0,0.0,93688627.0,disclosed,1.0,https://www.sec.gov/Archives/edgar/data/1084380/000175272424214063/primary_doc.xml,0001752724-24-214063,2024-09-24,2024-07-31
S000005371,Nuveen Large Cap Responsible Equity Fund,2024-07-31,20455090.0,0.0,139271512.0,disclosed,1.0,https://www.sec.gov/Archives/edgar/data/1084380/000175272424214063/primary_doc.xml,0001752724-24-214063,2024-09-24,2024-07-31
S000005371,Nuveen Large Cap Responsible Equity Fund,2024-08-31,18211667.0,0.0,89056527.0,disclosed,1.0,https://www.sec.gov/Archives/edgar/data/1084380/000175272424296068/primary_doc.xml,0001752724-24-296068,2024-12-26,2024-10-31
S000005371,Nuveen Large Cap Responsible Equity Fund,2024-09-30,22205369.0,0.0,122913427.0,disclosed,1.0,https://www.sec.gov/Archives/edgar/data/1084380/000175272424296068/primary_doc.xml,0001752724-24-296068,2024-12-26,2024-10-31
S000005371,Nuveen Large Cap Responsible Equity Fund,2024-10-31,30954676.0,0.0,94525301.0,disclosed,1.0,https://www.sec.gov/Archives/edgar/data/1084380/000175272424296068/primary_doc.xml,0001752724-24-296068,2024-12-26,2024-10-31
S000005371,Nuveen Large Cap Responsible Equity Fund,2024-11-30,21743608.0,0.0,114417588.0,disclosed,1.0,https://www.sec.gov/Archives/edgar/data/1084380/000175272425067629/primary_doc.xml,0001752724-25-067629,2025-03-26,2025-01-31
S000005371,Nuveen Large Cap Responsible Equity Fund,2024-12-31,1200766109.0,856925592.0,268760402.0,disclosed,1.0,https://www.sec.gov/Archives/edgar/data/1084380/000175272425067629/primary_doc.xml,0001752724-25-067629,2025-03-26,2025-01-31
S000005371,Nuveen Large Cap Responsible Equity Fund,2025-01-31,44135037.0,0.0,231269242.0,disclosed,1.0,https://www.sec.gov/Archives/edgar/data/1084380/000175272425067629/primary_doc.xml,0001752724-25-067629,2025-03-26,2025-01-31
S000005371,Nuveen Large Cap Responsible Equity Fund,2025-02-28,23532787.0,-471.0,160658673.0,disclosed,1.0,https://www.sec.gov/Archives/edgar/data/1084380/000175272425157635/primary_doc.xml,0001752724-25-157635,2025-06-26,2025-04-30
S000005371,Nuveen Large Cap Responsible Equity Fund,2025-03-31,38632816.0,0.0,231885731.0,disclosed,1.0,https://www.sec.gov/Archives/edgar/data/1084380/000175272425157635/primary_doc.xml,0001752724-25-157635,2025-06-26,2025-04-30
S000005371,Nuveen Large Cap Responsible Equity Fund,2025-04-30,28644736.0,0.0,185293167.0,disclosed,1.0,https://www.sec.gov/Archives/edgar/data/1084380/000175272425157635/primary_doc.xml,0001752724-25-157635,2025-06-26,2025-04-30
S000005371,Nuveen Large Cap Responsible Equity Fund,2025-05-31,35485046.0,0.0,145400627.0,disclosed,1.0,https://www.sec.gov/Archives/edgar/data/1084380/000108438025000139/primary_doc.xml,0001084380-25-000139,2025-09-26,2025-07-31
S000005371,Nuveen Large Cap Responsible Equity Fund,2025-06-30,31909462.0,0.0,91687476.0,disclosed,1.0,https://www.sec.gov/Archives/edgar/data/1084380/000108438025000139/primary_doc.xml,0001084380-25-000139,2025-09-26,2025-07-31
S000005371,Nuveen Large Cap Responsible Equity Fund,2025-07-31,65653251.0,0.0,164077241.0,disclosed,1.0,https://www.sec.gov/Archives/edgar/data/1084380/000108438025000139/primary_doc.xml,0001084380-25-000139,2025-09-26,2025-07-31
S000005371,Nuveen Large Cap Responsible Equity Fund,2025-08-31,24551013.0,0.0,122764928.0,disclosed,1.0,https://www.sec.gov/Archives/edgar/data/1084380/000108438025000523/primary_doc.xml,0001084380-25-000523,2025-12-30,2025-10-31
S000005371,Nuveen Large Cap Responsible Equity Fund,2025-09-30,34559029.0,0.0,419754734.0,disclosed,1.0,https://www.sec.gov/Archives/edgar/data/1084380/000108438025000523/primary_doc.xml,0001084380-25-000523,2025-12-30,2025-10-31
S000005371,Nuveen Large Cap Responsible Equity Fund,2025-10-31,62968863.0,0.0,107020535.0,disclosed,1.0,https://www.sec.gov/Archives/edgar/data/1084380/000108438025000523/primary_doc.xml,0001084380-25-000523,2025-12-30,2025-10-31
S000005371,Nuveen Large Cap Responsible Equity Fund,2025-11-30,28026023.0,0.0,111376307.0,disclosed,1.0,https://www.sec.gov/Archives/edgar/data/1084380/000108438026000373/primary_doc.xml,0001084380-26-000373,2026-03-25,2026-01-31
S000005371,Nuveen Large Cap Responsible Equity Fund,2025-12-31,48470338.0,453658199.0,184326994.0,disclosed,1.0,https://www.sec.gov/Archives/edgar/data/1084380/000108438026000373/primary_doc.xml,0001084380-26-000373,2026-03-25,2026-01-31
S000005371,Nuveen Large Cap Responsible Equity Fund,2026-01-31,24328901.0,0.0,103290671.0,disclosed,1.0,https://www.sec.gov/Archives/edgar/data/1084380/000108438026000373/primary_doc.xml,0001084380-26-000373,2026-03-25,2026-01-31
S000005371,Nuveen Large Cap Responsible Equity Fund,2026-02-28,19295682.0,-1330.0,121798608.0,disclosed,1.0,https://www.sec.gov/Archives/edgar/data/1084380/000108438026000760/primary_doc.xml,0001084380-26-000760,2026-06-24,2026-04-30
S000005371,Nuveen Large Cap Responsible Equity Fund,2026-03-31,25272381.0,0.0,122656547.0,disclosed,1.0,https://www.sec.gov/Archives/edgar/data/1084380/000108438026000760/primary_doc.xml,0001084380-26-000760,2026-06-24,2026-04-30
S000005371,Nuveen Large Cap Responsible Equity Fund,2026-04-30,16676946.0,0.0,104752712.0,disclosed,1.0,https://www.sec.gov/Archives/edgar/data/1084380/000108438026000760/primary_doc.xml,0001084380-26-000760,2026-06-24,2026-04-30
S000005371,Nuveen Large Cap Responsible Equity Fund,2026-05-31,21476217.0,0.0,104878881.0,disclosed,1.0,https://www.sec.gov/Archives/edgar/data/1084380/000108438026001234/primary_doc.xml,0001084380-26-001234,2026-09-25,2026-07-31
S000005371,Nuveen Large Cap Responsible Equity Fund,2026-06-30,38310422.0,0.0,196633376.0,disclosed,1.0,https://www.sec.gov/Archives/edgar/data/1084380/000108438026001234/primary_doc.xml,0001084380-26-001234,2026-09-25,2026-07-31
S000005371,Nuveen Large Cap Responsible Equity Fund,2026-07-31,19596471.0,0.0,610833937.0,disclosed,1.0,https://www.sec.gov/Archives/edgar/data/1084380/000108438026001234/primary_doc.xml,0001084380-26-001234,2026-09-25,2026-07-31
S000006203,Large Cap Equity Fund,2019-08-31,9886272.09,0.0,8951203.78,disclosed,1.0,https://www.sec.gov/Archives/edgar/data/100334/000114554919052687/primary_doc.xml,0001145549-19-052687,2019-12-23,2019-10-31
S000006203,Large Cap Equity Fund,2019-09-30,8542839.71,0.0,4087235.25,disclosed,1.0,https://www.sec.gov/Archives/edgar/data/100334/000114554919052687/primary_doc.xml,0001145549-19-052687,2019-12-23,2019-10-31
S000006203,Large Cap Equity Fund,2019-10-31,525549127.77,0.0,10515103.26,disclosed,1.0,https://www.sec.gov/Archives/edgar/data/100334/000114554919052687/primary_doc.xml,0001145549-19-052687,2019-12-23,2019-10-31
S000006203,Large Cap Equity Fund,2019-11-30,554298986.25,0.0,13170672.22,disclosed,1.0,https://www.sec.gov/Archives/edgar/data/100334/000114554920016601/primary_doc.xml,0001145549-20-016601,2020-03-24,2020-01-31
S000006203,Large Cap Equity Fund,2019-12-31,568874251.96,19223621.39,15791388.45,disclosed,1.0,https://www.sec.gov/Archives/edgar/data/100334/000114554920016601/primary_doc.xml,0001145549-20-016601,2020-03-24,2020-01-31
S000006203,Large Cap Equity Fund,2020-01-31,18221279.47,0.0,110295729.95,disclosed,1.0,https://www.sec.gov/Archives/edgar/data/100334/000114554920016601/primary_doc.xml,0001145549-20-016601,2020-03-24,2020-01-31
S000006203,Large Cap Equity Fund,2020-02-29,28018002.59,0.0,24139457.06,disclosed,1.0,https://www.sec.gov/Archives/edgar/data/100334/000114554920036661/primary_doc.xml,0001145549-20-036661,2020-06-25,2020-04-30
S000006203,Large Cap Equity Fund,2020-03-31,127784260.37,0.0,40281121.75,disclosed,1.0,https://www.sec.gov/Archives/edgar/data/100334/000114554920036661/primary_doc.xml,0001145549-20-036661,2020-06-25,2020-04-30
S000006203,Large Cap Equity Fund,2020-04-30,25988782.7,0.0,61200675.95,disclosed,1.0,https://www.sec.gov/Archives/edgar/data/100334/000114554920036661/primary_doc.xml,0001145549-20-036661,2020-06-25,2020-04-30
S000006203,Large Cap Equity Fund,2020-05-31,24053931.2,0.0,29316805.79,disclosed,1.0,https://www.sec.gov/Archives/edgar/data/100334/000114554920056783/primary_doc.xml,0001145549-20-056783,2020-09-25,2020-07-31
S000006203,Large Cap Equity Fund,2020-06-30,25797320.37,0.0,68934469.67,disclosed,1.0,https://www.sec.gov/Archives/edgar/data/100334/000114554920056783/primary_doc.xml,0001145549-20-056783,2020-09-25,2020-07-31
S000006203,Large Cap Equity Fund,2020-07-31,807327932.75,0.0,102055636.14,disclosed,1.0,https://www.sec.gov/Archives/edgar/data/100334/000114554920056783/primary_doc.xml,0001145549-20-056783,2020-09-25,2020-07-31
S000006203,Large Cap Equity Fund,2020-08-31,41901156.56,0.0,89465732.73,disclosed,1.0,https://www.sec.gov/Archives/edgar/data/100334/000114554920076716/primary_doc.xml,0001145549-20-076716,2020-12-28,2020-10-31
S000006203,Large Cap Equity Fund,2020-09-30,69983118.07,0.0,63706801.85,disclosed,1.0,https://www.sec.gov/Archives/edgar/data/100334/000114554920076716/primary_doc.xml,0001145549-20-076716,2020-12-28,2020-10-31
S000006203,Large Cap Equity Fund,2020-10-31,41320839.63,0.0,29723793.95,disclosed,1.0,https://www.sec.gov/Archives/edgar/data/100334/000114554920076716/primary_doc.xml,0001145549-20-076716,2020-12-28,2020-10-31
S000006203,Large Cap Equity Fund,2020-11-30,50982437.82,0.0,49125074.55,disclosed,1.0,https://www.sec.gov/Archives/edgar/data/100334/000114554921017592/primary_doc.xml,0001145549-21-017592,2021-03-25,2021-01-31
S000006203,Large Cap Equity Fund,2020-12-31,66691381.49,28463464.67,34603057.59,disclosed,1.0,https://www.sec.gov/Archives/edgar/data/100334/000114554921017592/primary_doc.xml,0001145549-21-017592,2021-03-25,2021-01-31
S000006203,Large Cap Equity Fund,2021-01-31,78742518.01,0.0,68515502.74,disclosed,1.0,https://www.sec.gov/Archives/edgar/data/100334/000114554921017592/primary_doc.xml,0001145549-21-017592,2021-03-25,2021-01-31
S000006203,Large Cap Equity Fund,2021-02-28,59770108.49,0.0,56396608.67,disclosed,1.0,https://www.sec.gov/Archives/edgar/data/100334/000114554921036966/primary_doc.xml,0001145549-21-036966,2021-06-24,2021-04-30
S000006203,Large Cap Equity Fund,2021-03-31,46441101.96,0.0,33973973.23,disclosed,1.0,https://www.sec.gov/Archives/edgar/data/100334/000114554921036966/primary_doc.xml,0001145549-21-036966,2021-06-24,2021-04-30
S000006203,Large Cap Equity Fund,2021-04-30,28325620.98,0.0,129080318.13,disclosed,1.0,https://www.sec.gov/Archives/edgar/data/100334/000114554921036966/primary_doc.xml,0001145549-21-036966,2021-06-24,2021-04-30
S000006203,Large Cap Equity Fund,2021-05-31,22174091.61,0.0,23093358.36,disclosed,1.0,https://www.sec.gov/Archives/edgar/data/100334/000114554921055808/primary_doc.xml,0001145549-21-055808,2021-09-23,2021-07-31
S000006203,Large Cap Equity Fund,2021-06-30,24688056.47,0.0,34983081.57,disclosed,1.0,https://www.sec.gov/Archives/edgar/data/100334/000114554921055808/primary_doc.xml,0001145549-21-055808,2021-09-23,2021-07-31
S000006203,Large Cap Equity Fund,2021-07-31,27978320.72,0.0,71416599.19,disclosed,1.0,https://www.sec.gov/Archives/edgar/data/100334/000114554921055808/primary_doc.xml,0001145549-21-055808,2021-09-23,2021-07-31
S000006203,Large Cap Equity Fund,2021-08-31,27860839.07,0.0,61241968.7,disclosed,1.0,https://www.sec.gov/Archives/edgar/data/100334/000114554921075058/primary_doc.xml,0001145549-21-075058,2021-12-21,2021-10-31
S000006203,Large Cap Equity Fund,2021-09-30,112447747.07,0.0,72855456.46,disclosed,1.0,https://www.sec.gov/Archives/edgar/data/100334/000114554921075058/primary_doc.xml,0001145549-21-075058,2021-12-21,2021-10-31
S000006203,Large Cap Equity Fund,2021-10-31,41642910.98,0.0,19551295.47,disclosed,1.0,https://www.sec.gov/Archives/edgar/data/100334/000114554921075058/primary_doc.xml,0001145549-21-075058,2021-12-21,2021-10-31
S000006203,Large Cap Equity Fund,2021-11-30,33066561.49,0.0,104527546.9,disclosed,1.0,https://www.sec.gov/Archives/edgar/data/100334/000114554922018144/primary_doc.xml,0001145549-22-018144,2022-03-28,2022-01-31
S000006203,Large Cap Equity Fund,2021-12-31,66211712.84,106803980.17,110283799.44,disclosed,1.0,https://www.sec.gov/Archives/edgar/data/100334/000114554922018144/primary_doc.xml,0001145549-22-018144,2022-03-28,2022-01-31
S000006203,Large Cap Equity Fund,2022-01-31,84862873.36,0.0,60925742.81,disclosed,1.0,https://www.sec.gov/Archives/edgar/data/100334/000114554922018144/primary_doc.xml,0001145549-22-018144,2022-03-28,2022-01-31
S000006203,Large Cap Equity Fund,2022-02-28,48298356.39,0.0,59642591.14,disclosed,1.0,https://www.sec.gov/Archives/edgar/data/100334/000114554922038098/primary_doc.xml,0001145549-22-038098,2022-06-24,2022-04-30
S000006203,Large Cap Equity Fund,2022-03-31,42572354.86,0.0,57588987.51,disclosed,1.0,https://www.sec.gov/Archives/edgar/data/100334/000114554922038098/primary_doc.xml,0001145549-22-038098,2022-06-24,2022-04-30
S000006203,Large Cap Equity Fund,2022-04-30,32727695.98,0.0,24542833.11,disclosed,1.0,https://www.sec.gov/Archives/edgar/data/100334/000114554922038098/primary_doc.xml,0001145549-22-038098,2022-06-24,2022-04-30
S000006203,Large Cap Equity Fund,2022-05-31,46414448.05,0.0,42229514.69,disclosed,1.0,https://www.sec.gov/Archives/edgar/data/100334/000114554922056667/primary_doc.xml,0001145549-22-056667,2022-09-23,2022-07-31
S000006203,Large Cap Equity Fund,2022-06-30,37361909.02,0.0,23425461.23,disclosed,1.0,https://www.sec.gov/Archives/edgar/data/100334/000114554922056667/primary_doc.xml,0001145549-22-056667,2022-09-23,2022-07-31
S000006203,Large Cap Equity Fund,2022-07-31,34259825.04,0.0,40794272.68,disclosed,1.0,https://www.sec.gov/Archives/edgar/data/100334/000114554922056667/primary_doc.xml,0001145549-22-056667,2022-09-23,2022-07-31
S000006203,Large Cap Equity Fund,2022-08-31,33568548.31,0.0,130902327.69,disclosed,1.0,https://www.sec.gov/Archives/edgar/data/100334/000114554922077388/primary_doc.xml,0001145549-22-077388,2022-12-21,2022-10-31
S000006203,Large Cap Equity Fund,2022-09-30,37123764.12,0.0,42104710.08,disclosed,1.0,https://www.sec.gov/Archives/edgar/data/100334/000114554922077388/primary_doc.xml,0001145549-22-077388,2022-12-21,2022-10-31
S000006203,Large Cap Equity Fund,2022-10-31,17688175.74,0.0,35629210.65,disclosed,1.0,https://www.sec.gov/Archives/edgar/data/100334/000114554922077388/primary_doc.xml,0001145549-22-077388,2022-12-21,2022-10-31
S000006203,Large Cap Equity Fund,2022-11-30,15268881.53,0.0,33011529.28,disclosed,1.0,https://www.sec.gov/Archives/edgar/data/100334/000114554923018836/primary_doc.xml,0001145549-23-018836,2023-03-28,2023-01-31
S000006203,Large Cap Equity Fund,2022-12-31,1116080936.76,46654138.52,35697707.67,disclosed,1.0,https://www.sec.gov/Archives/edgar/data/100334/000114554923018836/primary_doc.xml,0001145549-23-018836,2023-03-28,2023-01-31
S000006203,Large Cap Equity Fund,2023-01-31,42148520.53,0.0,61009374.68,disclosed,1.0,https://www.sec.gov/Archives/edgar/data/100334/000114554923018836/primary_doc.xml,0001145549-23-018836,2023-03-28,2023-01-31
S000006203,Large Cap Equity Fund,2023-02-28,17710291.6,0.0,60382710.16,disclosed,1.0,https://www.sec.gov/Archives/edgar/data/100334/000114554923037789/primary_doc.xml,0001145549-23-037789,2023-06-23,2023-04-30
S000006203,Large Cap Equity Fund,2023-03-31,21775543.3,0.0,110149294.05,disclosed,1.0,https://www.sec.gov/Archives/edgar/data/100334/000114554923037789/primary_doc.xml,0001145549-23-037789,2023-06-23,2023-04-30
S000006203,Large Cap Equity Fund,2023-04-30,47905147.42,0.0,47945484.03,disclosed,1.0,https://www.sec.gov/Archives/edgar/data/100334/000114554923037789/primary_doc.xml,0001145549-23-037789,2023-06-23,2023-04-30
S000006203,Large Cap Equity Fund,2023-05-31,19733652.09,0.0,89316413.11,disclosed,1.0,https://www.sec.gov/Archives/edgar/data/100334/000114554923056467/primary_doc.xml,0001145549-23-056467,2023-09-21,2023-07-31
S000006203,Large Cap Equity Fund,2023-06-30,16606291.99,0.0,71200160.13,disclosed,1.0,https://www.sec.gov/Archives/edgar/data/100334/000114554923056467/primary_doc.xml,0001145549-23-056467,2023-09-21,2023-07-31
S000006203,Large Cap Equity Fund,2023-07-31,24551978.37,0.0,61095743.25,disclosed,1.0,https://www.sec.gov/Archives/edgar/data/100334/000114554923056467/primary_doc.xml,0001145549-23-056467,2023-09-21,2023-07-31
S000006203,Large Cap Equity Fund,2023-08-31,75785022.85,0.0,55550489.42,disclosed,1.0,https://www.sec.gov/Archives/edgar/data/100334/000114554923077013/primary_doc.xml,0001145549-23-077013,2023-12-22,2023-10-31
S000006203,Large Cap Equity Fund,2023-09-30,29634615.38,0.0,36936103.43,disclosed,1.0,https://www.sec.gov/Archives/edgar/data/100334/000114554923077013/primary_doc.xml,0001145549-23-077013,2023-12-22,2023-10-31
S000006203,Large Cap Equity Fund,2023-10-31,49130766.87,0.0,44385706.95,disclosed,1.0,https://www.sec.gov/Archives/edgar/data/100334/000114554923077013/primary_doc.xml,0001145549-23-077013,2023-12-22,2023-10-31
S000006203,Large Cap Equity Fund,2023-11-30,19182126.07,0.0,92408645.41,disclosed,1.0,https://www.sec.gov/Archives/edgar/data/100334/000114554924017640/primary_doc.xml,0001145549-24-017640,2024-03-27,2024-01-31
S000006203,Large Cap Equity Fund,2023-12-31,44340842.19,97400100.52,317257157.97,disclosed,1.0,https://www.sec.gov/Archives/edgar/data/100334/000114554924017640/primary_doc.xml,0001145549-24-017640,2024-03-27,2024-01-31
S000006203,Large Cap Equity Fund,2024-01-31,27593394.79,0.0,159853095.38,disclosed,1.0,https://www.sec.gov/Archives/edgar/data/100334/000114554924017640/primary_doc.xml,0001145549-24-017640,2024-03-27,2024-01-31
S000006203,Large Cap Equity Fund,2024-02-29,59318391.05,0.0,83820035.05,disclosed,1.0,https://www.sec.gov/Archives/edgar/data/100334/000114554924039499/primary_doc.xml,0001145549-24-039499,2024-06-26,2024-04-30
S000006203,Large Cap Equity Fund,2024-03-31,33164725.79,0.0,69058284.54,disclosed,1.0,https://www.sec.gov/Archives/edgar/data/100334/000114554924039499/primary_doc.xml,0001145549-24-039499,2024-06-26,2024-04-30
S000006203,Large Cap Equity Fund,2024-04-30,41698100.05,0.0,58864629.77,disclosed,1.0,https://www.sec.gov/Archives/edgar/data/100334/000114554924039499/primary_doc.xml,0001145549-24-039499,2024-06-26,2024-04-30
S000006203,Large Cap Equity Fund,2024-05-31,28526044.63,0.0,91111813.14,disclosed,1.0,https://www.sec.gov/Archives/edgar/data/100334/000114554924061741/primary_doc.xml,0001145549-24-061741,2024-09-27,2024-07-31
S000006203,Large Cap Equity Fund,2024-06-30,21138539.25,0.0,75614691.11,disclosed,1.0,https://www.sec.gov/Archives/edgar/data/100334/000114554924061741/primary_doc.xml,0001145549-24-061741,2024-09-27,2024-07-31
S000006203,Large Cap Equity Fund,2024-07-31,20238272.48,0.0,101284742.9,disclosed,1.0,https://www.sec.gov/Archives/edgar/data/100334/000114554924061741/primary_doc.xml,0001145549-24-061741,2024-09-27,2024-07-31
S000006203,Large Cap Equity Fund,2024-08-31,29284873.57,0.0,34127484.21,disclosed,1.0,https://www.sec.gov/Archives/edgar/data/100334/000114554924080395/primary_doc.xml,0001145549-24-080395,2024-12-23,2024-10-31
S000006203,Large Cap Equity Fund,2024-09-30,16182123.61,0.0,54412352.66,disclosed,1.0,https://www.sec.gov/Archives/edgar/data/100334/000114554924080395/primary_doc.xml,0001145549-24-080395,2024-12-23,2024-10-31
S000006203,Large Cap Equity Fund,2024-10-31,39184886.65,0.0,240769289.64,disclosed,1.0,https://www.sec.gov/Archives/edgar/data/100334/000114554924080395/primary_doc.xml,0001145549-24-080395,2024-12-23,2024-10-31
S000006203,Large Cap Equity Fund,2024-11-30,27707016.4,0.0,169825890.52,disclosed,1.0,https://www.sec.gov/Archives/edgar/data/100334/000114554925018871/primary_doc.xml,0001145549-25-018871,2025-03-21,2025-01-31
S000006203,Large Cap Equity Fund,2024-12-31,16672367.44,287865967.72,198259545.23,disclosed,1.0,https://www.sec.gov/Archives/edgar/data/100334/000114554925018871/primary_doc.xml,0001145549-25-018871,2025-03-21,2025-01-31
S000006203,Large Cap Equity Fund,2025-01-31,48722074.65,0.0,183789940.44,disclosed,1.0,https://www.sec.gov/Archives/edgar/data/100334/000114554925018871/primary_doc.xml,0001145549-25-018871,2025-03-21,2025-01-31
S000006203,Large Cap Equity Fund,2025-02-28,22461671.06,0.0,44153714.26,disclosed,1.0,https://www.sec.gov/Archives/edgar/data/100334/000114554925043423/primary_doc.xml,0001145549-25-043423,2025-06-27,2025-04-30
S000006203,Large Cap Equity Fund,2025-03-31,97913139.04,0.0,24784760.94,disclosed,1.0,https://www.sec.gov/Archives/edgar/data/100334/000114554925043423/primary_doc.xml,0001145549-25-043423,2025-06-27,2025-04-30
S000006203,Large Cap Equity Fund,2025-04-30,89536951.87,0.0,51106776.63,disclosed,1.0,https://www.sec.gov/Archives/edgar/data/100334/000114554925043423/primary_doc.xml,0001145549-25-043423,2025-06-27,2025-04-30
S000006203,Large Cap Equity Fund,2025-05-31,13113202.81,0.0,131215122.84,disclosed,1.0,https://www.sec.gov/Archives/edgar/data/100334/000119312525215736/primary_doc.xml,0001193125-25-215736,2025-09-24,2025-07-31
S000006203,Large Cap Equity Fund,2025-06-30,15662773.96,0.0,155933134.56,disclosed,1.0,https://www.sec.gov/Archives/edgar/data/100334/000119312525215736/primary_doc.xml,0001193125-25-215736,2025-09-24,2025-07-31
S000006203,Large Cap Equity Fund,2025-07-31,13015883.4,0.0,102450202.72,disclosed,1.0,https://www.sec.gov/Archives/edgar/data/100334/000119312525215736/primary_doc.xml,0001193125-25-215736,2025-09-24,2025-07-31
S000006203,Large Cap Equity Fund,2025-08-31,9714245.32,0.0,153769632.78,disclosed,1.0,https://www.sec.gov/Archives/edgar/data/100334/000119312525335026/primary_doc.xml,0001193125-25-335026,2025-12-29,2025-10-31
S000006203,Large Cap Equity Fund,2025-09-30,7837123.27,0.0,593554145.61,disclosed,1.0,https://www.sec.gov/Archives/edgar/data/100334/000119312525335026/primary_doc.xml,0001193125-25-335026,2025-12-29,2025-10-31
S000006203,Large Cap Equity Fund,2025-10-31,15848995.83,0.0,140933675.72,disclosed,1.0,https://www.sec.gov/Archives/edgar/data/100334/000119312525335026/primary_doc.xml,0001193125-25-335026,2025-12-29,2025-10-31
S000006203,Large Cap Equity Fund,2025-11-30,11829366.48,0.0,54550198.79,disclosed,1.0,https://www.sec.gov/Archives/edgar/data/100334/000119312526129677/primary_doc.xml,0001193125-26-129677,2026-03-30,2026-01-31
S000006203,Large Cap Equity Fund,2025-12-31,38854418.01,615020994.4,193163856.49,disclosed,1.0,https://www.sec.gov/Archives/edgar/data/100334/000119312526129677/primary_doc.xml,0001193125-26-129677,2026-03-30,2026-01-31
S000006203,Large Cap Equity Fund,2026-01-31,18235059.55,0.0,51839101.16,disclosed,1.0,https://www.sec.gov/Archives/edgar/data/100334/000119312526129677/primary_doc.xml,0001193125-26-129677,2026-03-30,2026-01-31
S000006203,Large Cap Equity Fund,2026-02-28,58482817.35,0.0,65568480.72,disclosed,1.0,https://www.sec.gov/Archives/edgar/data/100334/000119312526284639/primary_doc.xml,0001193125-26-284639,2026-06-26,2026-04-30
S000006203,Large Cap Equity Fund,2026-03-31,35559552.17,0.0,119182425.89,disclosed,1.0,https://www.sec.gov/Archives/edgar/data/100334/000119312526284639/primary_doc.xml,0001193125-26-284639,2026-06-26,2026-04-30
S000006203,Large Cap Equity Fund,2026-04-30,17568511.58,0.0,100322981.09,disclosed,1.0,https://www.sec.gov/Archives/edgar/data/100334/000119312526284639/primary_doc.xml,0001193125-26-284639,2026-06-26,2026-04-30
S000006203,Large Cap Equity Fund,2026-05-31,14080775.22,0.0,115028646.01,disclosed,1.0,https://www.sec.gov/Archives/edgar/data/100334/000119312526407377/primary_doc.xml,0001193125-26-407377,2026-09-29,2026-07-31
S000006203,Large Cap Equity Fund,2026-06-30,10599057.98,0.0,82635575.17,disclosed,1.0,https://www.sec.gov/Archives/edgar/data/100334/000119312526407377/primary_doc.xml,0001193125-26-407377,2026-09-29,2026-07-31
S000006203,Large Cap Equity Fund,2026-07-31,13305131.45,0.0,48982268.38,disclosed,1.0,https://www.sec.gov/Archives/edgar/data/100334/000119312526407377/primary_doc.xml,0001193125-26-407377,2026-09-29,2026-07-31
S000008719,Calvert Equity Fund,2019-07-31,133828795.65,0.0,81119326.8,disclosed,1.0,https://www.sec.gov/Archives/edgar/data/356682/000175272419172398/primary_doc.xml,0001752724-19-172398,2019-11-21,2019-09-30
S000008719,Calvert Equity Fund,2019-08-31,171052140.71,0.0,97137555.55,disclosed,1.0,https://www.sec.gov/Archives/edgar/data/356682/000175272419172398/primary_doc.xml,0001752724-19-172398,2019-11-21,2019-09-30
S000008719,Calvert Equity Fund,2019-09-30,211163902.09,0.0,86260039.93,disclosed,1.0,https://www.sec.gov/Archives/edgar/data/356682/000175272419172398/primary_doc.xml,0001752724-19-172398,2019-11-21,2019-09-30
S000008719,Calvert Equity Fund,2019-10-31,280067467.24,0.0,100325830.56,disclosed,1.0,https://www.sec.gov/Archives/edgar/data/356682/000175272420041667/primary_doc.xml,0001752724-20-041667,2020-02-28,2019-12-31
S000008719,Calvert Equity Fund,2019-11-30,167603105.79,0.0,70166977.87,disclosed,1.0,https://www.sec.gov/Archives/edgar/data/356682/000175272420041667/primary_doc.xml,0001752724-20-041667,2020-02-28,2019-12-31
S000008719,Calvert Equity Fund,2019-12-31,156855978.31,91262064.15,136200424.32,disclosed,1.0,https://www.sec.gov/Archives/edgar/data/356682/000175272420041667/primary_doc.xml,0001752724-20-041667,2020-02-28,2019-12-31
S000008719,Calvert Equity Fund,2020-01-31,229105977.98,435.16,114669336.67,disclosed,1.0,https://www.sec.gov/Archives/edgar/data/356682/000175272420097156/primary_doc.xml,0001752724-20-097156,2020-05-20,2020-03-31
S000008719,Calvert Equity Fund,2020-02-29,236113385.53,0.0,102796998.98,disclosed,1.0,https://www.sec.gov/Archives/edgar/data/356682/000175272420097156/primary_doc.xml,0001752724-20-097156,2020-05-20,2020-03-31
S000008719,Calvert Equity Fund,2020-03-31,313130266.02,115.08,196388292.09,disclosed,1.0,https://www.sec.gov/Archives/edgar/data/356682/000175272420097156/primary_doc.xml,0001752724-20-097156,2020-05-20,2020-03-31
S000008719,Calvert Equity Fund,2020-04-30,287883784.7,7313.15,111316738.95,disclosed,1.0,https://www.sec.gov/Archives/edgar/data/356682/000175272420177640/primary_doc.xml,0001752724-20-177640,2020-08-28,2020-06-30
S000008719,Calvert Equity Fund,2020-05-31,197529728.37,0.52,89235180.74,disclosed,1.0,https://www.sec.gov/Archives/edgar/data/356682/000175272420177640/primary_doc.xml,0001752724-20-177640,2020-08-28,2020-06-30
S000008719,Calvert Equity Fund,2020-06-30,165670387.23,0.0,108805316.32,disclosed,1.0,https://www.sec.gov/Archives/edgar/data/356682/000175272420177640/primary_doc.xml,0001752724-20-177640,2020-08-28,2020-06-30
S000008719,Calvert Equity Fund,2020-07-31,147994285.46,0.0,132499100.04,disclosed,1.0,https://www.sec.gov/Archives/edgar/data/356682/000175272420236491/primary_doc.xml,0001752724-20-236491,2020-11-19,2020-09-30
S000008719,Calvert Equity Fund,2020-08-31,195802215.9,0.0,172027967.08,disclosed,1.0,https://www.sec.gov/Archives/edgar/data/356682/000175272420236491/primary_doc.xml,0001752724-20-236491,2020-11-19,2020-09-30
S000008719,Calvert Equity Fund,2020-09-30,123787872.88,0.0,153485176.42,disclosed,1.0,https://www.sec.gov/Archives/edgar/data/356682/000175272420236491/primary_doc.xml,0001752724-20-236491,2020-11-19,2020-09-30
S000008719,Calvert Equity Fund,2020-10-31,196663954.88,0.0,81489487.45,disclosed,1.0,https://www.sec.gov/Archives/edgar/data/356682/000175272421043702/primary_doc.xml,0001752724-21-043702,2021-02-26,2020-12-31
S000008719,Calvert Equity Fund,2020-11-30,213510017.05,0.0,129678843.66,disclosed,1.0,https://www.sec.gov/Archives/edgar/data/356682/000175272421043702/primary_doc.xml,0001752724-21-043702,2021-02-26,2020-12-31
S000008719,Calvert Equity Fund,2020-12-31,148816176.04,128327321.92,129632732.6,disclosed,1.0,https://www.sec.gov/Archives/edgar/data/356682/000175272421043702/primary_doc.xml,0001752724-21-043702,2021-02-26,2020-12-31
S000008719,Calvert Equity Fund,2021-01-31,126028335.36,0.0,356633017.45,disclosed,1.0,https://www.sec.gov/Archives/edgar/data/356682/000175272421103070/primary_doc.xml,0001752724-21-103070,2021-05-20,2021-03-31
S000008719,Calvert Equity Fund,2021-02-28,100521743.94,0.0,167421111.12,disclosed,1.0,https://www.sec.gov/Archives/edgar/data/356682/000175272421103070/primary_doc.xml,0001752724-21-103070,2021-05-20,2021-03-31
S000008719,Calvert Equity Fund,2021-03-31,103044828.51,76.11,316244255.54,disclosed,1.0,https://www.sec.gov/Archives/edgar/data/356682/000175272421103070/primary_doc.xml,0001752724-21-103070,2021-05-20,2021-03-31
S000008719,Calvert Equity Fund,2021-04-30,111470569.18,40.61,132199230.24,disclosed,1.0,https://www.sec.gov/Archives/edgar/data/356682/000175272421187272/primary_doc.xml,0001752724-21-187272,2021-08-26,2021-06-30
S000008719,Calvert Equity Fund,2021-05-31,76332380.83,0.0,95085886.67,disclosed,1.0,https://www.sec.gov/Archives/edgar/data/356682/000175272421187272/primary_doc.xml,0001752724-21-187272,2021-08-26,2021-06-30
S000008719,Calvert Equity Fund,2021-06-30,71268760.98,0.0,90761502.67,disclosed,1.0,https://www.sec.gov/Archives/edgar/data/356682/000175272421187272/primary_doc.xml,0001752724-21-187272,2021-08-26,2021-06-30
S000008719,Calvert Equity Fund,2021-07-31,82869860.86,0.0,104359838.02,disclosed,1.0,https://www.sec.gov/Archives/edgar/data/356682/000175272421256301/primary_doc.xml,0001752724-21-256301,2021-11-24,2021-09-30
S000008719,Calvert Equity Fund,2021-08-31,85193304.99,0.0,106130485.48,disclosed,1.0,https://www.sec.gov/Archives/edgar/data/356682/000175272421256301/primary_doc.xml,0001752724-21-256301,2021-11-24,2021-09-30
S000008719,Calvert Equity Fund,2021-09-30,274778028.08,0.0,269769245.08,disclosed,1.0,https://www.sec.gov/Archives/edgar/data/356682/000175272421256301/primary_doc.xml,0001752724-21-256301,2021-11-24,2021-09-30
S000008719,Calvert Equity Fund,2021-10-31,113968687.2,0.0,76537380.14,disclosed,1.0,https://www.sec.gov/Archives/edgar/data/356682/000175272422051001/primary_doc.xml,0001752724-22-051001,2022-02-28,2021-12-31
S000008719,Calvert Equity Fund,2021-11-30,71849437.65,0.0,72921486.91,disclosed,1.0,https://www.sec.gov/Archives/edgar/data/356682/000175272422051001/primary_doc.xml,0001752724-22-051001,2022-02-28,2021-12-31
S000008719,Calvert Equity Fund,2021-12-31,119548250.96,201961483.75,113081157.73,disclosed,1.0,https://www.sec.gov/Archives/edgar/data/356682/000175272422051001/primary_doc.xml,0001752724-22-051001,2022-02-28,2021-12-31
S000008719,Calvert Equity Fund,2022-01-31,158372921.1,0.0,169748742.92,disclosed,1.0,https://www.sec.gov/Archives/edgar/data/356682/000175272422125896/primary_doc.xml,0001752724-22-125896,2022-05-27,2022-03-31
S000008719,Calvert Equity Fund,2022-02-28,118816668.63,491.12,140177240.18,disclosed,1.0,https://www.sec.gov/Archives/edgar/data/356682/000175272422125896/primary_doc.xml,0001752724-22-125896,2022-05-27,2022-03-31
S000008719,Calvert Equity Fund,2022-03-31,137071331.46,0.0,114761444.64,disclosed,1.0,https://www.sec.gov/Archives/edgar/data/356682/000175272422125896/primary_doc.xml,0001752724-22-125896,2022-05-27,2022-03-31
S000008719,Calvert Equity Fund,2022-04-30,91834847.42,29.76,101548206.87,disclosed,1.0,https://www.sec.gov/Archives/edgar/data/356682/000175272422198149/primary_doc.xml,0001752724-22-198149,2022-08-26,2022-06-30
S000008719,Calvert Equity Fund,2022-05-31,129409863.11,0.09,147559768.31,disclosed,1.0,https://www.sec.gov/Archives/edgar/data/356682/000175272422198149/primary_doc.xml,0001752724-22-198149,2022-08-26,2022-06-30
S000008719,Calvert Equity Fund,2022-06-30,171683232.9,0.0,146120293.23,disclosed,1.0,https://www.sec.gov/Archives/edgar/data/356682/000175272422198149/primary_doc.xml,0001752724-22-198149,2022-08-26,2022-06-30
S000008719,Calvert Equity Fund,2022-07-31,157140142.81,0.0,89945283.78,disclosed,1.0,https://www.sec.gov/Archives/edgar/data/356682/000175272422254062/primary_doc.xml,0001752724-22-254062,2022-11-17,2022-09-30
S000008719,Calvert Equity Fund,2022-08-31,155528149.11,0.0,90987702.41,disclosed,1.0,https://www.sec.gov/Archives/edgar/data/356682/000175272422254062/primary_doc.xml,0001752724-22-254062,2022-11-17,2022-09-30
S000008719,Calvert Equity Fund,2022-09-30,176979807.59,0.0,91198970.18,disclosed,1.0,https://www.sec.gov/Archives/edgar/data/356682/000175272422254062/primary_doc.xml,0001752724-22-254062,2022-11-17,2022-09-30
S000008719,Calvert Equity Fund,2022-10-31,135800933.18,0.0,120545372.52,disclosed,1.0,https://www.sec.gov/Archives/edgar/data/356682/000175272423049242/primary_doc.xml,0001752724-23-049242,2023-03-01,2022-12-31
S000008719,Calvert Equity Fund,2022-11-30,173516553.12,0.0,95152663.37,disclosed,1.0,https://www.sec.gov/Archives/edgar/data/356682/000175272423049242/primary_doc.xml,0001752724-23-049242,2023-03-01,2022-12-31
S000008719,Calvert Equity Fund,2022-12-31,275301560.48,166497486.59,139730408.01,disclosed,1.0,https://www.sec.gov/Archives/edgar/data/356682/000175272423049242/primary_doc.xml,0001752724-23-049242,2023-03-01,2022-12-31
S000008719,Calvert Equity Fund,2023-01-31,288159105.01,1.44,95391848.64,disclosed,1.0,https://www.sec.gov/Archives/edgar/data/356682/000175272423109185/primary_doc.xml,0001752724-23-109185,2023-05-22,2023-03-31
S000008719,Calvert Equity Fund,2023-02-28,215194186.55,0.0,107893291.69,disclosed,1.0,https://www.sec.gov/Archives/edgar/data/356682/000175272423109185/primary_doc.xml,0001752724-23-109185,2023-05-22,2023-03-31
S000008719,Calvert Equity Fund,2023-03-31,243265607.8,0.62,127534241.22,disclosed,1.0,https://www.sec.gov/Archives/edgar/data/356682/000175272423109185/primary_doc.xml,0001752724-23-109185,2023-05-22,2023-03-31
S000008719,Calvert Equity Fund,2023-04-30,165915942.54,0.0,194377755.65,disclosed,1.0,https://www.sec.gov/Archives/edgar/data/356682/000175272423197622/primary_doc.xml,0001752724-23-197622,2023-08-29,2023-06-30
S000008719,Calvert Equity Fund,2023-05-31,143196339.48,2.37,148471241.16,disclosed,1.0,https://www.sec.gov/Archives/edgar/data/356682/000175272423197622/primary_doc.xml,0001752724-23-197622,2023-08-29,2023-06-30
S000008719,Calvert Equity Fund,2023-06-30,184448125.63,0.0,190122020.5,disclosed,1.0,https://www.sec.gov/Archives/edgar/data/356682/000175272423197622/primary_doc.xml,0001752724-23-197622,2023-08-29,2023-06-30
S000008719,Calvert Equity Fund,2023-07-31,150804798.78,0.0,280310071.87,disclosed,1.0,https://www.sec.gov/Archives/edgar/data/356682/000175272423247673/primary_doc.xml,0001752724-23-247673,2023-11-14,2023-09-30
S000008719,Calvert Equity Fund,2023-08-31,116978626.71,0.0,145073415.35,disclosed,1.0,https://www.sec.gov/Archives/edgar/data/356682/000175272423247673/primary_doc.xml,0001752724-23-247673,2023-11-14,2023-09-30
S000008719,Calvert Equity Fund,2023-09-30,128566392.56,0.0,123008914.49,disclosed,1.0,https://www.sec.gov/Archives/edgar/data/356682/000175272423247673/primary_doc.xml,0001752724-23-247673,2023-11-14,2023-09-30
S000008719,Calvert Equity Fund,2023-10-31,79368981.65,71.93,194328129.32,disclosed,1.0,https://www.sec.gov/Archives/edgar/data/356682/000175272424046078/primary_doc.xml,0001752724-24-046078,2024-02-28,2023-12-31
S000008719,Calvert Equity Fund,2023-11-30,74066627.98,0.0,153200863.35,disclosed,1.0,https://www.sec.gov/Archives/edgar/data/356682/000175272424046078/primary_doc.xml,0001752724-24-046078,2024-02-28,2023-12-31
S000008719,Calvert Equity Fund,2023-12-31,96334691.87,110746454.06,159794912.59,disclosed,1.0,https://www.sec.gov/Archives/edgar/data/356682/000175272424046078/primary_doc.xml,0001752724-24-046078,2024-02-28,2023-12-31
S000008719,Calvert Equity Fund,2024-01-31,81273096.81,69.98,174554827.17,disclosed,1.0,https://www.sec.gov/Archives/edgar/data/356682/000175272424110242/primary_doc.xml,0001752724-24-110242,2024-05-21,2024-03-31
S000008719,Calvert Equity Fund,2024-02-29,103406002.91,0.0,209772509.59,disclosed,1.0,https://www.sec.gov/Archives/edgar/data/356682/000175272424110242/primary_doc.xml,0001752724-24-110242,2024-05-21,2024-03-31
S000008719,Calvert Equity Fund,2024-03-31,75531881.55,0.0,150728459.85,disclosed,1.0,https://www.sec.gov/Archives/edgar/data/356682/000175272424110242/primary_doc.xml,0001752724-24-110242,2024-05-21,2024-03-31
S000008719,Calvert Equity Fund,2024-04-30,84690818.81,0.0,170300909.3,disclosed,1.0,https://www.sec.gov/Archives/edgar/data/356682/000175272424197480/primary_doc.xml,0001752724-24-197480,2024-08-28,2024-06-30
S000008719,Calvert Equity Fund,2024-05-31,61296872.11,0.0,239169703.41,disclosed,1.0,https://www.sec.gov/Archives/edgar/data/356682/000175272424197480/primary_doc.xml,0001752724-24-197480,2024-08-28,2024-06-30
S000008719,Calvert Equity Fund,2024-06-30,42687098.62,0.0,115635034.16,disclosed,1.0,https://www.sec.gov/Archives/edgar/data/356682/000175272424197480/primary_doc.xml,0001752724-24-197480,2024-08-28,2024-06-30
S000008719,Calvert Equity Fund,2024-07-31,54546044.35,0.0,181604994.64,disclosed,1.0,https://www.sec.gov/Archives/edgar/data/356682/000175272424257159/primary_doc.xml,0001752724-24-257159,2024-11-19,2024-09-30
S000008719,Calvert Equity Fund,2024-08-31,63486378.18,0.0,164396880.66,disclosed,1.0,https://www.sec.gov/Archives/edgar/data/356682/000175272424257159/primary_doc.xml,0001752724-24-257159,2024-11-19,2024-09-30
S000008719,Calvert Equity Fund,2024-09-30,46236157.62,0.0,130109258.17,disclosed,1.0,https://www.sec.gov/Archives/edgar/data/356682/000175272424257159/primary_doc.xml,0001752724-24-257159,2024-11-19,2024-09-30
S000008719,Calvert Equity Fund,2024-10-31,43854594.19,0.0,167858190.89,disclosed,1.0,https://www.sec.gov/Archives/edgar/data/356682/000175272425045760/primary_doc.xml,0001752724-25-045760,2025-02-28,2024-12-31
S000008719,Calvert Equity Fund,2024-11-30,43130238.58,0.0,198487360.61,disclosed,1.0,https://www.sec.gov/Archives/edgar/data/356682/000175272425045760/primary_doc.xml,0001752724-25-045760,2025-02-28,2024-12-31
S000008719,Calvert Equity Fund,2024-12-31,69227911.52,440456721.41,225175101.6,disclosed,1.0,https://www.sec.gov/Archives/edgar/data/356682/000175272425045760/primary_doc.xml,0001752724-25-045760,2025-02-28,2024-12-31
S000008719,Calvert Equity Fund,2025-01-31,76375440.82,21709.21,260437699.44,disclosed,1.0,https://www.sec.gov/Archives/edgar/data/356682/000175272425107490/primary_doc.xml,0001752724-25-107490,2025-05-19,2025-03-31
S000008719,Calvert Equity Fund,2025-02-28,45405025.94,0.0,184213475.57,disclosed,1.0,https://www.sec.gov/Archives/edgar/data/356682/000175272425107490/primary_doc.xml,0001752724-25-107490,2025-05-19,2025-03-31
S000008719,Calvert Equity Fund,2025-03-31,40720173.94,0.0,188640316.62,disclosed,1.0,https://www.sec.gov/Archives/edgar/data/356682/000175272425107490/primary_doc.xml,0001752724-25-107490,2025-05-19,2025-03-31
S000008719,Calvert Equity Fund,2025-04-30,149411341.74,3.93,185612505.25,disclosed,1.0,https://www.sec.gov/Archives/edgar/data/356682/000175272425207479/primary_doc.xml,0001752724-25-207479,2025-08-27,2025-06-30
S000008719,Calvert Equity Fund,2025-05-31,33182929.18,0.0,119099762.93,disclosed,1.0,https://www.sec.gov/Archives/edgar/data/356682/000175272425207479/primary_doc.xml,0001752724-25-207479,2025-08-27,2025-06-30
S000008719,Calvert Equity Fund,2025-06-30,41121690.07,0.0,140855539.54,disclosed,1.0,https://www.sec.gov/Archives/edgar/data/356682/000175272425207479/primary_doc.xml,0001752724-25-207479,2025-08-27,2025-06-30
S000008719,Calvert Equity Fund,2025-07-31,42241541.89,0.0,175212581.78,disclosed,1.0,https://www.sec.gov/Archives/edgar/data/356682/000141036825028970/primary_doc.xml,0001410368-25-028970,2025-11-24,2025-09-30
S000008719,Calvert Equity Fund,2025-08-31,30278793.45,0.0,118464839.14,disclosed,1.0,https://www.sec.gov/Archives/edgar/data/356682/000141036825028970/primary_doc.xml,0001410368-25-028970,2025-11-24,2025-09-30
S000008719,Calvert Equity Fund,2025-09-30,33696336.25,0.0,264092187.1,disclosed,1.0,https://www.sec.gov/Archives/edgar/data/356682/000141036825028970/primary_doc.xml,0001410368-25-028970,2025-11-24,2025-09-30
S000008719,Calvert Equity Fund,2025-10-31,31444019.56,0.0,179528051.93,disclosed,1.0,https://www.sec.gov/Archives/edgar/data/356682/000141036826020589/primary_doc.xml,0001410368-26-020589,2026-02-27,2025-12-31
S000008719,Calvert Equity Fund,2025-11-30,31733502.78,0.0,165263248.94,disclosed,1.0,https://www.sec.gov/Archives/edgar/data/356682/000141036826020589/primary_doc.xml,0001410368-26-020589,2026-02-27,2025-12-31
S000008719,Calvert Equity Fund,2025-12-31,76654301.39,809510154.07,425875391.53,disclosed,1.0,https://www.sec.gov/Archives/edgar/data/356682/000141036826020589/primary_doc.xml,0001410368-26-020589,2026-02-27,2025-12-31
S000008719,Calvert Equity Fund,2026-01-31,33004333.76,0.0,205931738.52,disclosed,1.0,https://www.sec.gov/Archives/edgar/data/356682/000141036826050770/primary_doc.xml,0001410368-26-050770,2026-05-26,2026-03-31
S000008719,Calvert Equity Fund,2026-02-28,34463755.25,0.0,183625461.57,disclosed,1.0,https://www.sec.gov/Archives/edgar/data/356682/000141036826050770/primary_doc.xml,0001410368-26-050770,2026-05-26,2026-03-31
S000008719,Calvert Equity Fund,2026-03-31,50871866.54,0.0,313727473.71,disclosed,1.0,https://www.sec.gov/Archives/edgar/data/356682/000141036826050770/primary_doc.xml,0001410368-26-050770,2026-05-26,2026-03-31
S000008719,Calvert Equity Fund,2026-04-30,29891408.1,0.0,171913484.81,disclosed,1.0,https://www.sec.gov/Archives/edgar/data/356682/000141036826087730/primary_doc.xml,0001410368-26-087730,2026-08-27,2026-06-30
S000008719,Calvert Equity Fund,2026-05-31,24598941.14,0.0,199196115.37,disclosed,1.0,https://www.sec.gov/Archives/edgar/data/356682/000141036826087730/primary_doc.xml,0001410368-26-087730,2026-08-27,2026-06-30
S000008719,Calvert Equity Fund,2026-06-30,84221400.53,0.0,185583745.91,disclosed,1.0,https://www.sec.gov/Archives/edgar/data/356682/000141036826087730/primary_doc.xml,0001410368-26-087730,2026-08-27,2026-06-30
S000028709,iShares MSCI USA Equal Weighted ETF,2019-09-30,5930854.19,0.0,2961732.72,disclosed,1.0,https://www.sec.gov/Archives/edgar/data/930667/000175272420015386/primary_doc.xml,0001752724-20-015386,2020-01-28,2019-11-30
S000028709,iShares MSCI USA Equal Weighted ETF,2019-10-31,11703854.15,0.0,0.0,disclosed,1.0,https://www.sec.gov/Archives/edgar/data/930667/000175272420015386/primary_doc.xml,0001752724-20-015386,2020-01-28,2019-11-30
S000028709,iShares MSCI USA Equal Weighted ETF,2019-11-30,0.0,0.0,0.0,disclosed,1.0,https://www.sec.gov/Archives/edgar/data/930667/000175272420015386/primary_doc.xml,0001752724-20-015386,2020-01-28,2019-11-30
S000028709,iShares MSCI USA Equal Weighted ETF,2019-12-31,6186932.63,0.0,0.0,disclosed,1.0,https://www.sec.gov/Archives/edgar/data/930667/000175272420080588/primary_doc.xml,0001752724-20-080588,2020-04-27,2020-02-29
S000028709,iShares MSCI USA Equal Weighted ETF,2020-01-31,6470056.87,0.0,0.0,disclosed,1.0,https://www.sec.gov/Archives/edgar/data/930667/000175272420080588/primary_doc.xml,0001752724-20-080588,2020-04-27,2020-02-29
S000028709,iShares MSCI USA Equal Weighted ETF,2020-02-29,15460613.47,0.0,9556487.1,disclosed,1.0,https://www.sec.gov/Archives/edgar/data/930667/000175272420080588/primary_doc.xml,0001752724-20-080588,2020-04-27,2020-02-29
S000028709,iShares MSCI USA Equal Weighted ETF,2020-03-31,7129013.33,0.0,29925349.53,disclosed,1.0,https://www.sec.gov/Archives/edgar/data/930667/000175272420147928/primary_doc.xml,0001752724-20-147928,2020-07-29,2020-05-31
S000028709,iShares MSCI USA Equal Weighted ETF,2020-04-30,2246467.71,0.0,107792000.85,disclosed,1.0,https://www.sec.gov/Archives/edgar/data/930667/000175272420147928/primary_doc.xml,0001752724-20-147928,2020-07-29,2020-05-31
S000028709,iShares MSCI USA Equal Weighted ETF,2020-05-31,17998750.78,0.0,0.0,disclosed,1.0,https://www.sec.gov/Archives/edgar/data/930667/000175272420147928/primary_doc.xml,0001752724-20-147928,2020-07-29,2020-05-31
S000028709,iShares MSCI USA Equal Weighted ETF,2020-06-30,2839291.37,0.0,2823616.4,disclosed,1.0,https://www.sec.gov/Archives/edgar/data/930667/000175272420218556/primary_doc.xml,0001752724-20-218556,2020-10-28,2020-08-31
S000028709,iShares MSCI USA Equal Weighted ETF,2020-07-31,0.0,0.0,2879234.77,disclosed,1.0,https://www.sec.gov/Archives/edgar/data/930667/000175272420218556/primary_doc.xml,0001752724-20-218556,2020-10-28,2020-08-31
S000028709,iShares MSCI USA Equal Weighted ETF,2020-08-31,0.0,0.0,0.0,disclosed,1.0,https://www.sec.gov/Archives/edgar/data/930667/000175272420218556/primary_doc.xml,0001752724-20-218556,2020-10-28,2020-08-31
S000028709,iShares MSCI USA Equal Weighted ETF,2020-09-30,0.0,0.0,0.0,disclosed,1.0,https://www.sec.gov/Archives/edgar/data/930667/000175272421013753/primary_doc.xml,0001752724-21-013753,2021-01-27,2020-11-30
S000028709,iShares MSCI USA Equal Weighted ETF,2020-10-31,0.0,0.0,0.0,disclosed,1.0,https://www.sec.gov/Archives/edgar/data/930667/000175272421013753/primary_doc.xml,0001752724-21-013753,2021-01-27,2020-11-30
S000028709,iShares MSCI USA Equal Weighted ETF,2020-11-30,16989947.08,0.0,0.0,disclosed,1.0,https://www.sec.gov/Archives/edgar/data/930667/000175272421013753/primary_doc.xml,0001752724-21-013753,2021-01-27,2020-11-30
S000028709,iShares MSCI USA Equal Weighted ETF,2020-12-31,7068173.68,0.0,0.0,disclosed,1.0,https://www.sec.gov/Archives/edgar/data/930667/000175272421086108/primary_doc.xml,0001752724-21-086108,2021-04-27,2021-02-28
S000028709,iShares MSCI USA Equal Weighted ETF,2021-01-31,0.0,0.0,0.0,disclosed,1.0,https://www.sec.gov/Archives/edgar/data/930667/000175272421086108/primary_doc.xml,0001752724-21-086108,2021-04-27,2021-02-28
S000028709,iShares MSCI USA Equal Weighted ETF,2021-02-28,37634431.4,0.0,0.0,disclosed,1.0,https://www.sec.gov/Archives/edgar/data/930667/000175272421086108/primary_doc.xml,0001752724-21-086108,2021-04-27,2021-02-28
S000028709,iShares MSCI USA Equal Weighted ETF,2021-03-31,34815281.74,0.0,3831425.71,disclosed,1.0,https://www.sec.gov/Archives/edgar/data/930667/000175272421158958/primary_doc.xml,0001752724-21-158958,2021-07-28,2021-05-31
S000028709,iShares MSCI USA Equal Weighted ETF,2021-04-30,16278285.72,0.0,0.0,disclosed,1.0,https://www.sec.gov/Archives/edgar/data/930667/000175272421158958/primary_doc.xml,0001752724-21-158958,2021-07-28,2021-05-31
S000028709,iShares MSCI USA Equal Weighted ETF,2021-05-31,20434661.09,0.0,4140435.52,disclosed,1.0,https://www.sec.gov/Archives/edgar/data/930667/000175272421158958/primary_doc.xml,0001752724-21-158958,2021-07-28,2021-05-31
S000028709,iShares MSCI USA Equal Weighted ETF,2021-06-30,4209407.36,0.0,0.0,disclosed,1.0,https://www.sec.gov/Archives/edgar/data/930667/000175272421228326/primary_doc.xml,0001752724-21-228326,2021-10-27,2021-08-31
S000028709,iShares MSCI USA Equal Weighted ETF,2021-07-31,4207629.84,0.0,0.0,disclosed,1.0,https://www.sec.gov/Archives/edgar/data/930667/000175272421228326/primary_doc.xml,0001752724-21-228326,2021-10-27,2021-08-31
S000028709,iShares MSCI USA Equal Weighted ETF,2021-08-31,34924595.73,0.0,4370408.44,disclosed,1.0,https://www.sec.gov/Archives/edgar/data/930667/000175272421228326/primary_doc.xml,0001752724-21-228326,2021-10-27,2021-08-31
S000028709,iShares MSCI USA Equal Weighted ETF,2021-09-30,4306610.9,0.0,30615834.0,disclosed,1.0,https://www.sec.gov/Archives/edgar/data/930667/000175272422015690/primary_doc.xml,0001752724-22-015690,2022-01-27,2021-11-30
S000028709,iShares MSCI USA Equal Weighted ETF,2021-10-31,17719083.81,0.0,0.0,disclosed,1.0,https://www.sec.gov/Archives/edgar/data/930667/000175272422015690/primary_doc.xml,0001752724-22-015690,2022-01-27,2021-11-30
S000028709,iShares MSCI USA Equal Weighted ETF,2021-11-30,30575013.75,0.0,0.0,disclosed,1.0,https://www.sec.gov/Archives/edgar/data/930667/000175272422015690/primary_doc.xml,0001752724-22-015690,2022-01-27,2021-11-30
S000028709,iShares MSCI USA Equal Weighted ETF,2021-12-31,13432809.71,0.0,30173032.03,disclosed,1.0,https://www.sec.gov/Archives/edgar/data/930667/000175272422092667/primary_doc.xml,0001752724-22-092667,2022-04-26,2022-02-28
S000028709,iShares MSCI USA Equal Weighted ETF,2022-01-31,12567595.16,0.0,0.0,disclosed,1.0,https://www.sec.gov/Archives/edgar/data/930667/000175272422092667/primary_doc.xml,0001752724-22-092667,2022-04-26,2022-02-28
S000028709,iShares MSCI USA Equal Weighted ETF,2022-02-28,0.0,0.0,12194205.03,disclosed,1.0,https://www.sec.gov/Archives/edgar/data/930667/000175272422092667/primary_doc.xml,0001752724-22-092667,2022-04-26,2022-02-28
S000028709,iShares MSCI USA Equal Weighted ETF,2022-03-31,0.0,0.0,12668670.52,disclosed,1.0,https://www.sec.gov/Archives/edgar/data/930667/000175272422167516/primary_doc.xml,0001752724-22-167516,2022-07-27,2022-05-31
S000028709,iShares MSCI USA Equal Weighted ETF,2022-04-30,4139991.56,0.0,0.0,disclosed,1.0,https://www.sec.gov/Archives/edgar/data/930667/000175272422167516/primary_doc.xml,0001752724-22-167516,2022-07-27,2022-05-31
S000028709,iShares MSCI USA Equal Weighted ETF,2022-05-31,0.0,0.0,7741437.5,disclosed,1.0,https://www.sec.gov/Archives/edgar/data/930667/000175272422167516/primary_doc.xml,0001752724-22-167516,2022-07-27,2022-05-31
S000028709,iShares MSCI USA Equal Weighted ETF,2022-06-30,11218606.5,0.0,-10280254.95,disclosed,1.0,https://www.sec.gov/Archives/edgar/data/930667/000175272422239664/primary_doc.xml,0001752724-22-239664,2022-10-27,2022-08-31
S000028709,iShares MSCI USA Equal Weighted ETF,2022-07-31,10747078.7,0.0,-11111913.01,disclosed,1.0,https://www.sec.gov/Archives/edgar/data/930667/000175272422239664/primary_doc.xml,0001752724-22-239664,2022-10-27,2022-08-31
S000028709,iShares MSCI USA Equal Weighted ETF,2022-08-31,7916797.45,0.0,-7935371.2,disclosed,1.0,https://www.sec.gov/Archives/edgar/data/930667/000175272422239664/primary_doc.xml,0001752724-22-239664,2022-10-27,2022-08-31
S000028709,iShares MSCI USA Equal Weighted ETF,2022-09-30,0.0,0.0,-3852741.45,disclosed,1.0,https://www.sec.gov/Archives/edgar/data/930667/000175272423011817/primary_doc.xml,0001752724-23-011817,2023-01-25,2022-11-30
S000028709,iShares MSCI USA Equal Weighted ETF,2022-10-31,6928735.45,0.0,0.0,disclosed,1.0,https://www.sec.gov/Archives/edgar/data/930667/000175272423011817/primary_doc.xml,0001752724-23-011817,2023-01-25,2022-11-30
S000028709,iShares MSCI USA Equal Weighted ETF,2022-11-30,3619082.25,0.0,-11187864.35,disclosed,1.0,https://www.sec.gov/Archives/edgar/data/930667/000175272423011817/primary_doc.xml,0001752724-23-011817,2023-01-25,2022-11-30
S000028709,iShares MSCI USA Equal Weighted ETF,2022-12-31,11231007.91,0.0,-7737410.4,disclosed,1.0,https://www.sec.gov/Archives/edgar/data/930667/000175272423087915/primary_doc.xml,0001752724-23-087915,2023-04-26,2023-02-28
S000028709,iShares MSCI USA Equal Weighted ETF,2023-01-31,71267971.55,0.0,0.0,disclosed,1.0,https://www.sec.gov/Archives/edgar/data/930667/000175272423087915/primary_doc.xml,0001752724-23-087915,2023-04-26,2023-02-28
S000028709,iShares MSCI USA Equal Weighted ETF,2023-02-28,7910288.8,0.0,-31555789.35,disclosed,1.0,https://www.sec.gov/Archives/edgar/data/930667/000175272423087915/primary_doc.xml,0001752724-23-087915,2023-04-26,2023-02-28
S000028709,iShares MSCI USA Equal Weighted ETF,2023-03-31,7445003.05,0.0,-25581985.25,disclosed,1.0,https://www.sec.gov/Archives/edgar/data/930667/000175272423161527/primary_doc.xml,0001752724-23-161527,2023-07-25,2023-05-31
S000028709,iShares MSCI USA Equal Weighted ETF,2023-04-30,0.0,0.0,-33985820.75,disclosed,1.0,https://www.sec.gov/Archives/edgar/data/930667/000175272423161527/primary_doc.xml,0001752724-23-161527,2023-07-25,2023-05-31
S000028709,iShares MSCI USA Equal Weighted ETF,2023-05-31,3667194.35,0.0,-3743763.4,disclosed,1.0,https://www.sec.gov/Archives/edgar/data/930667/000175272423161527/primary_doc.xml,0001752724-23-161527,2023-07-25,2023-05-31
S000028709,iShares MSCI USA Equal Weighted ETF,2023-06-30,26615985.9,0.0,0.0,disclosed,1.0,https://www.sec.gov/Archives/edgar/data/930667/000175272423237915/primary_doc.xml,0001752724-23-237915,2023-10-26,2023-08-31
S000028709,iShares MSCI USA Equal Weighted ETF,2023-07-31,56156078.95,0.0,0.0,disclosed,1.0,https://www.sec.gov/Archives/edgar/data/930667/000175272423237915/primary_doc.xml,0001752724-23-237915,2023-10-26,2023-08-31
S000028709,iShares MSCI USA Equal Weighted ETF,2023-08-31,35716268.7,0.0,0.0,disclosed,1.0,https://www.sec.gov/Archives/edgar/data/930667/000175272423237915/primary_doc.xml,0001752724-23-237915,2023-10-26,2023-08-31
S000028709,iShares MSCI USA Equal Weighted ETF,2023-09-30,7797579.96,0.0,-23072197.0,disclosed,1.0,https://www.sec.gov/Archives/edgar/data/930667/000175272424013875/primary_doc.xml,0001752724-24-013875,2024-01-25,2023-11-30
S000028709,iShares MSCI USA Equal Weighted ETF,2023-10-31,7122351.2,0.0,-7583908.8,disclosed,1.0,https://www.sec.gov/Archives/edgar/data/930667/000175272424013875/primary_doc.xml,0001752724-24-013875,2024-01-25,2023-11-30
S000028709,iShares MSCI USA Equal Weighted ETF,2023-11-30,49840785.66,0.0,-7768500.85,disclosed,1.0,https://www.sec.gov/Archives/edgar/data/930667/000175272424013875/primary_doc.xml,0001752724-24-013875,2024-01-25,2023-11-30
S000028709,iShares MSCI USA Equal Weighted ETF,2023-12-31,20852293.22,0.0,-4134892.5,disclosed,1.0,https://www.sec.gov/Archives/edgar/data/930667/000175272424087390/primary_doc.xml,0001752724-24-087390,2024-04-24,2024-02-29
S000028709,iShares MSCI USA Equal Weighted ETF,2024-01-31,8380900.2,0.0,-24627276.0,disclosed,1.0,https://www.sec.gov/Archives/edgar/data/930667/000175272424087390/primary_doc.xml,0001752724-24-087390,2024-04-24,2024-02-29
S000028709,iShares MSCI USA Equal Weighted ETF,2024-02-29,68936429.63,0.0,0.0,disclosed,1.0,https://www.sec.gov/Archives/edgar/data/930667/000175272424087390/primary_doc.xml,0001752724-24-087390,2024-04-24,2024-02-29
S000028709,iShares MSCI USA Equal Weighted ETF,2024-03-31,17642928.2,0.0,0.0,disclosed,1.0,https://www.sec.gov/Archives/edgar/data/930667/000175272424164113/primary_doc.xml,0001752724-24-164113,2024-07-25,2024-05-31
S000028709,iShares MSCI USA Equal Weighted ETF,2024-04-30,0.0,0.0,0.0,disclosed,1.0,https://www.sec.gov/Archives/edgar/data/930667/000175272424164113/primary_doc.xml,0001752724-24-164113,2024-07-25,2024-05-31
S000028709,iShares MSCI USA Equal Weighted ETF,2024-05-31,9034124.4,0.0,22035627.1,disclosed,1.0,https://www.sec.gov/Archives/edgar/data/930667/000175272424164113/primary_doc.xml,0001752724-24-164113,2024-07-25,2024-05-31
S000028709,iShares MSCI USA Equal Weighted ETF,2024-06-30,4437493.65,0.0,0.0,disclosed,1.0,https://www.sec.gov/Archives/edgar/data/930667/000175272424240241/primary_doc.xml,0001752724-24-240241,2024-10-28,2024-08-31
S000028709,iShares MSCI USA Equal Weighted ETF,2024-07-31,57988796.7,0.0,22370718.7,disclosed,1.0,https://www.sec.gov/Archives/edgar/data/930667/000175272424240241/primary_doc.xml,0001752724-24-240241,2024-10-28,2024-08-31
S000028709,iShares MSCI USA Equal Weighted ETF,2024-08-31,4564072.4,0.0,9006969.95,disclosed,1.0,https://www.sec.gov/Archives/edgar/data/930667/000175272424240241/primary_doc.xml,0001752724-24-240241,2024-10-28,2024-08-31
S000028709,iShares MSCI USA Equal Weighted ETF,2024-09-30,28241032.95,0.0,4762351.2,disclosed,1.0,https://www.sec.gov/Archives/edgar/data/930667/000175272425011140/primary_doc.xml,0001752724-25-011140,2025-01-23,2024-11-30
S000028709,iShares MSCI USA Equal Weighted ETF,2024-10-31,80951972.85,0.0,4833809.4,disclosed,1.0,https://www.sec.gov/Archives/edgar/data/930667/000175272425011140/primary_doc.xml,0001752724-25-011140,2025-01-23,2024-11-30
S000028709,iShares MSCI USA Equal Weighted ETF,2024-11-30,15093824.45,0.0,0.0,disclosed,1.0,https://www.sec.gov/Archives/edgar/data/930667/000175272425011140/primary_doc.xml,0001752724-25-011140,2025-01-23,2024-11-30
S000028709,iShares MSCI USA Equal Weighted ETF,2024-12-31,152525673.35,0.0,9600566.4,disclosed,1.0,https://www.sec.gov/Archives/edgar/data/930667/000175272425088419/primary_doc.xml,0001752724-25-088419,2025-04-23,2025-02-28
S000028709,iShares MSCI USA Equal Weighted ETF,2025-01-31,92612916.25,0.0,0.0,disclosed,1.0,https://www.sec.gov/Archives/edgar/data/930667/000175272425088419/primary_doc.xml,0001752724-25-088419,2025-04-23,2025-02-28
S000028709,iShares MSCI USA Equal Weighted ETF,2025-02-28,63881153.45,0.0,9771430.2,disclosed,1.0,https://www.sec.gov/Archives/edgar/data/930667/000175272425088419/primary_doc.xml,0001752724-25-088419,2025-04-23,2025-02-28
S000028709,iShares MSCI USA Equal Weighted ETF,2025-03-31,32676395.5,0.0,14275501.35,disclosed,1.0,https://www.sec.gov/Archives/edgar/data/930667/000175272425176181/primary_doc.xml,0001752724-25-176181,2025-07-24,2025-05-31
S000028709,iShares MSCI USA Equal Weighted ETF,2025-04-30,205949143.3,0.0,21118254.9,disclosed,1.0,https://www.sec.gov/Archives/edgar/data/930667/000175272425176181/primary_doc.xml,0001752724-25-176181,2025-07-24,2025-05-31
S000028709,iShares MSCI USA Equal Weighted ETF,2025-05-31,33596151.05,0.0,42371044.85,disclosed,1.0,https://www.sec.gov/Archives/edgar/data/930667/000175272425176181/primary_doc.xml,0001752724-25-176181,2025-07-24,2025-05-31
S000028709,iShares MSCI USA Equal Weighted ETF,2025-06-30,33689269.9,0.0,14609528.3,disclosed,1.0,https://www.sec.gov/Archives/edgar/data/930667/000100472625001386/primary_doc.xml,0001004726-25-001386,2025-10-27,2025-08-31
S000028709,iShares MSCI USA Equal Weighted ETF,2025-07-31,9980325.6,0.0,0.0,disclosed,1.0,https://www.sec.gov/Archives/edgar/data/930667/000100472625001386/primary_doc.xml,0001004726-25-001386,2025-10-27,2025-08-31
S000028709,iShares MSCI USA Equal Weighted ETF,2025-08-31,20157013.6,0.0,20154125.9,disclosed,1.0,https://www.sec.gov/Archives/edgar/data/930667/000100472625001386/primary_doc.xml,0001004726-25-001386,2025-10-27,2025-08-31
S000028709,iShares MSCI USA Equal Weighted ETF,2025-09-30,25659512.5,0.0,153058553.7,disclosed,1.0,https://www.sec.gov/Archives/edgar/data/930667/000100472626000492/primary_doc.xml,0001004726-26-000492,2026-01-28,2025-11-30
S000028709,iShares MSCI USA Equal Weighted ETF,2025-10-31,5147686.65,0.0,56935449.3,disclosed,1.0,https://www.sec.gov/Archives/edgar/data/930667/000100472626000492/primary_doc.xml,0001004726-26-000492,2026-01-28,2025-11-30
S000028709,iShares MSCI USA Equal Weighted ETF,2025-11-30,15264703.55,0.0,10290109.3,disclosed,1.0,https://www.sec.gov/Archives/edgar/data/930667/000100472626000492/primary_doc.xml,0001004726-26-000492,2026-01-28,2025-11-30
S000028709,iShares MSCI USA Equal Weighted ETF,2025-12-31,46917264.6,0.0,0.0,disclosed,1.0,https://www.sec.gov/Archives/edgar/data/930667/000100472626002859/primary_doc.xml,0001004726-26-002859,2026-04-23,2026-02-28
S000028709,iShares MSCI USA Equal Weighted ETF,2026-01-31,47724551.25,0.0,0.0,disclosed,1.0,https://www.sec.gov/Archives/edgar/data/930667/000100472626002859/primary_doc.xml,0001004726-26-002859,2026-04-23,2026-02-28
S000028709,iShares MSCI USA Equal Weighted ETF,2026-02-28,16115575.85,0.0,0.0,disclosed,1.0,https://www.sec.gov/Archives/edgar/data/930667/000100472626002859/primary_doc.xml,0001004726-26-002859,2026-04-23,2026-02-28
S000028709,iShares MSCI USA Equal Weighted ETF,2026-03-31,21139314.9,0.0,5339116.9,disclosed,1.0,https://www.sec.gov/Archives/edgar/data/930667/000100472626006404/primary_doc.xml,0001004726-26-006404,2026-07-27,2026-05-31
S000028709,iShares MSCI USA Equal Weighted ETF,2026-04-30,10777138.7,0.0,21006713.4,disclosed,1.0,https://www.sec.gov/Archives/edgar/data/930667/000100472626006404/primary_doc.xml,0001004726-26-006404,2026-07-27,2026-05-31
S000028709,iShares MSCI USA Equal Weighted ETF,2026-05-31,89006800.85,0.0,5495756.5,disclosed,1.0,https://www.sec.gov/Archives/edgar/data/930667/000100472626006404/primary_doc.xml,0001004726-26-006404,2026-07-27,2026-05-31
S000055381,iShares ESG Aware MSCI USA ETF,2019-09-30,897978001.11,0.0,49509587.85,disclosed,1.0,https://www.sec.gov/Archives/edgar/data/1100663/000175272420015327/primary_doc.xml,0001752724-20-015327,2020-01-28,2019-11-30
S000055381,iShares ESG Aware MSCI USA ETF,2019-10-31,78790333.76,0.0,0.0,disclosed,1.0,https://www.sec.gov/Archives/edgar/data/1100663/000175272420015327/primary_doc.xml,0001752724-20-015327,2020-01-28,2019-11-30
S000055381,iShares ESG Aware MSCI USA ETF,2019-11-30,72224595.45,0.0,38254028.96,disclosed,1.0,https://www.sec.gov/Archives/edgar/data/1100663/000175272420015327/primary_doc.xml,0001752724-20-015327,2020-01-28,2019-11-30
S000055381,iShares ESG Aware MSCI USA ETF,2019-12-31,83618499.27,0.0,0.0,disclosed,1.0,https://www.sec.gov/Archives/edgar/data/1100663/000175272420080247/primary_doc.xml,0001752724-20-080247,2020-04-27,2020-02-29
S000055381,iShares ESG Aware MSCI USA ETF,2020-01-31,1931065657.0,0.0,0.0,disclosed,1.0,https://www.sec.gov/Archives/edgar/data/1100663/000175272420080247/primary_doc.xml,0001752724-20-080247,2020-04-27,2020-02-29
S000055381,iShares ESG Aware MSCI USA ETF,2020-02-29,377027657.99,0.0,0.0,disclosed,1.0,https://www.sec.gov/Archives/edgar/data/1100663/000175272420080247/primary_doc.xml,0001752724-20-080247,2020-04-27,2020-02-29
S000055381,iShares ESG Aware MSCI USA ETF,2020-03-31,606621417.16,0.0,119255365.85,disclosed,1.0,https://www.sec.gov/Archives/edgar/data/1100663/000175272420148121/primary_doc.xml,0001752724-20-148121,2020-07-30,2020-05-31
S000055381,iShares ESG Aware MSCI USA ETF,2020-04-30,2605929667.52,0.0,12620086.03,disclosed,1.0,https://www.sec.gov/Archives/edgar/data/1100663/000175272420148121/primary_doc.xml,0001752724-20-148121,2020-07-30,2020-05-31
S000055381,iShares ESG Aware MSCI USA ETF,2020-05-31,543403640.41,0.0,300498179.24,disclosed,1.0,https://www.sec.gov/Archives/edgar/data/1100663/000175272420148121/primary_doc.xml,0001752724-20-148121,2020-07-30,2020-05-31
S000055381,iShares ESG Aware MSCI USA ETF,2020-06-30,349660936.66,0.0,761283536.47,disclosed,1.0,https://www.sec.gov/Archives/edgar/data/1100663/000175272420218548/primary_doc.xml,0001752724-20-218548,2020-10-28,2020-08-31
S000055381,iShares ESG Aware MSCI USA ETF,2020-07-31,590448501.46,0.0,0.0,disclosed,1.0,https://www.sec.gov/Archives/edgar/data/1100663/000175272420218548/primary_doc.xml,0001752724-20-218548,2020-10-28,2020-08-31
S000055381,iShares ESG Aware MSCI USA ETF,2020-08-31,333267348.83,0.0,42074374.05,disclosed,1.0,https://www.sec.gov/Archives/edgar/data/1100663/000175272420218548/primary_doc.xml,0001752724-20-218548,2020-10-28,2020-08-31
S000055381,iShares ESG Aware MSCI USA ETF,2020-09-30,352139105.62,0.0,94073538.09,disclosed,1.0,https://www.sec.gov/Archives/edgar/data/1100663/000175272421013729/primary_doc.xml,0001752724-21-013729,2021-01-27,2020-11-30
S000055381,iShares ESG Aware MSCI USA ETF,2020-10-31,1965486054.23,0.0,3996018.44,disclosed,1.0,https://www.sec.gov/Archives/edgar/data/1100663/000175272421013729/primary_doc.xml,0001752724-21-013729,2021-01-27,2020-11-30
S000055381,iShares ESG Aware MSCI USA ETF,2020-11-30,995997341.41,0.0,0.0,disclosed,1.0,https://www.sec.gov/Archives/edgar/data/1100663/000175272421013729/primary_doc.xml,0001752724-21-013729,2021-01-27,2020-11-30
S000055381,iShares ESG Aware MSCI USA ETF,2020-12-31,621682636.4,0.0,386718694.49,disclosed,1.0,https://www.sec.gov/Archives/edgar/data/1100663/000175272421086065/primary_doc.xml,0001752724-21-086065,2021-04-27,2021-02-28
S000055381,iShares ESG Aware MSCI USA ETF,2021-01-31,840668639.16,0.0,1134789567.43,disclosed,1.0,https://www.sec.gov/Archives/edgar/data/1100663/000175272421086065/primary_doc.xml,0001752724-21-086065,2021-04-27,2021-02-28
S000055381,iShares ESG Aware MSCI USA ETF,2021-02-28,1307295113.1,0.0,85694257.03,disclosed,1.0,https://www.sec.gov/Archives/edgar/data/1100663/000175272421086065/primary_doc.xml,0001752724-21-086065,2021-04-27,2021-02-28
S000055381,iShares ESG Aware MSCI USA ETF,2021-03-31,892887814.44,0.0,474643432.46,disclosed,1.0,https://www.sec.gov/Archives/edgar/data/1100663/000175272421158988/primary_doc.xml,0001752724-21-158988,2021-07-28,2021-05-31
S000055381,iShares ESG Aware MSCI USA ETF,2021-04-30,774098760.03,0.0,223532506.08,disclosed,1.0,https://www.sec.gov/Archives/edgar/data/1100663/000175272421158988/primary_doc.xml,0001752724-21-158988,2021-07-28,2021-05-31
S000055381,iShares ESG Aware MSCI USA ETF,2021-05-31,589991325.35,0.0,172487893.86,disclosed,1.0,https://www.sec.gov/Archives/edgar/data/1100663/000175272421158988/primary_doc.xml,0001752724-21-158988,2021-07-28,2021-05-31
S000055381,iShares ESG Aware MSCI USA ETF,2021-06-30,698766907.07,0.0,136497511.43,disclosed,1.0,https://www.sec.gov/Archives/edgar/data/1100663/000175272421228442/primary_doc.xml,0001752724-21-228442,2021-10-27,2021-08-31
S000055381,iShares ESG Aware MSCI USA ETF,2021-07-31,2037951325.61,0.0,104389430.45,disclosed,1.0,https://www.sec.gov/Archives/edgar/data/1100663/000175272421228442/primary_doc.xml,0001752724-21-228442,2021-10-27,2021-08-31
S000055381,iShares ESG Aware MSCI USA ETF,2021-08-31,1682011424.92,0.0,142790531.54,disclosed,1.0,https://www.sec.gov/Archives/edgar/data/1100663/000175272421228442/primary_doc.xml,0001752724-21-228442,2021-10-27,2021-08-31
S000055381,iShares ESG Aware MSCI USA ETF,2021-09-30,584019812.15,0.0,684152735.32,disclosed,1.0,https://www.sec.gov/Archives/edgar/data/1100663/000175272422015675/primary_doc.xml,0001752724-22-015675,2022-01-27,2021-11-30
S000055381,iShares ESG Aware MSCI USA ETF,2021-10-31,553642801.52,0.0,135332937.59,disclosed,1.0,https://www.sec.gov/Archives/edgar/data/1100663/000175272422015675/primary_doc.xml,0001752724-22-015675,2022-01-27,2021-11-30
S000055381,iShares ESG Aware MSCI USA ETF,2021-11-30,1910145505.05,0.0,0.0,disclosed,1.0,https://www.sec.gov/Archives/edgar/data/1100663/000175272422015675/primary_doc.xml,0001752724-22-015675,2022-01-27,2021-11-30
S000055381,iShares ESG Aware MSCI USA ETF,2021-12-31,771907327.58,0.0,1161589918.81,disclosed,1.0,https://www.sec.gov/Archives/edgar/data/1100663/000175272422092726/primary_doc.xml,0001752724-22-092726,2022-04-26,2022-02-28
S000055381,iShares ESG Aware MSCI USA ETF,2022-01-31,1028802262.6,0.0,505232679.13,disclosed,1.0,https://www.sec.gov/Archives/edgar/data/1100663/000175272422092726/primary_doc.xml,0001752724-22-092726,2022-04-26,2022-02-28
S000055381,iShares ESG Aware MSCI USA ETF,2022-02-28,451938685.21,0.0,670105807.05,disclosed,1.0,https://www.sec.gov/Archives/edgar/data/1100663/000175272422092726/primary_doc.xml,0001752724-22-092726,2022-04-26,2022-02-28
S000055381,iShares ESG Aware MSCI USA ETF,2022-03-31,630343393.72,0.0,0.0,disclosed,1.0,https://www.sec.gov/Archives/edgar/data/1100663/000175272422167566/primary_doc.xml,0001752724-22-167566,2022-07-27,2022-05-31
S000055381,iShares ESG Aware MSCI USA ETF,2022-04-30,764707575.34,0.0,0.0,disclosed,1.0,https://www.sec.gov/Archives/edgar/data/1100663/000175272422167566/primary_doc.xml,0001752724-22-167566,2022-07-27,2022-05-31
S000055381,iShares ESG Aware MSCI USA ETF,2022-05-31,254725984.75,0.0,745068046.4,disclosed,1.0,https://www.sec.gov/Archives/edgar/data/1100663/000175272422167566/primary_doc.xml,0001752724-22-167566,2022-07-27,2022-05-31
S000055381,iShares ESG Aware MSCI USA ETF,2022-06-30,330855064.15,0.0,-121036610.75,disclosed,1.0,https://www.sec.gov/Archives/edgar/data/1100663/000175272422239662/primary_doc.xml,0001752724-22-239662,2022-10-27,2022-08-31
S000055381,iShares ESG Aware MSCI USA ETF,2022-07-31,104301735.05,0.0,-149483974.51,disclosed,1.0,https://www.sec.gov/Archives/edgar/data/1100663/000175272422239662/primary_doc.xml,0001752724-22-239662,2022-10-27,2022-08-31
S000055381,iShares ESG Aware MSCI USA ETF,2022-08-31,289801459.65,0.0,-228902171.5,disclosed,1.0,https://www.sec.gov/Archives/edgar/data/1100663/000175272422239662/primary_doc.xml,0001752724-22-239662,2022-10-27,2022-08-31
S000055381,iShares ESG Aware MSCI USA ETF,2022-09-30,129443702.9,0.0,-116209431.3,disclosed,1.0,https://www.sec.gov/Archives/edgar/data/1100663/000175272423011814/primary_doc.xml,0001752724-23-011814,2023-01-25,2022-11-30
S000055381,iShares ESG Aware MSCI USA ETF,2022-10-31,104450480.15,0.0,-1618363367.3,disclosed,1.0,https://www.sec.gov/Archives/edgar/data/1100663/000175272423011814/primary_doc.xml,0001752724-23-011814,2023-01-25,2022-11-30
S000055381,iShares ESG Aware MSCI USA ETF,2022-11-30,30792273.1,0.0,-340535790.05,disclosed,1.0,https://www.sec.gov/Archives/edgar/data/1100663/000175272423011814/primary_doc.xml,0001752724-23-011814,2023-01-25,2022-11-30
S000055381,iShares ESG Aware MSCI USA ETF,2022-12-31,185766923.5,0.0,-113618138.1,disclosed,1.0,https://www.sec.gov/Archives/edgar/data/1100663/000175272423087917/primary_doc.xml,0001752724-23-087917,2023-04-26,2023-02-28
S000055381,iShares ESG Aware MSCI USA ETF,2023-01-31,180350614.15,0.0,-974637110.15,disclosed,1.0,https://www.sec.gov/Archives/edgar/data/1100663/000175272423087917/primary_doc.xml,0001752724-23-087917,2023-04-26,2023-02-28
S000055381,iShares ESG Aware MSCI USA ETF,2023-02-28,136097212.75,0.0,-342949832.45,disclosed,1.0,https://www.sec.gov/Archives/edgar/data/1100663/000175272423087917/primary_doc.xml,0001752724-23-087917,2023-04-26,2023-02-28
S000055381,iShares ESG Aware MSCI USA ETF,2023-03-31,57279632.85,0.0,-5468750247.6,disclosed,1.0,https://www.sec.gov/Archives/edgar/data/1100663/000175272423161524/primary_doc.xml,0001752724-23-161524,2023-07-25,2023-05-31
S000055381,iShares ESG Aware MSCI USA ETF,2023-04-30,85479709.55,0.0,-868141491.55,disclosed,1.0,https://www.sec.gov/Archives/edgar/data/1100663/000175272423161524/primary_doc.xml,0001752724-23-161524,2023-07-25,2023-05-31
S000055381,iShares ESG Aware MSCI USA ETF,2023-05-31,23105217.25,0.0,-250726760.7,disclosed,1.0,https://www.sec.gov/Archives/edgar/data/1100663/000175272423161524/primary_doc.xml,0001752724-23-161524,2023-07-25,2023-05-31
S000055381,iShares ESG Aware MSCI USA ETF,2023-06-30,409288203.95,0.0,-76118789.35,disclosed,1.0,https://www.sec.gov/Archives/edgar/data/1100663/000175272423237853/primary_doc.xml,0001752724-23-237853,2023-10-26,2023-08-31
S000055381,iShares ESG Aware MSCI USA ETF,2023-07-31,219746445.5,0.0,-1937255966.4,disclosed,1.0,https://www.sec.gov/Archives/edgar/data/1100663/000175272423237853/primary_doc.xml,0001752724-23-237853,2023-10-26,2023-08-31
S000055381,iShares ESG Aware MSCI USA ETF,2023-08-31,4839197.6,0.0,-333497616.35,disclosed,1.0,https://www.sec.gov/Archives/edgar/data/1100663/000175272423237853/primary_doc.xml,0001752724-23-237853,2023-10-26,2023-08-31
S000055381,iShares ESG Aware MSCI USA ETF,2023-09-30,75093911.56,0.0,-107198406.68,disclosed,1.0,https://www.sec.gov/Archives/edgar/data/1100663/000175272424013876/primary_doc.xml,0001752724-24-013876,2024-01-25,2023-11-30
S000055381,iShares ESG Aware MSCI USA ETF,2023-10-31,33250465.25,0.0,-204086816.25,disclosed,1.0,https://www.sec.gov/Archives/edgar/data/1100663/000175272424013876/primary_doc.xml,0001752724-24-013876,2024-01-25,2023-11-30
S000055381,iShares ESG Aware MSCI USA ETF,2023-11-30,83071978.7,0.0,-86628092.5,disclosed,1.0,https://www.sec.gov/Archives/edgar/data/1100663/000175272424013876/primary_doc.xml,0001752724-24-013876,2024-01-25,2023-11-30
S000055381,iShares ESG Aware MSCI USA ETF,2023-12-31,118996946.86,0.0,-56768085.95,disclosed,1.0,https://www.sec.gov/Archives/edgar/data/1100663/000175272424087388/primary_doc.xml,0001752724-24-087388,2024-04-24,2024-02-29
S000055381,iShares ESG Aware MSCI USA ETF,2024-01-31,120455983.42,0.0,-623023412.07,disclosed,1.0,https://www.sec.gov/Archives/edgar/data/1100663/000175272424087388/primary_doc.xml,0001752724-24-087388,2024-04-24,2024-02-29
S000055381,iShares ESG Aware MSCI USA ETF,2024-02-29,120981825.44,0.0,-373971729.94,disclosed,1.0,https://www.sec.gov/Archives/edgar/data/1100663/000175272424087388/primary_doc.xml,0001752724-24-087388,2024-04-24,2024-02-29
S000055381,iShares ESG Aware MSCI USA ETF,2024-03-31,130114660.9,0.0,1254586887.4,disclosed,1.0,https://www.sec.gov/Archives/edgar/data/1100663/000175272424164115/primary_doc.xml,0001752724-24-164115,2024-07-25,2024-05-31
S000055381,iShares ESG Aware MSCI USA ETF,2024-04-30,253212553.65,0.0,168185303.6,disclosed,1.0,https://www.sec.gov/Archives/edgar/data/1100663/000175272424164115/primary_doc.xml,0001752724-24-164115,2024-07-25,2024-05-31
S000055381,iShares ESG Aware MSCI USA ETF,2024-05-31,247373147.75,0.0,324029848.8,disclosed,1.0,https://www.sec.gov/Archives/edgar/data/1100663/000175272424164115/primary_doc.xml,0001752724-24-164115,2024-07-25,2024-05-31
S000055381,iShares ESG Aware MSCI USA ETF,2024-06-30,148134687.4,0.0,594970819.9,disclosed,1.0,https://www.sec.gov/Archives/edgar/data/1100663/000175272424240237/primary_doc.xml,0001752724-24-240237,2024-10-28,2024-08-31
S000055381,iShares ESG Aware MSCI USA ETF,2024-07-31,206735018.2,0.0,314430887.15,disclosed,1.0,https://www.sec.gov/Archives/edgar/data/1100663/000175272424240237/primary_doc.xml,0001752724-24-240237,2024-10-28,2024-08-31
S000055381,iShares ESG Aware MSCI USA ETF,2024-08-31,42633920.05,0.0,175712590.3,disclosed,1.0,https://www.sec.gov/Archives/edgar/data/1100663/000175272424240237/primary_doc.xml,0001752724-24-240237,2024-10-28,2024-08-31
S000055381,iShares ESG Aware MSCI USA ETF,2024-09-30,195668676.6,0.0,69018070.65,disclosed,1.0,https://www.sec.gov/Archives/edgar/data/1100663/000175272425011141/primary_doc.xml,0001752724-25-011141,2025-01-23,2024-11-30
S000055381,iShares ESG Aware MSCI USA ETF,2024-10-31,139156494.35,0.0,44567345.8,disclosed,1.0,https://www.sec.gov/Archives/edgar/data/1100663/000175272425011141/primary_doc.xml,0001752724-25-011141,2025-01-23,2024-11-30
S000055381,iShares ESG Aware MSCI USA ETF,2024-11-30,388374378.1,0.0,91239849.7,disclosed,1.0,https://www.sec.gov/Archives/edgar/data/1100663/000175272425011141/primary_doc.xml,0001752724-25-011141,2025-01-23,2024-11-30
S000055381,iShares ESG Aware MSCI USA ETF,2024-12-31,170115688.15,0.0,1026943098.7,disclosed,1.0,https://www.sec.gov/Archives/edgar/data/1100663/000175272425088416/primary_doc.xml,0001752724-25-088416,2025-04-23,2025-02-28
S000055381,iShares ESG Aware MSCI USA ETF,2025-01-31,660517860.55,0.0,65292134.4,disclosed,1.0,https://www.sec.gov/Archives/edgar/data/1100663/000175272425088416/primary_doc.xml,0001752724-25-088416,2025-04-23,2025-02-28
S000055381,iShares ESG Aware MSCI USA ETF,2025-02-28,126177382.2,0.0,328834637.95,disclosed,1.0,https://www.sec.gov/Archives/edgar/data/1100663/000175272425088416/primary_doc.xml,0001752724-25-088416,2025-04-23,2025-02-28
S000055381,iShares ESG Aware MSCI USA ETF,2025-03-31,201982745.4,0.0,274813126.45,disclosed,1.0,https://www.sec.gov/Archives/edgar/data/1100663/000175272425176182/primary_doc.xml,0001752724-25-176182,2025-07-24,2025-05-31
S000055381,iShares ESG Aware MSCI USA ETF,2025-04-30,51694398.45,0.0,196268751.65,disclosed,1.0,https://www.sec.gov/Archives/edgar/data/1100663/000175272425176182/primary_doc.xml,0001752724-25-176182,2025-07-24,2025-05-31
S000055381,iShares ESG Aware MSCI USA ETF,2025-05-31,153800216.2,0.0,201332334.95,disclosed,1.0,https://www.sec.gov/Archives/edgar/data/1100663/000175272425176182/primary_doc.xml,0001752724-25-176182,2025-07-24,2025-05-31
S000055381,iShares ESG Aware MSCI USA ETF,2025-06-30,26715705.0,0.0,183039725.6,disclosed,1.0,https://www.sec.gov/Archives/edgar/data/1100663/000100472625001388/primary_doc.xml,0001004726-25-001388,2025-10-27,2025-08-31
S000055381,iShares ESG Aware MSCI USA ETF,2025-07-31,95961435.75,0.0,177863515.45,disclosed,1.0,https://www.sec.gov/Archives/edgar/data/1100663/000100472625001388/primary_doc.xml,0001004726-25-001388,2025-10-27,2025-08-31
S000055381,iShares ESG Aware MSCI USA ETF,2025-08-31,28013809.0,0.0,126298998.35,disclosed,1.0,https://www.sec.gov/Archives/edgar/data/1100663/000100472625001388/primary_doc.xml,0001004726-25-001388,2025-10-27,2025-08-31
S000055381,iShares ESG Aware MSCI USA ETF,2025-09-30,360403546.25,0.0,79389096.3,disclosed,1.0,https://www.sec.gov/Archives/edgar/data/1100663/000100472626000497/primary_doc.xml,0001004726-26-000497,2026-01-28,2025-11-30
S000055381,iShares ESG Aware MSCI USA ETF,2025-10-31,208742995.95,0.0,254290309.85,disclosed,1.0,https://www.sec.gov/Archives/edgar/data/1100663/000100472626000497/primary_doc.xml,0001004726-26-000497,2026-01-28,2025-11-30
S000055381,iShares ESG Aware MSCI USA ETF,2025-11-30,81647123.8,0.0,145107035.25,disclosed,1.0,https://www.sec.gov/Archives/edgar/data/1100663/000100472626000497/primary_doc.xml,0001004726-26-000497,2026-01-28,2025-11-30
S000055381,iShares ESG Aware MSCI USA ETF,2025-12-31,533613077.3,0.0,185818079.95,disclosed,1.0,https://www.sec.gov/Archives/edgar/data/1100663/000100472626002883/primary_doc.xml,0001004726-26-002883,2026-04-23,2026-02-28
S000055381,iShares ESG Aware MSCI USA ETF,2026-01-31,240688066.5,0.0,90110614.5,disclosed,1.0,https://www.sec.gov/Archives/edgar/data/1100663/000100472626002883/primary_doc.xml,0001004726-26-002883,2026-04-23,2026-02-28
S000055381,iShares ESG Aware MSCI USA ETF,2026-02-28,142618491.55,0.0,111861960.05,disclosed,1.0,https://www.sec.gov/Archives/edgar/data/1100663/000100472626002883/primary_doc.xml,0001004726-26-002883,2026-04-23,2026-02-28
S000055381,iShares ESG Aware MSCI USA ETF,2026-03-31,80610947.0,0.0,156930645.61,disclosed,1.0,https://www.sec.gov/Archives/edgar/data/1100663/000100472626006383/primary_doc.xml,0001004726-26-006383,2026-07-27,2026-05-31
S000055381,iShares ESG Aware MSCI USA ETF,2026-04-30,208607048.4,0.0,29599160.6,disclosed,1.0,https://www.sec.gov/Archives/edgar/data/1100663/000100472626006383/primary_doc.xml,0001004726-26-006383,2026-07-27,2026-05-31
S000055381,iShares ESG Aware MSCI USA ETF,2026-05-31,96401428.15,0.0,32167859.4,disclosed,1.0,https://www.sec.gov/Archives/edgar/data/1100663/000100472626006383/primary_doc.xml,0001004726-26-006383,2026-07-27,2026-05-31
S000065220,Xtrackers S&P 500 Scored & Screened ETF,2019-09-30,67648014.55,0.0,0.0,disclosed,1.0,https://www.sec.gov/Archives/edgar/data/1503123/000175272420013687/primary_doc.xml,0001752724-20-013687,2020-01-27,2019-11-29
S000065220,Xtrackers S&P 500 Scored & Screened ETF,2019-10-31,18800319.94,0.0,0.0,disclosed,1.0,https://www.sec.gov/Archives/edgar/data/1503123/000175272420013687/primary_doc.xml,0001752724-20-013687,2020-01-27,2019-11-29
S000065220,Xtrackers S&P 500 Scored & Screened ETF,2019-11-30,0.84,0.0,0.0,disclosed,1.0,https://www.sec.gov/Archives/edgar/data/1503123/000175272420013687/primary_doc.xml,0001752724-20-013687,2020-01-27,2019-11-29
S000065220,Xtrackers S&P 500 Scored & Screened ETF,2019-12-31,1399328.01,0.0,0.0,disclosed,1.0,https://www.sec.gov/Archives/edgar/data/1503123/000175272420079470/primary_doc.xml,0001752724-20-079470,2020-04-27,2020-02-28
S000065220,Xtrackers S&P 500 Scored & Screened ETF,2020-01-31,0.0,0.0,0.0,disclosed,1.0,https://www.sec.gov/Archives/edgar/data/1503123/000175272420079470/primary_doc.xml,0001752724-20-079470,2020-04-27,2020-02-28
S000065220,Xtrackers S&P 500 Scored & Screened ETF,2020-02-29,22221700.96,0.0,0.0,disclosed,1.0,https://www.sec.gov/Archives/edgar/data/1503123/000175272420079470/primary_doc.xml,0001752724-20-079470,2020-04-27,2020-02-28
S000065220,Xtrackers S&P 500 Scored & Screened ETF,2020-03-31,22494043.95,0.0,-41879492.0,disclosed,1.0,https://www.sec.gov/Archives/edgar/data/1503123/000175272420146649/primary_doc.xml,0001752724-20-146649,2020-07-28,2020-05-29
S000065220,Xtrackers S&P 500 Scored & Screened ETF,2020-04-30,13165184.45,0.0,-3484879.53,disclosed,1.0,https://www.sec.gov/Archives/edgar/data/1503123/000175272420146649/primary_doc.xml,0001752724-20-146649,2020-07-28,2020-05-29
S000065220,Xtrackers S&P 500 Scored & Screened ETF,2020-05-31,23170030.37,0.0,-2537874.78,disclosed,1.0,https://www.sec.gov/Archives/edgar/data/1503123/000175272420146649/primary_doc.xml,0001752724-20-146649,2020-07-28,2020-05-29
S000065220,Xtrackers S&P 500 Scored & Screened ETF,2020-06-30,75743829.68,0.0,-12175108.39,disclosed,1.0,https://www.sec.gov/Archives/edgar/data/1503123/000175272420217282/primary_doc.xml,0001752724-20-217282,2020-10-27,2020-08-31
S000065220,Xtrackers S&P 500 Scored & Screened ETF,2020-07-31,23902020.01,0.0,0.0,disclosed,1.0,https://www.sec.gov/Archives/edgar/data/1503123/000175272420217282/primary_doc.xml,0001752724-20-217282,2020-10-27,2020-08-31
S000065220,Xtrackers S&P 500 Scored & Screened ETF,2020-08-31,12077929.21,0.0,0.0,disclosed,1.0,https://www.sec.gov/Archives/edgar/data/1503123/000175272420217282/primary_doc.xml,0001752724-20-217282,2020-10-27,2020-08-31
S000065220,Xtrackers S&P 500 Scored & Screened ETF,2020-09-30,22456444.49,0.0,-5813388.98,disclosed,1.0,https://www.sec.gov/Archives/edgar/data/1503123/000175272421013927/primary_doc.xml,0001752724-21-013927,2021-01-27,2020-11-30
S000065220,Xtrackers S&P 500 Scored & Screened ETF,2020-10-31,54761836.37,0.0,0.0,disclosed,1.0,https://www.sec.gov/Archives/edgar/data/1503123/000175272421013927/primary_doc.xml,0001752724-21-013927,2021-01-27,2020-11-30
S000065220,Xtrackers S&P 500 Scored & Screened ETF,2020-11-30,28299933.75,0.0,-1554577.22,disclosed,1.0,https://www.sec.gov/Archives/edgar/data/1503123/000175272421013927/primary_doc.xml,0001752724-21-013927,2021-01-27,2020-11-30
S000065220,Xtrackers S&P 500 Scored & Screened ETF,2020-12-31,12965457.79,0.0,-1632617.01,disclosed,1.0,https://www.sec.gov/Archives/edgar/data/1503123/000175272421082388/primary_doc.xml,0001752724-21-082388,2021-04-23,2021-02-26
S000065220,Xtrackers S&P 500 Scored & Screened ETF,2021-01-31,24909954.76,0.0,0.0,disclosed,1.0,https://www.sec.gov/Archives/edgar/data/1503123/000175272421082388/primary_doc.xml,0001752724-21-082388,2021-04-23,2021-02-26
S000065220,Xtrackers S&P 500 Scored & Screened ETF,2021-02-28,52432102.39,0.0,-3414586.54,disclosed,1.0,https://www.sec.gov/Archives/edgar/data/1503123/000175272421082388/primary_doc.xml,0001752724-21-082388,2021-04-23,2021-02-26
S000065220,Xtrackers S&P 500 Scored & Screened ETF,2021-03-31,47802261.66,0.0,-20470214.36,disclosed,1.0,https://www.sec.gov/Archives/edgar/data/1503123/000175272421155528/primary_doc.xml,0001752724-21-155528,2021-07-26,2021-05-28
S000065220,Xtrackers S&P 500 Scored & Screened ETF,2021-04-30,64207105.68,0.0,-8843842.1,disclosed,1.0,https://www.sec.gov/Archives/edgar/data/1503123/000175272421155528/primary_doc.xml,0001752724-21-155528,2021-07-26,2021-05-28
S000065220,Xtrackers S&P 500 Scored & Screened ETF,2021-05-31,12844089.48,0.0,-44103260.74,disclosed,1.0,https://www.sec.gov/Archives/edgar/data/1503123/000175272421155528/primary_doc.xml,0001752724-21-155528,2021-07-26,2021-05-28
S000065220,Xtrackers S&P 500 Scored & Screened ETF,2021-06-30,31620735.84,0.0,0.0,disclosed,1.0,https://www.sec.gov/Archives/edgar/data/1503123/000175272421224611/primary_doc.xml,0001752724-21-224611,2021-10-25,2021-08-31
S000065220,Xtrackers S&P 500 Scored & Screened ETF,2021-07-31,32680107.44,0.0,0.0,disclosed,1.0,https://www.sec.gov/Archives/edgar/data/1503123/000175272421224611/primary_doc.xml,0001752724-21-224611,2021-10-25,2021-08-31
S000065220,Xtrackers S&P 500 Scored & Screened ETF,2021-08-31,43571230.57,0.0,-1975652.83,disclosed,1.0,https://www.sec.gov/Archives/edgar/data/1503123/000175272421224611/primary_doc.xml,0001752724-21-224611,2021-10-25,2021-08-31
S000065220,Xtrackers S&P 500 Scored & Screened ETF,2021-09-30,35650335.83,0.0,0.0,disclosed,1.0,https://www.sec.gov/Archives/edgar/data/1503123/000175272422015262/primary_doc.xml,0001752724-22-015262,2022-01-27,2021-11-30
S000065220,Xtrackers S&P 500 Scored & Screened ETF,2021-10-31,23715379.65,0.0,-9550359.41,disclosed,1.0,https://www.sec.gov/Archives/edgar/data/1503123/000175272422015262/primary_doc.xml,0001752724-22-015262,2022-01-27,2021-11-30
S000065220,Xtrackers S&P 500 Scored & Screened ETF,2021-11-30,45898208.33,0.0,-60912465.2,disclosed,1.0,https://www.sec.gov/Archives/edgar/data/1503123/000175272422015262/primary_doc.xml,0001752724-22-015262,2022-01-27,2021-11-30
S000065220,Xtrackers S&P 500 Scored & Screened ETF,2021-12-31,18682624.12,0.0,-2043599.54,disclosed,1.0,https://www.sec.gov/Archives/edgar/data/1503123/000175272422088645/primary_doc.xml,0001752724-22-088645,2022-04-21,2022-02-28
S000065220,Xtrackers S&P 500 Scored & Screened ETF,2022-01-31,53714986.77,0.0,0.0,disclosed,1.0,https://www.sec.gov/Archives/edgar/data/1503123/000175272422088645/primary_doc.xml,0001752724-22-088645,2022-04-21,2022-02-28
S000065220,Xtrackers S&P 500 Scored & Screened ETF,2022-02-28,42423365.88,0.0,-11988362.13,disclosed,1.0,https://www.sec.gov/Archives/edgar/data/1503123/000175272422088645/primary_doc.xml,0001752724-22-088645,2022-04-21,2022-02-28
S000065220,Xtrackers S&P 500 Scored & Screened ETF,2022-03-31,31712682.8,0.0,-13635059.36,disclosed,1.0,https://www.sec.gov/Archives/edgar/data/1503123/000175272422167772/primary_doc.xml,0001752724-22-167772,2022-07-27,2022-05-31
S000065220,Xtrackers S&P 500 Scored & Screened ETF,2022-04-30,82497054.19,0.0,-46774900.66,disclosed,1.0,https://www.sec.gov/Archives/edgar/data/1503123/000175272422167772/primary_doc.xml,0001752724-22-167772,2022-07-27,2022-05-31
S000065220,Xtrackers S&P 500 Scored & Screened ETF,2022-05-31,23367369.06,0.0,-120943606.02,disclosed,1.0,https://www.sec.gov/Archives/edgar/data/1503123/000175272422167772/primary_doc.xml,0001752724-22-167772,2022-07-27,2022-05-31
S000065220,Xtrackers S&P 500 Scored & Screened ETF,2022-06-30,33670940.2,0.0,-75154477.12,disclosed,1.0,https://www.sec.gov/Archives/edgar/data/1503123/000175272422239368/primary_doc.xml,0001752724-22-239368,2022-10-27,2022-08-31
S000065220,Xtrackers S&P 500 Scored & Screened ETF,2022-07-31,15746848.43,0.0,0.0,disclosed,1.0,https://www.sec.gov/Archives/edgar/data/1503123/000175272422239368/primary_doc.xml,0001752724-22-239368,2022-10-27,2022-08-31
S000065220,Xtrackers S&P 500 Scored & Screened ETF,2022-08-31,47210647.67,0.0,-7355247.83,disclosed,1.0,https://www.sec.gov/Archives/edgar/data/1503123/000175272422239368/primary_doc.xml,0001752724-22-239368,2022-10-27,2022-08-31
S000065220,Xtrackers S&P 500 Scored & Screened ETF,2022-09-30,1768007.02,0.0,-23903284.36,disclosed,1.0,https://www.sec.gov/Archives/edgar/data/1503123/000175272423015807/primary_doc.xml,0001752724-23-015807,2023-01-27,2022-11-30
S000065220,Xtrackers S&P 500 Scored & Screened ETF,2022-10-31,23652109.81,0.0,-42276254.6,disclosed,1.0,https://www.sec.gov/Archives/edgar/data/1503123/000175272423015807/primary_doc.xml,0001752724-23-015807,2023-01-27,2022-11-30
S000065220,Xtrackers S&P 500 Scored & Screened ETF,2022-11-30,26686281.14,0.0,-15233176.56,disclosed,1.0,https://www.sec.gov/Archives/edgar/data/1503123/000175272423015807/primary_doc.xml,0001752724-23-015807,2023-01-27,2022-11-30
S000065220,Xtrackers S&P 500 Scored & Screened ETF,2022-12-31,7215540.99,0.0,-22437287.93,disclosed,1.0,https://www.sec.gov/Archives/edgar/data/1503123/000175272423084675/primary_doc.xml,0001752724-23-084675,2023-04-24,2023-02-28
S000065220,Xtrackers S&P 500 Scored & Screened ETF,2023-01-31,42284475.46,0.0,-92666469.75,disclosed,1.0,https://www.sec.gov/Archives/edgar/data/1503123/000175272423084675/primary_doc.xml,0001752724-23-084675,2023-04-24,2023-02-28
S000065220,Xtrackers S&P 500 Scored & Screened ETF,2023-02-28,7488650.27,0.0,-14895501.75,disclosed,1.0,https://www.sec.gov/Archives/edgar/data/1503123/000175272423084675/primary_doc.xml,0001752724-23-084675,2023-04-24,2023-02-28
S000065220,Xtrackers S&P 500 Scored & Screened ETF,2023-03-31,20061471.84,0.0,-8974105.42,disclosed,1.0,https://www.sec.gov/Archives/edgar/data/1503123/000175272423165142/primary_doc.xml,0001752724-23-165142,2023-07-27,2023-05-31
S000065220,Xtrackers S&P 500 Scored & Screened ETF,2023-04-30,38934679.51,0.0,-22441445.46,disclosed,1.0,https://www.sec.gov/Archives/edgar/data/1503123/000175272423165142/primary_doc.xml,0001752724-23-165142,2023-07-27,2023-05-31
S000065220,Xtrackers S&P 500 Scored & Screened ETF,2023-05-31,37930492.4,0.0,-28519236.62,disclosed,1.0,https://www.sec.gov/Archives/edgar/data/1503123/000175272423165142/primary_doc.xml,0001752724-23-165142,2023-07-27,2023-05-31
S000065220,Xtrackers S&P 500 Scored & Screened ETF,2023-06-30,83112329.36,0.0,-1997889.32,disclosed,1.0,https://www.sec.gov/Archives/edgar/data/1503123/000175272423240925/primary_doc.xml,0001752724-23-240925,2023-10-27,2023-08-31
S000065220,Xtrackers S&P 500 Scored & Screened ETF,2023-07-31,8171046.32,0.0,-14320071.67,disclosed,1.0,https://www.sec.gov/Archives/edgar/data/1503123/000175272423240925/primary_doc.xml,0001752724-23-240925,2023-10-27,2023-08-31
S000065220,Xtrackers S&P 500 Scored & Screened ETF,2023-08-31,18254743.49,0.0,0.0,disclosed,1.0,https://www.sec.gov/Archives/edgar/data/1503123/000175272423240925/primary_doc.xml,0001752724-23-240925,2023-10-27,2023-08-31
S000065220,Xtrackers S&P 500 Scored & Screened ETF,2023-09-30,11911247.11,0.0,-1976683.71,disclosed,1.0,https://www.sec.gov/Archives/edgar/data/1503123/000175272424015246/primary_doc.xml,0001752724-24-015246,2024-01-26,2023-11-30
S000065220,Xtrackers S&P 500 Scored & Screened ETF,2023-10-31,21336756.31,0.0,-13631921.79,disclosed,1.0,https://www.sec.gov/Archives/edgar/data/1503123/000175272424015246/primary_doc.xml,0001752724-24-015246,2024-01-26,2023-11-30
S000065220,Xtrackers S&P 500 Scored & Screened ETF,2023-11-30,22411646.01,0.0,-6207910.47,disclosed,1.0,https://www.sec.gov/Archives/edgar/data/1503123/000175272424015246/primary_doc.xml,0001752724-24-015246,2024-01-26,2023-11-30
S000065220,Xtrackers S&P 500 Scored & Screened ETF,2023-12-31,10659371.81,0.0,-4233536.32,disclosed,1.0,https://www.sec.gov/Archives/edgar/data/1503123/000175272424086709/primary_doc.xml,0001752724-24-086709,2024-04-23,2024-02-29
S000065220,Xtrackers S&P 500 Scored & Screened ETF,2024-01-31,13232740.66,0.0,-19752276.38,disclosed,1.0,https://www.sec.gov/Archives/edgar/data/1503123/000175272424086709/primary_doc.xml,0001752724-24-086709,2024-04-23,2024-02-29
S000065220,Xtrackers S&P 500 Scored & Screened ETF,2024-02-29,97548633.51,0.0,-15930342.06,disclosed,1.0,https://www.sec.gov/Archives/edgar/data/1503123/000175272424086709/primary_doc.xml,0001752724-24-086709,2024-04-23,2024-02-29
S000065220,Xtrackers S&P 500 Scored & Screened ETF,2024-03-31,7003248.63,0.0,7094808.1,disclosed,1.0,https://www.sec.gov/Archives/edgar/data/1503123/000175272424168323/primary_doc.xml,0001752724-24-168323,2024-07-29,2024-05-31
S000065220,Xtrackers S&P 500 Scored & Screened ETF,2024-04-30,95664118.39,0.0,39137849.31,disclosed,1.0,https://www.sec.gov/Archives/edgar/data/1503123/000175272424168323/primary_doc.xml,0001752724-24-168323,2024-07-29,2024-05-31
S000065220,Xtrackers S&P 500 Scored & Screened ETF,2024-05-31,4773726.04,0.0,111540967.89,disclosed,1.0,https://www.sec.gov/Archives/edgar/data/1503123/000175272424168323/primary_doc.xml,0001752724-24-168323,2024-07-29,2024-05-31
S000065220,Xtrackers S&P 500 Scored & Screened ETF,2024-06-30,7531108.74,0.0,0.0,disclosed,1.0,https://www.sec.gov/Archives/edgar/data/1503123/000175272424241238/primary_doc.xml,0001752724-24-241238,2024-10-28,2024-08-30
S000065220,Xtrackers S&P 500 Scored & Screened ETF,2024-07-31,156602523.69,0.0,2509194.22,disclosed,1.0,https://www.sec.gov/Archives/edgar/data/1503123/000175272424241238/primary_doc.xml,0001752724-24-241238,2024-10-28,2024-08-30
S000065220,Xtrackers S&P 500 Scored & Screened ETF,2024-08-31,71918092.92,0.0,9973251.53,disclosed,1.0,https://www.sec.gov/Archives/edgar/data/1503123/000175272424241238/primary_doc.xml,0001752724-24-241238,2024-10-28,2024-08-30
S000065220,Xtrackers S&P 500 Scored & Screened ETF,2024-09-30,38480869.5,0.0,7708320.22,disclosed,1.0,https://www.sec.gov/Archives/edgar/data/1503123/000175272425013100/primary_doc.xml,0001752724-25-013100,2025-01-24,2024-11-29
S000065220,Xtrackers S&P 500 Scored & Screened ETF,2024-10-31,29144115.98,0.0,5218561.28,disclosed,1.0,https://www.sec.gov/Archives/edgar/data/1503123/000175272425013100/primary_doc.xml,0001752724-25-013100,2025-01-24,2024-11-29
S000065220,Xtrackers S&P 500 Scored & Screened ETF,2024-11-30,132531300.32,0.0,0.0,disclosed,1.0,https://www.sec.gov/Archives/edgar/data/1503123/000175272425013100/primary_doc.xml,0001752724-25-013100,2025-01-24,2024-11-29
S000065220,Xtrackers S&P 500 Scored & Screened ETF,2024-12-31,16348250.79,0.0,18909993.15,disclosed,1.0,https://www.sec.gov/Archives/edgar/data/1503123/000175272425093371/primary_doc.xml,0001752724-25-093371,2025-04-25,2025-02-28
S000065220,Xtrackers S&P 500 Scored & Screened ETF,2025-01-31,2663099.5,0.0,2678492.46,disclosed,1.0,https://www.sec.gov/Archives/edgar/data/1503123/000175272425093371/primary_doc.xml,0001752724-25-093371,2025-04-25,2025-02-28
S000065220,Xtrackers S&P 500 Scored & Screened ETF,2025-02-28,35410695.93,0.0,21853326.14,disclosed,1.0,https://www.sec.gov/Archives/edgar/data/1503123/000175272425093371/primary_doc.xml,0001752724-25-093371,2025-04-25,2025-02-28
S000065220,Xtrackers S&P 500 Scored & Screened ETF,2025-03-31,118673535.17,0.0,27820328.65,disclosed,1.0,https://www.sec.gov/Archives/edgar/data/1503123/000175272425179354/primary_doc.xml,0001752724-25-179354,2025-07-25,2025-05-30
S000065220,Xtrackers S&P 500 Scored & Screened ETF,2025-04-30,146236136.12,0.0,59601685.6,disclosed,1.0,https://www.sec.gov/Archives/edgar/data/1503123/000175272425179354/primary_doc.xml,0001752724-25-179354,2025-07-25,2025-05-30
S000065220,Xtrackers S&P 500 Scored & Screened ETF,2025-05-31,82047640.39,0.0,153199765.74,disclosed,1.0,https://www.sec.gov/Archives/edgar/data/1503123/000175272425179354/primary_doc.xml,0001752724-25-179354,2025-07-25,2025-05-30
S000065220,Xtrackers S&P 500 Scored & Screened ETF,2025-06-30,143209438.78,0.0,23892543.61,disclosed,1.0,https://www.sec.gov/Archives/edgar/data/1503123/000094040025005096/primary_doc.xml,0000940400-25-005096,2025-10-22,2025-08-29
S000065220,Xtrackers S&P 500 Scored & Screened ETF,2025-07-31,36558406.57,0.0,61542861.65,disclosed,1.0,https://www.sec.gov/Archives/edgar/data/1503123/000094040025005096/primary_doc.xml,0000940400-25-005096,2025-10-22,2025-08-29
S000065220,Xtrackers S&P 500 Scored & Screened ETF,2025-08-31,57953610.64,0.0,20177280.07,disclosed,1.0,https://www.sec.gov/Archives/edgar/data/1503123/000094040025005096/primary_doc.xml,0000940400-25-005096,2025-10-22,2025-08-29
S000065220,Xtrackers S&P 500 Scored & Screened ETF,2025-09-30,23545350.92,0.0,17774120.85,disclosed,1.0,https://www.sec.gov/Archives/edgar/data/1503123/000094040026002659/primary_doc.xml,0000940400-26-002659,2026-01-27,2025-11-28
S000065220,Xtrackers S&P 500 Scored & Screened ETF,2025-10-31,61119643.17,0.0,12030420.73,disclosed,1.0,https://www.sec.gov/Archives/edgar/data/1503123/000094040026002659/primary_doc.xml,0000940400-26-002659,2026-01-27,2025-11-28
S000065220,Xtrackers S&P 500 Scored & Screened ETF,2025-11-30,79802662.22,0.0,76647865.05,disclosed,1.0,https://www.sec.gov/Archives/edgar/data/1503123/000094040026002659/primary_doc.xml,0000940400-26-002659,2026-01-27,2025-11-28
S000065220,Xtrackers S&P 500 Scored & Screened ETF,2025-12-31,40477976.1,0.0,12395600.76,disclosed,1.0,https://www.sec.gov/Archives/edgar/data/1503123/000094040026015678/primary_doc.xml,0000940400-26-015678,2026-04-29,2026-02-27
S000065220,Xtrackers S&P 500 Scored & Screened ETF,2026-01-31,59817764.53,0.0,57374789.25,disclosed,1.0,https://www.sec.gov/Archives/edgar/data/1503123/000094040026015678/primary_doc.xml,0000940400-26-015678,2026-04-29,2026-02-27
S000065220,Xtrackers S&P 500 Scored & Screened ETF,2026-02-28,60320422.74,0.0,12602217.49,disclosed,1.0,https://www.sec.gov/Archives/edgar/data/1503123/000094040026015678/primary_doc.xml,0000940400-26-015678,2026-04-29,2026-02-27
S000065220,Xtrackers S&P 500 Scored & Screened ETF,2026-03-31,82339146.28,0.0,43300099.32,disclosed,1.0,https://www.sec.gov/Archives/edgar/data/1503123/000094040026028811/primary_doc.xml,0000940400-26-028811,2026-07-29,2026-05-29
S000065220,Xtrackers S&P 500 Scored & Screened ETF,2026-04-30,568357448.83,0.0,94297189.8,disclosed,1.0,https://www.sec.gov/Archives/edgar/data/1503123/000094040026028811/primary_doc.xml,0000940400-26-028811,2026-07-29,2026-05-29
S000065220,Xtrackers S&P 500 Scored & Screened ETF,2026-05-31,67374082.46,0.0,432264157.95,disclosed,1.0,https://www.sec.gov/Archives/edgar/data/1503123/000094040026028811/primary_doc.xml,0000940400-26-028811,2026-07-29,2026-05-29
S000069051,State Street(R) SPDR(R) S&P 500(R) ESG ETF,2020-07-31,25711095.8,0.0,0.0,disclosed,1.0,https://www.sec.gov/Archives/edgar/data/1064642/000175272420251355/primary_doc.xml,0001752724-20-251355,2020-11-27,2020-09-30
S000069051,State Street(R) SPDR(R) S&P 500(R) ESG ETF,2020-08-31,0.0,0.0,0.0,disclosed,1.0,https://www.sec.gov/Archives/edgar/data/1064642/000175272420251355/primary_doc.xml,0001752724-20-251355,2020-11-27,2020-09-30
S000069051,State Street(R) SPDR(R) S&P 500(R) ESG ETF,2020-09-30,55924001.53,0.0,25114279.45,disclosed,1.0,https://www.sec.gov/Archives/edgar/data/1064642/000175272420251355/primary_doc.xml,0001752724-20-251355,2020-11-27,2020-09-30
S000069051,State Street(R) SPDR(R) S&P 500(R) ESG ETF,2020-10-31,9687711.5,0.0,0.0,disclosed,1.0,https://www.sec.gov/Archives/edgar/data/1064642/000175272421043788/primary_doc.xml,0001752724-21-043788,2021-02-26,2020-12-31
S000069051,State Street(R) SPDR(R) S&P 500(R) ESG ETF,2020-11-30,15915662.49,0.0,0.0,disclosed,1.0,https://www.sec.gov/Archives/edgar/data/1064642/000175272421043788/primary_doc.xml,0001752724-21-043788,2021-02-26,2020-12-31
S000069051,State Street(R) SPDR(R) S&P 500(R) ESG ETF,2020-12-31,2576311.65,0.0,0.0,disclosed,1.0,https://www.sec.gov/Archives/edgar/data/1064642/000175272421043788/primary_doc.xml,0001752724-21-043788,2021-02-26,2020-12-31
S000069051,State Street(R) SPDR(R) S&P 500(R) ESG ETF,2021-01-31,1764484.11,0.0,0.0,disclosed,1.0,https://www.sec.gov/Archives/edgar/data/1064642/000175272421118895/primary_doc.xml,0001752724-21-118895,2021-05-28,2021-03-31
S000069051,State Street(R) SPDR(R) S&P 500(R) ESG ETF,2021-02-28,77261280.78,0.0,2715332.25,disclosed,1.0,https://www.sec.gov/Archives/edgar/data/1064642/000175272421118895/primary_doc.xml,0001752724-21-118895,2021-05-28,2021-03-31
S000069051,State Street(R) SPDR(R) S&P 500(R) ESG ETF,2021-03-31,1812156.3,0.0,905399.15,disclosed,1.0,https://www.sec.gov/Archives/edgar/data/1064642/000175272421118895/primary_doc.xml,0001752724-21-118895,2021-05-28,2021-03-31
S000069051,State Street(R) SPDR(R) S&P 500(R) ESG ETF,2021-04-30,21404745.8,0.0,0.0,disclosed,1.0,https://www.sec.gov/Archives/edgar/data/1064642/000175272421179958/primary_doc.xml,0001752724-21-179958,2021-08-23,2021-06-30
S000069051,State Street(R) SPDR(R) S&P 500(R) ESG ETF,2021-05-31,32052638.41,0.0,16579066.83,disclosed,1.0,https://www.sec.gov/Archives/edgar/data/1064642/000175272421179958/primary_doc.xml,0001752724-21-179958,2021-08-23,2021-06-30
S000069051,State Street(R) SPDR(R) S&P 500(R) ESG ETF,2021-06-30,9875821.25,0.0,4946639.05,disclosed,1.0,https://www.sec.gov/Archives/edgar/data/1064642/000175272421179958/primary_doc.xml,0001752724-21-179958,2021-08-23,2021-06-30
S000069051,State Street(R) SPDR(R) S&P 500(R) ESG ETF,2021-07-31,11223268.81,0.0,0.0,disclosed,1.0,https://www.sec.gov/Archives/edgar/data/1064642/000175272421260090/primary_doc.xml,0001752724-21-260090,2021-11-26,2021-09-30
S000069051,State Street(R) SPDR(R) S&P 500(R) ESG ETF,2021-08-31,79192181.32,0.0,0.0,disclosed,1.0,https://www.sec.gov/Archives/edgar/data/1064642/000175272421260090/primary_doc.xml,0001752724-21-260090,2021-11-26,2021-09-30
S000069051,State Street(R) SPDR(R) S&P 500(R) ESG ETF,2021-09-30,1050866.65,0.0,1036483.73,disclosed,1.0,https://www.sec.gov/Archives/edgar/data/1064642/000175272421260090/primary_doc.xml,0001752724-21-260090,2021-11-26,2021-09-30
S000069051,State Street(R) SPDR(R) S&P 500(R) ESG ETF,2021-10-31,4260200.78,0.0,2032941.75,disclosed,1.0,https://www.sec.gov/Archives/edgar/data/1064642/000175272422048707/primary_doc.xml,0001752724-22-048707,2022-02-25,2021-12-31
S000069051,State Street(R) SPDR(R) S&P 500(R) ESG ETF,2021-11-30,5520836.4,0.0,11042103.0,disclosed,1.0,https://www.sec.gov/Archives/edgar/data/1064642/000175272422048707/primary_doc.xml,0001752724-22-048707,2022-02-25,2021-12-31
S000069051,State Street(R) SPDR(R) S&P 500(R) ESG ETF,2021-12-31,89738170.46,0.0,2231522.5,disclosed,1.0,https://www.sec.gov/Archives/edgar/data/1064642/000175272422048707/primary_doc.xml,0001752724-22-048707,2022-02-25,2021-12-31
S000069051,State Street(R) SPDR(R) S&P 500(R) ESG ETF,2022-01-31,19460008.06,0.0,11239000.75,disclosed,1.0,https://www.sec.gov/Archives/edgar/data/1064642/000175272422128006/primary_doc.xml,0001752724-22-128006,2022-05-27,2022-03-31
S000069051,State Street(R) SPDR(R) S&P 500(R) ESG ETF,2022-02-28,4085469.45,0.0,4344091.7,disclosed,1.0,https://www.sec.gov/Archives/edgar/data/1064642/000175272422128006/primary_doc.xml,0001752724-22-128006,2022-05-27,2022-03-31
S000069051,State Street(R) SPDR(R) S&P 500(R) ESG ETF,2022-03-31,69648344.98,0.0,0.0,disclosed,1.0,https://www.sec.gov/Archives/edgar/data/1064642/000175272422128006/primary_doc.xml,0001752724-22-128006,2022-05-27,2022-03-31
S000069051,State Street(R) SPDR(R) S&P 500(R) ESG ETF,2022-04-30,30049289.25,0.0,998697.5,disclosed,1.0,https://www.sec.gov/Archives/edgar/data/1064642/000175272422196938/primary_doc.xml,0001752724-22-196938,2022-08-26,2022-06-30
S000069051,State Street(R) SPDR(R) S&P 500(R) ESG ETF,2022-05-31,2954667.45,0.0,28561785.35,disclosed,1.0,https://www.sec.gov/Archives/edgar/data/1064642/000175272422196938/primary_doc.xml,0001752724-22-196938,2022-08-26,2022-06-30
S000069051,State Street(R) SPDR(R) S&P 500(R) ESG ETF,2022-06-30,4777198.53,0.0,1828852.2,disclosed,1.0,https://www.sec.gov/Archives/edgar/data/1064642/000175272422196938/primary_doc.xml,0001752724-22-196938,2022-08-26,2022-06-30
S000069051,State Street(R) SPDR(R) S&P 500(R) ESG ETF,2022-07-31,9356305.7,0.0,0.0,disclosed,1.0,https://www.sec.gov/Archives/edgar/data/1064642/000175272422271867/primary_doc.xml,0001752724-22-271867,2022-11-28,2022-09-30
S000069051,State Street(R) SPDR(R) S&P 500(R) ESG ETF,2022-08-31,36336081.96,0.0,1006411.63,disclosed,1.0,https://www.sec.gov/Archives/edgar/data/1064642/000175272422271867/primary_doc.xml,0001752724-22-271867,2022-11-28,2022-09-30
S000069051,State Street(R) SPDR(R) S&P 500(R) ESG ETF,2022-09-30,13136811.26,0.0,0.0,disclosed,1.0,https://www.sec.gov/Archives/edgar/data/1064642/000175272422271867/primary_doc.xml,0001752724-22-271867,2022-11-28,2022-09-30
S000069051,State Street(R) SPDR(R) S&P 500(R) ESG ETF,2022-10-31,10540297.31,0.0,0.0,disclosed,1.0,https://www.sec.gov/Archives/edgar/data/1064642/000175272423046938/primary_doc.xml,0001752724-23-046938,2023-02-28,2022-12-31
S000069051,State Street(R) SPDR(R) S&P 500(R) ESG ETF,2022-11-30,108272982.93,0.0,0.0,disclosed,1.0,https://www.sec.gov/Archives/edgar/data/1064642/000175272423046938/primary_doc.xml,0001752724-23-046938,2023-02-28,2022-12-31
S000069051,State Street(R) SPDR(R) S&P 500(R) ESG ETF,2022-12-31,32585762.21,0.0,933941.93,disclosed,1.0,https://www.sec.gov/Archives/edgar/data/1064642/000175272423046938/primary_doc.xml,0001752724-23-046938,2023-02-28,2022-12-31
S000069051,State Street(R) SPDR(R) S&P 500(R) ESG ETF,2023-01-31,41535306.41,0.0,5569758.45,disclosed,1.0,https://www.sec.gov/Archives/edgar/data/1064642/000175272423126117/primary_doc.xml,0001752724-23-126117,2023-05-30,2023-03-31
S000069051,State Street(R) SPDR(R) S&P 500(R) ESG ETF,2023-02-28,3894977.2,0.0,5924242.31,disclosed,1.0,https://www.sec.gov/Archives/edgar/data/1064642/000175272423126117/primary_doc.xml,0001752724-23-126117,2023-05-30,2023-03-31
S000069051,State Street(R) SPDR(R) S&P 500(R) ESG ETF,2023-03-31,36645454.7,0.0,27073684.71,disclosed,1.0,https://www.sec.gov/Archives/edgar/data/1064642/000175272423126117/primary_doc.xml,0001752724-23-126117,2023-05-30,2023-03-31
S000069051,State Street(R) SPDR(R) S&P 500(R) ESG ETF,2023-04-30,132543466.37,0.0,11854547.7,disclosed,1.0,https://www.sec.gov/Archives/edgar/data/1064642/000175272423196568/primary_doc.xml,0001752724-23-196568,2023-08-28,2023-06-30
S000069051,State Street(R) SPDR(R) S&P 500(R) ESG ETF,2023-05-31,42157695.6,0.0,69037146.45,disclosed,1.0,https://www.sec.gov/Archives/edgar/data/1064642/000175272423196568/primary_doc.xml,0001752724-23-196568,2023-08-28,2023-06-30
S000069051,State Street(R) SPDR(R) S&P 500(R) ESG ETF,2023-06-30,14641496.25,0.0,30809480.3,disclosed,1.0,https://www.sec.gov/Archives/edgar/data/1064642/000175272423196568/primary_doc.xml,0001752724-23-196568,2023-08-28,2023-06-30
S000069051,State Street(R) SPDR(R) S&P 500(R) ESG ETF,2023-07-31,2207421.4,0.0,12003886.95,disclosed,1.0,https://www.sec.gov/Archives/edgar/data/1064642/000175272423267726/primary_doc.xml,0001752724-23-267726,2023-11-28,2023-09-30
S000069051,State Street(R) SPDR(R) S&P 500(R) ESG ETF,2023-08-31,79135320.16,0.0,3195162.83,disclosed,1.0,https://www.sec.gov/Archives/edgar/data/1064642/000175272423267726/primary_doc.xml,0001752724-23-267726,2023-11-28,2023-09-30
S000069051,State Street(R) SPDR(R) S&P 500(R) ESG ETF,2023-09-30,11719067.86,0.0,0.0,disclosed,1.0,https://www.sec.gov/Archives/edgar/data/1064642/000175272423267726/primary_doc.xml,0001752724-23-267726,2023-11-28,2023-09-30
S000069051,State Street(R) SPDR(R) S&P 500(R) ESG ETF,2023-10-31,45079296.56,0.0,2113967.05,disclosed,1.0,https://www.sec.gov/Archives/edgar/data/1064642/000175272424043230/primary_doc.xml,0001752724-24-043230,2024-02-27,2023-12-31
S000069051,State Street(R) SPDR(R) S&P 500(R) ESG ETF,2023-11-30,20468677.0,0.0,0.0,disclosed,1.0,https://www.sec.gov/Archives/edgar/data/1064642/000175272424043230/primary_doc.xml,0001752724-24-043230,2024-02-27,2023-12-31
S000069051,State Street(R) SPDR(R) S&P 500(R) ESG ETF,2023-12-31,3414496.89,0.0,3410127.98,disclosed,1.0,https://www.sec.gov/Archives/edgar/data/1064642/000175272424043230/primary_doc.xml,0001752724-24-043230,2024-02-27,2023-12-31
S000069051,State Street(R) SPDR(R) S&P 500(R) ESG ETF,2024-01-31,5805084.58,0.0,9209091.93,disclosed,1.0,https://www.sec.gov/Archives/edgar/data/1064642/000175272424123815/primary_doc.xml,0001752724-24-123815,2024-05-28,2024-03-31
S000069051,State Street(R) SPDR(R) S&P 500(R) ESG ETF,2024-02-29,8469006.13,0.0,46232504.93,disclosed,1.0,https://www.sec.gov/Archives/edgar/data/1064642/000175272424123815/primary_doc.xml,0001752724-24-123815,2024-05-28,2024-03-31
S000069051,State Street(R) SPDR(R) S&P 500(R) ESG ETF,2024-03-31,7408753.53,0.0,4995324.5,disclosed,1.0,https://www.sec.gov/Archives/edgar/data/1064642/000175272424123815/primary_doc.xml,0001752724-24-123815,2024-05-28,2024-03-31
S000069051,State Street(R) SPDR(R) S&P 500(R) ESG ETF,2024-04-30,142353500.46,0.0,19813343.73,disclosed,1.0,https://www.sec.gov/Archives/edgar/data/1064642/000175272424196648/primary_doc.xml,0001752724-24-196648,2024-08-28,2024-06-30
S000069051,State Street(R) SPDR(R) S&P 500(R) ESG ETF,2024-05-31,16606054.86,0.0,129939321.51,disclosed,1.0,https://www.sec.gov/Archives/edgar/data/1064642/000175272424196648/primary_doc.xml,0001752724-24-196648,2024-08-28,2024-06-30
S000069051,State Street(R) SPDR(R) S&P 500(R) ESG ETF,2024-06-30,54493187.34,0.0,10436353.4,disclosed,1.0,https://www.sec.gov/Archives/edgar/data/1064642/000175272424196648/primary_doc.xml,0001752724-24-196648,2024-08-28,2024-06-30
S000069051,State Street(R) SPDR(R) S&P 500(R) ESG ETF,2024-07-31,158465123.27,0.0,0.0,disclosed,1.0,https://www.sec.gov/Archives/edgar/data/1064642/000175272424264668/primary_doc.xml,0001752724-24-264668,2024-11-25,2024-09-30
S000069051,State Street(R) SPDR(R) S&P 500(R) ESG ETF,2024-08-31,76702751.71,0.0,8052185.7,disclosed,1.0,https://www.sec.gov/Archives/edgar/data/1064642/000175272424264668/primary_doc.xml,0001752724-24-264668,2024-11-25,2024-09-30
S000069051,State Street(R) SPDR(R) S&P 500(R) ESG ETF,2024-09-30,35704608.65,0.0,8125543.95,disclosed,1.0,https://www.sec.gov/Archives/edgar/data/1064642/000175272424264668/primary_doc.xml,0001752724-24-264668,2024-11-25,2024-09-30
S000069051,State Street(R) SPDR(R) S&P 500(R) ESG ETF,2024-10-31,2784108.96,0.0,16943162.4,disclosed,1.0,https://www.sec.gov/Archives/edgar/data/1064642/000175272425044019/primary_doc.xml,0001752724-25-044019,2025-02-27,2024-12-31
S000069051,State Street(R) SPDR(R) S&P 500(R) ESG ETF,2024-11-30,46286091.35,0.0,68144522.38,disclosed,1.0,https://www.sec.gov/Archives/edgar/data/1064642/000175272425044019/primary_doc.xml,0001752724-25-044019,2025-02-27,2024-12-31
S000069051,State Street(R) SPDR(R) S&P 500(R) ESG ETF,2024-12-31,143841016.28,0.0,8763460.45,disclosed,1.0,https://www.sec.gov/Archives/edgar/data/1064642/000175272425044019/primary_doc.xml,0001752724-25-044019,2025-02-27,2024-12-31
S000069051,State Street(R) SPDR(R) S&P 500(R) ESG ETF,2025-01-31,68025188.83,0.0,90084846.23,disclosed,1.0,https://www.sec.gov/Archives/edgar/data/1064642/000175272425125065/primary_doc.xml,0001752724-25-125065,2025-05-28,2025-03-31
S000069051,State Street(R) SPDR(R) S&P 500(R) ESG ETF,2025-02-28,20414907.5,0.0,30237817.93,disclosed,1.0,https://www.sec.gov/Archives/edgar/data/1064642/000175272425125065/primary_doc.xml,0001752724-25-125065,2025-05-28,2025-03-31
S000069051,State Street(R) SPDR(R) S&P 500(R) ESG ETF,2025-03-31,5397711.7,0.0,14766827.23,disclosed,1.0,https://www.sec.gov/Archives/edgar/data/1064642/000175272425125065/primary_doc.xml,0001752724-25-125065,2025-05-28,2025-03-31
S000069051,State Street(R) SPDR(R) S&P 500(R) ESG ETF,2025-04-30,110768621.29,0.0,11306694.98,disclosed,1.0,https://www.sec.gov/Archives/edgar/data/1064642/000175272425211083/primary_doc.xml,0001752724-25-211083,2025-08-28,2025-06-30
S000069051,State Street(R) SPDR(R) S&P 500(R) ESG ETF,2025-05-31,0.0,0.0,650582994.35,disclosed,1.0,https://www.sec.gov/Archives/edgar/data/1064642/000175272425211083/primary_doc.xml,0001752724-25-211083,2025-08-28,2025-06-30
S000069051,State Street(R) SPDR(R) S&P 500(R) ESG ETF,2025-06-30,0.0,0.0,7036179.38,disclosed,1.0,https://www.sec.gov/Archives/edgar/data/1064642/000175272425211083/primary_doc.xml,0001752724-25-211083,2025-08-28,2025-06-30
S000069051,State Street(R) SPDR(R) S&P 500(R) ESG ETF,2025-07-31,2958342.33,0.0,37036188.88,disclosed,1.0,https://www.sec.gov/Archives/edgar/data/1064642/000141036825032287/primary_doc.xml,0001410368-25-032287,2025-11-26,2025-09-30
S000069051,State Street(R) SPDR(R) S&P 500(R) ESG ETF,2025-08-31,4492618.2,0.0,19979781.13,disclosed,1.0,https://www.sec.gov/Archives/edgar/data/1064642/000141036825032287/primary_doc.xml,0001410368-25-032287,2025-11-26,2025-09-30
S000069051,State Street(R) SPDR(R) S&P 500(R) ESG ETF,2025-09-30,1569694.1,0.0,34726721.58,disclosed,1.0,https://www.sec.gov/Archives/edgar/data/1064642/000141036825032287/primary_doc.xml,0001410368-25-032287,2025-11-26,2025-09-30
S000069051,State Street(R) SPDR(R) S&P 500(R) ESG ETF,2025-10-31,0.0,0.0,11241687.46,disclosed,1.0,https://www.sec.gov/Archives/edgar/data/1064642/000141036826020028/primary_doc.xml,0001410368-26-020028,2026-02-26,2025-12-31
S000069051,State Street(R) SPDR(R) S&P 500(R) ESG ETF,2025-11-30,0.0,0.0,12968323.3,disclosed,1.0,https://www.sec.gov/Archives/edgar/data/1064642/000141036826020028/primary_doc.xml,0001410368-26-020028,2026-02-26,2025-12-31
S000069051,State Street(R) SPDR(R) S&P 500(R) ESG ETF,2025-12-31,3324593.0,0.0,29497626.75,disclosed,1.0,https://www.sec.gov/Archives/edgar/data/1064642/000141036826020028/primary_doc.xml,0001410368-26-020028,2026-02-26,2025-12-31
S000069051,State Street(R) SPDR(R) S&P 500(R) ESG ETF,2026-01-31,25196670.64,0.0,184022892.3,disclosed,1.0,https://www.sec.gov/Archives/edgar/data/1064642/000141036826055546/primary_doc.xml,0001410368-26-055546,2026-05-28,2026-03-31
S000069051,State Street(R) SPDR(R) S&P 500(R) ESG ETF,2026-02-28,6705196.18,0.0,0.0,disclosed,1.0,https://www.sec.gov/Archives/edgar/data/1064642/000141036826055546/primary_doc.xml,0001410368-26-055546,2026-05-28,2026-03-31
S000069051,State Street(R) SPDR(R) S&P 500(R) ESG ETF,2026-03-31,3215310.41,0.0,36348557.95,disclosed,1.0,https://www.sec.gov/Archives/edgar/data/1064642/000141036826055546/primary_doc.xml,0001410368-26-055546,2026-05-28,2026-03-31
S000069051,State Street(R) SPDR(R) S&P 500(R) ESG ETF,2026-04-30,167505256.73,0.0,3431263.6,disclosed,1.0,https://www.sec.gov/Archives/edgar/data/1064642/000141036826089369/primary_doc.xml,0001410368-26-089369,2026-08-28,2026-06-30
S000069051,State Street(R) SPDR(R) S&P 500(R) ESG ETF,2026-05-31,21160185.11,0.0,154804719.88,disclosed,1.0,https://www.sec.gov/Archives/edgar/data/1064642/000141036826089369/primary_doc.xml,0001410368-26-089369,2026-08-28,2026-06-30
S000069051,State Street(R) SPDR(R) S&P 500(R) ESG ETF,2026-06-30,10981977.93,0.0,5394821.83,disclosed,1.0,https://www.sec.gov/Archives/edgar/data/1064642/000141036826089369/primary_doc.xml,0001410368-26-089369,2026-08-28,2026-06-30
S000074757,iShares Paris-Aligned Climate Optimized MSCI USA ETF,2021-12-31,,,,disclosed,1.0,https://www.sec.gov/Archives/edgar/data/1100663/000175272422092762/primary_doc.xml,0001752724-22-092762,2022-04-26,2022-02-28
S000074757,iShares Paris-Aligned Climate Optimized MSCI USA ETF,2022-01-31,,,,disclosed,1.0,https://www.sec.gov/Archives/edgar/data/1100663/000175272422092762/primary_doc.xml,0001752724-22-092762,2022-04-26,2022-02-28
S000074757,iShares Paris-Aligned Climate Optimized MSCI USA ETF,2022-02-28,629111771.75,0.0,0.0,disclosed,1.0,https://www.sec.gov/Archives/edgar/data/1100663/000175272422092762/primary_doc.xml,0001752724-22-092762,2022-04-26,2022-02-28
S000074757,iShares Paris-Aligned Climate Optimized MSCI USA ETF,2022-03-31,0.0,0.0,0.0,disclosed,1.0,https://www.sec.gov/Archives/edgar/data/1100663/000175272422167525/primary_doc.xml,0001752724-22-167525,2022-07-27,2022-05-31
S000074757,iShares Paris-Aligned Climate Optimized MSCI USA ETF,2022-04-30,0.0,0.0,0.0,disclosed,1.0,https://www.sec.gov/Archives/edgar/data/1100663/000175272422167525/primary_doc.xml,0001752724-22-167525,2022-07-27,2022-05-31
S000074757,iShares Paris-Aligned Climate Optimized MSCI USA ETF,2022-05-31,0.0,0.0,0.0,disclosed,1.0,https://www.sec.gov/Archives/edgar/data/1100663/000175272422167525/primary_doc.xml,0001752724-22-167525,2022-07-27,2022-05-31
S000074757,iShares Paris-Aligned Climate Optimized MSCI USA ETF,2022-06-30,200689630.6,0.0,0.0,disclosed,1.0,https://www.sec.gov/Archives/edgar/data/1100663/000175272422239663/primary_doc.xml,0001752724-22-239663,2022-10-27,2022-08-31
S000074757,iShares Paris-Aligned Climate Optimized MSCI USA ETF,2022-07-31,0.0,0.0,0.0,disclosed,1.0,https://www.sec.gov/Archives/edgar/data/1100663/000175272422239663/primary_doc.xml,0001752724-22-239663,2022-10-27,2022-08-31
S000074757,iShares Paris-Aligned Climate Optimized MSCI USA ETF,2022-08-31,0.0,0.0,0.0,disclosed,1.0,https://www.sec.gov/Archives/edgar/data/1100663/000175272422239663/primary_doc.xml,0001752724-22-239663,2022-10-27,2022-08-31
S000074757,iShares Paris-Aligned Climate Optimized MSCI USA ETF,2022-09-30,67636612.25,0.0,0.0,disclosed,1.0,https://www.sec.gov/Archives/edgar/data/1100663/000175272423011816/primary_doc.xml,0001752724-23-011816,2023-01-25,2022-11-30
S000074757,iShares Paris-Aligned Climate Optimized MSCI USA ETF,2022-10-31,1946768.4,0.0,-3974270.0,disclosed,1.0,https://www.sec.gov/Archives/edgar/data/1100663/000175272423011816/primary_doc.xml,0001752724-23-011816,2023-01-25,2022-11-30
S000074757,iShares Paris-Aligned Climate Optimized MSCI USA ETF,2022-11-30,0.0,0.0,0.0,disclosed,1.0,https://www.sec.gov/Archives/edgar/data/1100663/000175272423011816/primary_doc.xml,0001752724-23-011816,2023-01-25,2022-11-30
S000074757,iShares Paris-Aligned Climate Optimized MSCI USA ETF,2022-12-31,79153180.41,0.0,-2060168.05,disclosed,1.0,https://www.sec.gov/Archives/edgar/data/1100663/000175272423087911/primary_doc.xml,0001752724-23-087911,2023-04-26,2023-02-28
S000074757,iShares Paris-Aligned Climate Optimized MSCI USA ETF,2023-01-31,0.0,0.0,0.0,disclosed,1.0,https://www.sec.gov/Archives/edgar/data/1100663/000175272423087911/primary_doc.xml,0001752724-23-087911,2023-04-26,2023-02-28
S000074757,iShares Paris-Aligned Climate Optimized MSCI USA ETF,2023-02-28,2216784.15,0.0,0.0,disclosed,1.0,https://www.sec.gov/Archives/edgar/data/1100663/000175272423087911/primary_doc.xml,0001752724-23-087911,2023-04-26,2023-02-28
S000074757,iShares Paris-Aligned Climate Optimized MSCI USA ETF,2023-03-31,23781259.15,0.0,0.0,disclosed,1.0,https://www.sec.gov/Archives/edgar/data/1100663/000175272423161521/primary_doc.xml,0001752724-23-161521,2023-07-25,2023-05-31
S000074757,iShares Paris-Aligned Climate Optimized MSCI USA ETF,2023-04-30,290585987.5,0.0,0.0,disclosed,1.0,https://www.sec.gov/Archives/edgar/data/1100663/000175272423161521/primary_doc.xml,0001752724-23-161521,2023-07-25,2023-05-31
S000074757,iShares Paris-Aligned Climate Optimized MSCI USA ETF,2023-05-31,168297638.05,0.0,0.0,disclosed,1.0,https://www.sec.gov/Archives/edgar/data/1100663/000175272423161521/primary_doc.xml,0001752724-23-161521,2023-07-25,2023-05-31
S000074757,iShares Paris-Aligned Climate Optimized MSCI USA ETF,2023-06-30,0.0,0.0,-7020604.85,disclosed,1.0,https://www.sec.gov/Archives/edgar/data/1100663/000175272423237916/primary_doc.xml,0001752724-23-237916,2023-10-26,2023-08-31
S000074757,iShares Paris-Aligned Climate Optimized MSCI USA ETF,2023-07-31,0.0,0.0,-24406948.5,disclosed,1.0,https://www.sec.gov/Archives/edgar/data/1100663/000175272423237916/primary_doc.xml,0001752724-23-237916,2023-10-26,2023-08-31
S000074757,iShares Paris-Aligned Climate Optimized MSCI USA ETF,2023-08-31,0.0,0.0,-39586407.1,disclosed,1.0,https://www.sec.gov/Archives/edgar/data/1100663/000175272423237916/primary_doc.xml,0001752724-23-237916,2023-10-26,2023-08-31
S000074757,iShares Paris-Aligned Climate Optimized MSCI USA ETF,2023-09-30,21517053.87,0.0,-27037087.45,disclosed,1.0,https://www.sec.gov/Archives/edgar/data/1100663/000175272424013878/primary_doc.xml,0001752724-24-013878,2024-01-25,2023-11-30
S000074757,iShares Paris-Aligned Climate Optimized MSCI USA ETF,2023-10-31,0.0,0.0,-9374747.2,disclosed,1.0,https://www.sec.gov/Archives/edgar/data/1100663/000175272424013878/primary_doc.xml,0001752724-24-013878,2024-01-25,2023-11-30
S000074757,iShares Paris-Aligned Climate Optimized MSCI USA ETF,2023-11-30,0.0,0.0,0.0,disclosed,1.0,https://www.sec.gov/Archives/edgar/data/1100663/000175272424013878/primary_doc.xml,0001752724-24-013878,2024-01-25,2023-11-30
S000074757,iShares Paris-Aligned Climate Optimized MSCI USA ETF,2023-12-31,2514685.65,0.0,-28059225.16,disclosed,1.0,https://www.sec.gov/Archives/edgar/data/1100663/000175272424087396/primary_doc.xml,0001752724-24-087396,2024-04-24,2024-02-29
S000074757,iShares Paris-Aligned Climate Optimized MSCI USA ETF,2024-01-31,85966761.6,0.0,-65015946.0,disclosed,1.0,https://www.sec.gov/Archives/edgar/data/1100663/000175272424087396/primary_doc.xml,0001752724-24-087396,2024-04-24,2024-02-29
S000074757,iShares Paris-Aligned Climate Optimized MSCI USA ETF,2024-02-29,174616264.0,0.0,0.0,disclosed,1.0,https://www.sec.gov/Archives/edgar/data/1100663/000175272424087396/primary_doc.xml,0001752724-24-087396,2024-04-24,2024-02-29
S000074757,iShares Paris-Aligned Climate Optimized MSCI USA ETF,2024-03-31,5689237.4,0.0,117709906.1,disclosed,1.0,https://www.sec.gov/Archives/edgar/data/1100663/000175272424164111/primary_doc.xml,0001752724-24-164111,2024-07-25,2024-05-31
S000074757,iShares Paris-Aligned Climate Optimized MSCI USA ETF,2024-04-30,65496082.0,0.0,2811807.35,disclosed,1.0,https://www.sec.gov/Archives/edgar/data/1100663/000175272424164111/primary_doc.xml,0001752724-24-164111,2024-07-25,2024-05-31
S000074757,iShares Paris-Aligned Climate Optimized MSCI USA ETF,2024-05-31,14075924.3,0.0,8412000.85,disclosed,1.0,https://www.sec.gov/Archives/edgar/data/1100663/000175272424164111/primary_doc.xml,0001752724-24-164111,2024-07-25,2024-05-31
S000074757,iShares Paris-Aligned Climate Optimized MSCI USA ETF,2024-06-30,5943196.4,0.0,59239365.0,disclosed,1.0,https://www.sec.gov/Archives/edgar/data/1100663/000175272424240240/primary_doc.xml,0001752724-24-240240,2024-10-28,2024-08-31
S000074757,iShares Paris-Aligned Climate Optimized MSCI USA ETF,2024-07-31,133555363.75,0.0,20935231.5,disclosed,1.0,https://www.sec.gov/Archives/edgar/data/1100663/000175272424240240/primary_doc.xml,0001752724-24-240240,2024-10-28,2024-08-31
S000074757,iShares Paris-Aligned Climate Optimized MSCI USA ETF,2024-08-31,2931421.1,0.0,17890219.8,disclosed,1.0,https://www.sec.gov/Archives/edgar/data/1100663/000175272424240240/primary_doc.xml,0001752724-24-240240,2024-10-28,2024-08-31
S000074757,iShares Paris-Aligned Climate Optimized MSCI USA ETF,2024-09-30,21794700.75,0.0,81642800.95,disclosed,1.0,https://www.sec.gov/Archives/edgar/data/1100663/000175272425011137/primary_doc.xml,0001752724-25-011137,2025-01-23,2024-11-30
S000074757,iShares Paris-Aligned Climate Optimized MSCI USA ETF,2024-10-31,79903421.45,0.0,50735833.4,disclosed,1.0,https://www.sec.gov/Archives/edgar/data/1100663/000175272425011137/primary_doc.xml,0001752724-25-011137,2025-01-23,2024-11-30
S000074757,iShares Paris-Aligned Climate Optimized MSCI USA ETF,2024-11-30,88009517.3,0.0,128062375.05,disclosed,1.0,https://www.sec.gov/Archives/edgar/data/1100663/000175272425011137/primary_doc.xml,0001752724-25-011137,2025-01-23,2024-11-30
S000074757,iShares Paris-Aligned Climate Optimized MSCI USA ETF,2024-12-31,32934205.2,0.0,143343530.15,disclosed,1.0,https://www.sec.gov/Archives/edgar/data/1100663/000175272425088417/primary_doc.xml,0001752724-25-088417,2025-04-23,2025-02-28
S000074757,iShares Paris-Aligned Climate Optimized MSCI USA ETF,2025-01-31,63070700.6,0.0,101616694.5,disclosed,1.0,https://www.sec.gov/Archives/edgar/data/1100663/000175272425088417/primary_doc.xml,0001752724-25-088417,2025-04-23,2025-02-28
S000074757,iShares Paris-Aligned Climate Optimized MSCI USA ETF,2025-02-28,39497520.25,0.0,13063381.2,disclosed,1.0,https://www.sec.gov/Archives/edgar/data/1100663/000175272425088417/primary_doc.xml,0001752724-25-088417,2025-04-23,2025-02-28
S000074757,iShares Paris-Aligned Climate Optimized MSCI USA ETF,2025-03-31,203393892.9,0.0,8951458.8,disclosed,1.0,https://www.sec.gov/Archives/edgar/data/1100663/000175272425176179/primary_doc.xml,0001752724-25-176179,2025-07-24,2025-05-31
S000074757,iShares Paris-Aligned Climate Optimized MSCI USA ETF,2025-04-30,129291098.95,0.0,39089694.95,disclosed,1.0,https://www.sec.gov/Archives/edgar/data/1100663/000175272425176179/primary_doc.xml,0001752724-25-176179,2025-07-24,2025-05-31
S000074757,iShares Paris-Aligned Climate Optimized MSCI USA ETF,2025-05-31,37815347.75,0.0,143189652.2,disclosed,1.0,https://www.sec.gov/Archives/edgar/data/1100663/000175272425176179/primary_doc.xml,0001752724-25-176179,2025-07-24,2025-05-31
S000074757,iShares Paris-Aligned Climate Optimized MSCI USA ETF,2025-06-30,3258880.05,0.0,16242835.5,disclosed,1.0,https://www.sec.gov/Archives/edgar/data/1100663/000100472625001381/primary_doc.xml,0001004726-25-001381,2025-10-27,2025-08-31
S000074757,iShares Paris-Aligned Climate Optimized MSCI USA ETF,2025-07-31,10182733.9,0.0,71579383.65,disclosed,1.0,https://www.sec.gov/Archives/edgar/data/1100663/000100472625001381/primary_doc.xml,0001004726-25-001381,2025-10-27,2025-08-31
S000074757,iShares Paris-Aligned Climate Optimized MSCI USA ETF,2025-08-31,10227853.65,0.0,17441297.6,disclosed,1.0,https://www.sec.gov/Archives/edgar/data/1100663/000100472625001381/primary_doc.xml,0001004726-25-001381,2025-10-27,2025-08-31
S000074757,iShares Paris-Aligned Climate Optimized MSCI USA ETF,2025-09-30,31387007.3,0.0,17790377.65,disclosed,1.0,https://www.sec.gov/Archives/edgar/data/1100663/000100472626000506/primary_doc.xml,0001004726-26-000506,2026-01-28,2025-11-30
S000074757,iShares Paris-Aligned Climate Optimized MSCI USA ETF,2025-10-31,28966365.4,0.0,83560061.2,disclosed,1.0,https://www.sec.gov/Archives/edgar/data/1100663/000100472626000506/primary_doc.xml,0001004726-26-000506,2026-01-28,2025-11-30
S000074757,iShares Paris-Aligned Climate Optimized MSCI USA ETF,2025-11-30,14621781.4,0.0,3624837.95,disclosed,1.0,https://www.sec.gov/Archives/edgar/data/1100663/000100472626000506/primary_doc.xml,0001004726-26-000506,2026-01-28,2025-11-30
S000074757,iShares Paris-Aligned Climate Optimized MSCI USA ETF,2025-12-31,3677892.6,0.0,22047030.6,disclosed,1.0,https://www.sec.gov/Archives/edgar/data/1100663/000100472626002869/primary_doc.xml,0001004726-26-002869,2026-04-23,2026-02-28
S000074757,iShares Paris-Aligned Climate Optimized MSCI USA ETF,2026-01-31,79659188.25,0.0,0.0,disclosed,1.0,https://www.sec.gov/Archives/edgar/data/1100663/000100472626002869/primary_doc.xml,0001004726-26-002869,2026-04-23,2026-02-28
S000074757,iShares Paris-Aligned Climate Optimized MSCI USA ETF,2026-02-28,84169984.5,0.0,24409846.45,disclosed,1.0,https://www.sec.gov/Archives/edgar/data/1100663/000100472626002869/primary_doc.xml,0001004726-26-002869,2026-04-23,2026-02-28
S000074757,iShares Paris-Aligned Climate Optimized MSCI USA ETF,2026-03-31,86044288.9,0.0,20434108.4,disclosed,1.0,https://www.sec.gov/Archives/edgar/data/1100663/000100472626006407/primary_doc.xml,0001004726-26-006407,2026-07-27,2026-05-31
S000074757,iShares Paris-Aligned Climate Optimized MSCI USA ETF,2026-04-30,11012142.0,0.0,170568726.4,disclosed,1.0,https://www.sec.gov/Archives/edgar/data/1100663/000100472626006407/primary_doc.xml,0001004726-26-006407,2026-07-27,2026-05-31
S000074757,iShares Paris-Aligned Climate Optimized MSCI USA ETF,2026-05-31,151562008.55,0.0,11597483.35,disclosed,1.0,https://www.sec.gov/Archives/edgar/data/1100663/000100472626006407/primary_doc.xml,0001004726-26-006407,2026-07-27,2026-05-31
