n,schedule,quantum_constants,P_F,iterations,T_per_sample,t_classical_naive_1core_s,t_classical_naive_ideal64_s,t_classical_lean_1core_s,t_classical_lean_ideal64_s,t_quantum_optimistic_s,t_quantum_moderate_s,t_quantum_factory_limited_s
100,known,default,0.1,2,797519.3120274929,4.020347030018456e-05,6.281792234403837e-07,1.922533760080114e-05,3.003959000125178e-07,0.26242193106563355,2.6242193106563363,0.7975193120274928
100,known,default,0.07943282347242814,2,811231.3397039884,5.0613170403214425e-05,7.908307875502254e-07,2.4203266055970466e-05,3.7817603212453853e-07,0.26693384284936644,2.6693384284936648,0.8112313397039883
100,known,default,0.06309573444801933,3,1197162.8877424926,6.371820639207506e-05,9.955969748761729e-07,3.04701066862764e-05,4.760954169730687e-07,0.3953609632544633,3.9536096325446333,1.1971628877424925
100,known,default,0.05011872336272722,3,1144138.9589863727,8.021646922092885e-05,1.2533823315770134e-06,3.835959160743273e-05,5.993686188661364e-07,0.3778499029274205,3.778499029274205,1.1441389589863729
100,known,default,0.039810717055349734,3,1173658.2881809107,0.00010098655154663196,1.5779148679161244e-06,4.829186466064331e-05,7.545603853225518e-07,0.3875986100954032,3.8759861009540324,1.1736582881809106
100,known,default,0.03162277660168379,4,1499366.57109941,0.00012713453599151657,1.9864771248674464e-06,6.079585560420859e-05,9.499352438157593e-07,0.4960291643156347,4.960291643156347,1.4993665710994102
100,known,default,0.025118864315095794,4,1523543.3918521288,0.0001600528980763804,2.5008265324434437e-06,7.653744755190705e-05,1.1958976179985477e-06,0.5040274806879854,5.040274806879855,1.5235433918521288
100,known,default,0.01995262314968879,5,1852929.89778496,0.0002014946606196571,3.148354072182142e-06,9.635493767695907e-05,1.5055459012024855e-06,0.6135849588352952,6.135849588352952,1.85292989778496
100,known,default,0.015848931924611134,6,2224885.271566106,0.0002536667485949277,3.963542946795745e-06,0.00012130367959336697,1.895369993646359e-06,0.7371723126038736,7.371723126038736,2.2248852715661056
100,known,default,0.012589254117941675,6,2236403.877132774,0.00031934751593335674,4.989804936458699e-06,0.0001527122847842272,2.38612944975355e-06,0.740988777754715,7.409887777547149,2.2364038771327737
100,known,default,0.01,7,2584415.9813326877,0.0004020347030018456,6.2817922344038375e-06,0.00019225337600801138,3.003959000125178e-06,0.8565927376296875,8.565927376296875,2.5844159813326875
100,known,default,0.007943282347242814,8,2945118.879027286,0.0005061317040321443,7.908307875502254e-06,0.00024203266055970466,3.7817603212453853e-06,0.9763559330394995,9.763559330394996,2.945118879027286
100,known,default,0.00630957344480193,9,3314195.1335886847,0.0006371820639207509,9.955969748761732e-06,0.0003047010668627641,4.7609541697306895e-06,1.0988551073882584,10.988551073882583,3.314195133588685
100,known,default,0.005011872336272725,11,4058010.01415679,0.0008021646922092881,1.2533823315770127e-05,0.00038359591607432716,5.993686188661362e-06,1.3456277478108292,13.45627747810829,4.05801001415679
100,known,default,0.003981071705534969,12,4412788.822298542,0.0010098655154663207,1.577914867916126e-05,0.0004829186466064337,7.5456038532255265e-06,1.463288597343695,14.632885973436952,4.412788822298541
100,known,default,0.0031622776601683794,13,4794572.371976679,0.0012713453599151655,1.986477124867446e-05,0.0006079585560420859,9.499352438157592e-06,1.5898771529502085,15.898771529502087,4.794572371976679
100,known,default,0.0025118864315095794,15,5532611.817336023,0.001600528980763804,2.500826532443444e-05,0.0007653744755190705,1.1958976179985477e-05,1.8345159810859528,18.34515981085953,5.532611817336022
100,known,default,0.001995262314968879,17,6283938.267316656,0.002014946606196571,3.148354072182142e-05,0.0009635493767695906,1.5055459012024854e-05,2.0834734781675266,20.834734781675266,6.283938267316655
100,known,default,0.001584893192461114,19,7040833.477643697,0.002536667485949276,3.9635429467957436e-05,0.0012130367959336693,1.8953699936463582e-05,2.334200185580014,23.34200185580014,7.040833477643696
100,known,default,0.0012589254117941662,22,8187749.452839942,0.0031934751593335705,4.989804936458704e-05,0.0015271228478422735,2.3861294497535523e-05,2.713999135008092,27.13999135008092,8.18774945283994
100,known,default,0.001,24,8945575.593391074,0.004020347030018456,6.281792234403838e-05,0.001922533760080114,3.003959000125178e-05,2.9648737318704717,29.648737318704715,8.945575593391071
100,known,default,0.0007943282347242813,27,10096190.632101107,0.005061317040321443,7.908307875502255e-05,0.002420326605597047,3.781760321245386e-05,3.3456836123405385,33.45683612340538,10.096190632101107
100,known,default,0.000630957344480193,31,11639508.465470077,0.006371820639207509,9.955969748761733e-05,0.0030470106686276413,4.7609541697306895e-05,3.856298617590033,38.562986175900335,11.639508465470076
100,known,default,0.000501187233627272,34,12803956.391633043,0.008021646922092888,0.00012533823315770138,0.003835959160743275,5.993686188661367e-05,4.241453181024789,42.41453181024789,12.803956391633042
100,known,default,0.0003981071705534969,39,14746633.884736354,0.010098655154663207,0.00015779148679161262,0.0048291864660643365,7.545603853225526e-05,4.883828113463313,48.83828113463313,14.746633884736353
100,known,default,0.00031622776601683794,44,16706834.752759026,0.012713453599151657,0.00019864771248674464,0.006079585560420859,9.499352438157593e-05,5.531796791563232,55.31796791563231,16.706834752759026
100,known,default,0.00025118864315095795,49,18668379.29965272,0.01600528980763804,0.00025008265324434435,0.007653744755190705,0.00011958976179985476,6.180025065986967,61.80025065986967,18.668379299652724
100,known,default,0.00019952623149688788,55,21038695.3406744,0.02014946606196571,0.00031483540721821424,0.009635493767695907,0.00015055459012024855,6.963131395001235,69.63131395001236,21.0386953406744
100,known,default,0.00015848931924611126,62,23819092.76803008,0.02536667485949278,0.0003963542946795747,0.012130367959336703,0.000189536999364636,7.881462269037726,78.81462269037726,23.819092768030078
100,known,default,0.0001258925411794166,69,26610377.123810988,0.03193475159333571,0.0004989804936458705,0.015271228478422737,0.00023861294497535526,8.803139554612802,88.03139554612802,26.610377123810984
100,known,default,0.0001,78,30216514.432571508,0.040203470300184556,0.0006281792234403837,0.01922533760080114,0.0003003959000125178,9.993556977582749,99.93556977582749,30.216514432571508
100,known,default,7.943282347242822e-05,87,33840652.79786731,0.05061317040321437,0.0007908307875502245,0.02420326605597044,0.00037817603212453814,11.18959376499908,111.89593764999081,33.840652797867314
100,known,default,6.309573444801929e-05,98,38288843.75186328,0.0637182063920751,0.0009955969748761733,0.030470106686276418,0.00047609541697306903,12.65719357983771,126.57193579837708,38.288843751863276
100,known,default,5.011872336272715e-05,110,43165760.68827018,0.08021646922092897,0.0012533823315770151,0.03835959160743279,0.0005993686188661373,14.26581092284937,142.6581092284937,43.165760688270176
100,known,default,3.9810717055349695e-05,124,48883917.35386765,0.10098655154663205,0.0015779148679161258,0.04829186466064336,0.0007545603853225526,16.15139994946034,161.51399949460338,48.88391735386765
100,known,default,3.1622776601683795e-05,139,55036881.709294535,0.12713453599151656,0.001986477124867446,0.06079585560420859,0.0009499352438157592,18.17983110346393,181.79831103463928,55.03688170929454
100,known,default,2.5118864315095822e-05,156,62043237.41072036,0.16005289807638023,0.002500826532443441,0.07653744755190696,0.0011958976179985462,20.489003891812185,204.89003891812186,62.043237410720366
100,known,default,1.9952623149688786e-05,175,69909549.26186474,0.20149466061965712,0.0031483540721821426,0.09635493767695907,0.0015055459012024855,23.080939725016698,230.80939725016697,69.90954926186473
100,known,default,1.5848931924611107e-05,196,78643248.4080109,0.2536667485949281,0.003963542946795752,0.12130367959336717,0.001895369993646362,25.95795470761234,259.5795470761234,78.64324840801089
100,known,default,1.2589254117941661e-05,220,88670029.86262399,0.3193475159333571,0.0049898049364587044,0.15271228478422735,0.0023861294497535524,29.260105139505363,292.6010513950536,88.67002986262399
100,known,default,1e-05,247,100001419.41418906,0.4020347030018456,0.006281792234403837,0.19225337600801137,0.0030039590001251777,32.99097125857853,329.90971258578537,100.00141941418906
100,known,default,7.943282347242805e-06,277,112648927.92669016,0.5061317040321448,0.007908307875502263,0.24203266055970493,0.0037817603212453896,37.15414035194008,371.5414035194008,112.64892792669016
100,known,default,6.30957344480193e-06,311,127046760.70817761,0.6371820639207509,0.009955969748761733,0.30470106686276416,0.00476095416973069,41.89229889580785,418.9229889580784,127.0467607081776
100,known,default,5.011872336272725e-06,349,143210829.61871403,0.8021646922092881,0.012533823315770127,0.38359591607432714,0.0059936861886613615,47.21040775057159,472.1040775057159,143.21082961871403
100,known,default,3.981071705534969e-06,392,161583570.99763882,1.0098655154663208,0.015779148679161262,0.4829186466064337,0.007545603853225526,53.253722718308396,532.537227183084,161.5835709976388
100,known,default,3.162277660168379e-06,440,182184271.06643292,1.2713453599151656,0.019864771248674463,0.6079585560420859,0.009499352438157593,60.028247060939066,600.2824706093907,182.18427106643293
100,known,default,2.511886431509577e-06,493,205030806.45143387,1.6005289807638055,0.02500826532443446,0.7653744755190712,0.011958976179985488,67.5395405088325,675.3954050883251,205.03080645143385
100,known,default,1.9952623149688787e-06,554,231441158.67570826,2.0149466061965713,0.031483540721821426,0.9635493767695907,0.015055459012024855,76.2204730680314,762.2047306803139,231.44115867570824
100,known,default,1.584893192461111e-06,621,260576607.06556976,2.536667485949281,0.03963542946795751,1.2130367959336716,0.01895369993646362,85.79489322452041,857.9489322452041,260.57660706556976
100,known,default,1.2589254117941661e-06,697,293769300.0347558,3.193475159333571,0.04989804936458705,1.5271228478422736,0.023861294497535525,96.70008103986203,967.0008103986204,293.7693000347558
100,known,default,1e-06,782,331054129.51841813,4.020347030018456,0.06281792234403838,1.922533760080114,0.03003959000125178,108.9468967979387,1089.4689679793871,331.05412951841816
100,known,default,7.943282347242805e-07,878,373346267.7006859,5.061317040321448,0.07908307875502263,2.420326605597049,0.03781760321245389,122.83527979965125,1228.3527979965124,373.3462677006859
100,known,default,6.30957344480193e-07,985,420687645.00347316,6.37182063920751,0.09955969748761734,3.0470106686276415,0.0476095416973069,138.37827926980856,1383.7827926980858,420.6876450034731
100,known,default,5.011872336272714e-07,1105,474007980.3784383,8.021646922092899,0.12533823315770154,3.835959160743279,0.059936861886613735,155.88036736387744,1558.8036736387744,474.0079803784383
100,known,default,3.981071705534969e-07,1240,534249075.9664193,10.098655154663206,0.1577914867916126,4.829186466064336,0.07545603853225526,175.64977145856813,1756.4977145856813,534.2490759664192
100,known,default,3.162277660168379e-07,1392,602365142.4348344,12.713453599151658,0.19864771248674465,6.07958556042086,0.09499352438157593,197.99858721978742,1979.9858721978742,602.3651424348343
100,known,default,2.511886431509577e-07,1561,678419475.1489378,16.005289807638057,0.25008265324434464,7.653744755190712,0.11958976179985488,222.94650095644167,2229.4650095644165,678.4194751489379
100,known,default,1.9952623149688787e-07,1752,764735981.8012935,20.14946606196571,0.31483540721821424,9.635493767695907,0.15055459012024855,251.2545715620997,2512.545715620997,764.7359818012934
100,known,default,1.584893192461111e-07,1966,861853118.2962714,25.366674859492807,0.3963542946795751,12.130367959336716,0.1895369993646362,283.0979352751099,2830.9793527510988,861.8531182962714
100,known,default,1.2589254117941662e-07,2206,971224773.232812,31.934751593335708,0.49898049364587044,15.271228478422735,0.23861294497535523,318.95174907386365,3189.5174907386368,971.2247732328119
100,known,default,1e-07,2475,1094321984.701576,40.20347030018456,0.6281792234403838,19.22533760080114,0.3003959000125178,359.29650707073057,3592.965070707306,1094.3219847015757
100,known,default,7.943282347242805e-08,2777,1233092685.4584515,50.61317040321448,0.7908307875502263,24.20326605597049,0.37817603212453893,404.7686852195135,4047.686852195135,1233.0926854584516
100,known,default,6.30957344480193e-08,3116,1389507873.5637603,63.718206392075096,0.9955969748761734,30.470106686276416,0.476095416973069,456.0119337584704,4560.119337584704,1389.5078735637603
100,known,default,5.0118723362727144e-08,3496,1565560860.3612466,80.21646922092897,1.2533823315770152,38.35959160743279,0.5993686188661373,513.6768453711121,5136.768453711122,1565.5608603612463
100,known,default,3.981071705534969e-08,3923,1764198474.2902825,100.98655154663207,1.5779148679161261,48.29186466064337,0.7545603853225527,578.7258876525291,5787.25887652529,1764.1984742902823
100,known,default,3.162277660168379e-08,4402,1987934972.4000087,127.13453599151657,1.9864771248674464,60.79585560420859,0.9499352438157592,651.9793390149057,6519.793390149058,1987.9349724000085
100,known,default,2.511886431509577e-08,4939,2239780897.319084,160.05289807638056,2.500826532443446,76.53744755190712,1.1958976179985488,734.4194877430205,7344.194877430206,2239.780897319084
100,known,default,1.9952623149688786e-08,5541,2523251559.3935995,201.4946606196571,3.1483540721821424,96.35493767695908,1.5055459012024857,827.1932774183772,8271.932774183773,2523.2515593935996
100,known,default,1.584893192461111e-08,6218,2843322006.8081913,253.66674859492807,3.963542946795751,121.30367959336716,1.895369993646362,931.9246282290081,9319.24628229008,2843.322006808191
100,known,default,1.2589254117941661e-08,6976,3203124684.3909817,319.3475159333571,4.989804936458705,152.71228478422736,2.3861294497535526,1049.6337553832466,10496.337553832465,3203.1246843909817
100,known,default,1e-08,7828,3609162046.9277472,402.03470300184557,6.281792234403837,192.2533760080114,3.003959000125178,1182.4426120311946,11824.426120311946,3609.1620469277473
100,known,default,7.943282347242789e-09,8783,4066097252.7399163,506.1317040321459,7.908307875502279,242.03266055970542,3.781760321245397,1331.8704732295366,13318.704732295366,4066.0972527399163
100,known,default,6.309573444801943e-09,9855,4581045574.81451,637.1820639207497,9.955969748761714,304.7010668627635,4.76095416973068,1500.2375598965398,15002.375598965396,4581.04557481451
100,known,default,5.011872336272715e-09,11057,5160719658.40755,802.1646922092897,12.533823315770151,383.5959160743279,5.993686188661373,1689.7312157685974,16897.312157685974,5160.719658407549
100,known,default,3.981071705534969e-09,12406,5813842668.326435,1009.8655154663207,15.779148679161262,482.9186466064337,7.5456038532255265,1903.1947336012565,19031.947336012563,5813.842668326434
100,known,default,3.1622776601683795e-09,13920,6549721489.032916,1271.3453599151655,19.86477124867446,607.9585560420859,9.499352438157592,2143.660618620895,21436.606186208955,6549.721489032916
100,known,default,2.511886431509572e-09,15619,7378741356.24859,1600.5289807638087,25.00826532443451,765.3744755190727,11.95897617998551,2414.5120897885527,24145.120897885525,7378.741356248591
100,known,default,1.9952623149688828e-09,17524,8311889551.334751,2014.946606196567,31.48354072182136,963.5493767695888,15.055459012024825,2719.3272813247527,27193.272813247524,8311.88955133475
100,known,default,1.584893192461111e-09,19663,9363716004.893759,2536.667485949281,39.635429467957515,1213.0367959336716,18.953699936463618,3062.8459970148438,30628.459970148437,9363.716004893759
100,known,default,1.2589254117941663e-09,22062,10547943099.006016,3193.4751593335704,49.89804936458704,1527.1228478422734,23.86129449753552,3449.535356158401,34495.35356158401,10547.943099006015
100,known,default,1e-09,24754,11881908557.283375,4020.347030018456,62.81792234403837,1922.5337600801138,30.039590001251778,3885.0405400592626,38850.40540059263,11881.908557283374
100,known,default,7.943282347242822e-10,27775,13384631477.789932,5061.317040321437,79.08307875502246,2420.326605597044,37.81760321245381,4375.552662930076,43755.52662930075,13384.631477789932
100,known,default,6.309573444801917e-10,31164,15076832948.606478,6371.820639207523,99.55969748761754,3047.010668627648,47.609541697307,4927.8151853340905,49278.15185334091,15076.832948606478
100,known,default,5.011872336272714e-10,34966,16982462195.763746,8021.6469220928975,125.33823315770152,3835.9591607432794,59.93686188661374,5549.621554600223,55496.215546002226,16982.462195763743
100,known,default,3.9810717055349694e-10,39233,19129247636.17748,10098.655154663205,157.79148679161258,4829.186466064337,75.45603853225526,6249.994255657975,62499.94255657976,19129.24763617748
100,known,default,3.1622776601683795e-10,44020,21546728511.216824,12713.453599151655,198.6477124867446,6079.585560420859,94.99352438157592,7038.541979995386,70385.41979995387,21546.72851121682
100,known,default,2.511886431509582e-10,49392,24269825749.72925,16005.289807638024,250.08265324434413,7653.744755190697,119.58976179985464,7926.6238497256545,79266.23849725653,24269.82574972925
100,known,default,1.9952623149688748e-10,55418,27335864516.3348,20149.46606196575,314.83540721821487,9635.493767695927,150.55459012024886,8926.377422655296,89263.77422655295,27335.8645163348
100,known,default,1.584893192461111e-10,62180,30789201224.12921,25366.67485949281,396.35429467957516,12130.367959336716,189.5369993646362,10052.226723037176,100522.26723037176,30789.20122412921
100,known,default,1.2589254117941662e-10,69768,34678761646.712074,31934.751593335706,498.9804936458704,15271.228478422736,238.61294497535525,11320.078256236788,113200.78256236787,34678.761646712075
100,known,default,1e-10,78281,39058612597.192955,40203.470300184556,628.1792234403837,19225.33760080114,300.3959000125178,12747.50647766637,127475.0647766637,39058.61259719295
100,known,default,7.943282347242822e-11,87832,43990611809.54746,50613.170403214375,790.8307875502246,24203.26605597044,378.17603212453815,14354.616264178656,143546.16264178656,43990.61180954746
100,known,default,6.309573444801917e-11,98550,49545554400.64093,63718.206392075226,995.5969748761754,30470.10668627648,476.09541697307,16164.414816843764,161644.14816843765,49545.55440064093
100,known,default,5.011872336272715e-11,110575,55800691318.138985,80216.46922092896,1253.382331577015,38359.59160743279,599.3686188661374,18202.001558463515,182020.01558463517,55800.69131813898
100,known,default,3.9810717055349695e-11,124067,62844509568.58745,100986.55154663206,1577.914867916126,48291.86466064336,754.5603853225525,20496.1238309157,204961.23830915705,62844.50956858745
100,known,default,3.1622776601683794e-11,139205,70776362059.74709,127134.53599151656,1986.4771248674463,60795.85560420859,949.9352438157592,23079.054122329984,230790.54122329986,70776.36205974707
100,known,default,2.511886431509572e-11,156191,79708715767.05376,160052.89807638086,2500.826532443451,76537.44755190727,1195.8976179985511,25987.319947748103,259873.19947748102,79708.71576705376
100,known,default,1.9952623149688748e-11,175249,89766797193.7443,201494.66061965752,3148.3540721821487,96354.93767695926,1505.5459012024885,29261.585935140873,292615.8593514087,89766.79719374429
100,known,default,1.5848931924611107e-11,196633,101092996372.26256,253666.74859492813,3963.542946795752,121303.67959336718,1895.3699936463622,32948.084861655625,329480.8486165562,101092.99637226254
100,known,default,1.2589254117941662e-11,220626,113846563520.5902,319347.51593335706,4989.804936458704,152712.28478422735,2386.1294497535523,37098.51566725557,370985.1566725557,113846.56352059018
100,known,default,1e-11,247546,128207028230.56569,402034.7030018456,6281.792234403838,192253.3760080114,3003.959000125178,41771.152879077425,417711.5287907743,128207.02823056569
100,known,default,7.943282347242789e-12,277751,144377143075.974,506131.70403214585,7908.307875502279,242032.6605597054,3781.760321245397,47031.80046475222,470318.0046475221,144377.143075974
100,known,default,6.309573444801917e-12,311642,162584799259.88623,637182.0639207523,9955.969748761754,304701.06686276477,4760.9541697306995,52954.410649949874,529544.1064994988,162584.79925988623
100,known,default,5.011872336272715e-12,349669,183086587081.6943,802164.6922092898,12533.823315770152,383595.9160743279,5993.686188661373,59622.23729627017,596222.3729627017,183086.5870816943
100,known,default,3.9810717055349695e-12,392335,206170330029.11,1009865.5154663206,15779.148679161259,482918.6466064336,7545.603853225525,67128.65473657145,671286.5473657144,206170.33002911
100,known,default,3.1622776601683794e-12,440207,232161459413.70322,1271345.3599151657,19864.771248674464,607958.5560420859,9499.352438157592,75579.22473600737,755792.2473600735,232161.4594137032
100,known,default,2.511886431509572e-12,493920,261425680391.3571,1600528.9807638088,25008.265324434513,765374.4755190728,11958.976179985513,85092.55637185009,850925.563718501,261425.68039135708
100,known,default,1.9952623149688747e-12,554188,294375501954.4692,2014946.606196575,31483.540721821486,963549.3767695926,15055.459012024885,95802.42132763735,958024.2132763736,294375.5019544692
100,known,default,1.584893192461111e-12,621809,331473577834.46564,2536667.4859492807,39635.42946795751,1213036.7959336715,18953.699936463618,107858.83134912985,1078588.3134912984,331473.57783446566
100,known,default,1.258925411794166e-12,697681,373242151163.79645,3193475.159333571,49898.049364587045,1527122.8478422735,23861.294497535524,121431.09838875338,1214310.9838875337,373242.1511637964
100,known,default,1e-12,782811,420268786447.0605,4020347.0300184563,62817.92234403838,1922533.760080114,30039.59000125178,136709.6864008298,1367096.8640082981,420268.78644706047
100,known,qbest,0.1,2,321465.38163630705,4.020347030018456e-05,6.281792234403837e-07,1.922533760080114e-05,3.003959000125178e-07,0.13531579097828889,1.353157909782889,0.32146538163630706
100,known,qbest,0.07943282347242814,2,326992.4480578413,5.0613170403214425e-05,7.908307875502254e-07,2.4203266055970466e-05,3.7817603212453853e-07,0.13764232256564843,1.3764232256564843,0.32699244805784133
100,known,qbest,0.06309573444801933,3,483174.7292884424,6.371820639207506e-05,9.955969748761729e-07,3.04701066862764e-05,4.760954169730687e-07,0.20558103260718597,2.055810326071859,0.4831747292884424
100,known,qbest,0.05011872336272722,3,461774.2810412874,8.021646922092885e-05,1.2533823315770134e-06,3.835959160743273e-05,5.993686188661364e-07,0.19647557658429782,1.9647557658429784,0.46177428104128737
100,known,qbest,0.039810717055349734,3,473688.2770717216,0.00010098655154663196,1.5779148679161244e-06,4.829186466064331e-05,7.545603853225518e-07,0.201544739886819,2.0154473988681905,0.4736882770717216
100,known,qbest,0.03162277660168379,4,605460.4729889589,0.00012713453599151657,1.9864771248674464e-06,6.079585560420859e-05,9.499352438157593e-07,0.2588627614379632,2.588627614379632,0.605460472988959
100,known,qbest,0.025118864315095794,4,615223.3352605759,0.0001600528980763804,2.5008265324434437e-06,7.653744755190705e-05,1.1958976179985477e-06,0.26303684314918235,2.6303684314918234,0.6152233352605759
100,known,qbest,0.01995262314968879,5,748398.9912560827,0.0002014946606196571,3.148354072182142e-06,9.635493767695907e-05,1.5055459012024855e-06,0.32076538405544175,3.2076538405544173,0.7483989912560827
100,known,qbest,0.015848931924611134,6,898704.2948736264,0.0002536667485949277,3.963542946795745e-06,0.00012130367959336697,1.895369993646359e-06,0.3856914853305942,3.856914853305943,0.8987042948736264
100,known,qbest,0.012589254117941675,6,903357.0382874174,0.00031934751593335674,4.989804936458699e-06,0.0001527122847842272,2.38612944975355e-06,0.38768827507374276,3.876882750737427,0.9033570382874173
100,known,qbest,0.01,7,1043938.4983614555,0.0004020347030018456,6.2817922344038375e-06,0.00019225337600801138,3.003959000125178e-06,0.44832735028387083,4.483273502838709,1.0439384983614555
100,known,qbest,0.007943282347242814,8,1189600.6862238112,0.0005061317040321443,7.908307875502254e-06,0.00024203266055970466,3.7817603212453853e-06,0.5110459831851092,5.110459831851092,1.189600686223811
100,known,qbest,0.00630957344480193,9,1338604.9923032224,0.0006371820639207509,9.955969748761732e-06,0.0003047010668627641,4.7609541697306895e-06,0.5751117626695273,5.751117626695273,1.3386049923032224
100,known,qbest,0.005011872336272725,11,1638796.2311384478,0.0008021646922092881,1.2533823315770127e-05,0.00038359591607432716,5.993686188661362e-06,0.7039510940429162,7.039510940429163,1.6387962311384476
100,known,qbest,0.003981071705534969,12,1781929.336626746,0.0010098655154663207,1.577914867916126e-05,0.0004829186466064337,7.5456038532255265e-06,0.7652793636844334,7.652793636844333,1.781929336626746
100,known,qbest,0.0031622776601683794,13,1935940.4218183167,0.0012713453599151655,1.986477124867446e-05,0.0006079585560420859,9.499352438157592e-06,0.8312196740928375,8.312196740928375,1.9359404218183167
100,known,qbest,0.0025118864315095794,15,2233581.9386046045,0.001600528980763804,2.500826532443444e-05,0.0007653744755190705,1.1958976179985477e-05,0.9584810080927951,9.584810080927953,2.2335819386046043
100,known,qbest,0.001995262314968879,17,2536501.4104645806,0.002014946606196571,3.148354072182142e-05,0.0009635493767695906,1.5055459012024854e-05,1.0878154444711419,10.878154444711418,2.5365014104645804
100,known,qbest,0.001584893192461114,19,2841592.0424700803,0.002536667485949276,3.9635429467957436e-05,0.0012130367959336693,1.8953699936463582e-05,1.2179106849126629,12.17910684912663,2.8415920424700802
100,known,qbest,0.0012589254117941662,22,3303771.608291728,0.0031934751593335705,4.989804936458704e-05,0.0015271228478422735,2.3861294497535523e-05,1.4147184518638696,14.147184518638696,3.303771608291728
100,known,qbest,0.001,24,3609078.6177692427,0.004020347030018456,6.281792234403838e-05,0.001922533760080114,3.003959000125178e-05,1.5445519709694553,15.445519709694553,3.6090786177692427
100,known,qbest,0.0007943282347242813,27,4072537.567160014,0.005061317040321443,7.908307875502255e-05,0.002420326605597047,3.781760321245386e-05,1.7414330919427599,17.414330919427602,4.072537567160014
100,known,qbest,0.000630957344480193,31,4694013.001580607,0.006371820639207509,9.955969748761733e-05,0.0030470106686276413,4.7609541697306895e-05,2.0050797041360786,20.050797041360788,4.694013001580607
100,known,qbest,0.000501187233627272,34,5162815.13905694,0.008021646922092888,0.00012533823315770138,0.003835959160743275,5.993686188661367e-05,2.203718376575698,22.037183765756982,5.1628151390569395
100,known,qbest,0.0003981071705534969,39,5944744.15645575,0.010098655154663207,0.00015779148679161262,0.0048291864660643365,7.545603853225526e-05,2.5346195321851024,25.34619532185102,5.944744156455749
100,known,qbest,0.00031622776601683794,44,6733530.551129717,0.012713453599151657,0.00019864771248674464,0.006079585560420859,9.499352438157593e-05,2.8679829011524554,28.679829011524557,6.733530551129717
100,known,qbest,0.00025118864315095795,49,7522675.915820278,0.01600528980763804,0.00025008265324434435,0.007653744755190705,0.00011958976179985476,3.201091370065857,32.01091370065857,7.522675915820278
100,known,qbest,0.00019952623149688788,55,8476070.106542038,0.02014946606196571,0.00031483540721821424,0.009635493767695907,0.00015055459012024855,3.6030749567603015,36.03074956760302,8.476070106542037
100,known,qbest,0.00015848931924611126,62,9594155.06035301,0.02536667485949278,0.0003963542946795747,0.012130367959336703,0.000189536999364636,4.073929870126832,40.73929870126832,9.59415506035301
100,known,qbest,0.0001258925411794166,69,10716373.351300491,0.03193475159333571,0.0004989804936458705,0.015271228478422737,0.00023861294497535526,4.545976763840139,45.4597676384014,10.716373351300492
100,known,qbest,0.0001,78,12165881.646325031,0.040203470300184556,0.0006281792234403837,0.01922533760080114,0.0003003959000125178,5.154983818091792,51.54983818091793,12.165881646325031
100,known,qbest,7.943282347242822e-05,87,13622309.061859524,0.05061317040321437,0.0007908307875502245,0.02420326605597044,0.00037817603212453814,5.7661874773660555,57.66187477366056,13.622309061859525
100,known,qbest,6.309573444801929e-05,98,15409514.454635143,0.0637182063920751,0.0009955969748761733,0.030470106686276418,0.00047609541697306903,6.515345820372357,65.15345820372357,15.409514454635142
100,known,qbest,5.011872336272715e-05,110,17368550.242300168,0.08021646922092897,0.0012533823315770151,0.03835959160743279,0.0005993686188661373,7.335579199831949,73.35579199831949,17.368550242300167
100,known,qbest,3.9810717055349695e-05,124,19665012.877776813,0.10098655154663205,0.0015779148679161258,0.04829186466064336,0.0007545603853225526,8.295977968624367,82.95977968624366,19.665012877776814
100,known,qbest,3.1622776601683795e-05,139,22135570.93062662,0.12713453599151656,0.001986477124867446,0.06079585560420859,0.0009499352438157592,9.328000561741096,93.28000561741094,22.135570930626617
100,known,qbest,2.5118864315095822e-05,156,24948203.588343695,0.16005289807638023,0.002500826532443441,0.07653744755190696,0.0011958976179985462,10.501610143829513,105.01610143829514,24.948203588343695
100,known,qbest,1.9952623149688786e-05,175,28105406.764209982,0.20149466061965712,0.0031483540721821426,0.09635493767695907,0.0015055459012024855,11.817534788628784,118.17534788628787,28.10540676420998
100,known,qbest,1.5848931924611107e-05,196,31610033.180521842,0.2536667485949281,0.003963542946795752,0.12130367959336717,0.001895369993646362,13.276671691217098,132.766716912171,31.61003318052184
100,known,qbest,1.2589254117941661e-05,220,35632733.40561657,0.3193475159333571,0.0049898049364587044,0.15271228478422735,0.0023861294497535524,14.949686630584003,149.49686630584003,35.63273340561656
100,known,qbest,1e-05,247,40177920.198350474,0.4020347030018456,0.006281792234403837,0.19225337600801137,0.0030039590001251777,16.837939621977203,168.37939621977202,40.17792019835047
100,known,qbest,7.943282347242805e-06,277,45250012.07026432,0.5061317040321448,0.007908307875502263,0.24203266055970493,0.0037817603212453896,18.94281946109615,189.4281946109615,45.25001207026431
100,known,qbest,6.30957344480193e-06,311,51022904.72770196,0.6371820639207509,0.009955969748761733,0.30470106686276416,0.00476095416973069,21.335961199082824,213.35961199082826,51.02290472770196
100,known,qbest,5.011872336272725e-06,349,57502708.02224408,0.8021646922092881,0.012533823315770127,0.38359591607432714,0.0059936861886613615,24.01928992287477,240.19289922874768,57.50270802224408
100,known,qbest,3.981071705534969e-06,392,64866481.28795788,1.0098655154663208,0.015779148679161262,0.4829186466064337,0.007545603853225526,27.065444682669426,270.65444682669425,64.86648128795788
100,known,qbest,3.162277660168379e-06,440,73121620.6209674,1.2713453599151656,0.019864771248674463,0.6079585560420859,0.009499352438157593,30.476733649685062,304.76733649685065,73.1216206209674
100,known,qbest,2.511886431509577e-06,493,82274976.87726447,1.6005289807638055,0.02500826532443446,0.7653744755190712,0.011958976179985488,34.25528384693295,342.55283846932946,82.27497687726448
100,known,qbest,1.9952623149688787e-06,554,92854156.92399523,2.0149466061965713,0.031483540721821426,0.9635493767695907,0.015055459012024855,38.61791176524126,386.1791176524126,92.85415692399522
100,known,qbest,1.584893192461111e-06,621,104522735.34847707,2.536667485949281,0.03963542946795751,1.2130367959336716,0.01895369993646362,43.4248477658809,434.24847765880895,104.52273534847707
100,known,qbest,1.2589254117941661e-06,697,117813752.18790118,3.193475159333571,0.04989804936458705,1.5271228478422736,0.023861294497535525,48.89460460916698,488.94604609166987,117.81375218790119
100,known,qbest,1e-06,782,132740587.60185942,4.020347030018456,0.06281792234403838,1.922533760080114,0.03003959000125178,55.031356583630405,550.3135658363041,132.7405876018594
100,known,qbest,7.943282347242805e-07,878,149668976.23351124,5.061317040321448,0.07908307875502263,2.420326605597049,0.03781760321245389,61.983998385305824,619.8399838530581,149.66897623351122
100,known,qbest,6.30957344480193e-07,985,168614995.534161,6.37182063920751,0.09955969748761734,3.0470106686276415,0.0476095416973069,69.75754158979538,697.575415897954,168.61499553416098
100,known,qbest,5.011872336272714e-07,1105,189949963.46148664,8.021646922092899,0.12533823315770154,3.835959160743279,0.059936861886613735,78.50263452271726,785.0263452271727,189.94996346148662
100,known,qbest,3.981071705534969e-07,1240,214049825.94724408,10.098655154663206,0.1577914867916126,4.829186466064336,0.07545603853225526,88.37135611053594,883.7135611053594,214.04982594724405
100,known,qbest,3.162277660168379e-07,1392,241295293.23019168,12.713453599151658,0.19864771248674465,6.07958556042086,0.09499352438157593,99.51728564079448,995.1728564079449,241.29529323019165
100,known,qbest,2.511886431509577e-07,1561,271710623.06040686,16.005289807638057,0.25008265324434464,7.653744755190712,0.11958976179985488,111.94795708887298,1119.4795708887298,271.7106230604068
100,known,qbest,1.9952623149688787e-07,1752,306223960.69830793,20.14946606196571,0.31483540721821424,9.635493767695907,0.15055459012024855,126.0399441182537,1260.3994411825367,306.2239606983079
100,known,qbest,1.584893192461111e-07,1966,345049180.51247746,25.366674859492807,0.3963542946795751,12.130367959336716,0.1895369993646362,141.87735707424966,1418.7735707424965,345.04918051247745
100,known,qbest,1.2589254117941662e-07,2206,388765991.76192236,31.934751593335708,0.49898049364587044,15.271228478422735,0.23861294497535523,159.693233090935,1596.93233090935,388.76599176192235
100,known,qbest,1e-07,2475,437960679.38003546,40.20347030018456,0.6281792234403838,19.22533760080114,0.3003959000125178,179.72265907438182,1797.2265907438184,437.96067938003546
100,known,qbest,7.943282347242805e-08,2777,493409802.2217621,50.61317040321448,0.7908307875502263,24.20326605597049,0.37817603212453893,202.27748527390673,2022.7748527390672,493.4098022217621
100,known,qbest,6.30957344480193e-08,3116,555898759.2852323,63.718206392075096,0.9955969748761734,30.470106686276416,0.476095416973069,227.67230854176057,2276.7230854176055,555.8987592852322
100,known,qbest,5.0118723362727144e-08,3496,626221503.5182357,80.21646922092897,1.2533823315770152,38.35959160743279,0.5993686188661373,256.2243881929634,2562.243881929634,626.2215035182356
100,known,qbest,3.981071705534969e-08,3923,705552427.3590627,100.98655154663207,1.5779148679161261,48.29186466064337,0.7545603853225527,288.4044671154221,2884.0446711542213,705.5524273590626
100,known,qbest,3.162277660168379e-08,4402,794892643.045576,127.13453599151657,1.9864771248674464,60.79585560420859,0.9499352438157592,324.61181916095705,3246.1181916095707,794.8926430455759
100,known,qbest,2.511886431509577e-08,4939,895440965.3156767,160.05289807638056,2.500826532443446,76.53744755190712,1.1958976179985488,365.3247817997752,3653.247817997752,895.4409653156766
100,known,qbest,1.9952623149688786e-08,5541,1008597169.3015957,201.4946606196571,3.1483540721821424,96.35493767695908,1.5055459012024857,411.1017847684862,4111.017847684862,1008.5971693015957
100,known,qbest,1.584893192461111e-08,6218,1136342981.4706774,253.66674859492807,3.963542946795751,121.30367959336716,1.895369993646362,462.7349921607202,4627.349921607201,1136.3429814706774
100,known,qbest,1.2589254117941661e-08,6976,1279923947.496785,319.3475159333571,4.989804936458705,152.71228478422736,2.3861294497535526,520.7172841009301,5207.1728410093,1279.9239474967849
100,known,qbest,1e-08,7828,1441929688.6504765,402.03470300184557,6.281792234403837,192.2533760080114,3.003959000125178,586.0826392269411,5860.826392269412,1441.9296886504765
100,known,qbest,7.943282347242789e-09,8783,1624214911.1641288,506.1317040321459,7.908307875502279,242.03266055970542,3.781760321245397,659.5661415577275,6595.661415577277,1624.2149111641286
100,known,qbest,6.309573444801943e-09,9855,1829611612.8837905,637.1820639207497,9.955969748761714,304.7010668627635,4.76095416973068,742.2947395690642,7422.947395690643,1829.6116128837903
100,known,qbest,5.011872336272715e-09,11057,2060789986.1286776,802.1646922092897,12.533823315770151,383.5959160743279,5.993686188661373,835.3274738228812,8353.274738228813,2060.7899861286774
100,known,qbest,3.981071705534969e-09,12406,2321220775.2637644,1009.8655154663207,15.779148679161262,482.9186466064337,7.5456038532255265,940.0427034110444,9400.427034110444,2321.220775263764
100,known,qbest,3.1622776601683795e-09,13920,2614605944.418107,1271.3453599151655,19.86477124867446,607.9585560420859,9.499352438157592,1057.9082806813853,10579.082806813854,2614.605944418107
100,known,qbest,2.511886431509572e-09,15619,2945075751.804987,1600.5289807638087,25.00826532443451,765.3744755190727,11.95897617998551,1190.5604331745797,11905.604331745797,2945.075751804987
100,known,qbest,1.9952623149688828e-09,17524,3316998701.706783,2014.946606196567,31.48354072182136,963.5493767695888,15.055459012024825,1339.7270708117799,13397.270708117798,3316.998701706783
100,known,qbest,1.584893192461111e-09,19663,3736161218.4745483,2536.667485949281,39.635429467957515,1213.0367959336716,18.953699936463618,1507.7001744825661,15077.001744825659,3736.161218474548
100,known,qbest,1.2589254117941663e-09,22062,4208017575.120936,3193.4751593335704,49.89804936458704,1527.1228478422734,23.86129449753552,1696.6332649523279,16966.33264952328,4208.017575120935
100,known,qbest,1e-09,24754,4739460162.735179,4020.347030018456,62.81792234403837,1922.5337600801138,30.039590001251778,1909.250216124116,19092.50216124116,4739.460162735179
100,known,qbest,7.943282347242822e-10,27775,5338048287.079717,5061.317040321437,79.08307875502246,2420.326605597044,37.81760321245381,2148.535075500555,21485.35075500555,5338.048287079716
100,known,qbest,6.309573444801917e-10,31164,6012016070.939568,6371.820639207523,99.55969748761754,3047.010668627648,47.609541697307,2417.734522024943,24177.34522024943,6012.016070939567
100,known,qbest,5.011872336272714e-10,34966,6770879865.493683,8021.6469220928975,125.33823315770152,3835.9591607432794,59.93686188661374,2720.5995280063134,27205.995280063136,6770.879865493683
100,known,qbest,3.9810717055349694e-10,39233,7625656949.153568,10098.655154663205,157.79148679161258,4829.186466064337,75.45603853225526,3061.470960075694,30614.70960075694,7625.656949153567
100,known,qbest,3.1622776601683795e-10,44020,8588081137.814168,12713.453599151655,198.6477124867446,6079.585560420859,94.99352438157592,3444.9652974004102,34449.6529740041,8588.081137814168
100,known,qbest,2.511886431509582e-10,49392,9672023852.659796,16005.289807638024,250.08265324434413,7653.744755190697,119.58976179985464,3876.5396798777115,38765.39679877712,9672.023852659797
100,known,qbest,1.9952623149688748e-10,55418,10892307988.710646,20149.46606196575,314.83540721821487,9635.493767695927,150.55459012024886,4362.0175128819665,43620.17512881966,10892.307988710643
100,known,qbest,1.584893192461111e-10,62180,12266548766.214926,25366.67485949281,396.35429467957516,12130.367959336716,189.5369993646362,4908.319243195481,49083.19243195481,12266.548766214926
100,known,qbest,1.2589254117941662e-10,69768,13814172693.691248,31934.751593335706,498.9804936458704,15271.228478422736,238.61294497535525,5523.0693318991325,55230.69331899132,13814.172693691246
100,known,qbest,1e-10,78281,15556644174.505447,40203.470300184556,628.1792234403837,19225.33760080114,300.3959000125178,6214.684318050011,62146.84318050011,15556.644174505447
100,known,qbest,7.943282347242822e-11,87832,17518518607.203407,50613.170403214375,790.8307875502246,24203.26605597044,378.17603212453815,6992.788263729683,69927.88263729685,17518.51860720341
100,known,qbest,6.309573444801917e-11,98550,19727896787.76742,63718.206392075226,995.5969748761754,30470.10668627648,476.09541697307,7868.38924953432,78683.8924953432,19727.89678776742
100,known,qbest,5.011872336272715e-11,110575,22215436335.309044,80216.46922092896,1253.382331577015,38359.59160743279,599.3686188661374,8853.484003835232,88534.84003835233,22215.43633530904
100,known,qbest,3.9810717055349695e-11,124067,25016251275.615616,100986.55154663206,1577.914867916126,48291.86466064336,754.5603853225525,9961.806949978365,99618.06949978367,25016.251275615614
100,known,qbest,3.1622776601683794e-11,139205,28169762684.991066,127134.53599151656,1986.4771248674463,60795.85560420859,949.9352438157592,11208.766177412132,112087.66177412131,28169.762684991063
100,known,qbest,2.511886431509572e-11,156191,31720590337.388775,160052.89807638086,2500.826532443451,76537.44755190727,1195.8976179985511,12611.791094098771,126117.91094098771,31720.59033738877
100,known,qbest,1.9952623149688748e-11,175249,35718409335.0456,201494.66061965752,3148.3540721821487,96354.93767695926,1505.5459012024885,14190.270260137222,141902.70260137224,35718.4093350456
100,known,qbest,1.5848931924611107e-11,196633,40219698009.28187,253666.74859492813,3963.542946795752,121303.67959336718,1895.3699936463622,15966.23568194772,159662.3568194772,40219.69800928186
100,known,qbest,1.2589254117941662e-11,220626,45287614176.2631,319347.51593335706,4989.804936458704,152712.28478422735,2386.1294497535523,17964.306751291853,179643.06751291853,45287.6141762631
100,known,qbest,1e-11,247546,50993350601.07411,402034.7030018456,6281.792234403838,192253.3760080114,3003.959000125178,20212.21732237863,202122.17322378632,50993.350601074104
100,known,qbest,7.943282347242789e-12,277751,57417300693.57072,506131.70403214585,7908.307875502279,242032.6605597054,3781.760321245397,22741.266187267687,227412.66187267684,57417.30069357072
100,known,qbest,6.309573444801917e-12,311642,64649815227.402626,637182.0639207523,9955.969748761754,304701.06686276477,4760.9541697306995,25586.60518799441,255866.0518799441,64649.81522740262
100,known,qbest,5.011872336272715e-12,349669,72792611961.0803,802164.6922092898,12533.823315770152,383595.9160743279,5993.686188661373,28787.783142875815,287877.8314287582,72792.61196108031
100,known,qbest,3.9810717055349695e-12,392335,81959776889.95332,1009865.5154663206,15779.148679161259,482918.6466064336,7545.603853225525,32389.127598337596,323891.27598337596,81959.77688995333
100,known,qbest,3.1622776601683794e-12,440207,92280289944.5411,1271345.3599151657,19864.771248674464,607958.5560420859,9499.352438157592,36440.7237935412,364407.23793541203,92280.2899445411
100,known,qbest,2.511886431509572e-12,493920,103899076815.17029,1600528.9807638088,25008.265324434513,765374.4755190728,11958.976179985513,40998.81214612543,409988.1214612543,103899.07681517028
100,known,qbest,1.9952623149688747e-12,554188,116979594203.62071,2014946.606196575,31483.540721821486,963549.3767695926,15055.459012024885,46126.78574436119,461267.85744361184,116979.5942036207
100,known,qbest,1.584893192461111e-12,621809,131705147815.10167,2536667.4859492807,39635.42946795751,1213036.7959336715,18953.699936463618,51895.68820340302,518956.8820340302,131705.14781510166
100,known,qbest,1.258925411794166e-12,697681,148282632212.73618,3193475.159333571,49898.049364587045,1527122.8478422735,23861.294497535524,58385.658181686944,583856.5818168696,148282.63221273618
100,known,qbest,1e-12,782811,166944795235.9909,4020347.0300184563,62817.92234403838,1922533.760080114,30039.59000125178,65686.7919324317,656867.919324317,166944.79523599092
100,bbht,default,0.1,0.4038092538222274,894895.5111022716,4.020347030018456e-05,6.281792234403837e-07,1.922533760080114e-05,3.003959000125178e-07,0.28506675382712127,2.850667538271212,0.8948955111022715
100,bbht,default,0.07943282347242814,0.4425065856390618,1045411.1939177477,5.0613170403214425e-05,7.908307875502254e-07,2.4203266055970466e-05,3.7817603212453853e-07,0.33363395940883,3.3363395940883005,1.0454111939177475
100,bbht,default,0.06309573444801933,0.48548586446263087,1224722.293517964,6.371820639207506e-05,9.955969748761729e-07,3.04701066862764e-05,4.760954169730687e-07,0.39159527144638934,3.9159527144638933,1.2247222935179638
100,bbht,default,0.05011872336272722,0.5327228621366534,1428199.1727385311,8.021646922092885e-05,1.2533823315770134e-06,3.835959160743273e-05,5.993686188661364e-07,0.4575829069279699,4.575829069279699,1.428199172738531
100,bbht,default,0.039810717055349734,0.5843771734285962,1683622.5828657425,0.00010098655154663196,1.5779148679161244e-06,4.829186466064331e-05,7.545603853225518e-07,0.5403204905036901,5.403204905036902,1.6836225828657425
100,bbht,default,0.03162277660168379,0.6406791452660191,1978444.810597103,0.00012713453599151657,1.9864771248674464e-06,6.079585560420859e-05,9.499352438157593e-07,0.6359887036709699,6.359887036709699,1.978444810597103
100,bbht,default,0.025118864315095794,0.7020919553077812,2300111.436039165,0.0001600528980763804,2.5008265324434437e-06,7.653744755190705e-05,1.1958976179985477e-06,0.7407771707389236,7.4077717073892355,2.300111436039165
100,bbht,default,0.01995262314968879,0.7692153690147755,2695638.9863945274,0.0002014946606196571,3.148354072182142e-06,9.635493767695907e-05,1.5055459012024855e-06,0.869420805437406,8.69420805437406,2.695638986394527
100,bbht,default,0.015848931924611134,0.8427288524590097,3117880.290031435,0.0002536667485949277,3.963542946795745e-06,0.00012130367959336697,1.895369993646359e-06,1.007373851116015,10.073738511160151,3.117880290031435
100,bbht,default,0.012589254117941675,0.9234109395411729,3628132.6902196845,0.00031934751593335674,4.989804936458699e-06,0.0001527122847842272,2.38612944975355e-06,1.1738495143907144,11.738495143907143,3.6281326902196844
100,bbht,default,0.01,1.0121491359951842,4216051.954593314,0.0004020347030018456,6.2817922344038375e-06,0.00019225337600801138,3.003959000125178e-06,1.3657983246834946,13.657983246834947,4.216051954593314
100,bbht,default,0.007943282347242814,1.1098459506270233,4882190.732307227,0.0005061317040321443,7.908307875502254e-06,0.00024203266055970466,3.7817603212453853e-06,1.583583442841487,15.835834428414868,4.882190732307227
100,bbht,default,0.00630957344480193,1.2173830688087481,5600967.8512713825,0.0006371820639207509,9.955969748761732e-06,0.0003047010668627641,4.7609541697306895e-06,1.8194560733570093,18.194560733570096,5.600967851271382
100,bbht,default,0.005011872336272725,1.3354862476789542,6466722.567052129,0.0008021646922092881,1.2533823315770127e-05,0.00038359591607432716,5.993686188661362e-06,2.10298066448486,21.029806644848605,6.466722567052129
100,bbht,default,0.003981071705534969,1.4648486319357068,7462162.009467539,0.0010098655154663207,1.577914867916126e-05,0.0004829186466064337,7.5456038532255265e-06,2.4289995681785297,24.289995681785296,7.462162009467539
100,bbht,default,0.0031622776601683794,1.6063156123102282,8516619.81965653,0.0012713453599151655,1.986477124867446e-05,0.0006079585560420859,9.499352438157592e-06,2.7757711498512916,27.75771149851292,8.516619819656528
100,bbht,default,0.0025118864315095794,1.760834608243903,9785734.936213994,0.001600528980763804,2.500826532443444e-05,0.0007653744755190705,1.1958976179985477e-05,3.191979699849935,31.919796998499347,9.785734936213993
100,bbht,default,0.001995262314968879,1.9295949117927398,11217052.862128288,0.002014946606196571,3.148354072182142e-05,0.0009635493767695906,1.5055459012024854e-05,3.6616062385329964,36.61606238532996,11.217052862128286
100,bbht,default,0.001584893192461114,2.114035556238195,12735273.187074546,0.002536667485949276,3.9635429467957436e-05,0.0012130367959336693,1.8953699936463582e-05,4.161570090863866,41.61570090863866,12.735273187074545
100,bbht,default,0.0012589254117941662,2.315738649266945,14553551.638516134,0.0031934751593335705,4.989804936458704e-05,0.0015271228478422735,2.3861294497535523e-05,4.758575753335376,47.58575753335376,14.553551638516133
100,bbht,default,0.001,2.5365291319259664,16606639.158320092,0.004020347030018456,6.281792234403838e-05,0.001922533760080114,3.003959000125178e-05,5.432772424955034,54.327724249550336,16.60663915832009
100,bbht,default,0.0007943282347242813,2.7783256419844307,18779676.153240416,0.005061317040321443,7.908307875502255e-05,0.002420326605597047,3.781760321245386e-05,6.148923169278763,61.489231692787634,18.779676153240416
100,bbht,default,0.000630957344480193,3.043162643116077,21384292.94769889,0.006371820639207509,9.955969748761733e-05,0.0030470106686276413,4.7609541697306895e-05,7.004529034963641,70.0452903496364,21.38429294769889
100,bbht,default,0.000501187233627272,3.3333854752164895,24323905.183473684,0.008021646922092888,0.00012533823315770138,0.003835959160743275,5.993686188661367e-05,7.970169136788211,79.7016913678821,24.323905183473684
100,bbht,default,0.0003981071705534969,3.651459657793215,27429798.394902017,0.010098655154663207,0.00015779148679161262,0.0048291864660643365,7.545603853225526e-05,8.99404174785379,89.94041747853791,27.429798394902015
100,bbht,default,0.00031622776601683794,4.000154468137122,31150827.78315232,0.012713453599151657,0.00019864771248674464,0.006079585560420859,9.499352438157593e-05,10.216565763613772,102.16565763613774,31.15082778315232
100,bbht,default,0.00025118864315095795,4.38271103406586,35346265.58880863,0.01600528980763804,0.00025008265324434435,0.007653744755190705,0.00011958976179985476,11.594854588575458,115.94854588575458,35.346265588808635
100,bbht,default,0.00019952623149688788,4.8025428201786395,39782682.10785479,0.02014946606196571,0.00031483540721821424,0.009635493767695907,0.00015055459012024855,13.057270365060958,130.57270365060958,39.78268210785479
100,bbht,default,0.00015848931924611126,5.263582367516092,45098554.24072684,0.02536667485949278,0.0003963542946795747,0.012130367959336703,0.000189536999364636,14.803582184051601,148.035821840516,45.09855424072685
100,bbht,default,0.0001258925411794166,5.770180846800689,51105814.50811359,0.03193475159333571,0.0004989804936458705,0.015271228478422737,0.00023861294497535526,16.776556139817146,167.76556139817149,51.10581450811359
100,bbht,default,0.0001,6.326974385696801,57454377.39530528,0.040203470300184556,0.0006281792234403837,0.01922533760080114,0.0003003959000125178,18.868685013862883,188.6868501386288,57.45437739530528
100,bbht,default,7.943282347242822e-05,6.939361297153263,65056280.67369102,0.05061317040321437,0.0007908307875502245,0.02420326605597044,0.00037817603212453814,21.365339892801387,213.65339892801384,65.05628067369102
100,bbht,default,6.309573444801929e-05,7.613081475668193,73105452.16395207,0.0637182063920751,0.0009955969748761733,0.030470106686276418,0.00047609541697306903,24.017531550426543,240.17531550426546,73.10545216395207
100,bbht,default,5.011872336272715e-05,8.354389015019052,82747531.21448672,0.08021646922092897,0.0012533823315770151,0.03835959160743279,0.0005993686188661373,27.183670768171996,271.83670768172,82.74753121448671
100,bbht,default,3.9810717055349695e-05,9.170471727732522,93647678.85097334,0.10098655154663205,0.0015779148679161258,0.04829186466064336,0.0007545603853225526,30.76186396025013,307.6186396025013,93.64767885097334
100,bbht,default,3.1622776601683795e-05,10.068890726879394,105184690.48311767,0.12713453599151656,0.001986477124867446,0.06079585560420859,0.0009499352438157592,34.561332897735966,345.61332897735963,105.18469048311766
100,bbht,default,2.5118864315095822e-05,11.058207106258973,118991671.95298043,0.16005289807638023,0.002500826532443441,0.07653744755190696,0.0011958976179985462,39.09297580423968,390.9297580423968,118.99167195298043
100,bbht,default,1.9952623149688786e-05,12.148073037407265,134586407.9282216,0.20149466061965712,0.0031483540721821426,0.09635493767695907,0.0015055459012024855,44.209967670772436,442.0996767077243,134.58640792822158
100,bbht,default,1.5848931924611107e-05,13.34866756043578,151115046.47842056,0.2536667485949281,0.003963542946795752,0.12130367959336717,0.001895369993646362,49.650152406696094,496.50152406696094,151.11504647842054
100,bbht,default,1.2589254117941661e-05,14.671755016503804,170879453.7409341,0.3193475159333571,0.0049898049364587044,0.15271228478422735,0.0023861294497535524,56.133672218425204,561.336722184252,170.87945374093408
100,bbht,default,1e-05,16.13014385281707,193205209.70741066,0.4020347030018456,0.006281792234403837,0.19225337600801137,0.0030039590001251777,63.45515666946327,634.5515666946327,193.20520970741066
100,bbht,default,7.943282347242805e-06,17.7376648476622,216871921.6121632,0.5061317040321448,0.007908307875502263,0.24203266055970493,0.0037817603212453896,71.2398408498708,712.3984084987081,216.87192161216316
100,bbht,default,6.30957344480193e-06,19.51041133072664,245146539.68421906,0.6371820639207509,0.009955969748761733,0.30470106686276416,0.00476095416973069,80.50978353852253,805.0978353852252,245.14653968421908
100,bbht,default,5.011872336272725e-06,21.46554843330516,275134533.0357893,0.8021646922092881,0.012533823315770127,0.38359591607432714,0.0059936861886613615,90.37068566985289,903.7068566985288,275.1345330357893
100,bbht,default,3.981071705534969e-06,23.6222852586078,310941363.72126293,1.0098655154663208,0.015779148679161262,0.4829186466064337,0.007545603853225526,102.10682125567273,1021.0682125567271,310.941363721263
100,bbht,default,3.162277660168379e-06,26.00260253793441,351377272.9152265,1.2713453599151656,0.019864771248674463,0.6079585560420859,0.009499352438157593,115.35608011633711,1153.560801163371,351.3772729152265
100,bbht,default,2.511886431509577e-06,28.629753617492337,394291893.83107483,1.6005289807638055,0.02500826532443446,0.7653744755190712,0.011958976179985488,129.4582221569358,1294.5822215693581,394.29189383107484
100,bbht,default,1.9952623149688787e-06,31.53042968209781,445503424.13454103,2.0149466061965713,0.031483540721821426,0.9635493767695907,0.015055459012024855,146.23340309203346,1462.3340309203347,445.50342413454104
100,bbht,default,1.584893192461111e-06,34.73428221935268,503334458.9503603,2.536667485949281,0.03963542946795751,1.2130367959336716,0.01895369993646362,165.17106271323917,1651.710627132392,503.3344589503603
100,bbht,default,1.2589254117941661e-06,38.273051687819326,564759315.1171201,3.193475159333571,0.04989804936458705,1.5271228478422736,0.023861294497535525,185.34227499618189,1853.4227499618187,564.7593151171202
100,bbht,default,1e-06,42.183565388443334,638009546.7115995,4.020347030018456,0.06281792234403838,1.922533760080114,0.03003959000125178,209.3222899138734,2093.2228991387337,638.0095467115995
100,bbht,default,7.943282347242805e-07,46.50554480254604,720724457.1942246,5.061317040321448,0.07908307875502263,2.420326605597049,0.03781760321245389,236.39245639794225,2363.924563979422,720.7244571942247
100,bbht,default,6.30957344480193e-07,51.28264950460972,808653130.4011831,6.37182063920751,0.09955969748761734,3.0470106686276415,0.0476095416973069,265.24787099082323,2652.4787099082323,808.6531304011831
100,bbht,default,5.011872336272714e-07,56.565167391263934,913442136.5334978,8.021646922092899,0.12533823315770154,3.835959160743279,0.059936861886613735,299.5321599831039,2995.3215998310384,913.4421365334978
100,bbht,default,3.981071705534969e-07,62.40649402000081,1024878190.4224033,10.098655154663206,0.1577914867916126,4.829186466064336,0.07545603853225526,336.08992873162566,3360.8992873162565,1024.8781904224033
100,bbht,default,3.162277660168379e-07,68.86713728875118,1157600110.4753225,12.713453599151658,0.19864771248674465,6.07958556042086,0.09499352438157593,379.50058023057164,3795.0058023057163,1157.6001104753225
100,bbht,default,2.511886431509577e-07,76.01526643674511,1307470571.00025,16.005289807638057,0.25008265324434464,7.653744755190712,0.11958976179985488,428.50540883713984,4285.054088371398,1307.4705710002502
100,bbht,default,1.9952623149688787e-07,83.92348229056932,1466955872.8414505,20.14946606196571,0.31483540721821424,9.635493767695907,0.15055459012024855,480.79165579161344,4807.916557916135,1466.9558728414504
100,bbht,default,1.584893192461111e-07,92.67564385582857,1656776663.6284623,25.366674859492807,0.3963542946795751,12.130367959336716,0.1895369993646362,542.8415385338254,5428.415385338254,1656.7766636284623
100,bbht,default,1.2589254117941662e-07,102.36365619166952,1871090091.7501729,31.934751593335708,0.49898049364587044,15.271228478422735,0.23861294497535523,612.8771050595974,6128.771050595974,1871.0900917501729
100,bbht,default,1e-07,113.08738728551602,2099310820.751004,40.20347030018456,0.6281792234403838,19.22533760080114,0.3003959000125178,687.6491626586587,6876.491626586588,2099.310820751004
100,bbht,default,7.943282347242805e-08,124.96244384993035,2370761430.697056,50.61317040321448,0.7908307875502263,24.20326605597049,0.37817603212453893,776.3311301188616,7763.311301188615,2370.761430697056
100,bbht,default,6.30957344480193e-08,138.1127021674853,2659948943.851066,63.718206392075096,0.9955969748761734,30.470106686276416,0.476095416973069,871.0475196462461,8710.475196462463,2659.9489438510664
100,bbht,default,5.0118723362727144e-08,152.67674381074428,3003729262.206729,80.21646922092897,1.2533823315770152,38.35959160743279,0.5993686188661373,983.3273658808603,9833.273658808603,3003.7292622067284
100,bbht,default,3.981071705534969e-08,168.81259739954632,3391849110.932445,100.98655154663207,1.5779148679161261,48.29186466064337,0.7545603853225527,1110.0525050587423,11100.525050587423,3391.849110932445
100,bbht,default,3.162277660168379e-08,186.68842176582618,3805583954.6946354,127.13453599151657,1.9864771248674464,60.79585560420859,0.9499352438157592,1245.4756378273407,12454.756378273407,3805.583954694635
100,bbht,default,2.511886431509577e-08,206.49687878891447,4297108898.123801,160.05289807638056,2.500826532443446,76.53744755190712,1.1958976179985488,1405.918573989132,14059.185739891322,4297.108898123801
100,bbht,default,1.9952623149688786e-08,228.45223562194738,4851975101.366104,201.4946606196571,3.1483540721821424,96.35493767695908,1.5055459012024857,1586.9867091258639,15869.86709125864,4851.975101366103
100,bbht,default,1.584893192461111e-08,252.78515450041067,5443827566.823006,253.66674859492807,3.963542946795751,121.30367959336716,1.895369993646362,1780.5910534434258,17805.91053443426,5443.827566823004
100,bbht,default,1.2589254117941661e-08,279.762643196781,6146514135.133649,319.3475159333571,4.989804936458705,152.71228478422736,2.3861294497535526,2009.833971352617,20098.33971352617,6146.514135133649
100,bbht,default,1e-08,309.674147913196,6939651942.676828,402.03470300184557,6.281792234403837,192.2533760080114,3.003959000125178,2268.5146655403055,22685.146655403052,6939.651942676828
100,bbht,default,7.943282347242789e-09,342.8391615026363,7786200116.520045,506.1317040321459,7.908307875502279,242.03266055970542,3.781760321245397,2545.2661866547696,25452.6618665477,7786.2001165200445
100,bbht,default,6.309573444801943e-09,379.625128950863,8790633027.65209,637.1820639207497,9.955969748761714,304.7010668627635,4.76095416973068,2872.7721381601878,28727.721381601874,8790.633027652091
100,bbht,default,5.011872336272715e-09,420.42441142180326,9863068158.774162,802.1646922092897,12.533823315770151,383.5959160743279,5.993686188661373,3223.265747733536,32232.65747733536,9863.068158774162
100,bbht,default,3.981071705534969e-09,465.6818852911659,11134899040.694513,1009.8655154663207,15.779148679161262,482.9186466064337,7.5456038532255265,3637.8488331962185,36378.48833196219,11134.899040694514
100,bbht,default,3.1622776601683795e-09,515.8989461474416,12570419640.777954,1271.3453599151655,19.86477124867446,607.9585560420859,9.499352438157592,4105.666596898222,41056.66596898223,12570.419640777955
100,bbht,default,2.511886431509572e-09,571.6124011321216,14103979831.950655,1600.5289807638087,25.00826532443451,765.3744755190727,11.95897617998551,4606.571459464361,46065.71459464362,14103.979831950654
100,bbht,default,1.9952623149688828e-09,633.4413456002784,15921595308.912373,2014.946606196567,31.48354072182136,963.5493767695888,15.055459012024825,5198.754120075255,51987.54120075255,15921.59530891237
100,bbht,default,1.584893192461111e-09,702.0658792252822,17972914059.493416,2536.667485949281,39.635429467957515,1213.0367959336716,18.953699936463618,5866.904469423853,58669.04469423853,17972.914059493414
100,bbht,default,1.2589254117941663e-09,778.2277952482037,20165590428.033,3193.4751593335704,49.89804936458704,1527.1228478422734,23.86129449753552,6582.685264762677,65826.85264762677,20165.590428033
100,bbht,default,1e-09,862.7842981906916,22762881954.950382,4020.347030018456,62.81792234403837,1922.5337600801138,30.039590001251778,7428.452064488735,74284.52064488735,22762.881954950382
100,bbht,default,7.943282347242822e-10,956.6573994065151,25540187302.374203,5061.317040321437,79.08307875502246,2420.326605597044,37.81760321245381,8334.824887507804,83348.24887507805,25540.187302374205
100,bbht,default,6.309573444801917e-10,1060.8800229594326,28828405000.040775,6371.820639207523,99.55969748761754,3047.010668627648,47.609541697307,9405.309322933927,94053.09322933925,28828.405000040773
100,bbht,default,5.011872336272714e-10,1176.6292737920337,32539273479.287815,8021.6469220928975,125.33823315770152,3835.9591607432794,59.93686188661374,10613.08551520276,106130.8551520276,32539.273479287815
100,bbht,default,3.9810717055349694e-10,1305.163423282455,36509300569.42354,10098.655154663205,157.79148679161258,4829.186466064337,75.45603853225526,11907.98525944291,119079.8525944291,36509.30056942353
100,bbht,default,3.1622776601683795e-10,1447.9236664328955,41207041423.467995,12713.453599151655,198.6477124867446,6079.585560420859,94.99352438157592,13436.579479032353,134365.79479032356,41207.04142346799
100,bbht,default,2.511886431509582e-10,1606.5144589750817,46508091832.07729,16005.289807638024,250.08265324434413,7653.744755190697,119.58976179985464,15161.060864703462,151610.60864703462,46508.09183207729
100,bbht,default,1.9952623149688748e-10,1782.6698225479256,52182318620.883156,20149.46606196575,314.83540721821487,9635.493767695927,150.55459012024886,17010.815857314014,170108.15857314016,52182.31862088316
100,bbht,default,1.584893192461111e-10,1978.394848650941,58893043413.32634,25366.67485949281,396.35429467957516,12130.367959336716,189.5369993646362,19193.347445759366,191933.47445759366,58893.04341332634
100,bbht,default,1.2589254117941662e-10,2195.8688162057115,66464597154.267746,31934.751593335706,498.9804936458704,15271.228478422736,238.61294497535525,21655.255280511323,216552.55280511323,66464.59715426774
100,bbht,default,1e-10,2437.5029333395337,74573665419.78993,40203.470300184556,628.1792234403837,19225.33760080114,300.3959000125178,24297.351156179953,242973.51156179953,74573.66541978992
100,bbht,default,7.943282347242822e-11,2706.0674870815083,84158679966.32832,50613.170403214375,790.8307875502246,24203.26605597044,378.17603212453815,27413.199910032003,274131.99910032,84158.67996632833
100,bbht,default,6.309573444801917e-11,3004.531645112999,94427163258.58194,63718.206392075226,995.5969748761754,30470.10668627648,476.09541697307,30758.005729477893,307580.05729477893,94427.16325858195
100,bbht,default,5.011872336272715e-11,3336.2636103876075,106559304416.20198,80216.46922092896,1253.382331577015,38359.59160743279,599.3686188661374,34700.93384299545,347009.3384299545,106559.30441620198
100,bbht,default,3.9810717055349695e-11,3705.0593587148096,120247725403.45352,100986.55154663206,1577.914867916126,48291.86466064336,754.5603853225525,39148.61631203999,391486.1631203998,120247.72540345351
100,bbht,default,3.1622776601683794e-11,4114.998608985355,134919112636.61607,127134.53599151656,1986.4771248674463,60795.85560420859,949.9352438157592,43925.15693985279,439251.5693985279,134919.11263661608
100,bbht,default,2.511886431509572e-11,4570.7835867330405,152244566607.37143,160052.89807638086,2500.826532443451,76537.44755190727,1195.8976179985511,49553.29847298946,495532.98472989455,152244.56660737144
100,bbht,default,1.9952623149688748e-11,5077.584633862126,171790194030.97665,201494.66061965752,3148.3540721821487,96354.93767695926,1505.5459012024885,55901.21333481381,559012.1333481381,171790.19403097662
100,bbht,default,1.5848931924611107e-11,5641.062926142877,192749934253.25592,253666.74859492813,3963.542946795752,121303.67959336718,1895.3699936463622,62721.62756351154,627216.2756351153,192749.93425325592
100,bbht,default,1.2589254117941662e-11,6267.7455164448875,217488700211.9717,319347.51593335706,4989.804936458704,152712.28478422735,2386.1294497535523,70754.32860438865,707543.2860438866,217488.7002119717
100,bbht,default,1e-11,6964.678626972995,244025892293.53098,402034.7030018456,6281.792234403838,192253.3760080114,3003.959000125178,79387.55029194463,793875.5029194464,244025.89229353095
100,bbht,default,7.943282347242789e-12,7739.767377464625,275334116119.2012,506131.70403214585,7908.307875502279,242032.6605597054,3781.760321245397,89551.0911664823,895510.9116648231,275334.1161192011
100,bbht,default,6.309573444801917e-12,8601.9818271123,310652623009.1771,637182.0639207523,9955.969748761754,304701.06686276477,4760.9541697306995,101013.95461902341,1010139.5461902341,310652.62300917716
100,bbht,default,5.011872336272715e-12,9561.011795499842,348555187561.0001,802164.6922092898,12533.823315770152,383595.9160743279,5993.686188661373,113338.64757229837,1133386.4757229835,348555.1875610001
100,bbht,default,3.9810717055349695e-12,10627.93100329174,393251841939.69586,1009865.5154663206,15779.148679161259,482918.6466064336,7545.603853225525,127842.08204976367,1278420.8204976365,393251.8419396958
100,bbht,default,3.1622776601683794e-12,11814.845855372068,443663703980.28143,1271345.3599151657,19864.771248674464,607958.5560420859,9499.352438157592,144196.48152801048,1441964.8152801048,443663.7039802814
100,bbht,default,2.511886431509572e-12,13135.468708124421,497795155234.872,1600528.9807638088,25008.265324434513,765374.4755190728,11958.976179985513,161789.94219621544,1617899.4219621546,497795.15523487196
100,bbht,default,1.9952623149688747e-12,14604.678766980882,561584599025.5935,2014946.606196575,31483.540721821486,963549.3767695926,15055.459012024885,182479.8053794415,1824798.053794415,561584.5990255934
100,bbht,default,1.584893192461111e-12,16239.836634332409,633540989917.7885,2536667.4859492807,39635.42946795751,1213036.7959336715,18953.699936463618,205813.6484455841,2058136.4844558407,633540.9899177883
100,bbht,default,1.258925411794166e-12,18058.79792411159,710812382983.0281,3193475.159333571,49898.049364587045,1527122.8478422735,23861.294497535524,230916.25399104727,2309162.5399104725,710812.382983028
100,bbht,default,1e-12,20083.058499274575,801833409299.7297,4020347.0300184563,62817.92234403838,1922533.760080114,30039.59000125178,260426.1212331722,2604261.212331722,801833.4092997299
100,bbht,qbest,0.1,0.4038092538222274,354962.3023725478,4.020347030018456e-05,6.281792234403837e-07,1.922533760080114e-05,3.003959000125178e-07,0.13297956415566528,1.3297956415566528,0.3549623023725478
100,bbht,qbest,0.07943282347242814,0.4425065856390618,414948.30623826344,5.0613170403214425e-05,7.908307875502254e-07,2.4203266055970466e-05,3.7817603212453853e-07,0.15643308133493733,1.5643308133493734,0.4149483062382634
100,bbht,qbest,0.06309573444801933,0.48548586446263087,486469.98308852775,6.371820639207506e-05,9.955969748761729e-07,3.04701066862764e-05,4.760954169730687e-07,0.1845742467438647,1.845742467438647,0.48646998308852774
100,bbht,qbest,0.05011872336272722,0.5327228621366534,567821.6200394594,8.021646922092885e-05,1.2533823315770134e-06,3.835959160743273e-05,5.993686188661364e-07,0.2170369178522888,2.170369178522888,0.5678216200394594
100,bbht,qbest,0.039810717055349734,0.5843771734285962,669727.457667456,0.00010098655154663196,1.5779148679161244e-06,4.829186466064331e-05,7.545603853225518e-07,0.2573381860894516,2.5733818608945156,0.6697274576674559
100,bbht,qbest,0.03162277660168379,0.6406791452660191,787453.8728773431,0.00012713453599151657,1.9864771248674464e-06,6.079585560420859e-05,9.499352438157593e-07,0.30419156146720516,3.041915614672052,0.7874538728773431
100,bbht,qbest,0.025118864315095794,0.7020919553077812,916274.140962229,0.0001600528980763804,2.5008265324434437e-06,7.653744755190705e-05,1.1958976179985477e-06,0.35633635513349793,3.5633635513349793,0.9162741409622289
100,bbht,qbest,0.01995262314968879,0.7692153690147755,1074308.8652407152,0.0002014946606196571,3.148354072182142e-06,9.635493767695907e-05,1.5055459012024855e-06,0.4196477727977488,4.196477727977488,1.074308865240715
100,bbht,qbest,0.015848931924611134,0.8427288524590097,1243598.052188112,0.0002536667485949277,3.963542946795745e-06,0.00012130367959336697,1.895369993646359e-06,0.4888112984661748,4.888112984661748,1.2435980521881118
100,bbht,qbest,0.012589254117941675,0.9234109395411729,1447774.0857726622,0.00031934751593335674,4.989804936458699e-06,0.0001527122847842272,2.38612944975355e-06,0.5715022434806846,5.715022434806846,1.4477740857726622
100,bbht,qbest,0.01,1.0121491359951842,1683033.763258993,0.0004020347030018456,6.2817922344038375e-06,0.00019225337600801138,3.003959000125178e-06,0.6669222393771129,6.66922239377113,1.683033763258993
100,bbht,qbest,0.007943282347242814,1.1098459506270233,1949774.1704263147,0.0005061317040321443,7.908307875502254e-06,0.00024203266055970466,3.7817603212453853e-06,0.7756330320899286,7.756330320899286,1.9497741704263147
100,bbht,qbest,0.00630957344480193,1.2173830688087481,2238392.87556419,0.0006371820639207509,9.955969748761732e-06,0.0003047010668627641,4.7609541697306895e-06,0.8951285687949848,8.95128568794985,2.2383928755641898
100,bbht,qbest,0.005011872336272725,1.3354862476789542,2585261.036218678,0.0008021646922092881,1.2533823315770127e-05,0.00038359591607432716,5.993686188661362e-06,1.0372158133571583,10.372158133571585,2.585261036218678
100,bbht,qbest,0.003981071705534969,1.4648486319357068,2983964.519673268,0.0010098655154663207,1.577914867916126e-05,0.0004829186466064337,7.5456038532255265e-06,1.2004080149679268,12.00408014967927,2.983964519673268
100,bbht,qbest,0.0031622776601683794,1.6063156123102282,3407649.4855077458,0.0012713453599151655,1.986477124867446e-05,0.0006079585560420859,9.499352438157592e-06,1.376907340968661,13.76907340968661,3.4076494855077453
100,bbht,qbest,0.0025118864315095794,1.760834608243903,3916231.6859362638,0.001600528980763804,2.500826532443444e-05,0.0007653744755190705,1.1958976179985477e-05,1.5859564136136175,15.859564136136175,3.916231685936264
100,bbht,qbest,0.001995262314968879,1.9295949117927398,4489894.143290019,0.002014946606196571,3.148354072182142e-05,0.0009635493767695906,1.5055459012024854e-05,1.8220775875266573,18.220775875266575,4.489894143290019
100,bbht,qbest,0.001584893192461114,2.114035556238195,5100107.894449143,0.002536667485949276,3.9635429467957436e-05,0.0012130367959336693,1.8953699936463582e-05,2.0771895634744975,20.771895634744972,5.100107894449143
100,bbht,qbest,0.0012589254117941662,2.315738649266945,5828962.02226497,0.0031934751593335705,4.989804936458704e-05,0.0015271228478422735,2.3861294497535523e-05,2.377726398280059,23.777263982800594,5.828962022264969
100,bbht,qbest,0.001,2.5365291319259664,6651882.907294325,0.004020347030018456,6.281792234403838e-05,0.001922533760080114,3.003959000125178e-05,2.7170765645536274,27.17076564553627,6.651882907294325
100,bbht,qbest,0.0007943282347242813,2.7783256419844307,7525327.430787525,0.005061317040321443,7.908307875502255e-05,0.002420326605597047,3.781760321245386e-05,3.082838996131686,30.828389961316862,7.525327430787525
100,bbht,qbest,0.000630957344480193,3.043162643116077,8569291.8244445,0.006371820639207509,9.955969748761733e-05,0.0030470106686276413,4.7609541697306895e-05,3.5136125003866203,35.13612500386621,8.5692918244445
100,bbht,qbest,0.000501187233627272,3.3333854752164895,9747366.839829035,0.008021646922092888,0.00012533823315770138,0.003835959160743275,5.993686188661367e-05,3.9995170114287086,39.99517011428708,9.747366839829033
100,bbht,qbest,0.0003981071705534969,3.651459657793215,10995551.870210564,0.010098655154663207,0.00015779148679161262,0.0048291864660643365,7.545603853225526e-05,4.522226143058398,45.22226143058397,10.995551870210564
100,bbht,qbest,0.00031622776601683794,4.000154468137122,12486667.550711995,0.012713453599151657,0.00019864771248674464,0.006079585560420859,9.499352438157593e-05,5.1372940030815935,51.37294003081593,12.486667550711994
100,bbht,qbest,0.00025118864315095795,4.38271103406586,14167645.82980644,0.01600528980763804,0.00025008265324434435,0.007653744755190705,0.00011958976179985476,5.83027602457006,58.302760245700604,14.167645829806437
100,bbht,qbest,0.00019952623149688788,4.8025428201786395,15949970.668480404,0.02014946606196571,0.00031483540721821424,0.009635493767695907,0.00015055459012024855,6.5759057312147915,65.75905731214792,15.949970668480402
100,bbht,qbest,0.00015848931924611126,5.263582367516092,18079501.29509483,0.02536667485949278,0.0003963542946795747,0.012130367959336703,0.000189536999364636,7.453284160276582,74.53284160276583,18.079501295094826
100,bbht,qbest,0.0001258925411794166,5.770180846800689,20485396.33943951,0.03193475159333571,0.0004989804936458705,0.015271228478422737,0.00023861294497535526,8.443315969113165,84.43315969113165,20.485396339439507
100,bbht,qbest,0.0001,6.326974385696801,23034837.244399793,0.040203470300184556,0.0006281792234403837,0.01922533760080114,0.0003003959000125178,9.507929290735975,95.07929290735976,23.034837244399792
100,bbht,qbest,7.943282347242822e-05,6.939361297153263,26079032.80940948,0.05061317040321437,0.0007908307875502245,0.02420326605597044,0.00037817603212453814,10.760140847684362,107.6014084768436,26.07903280940948
100,bbht,qbest,6.309573444801929e-05,7.613081475668193,29310742.511946075,0.0637182063920751,0.0009955969748761733,0.030470106686276418,0.00047609541697306903,12.10849190193281,121.0849190193281,29.31074251194607
100,bbht,qbest,5.011872336272715e-05,8.354389015019052,33171078.74360999,0.08021646922092897,0.0012533823315770151,0.03835959160743279,0.0005993686188661373,13.694807925752684,136.94807925752687,33.17107874360999
100,bbht,qbest,3.9810717055349695e-05,9.170471727732522,37533920.338620946,0.10098655154663205,0.0015779148679161258,0.04829186466064336,0.0007545603853225526,15.48510812851539,154.85108128515392,37.53392033862094
100,bbht,qbest,3.1622776601683795e-05,10.068890726879394,42163575.37505446,0.12713453599151656,0.001986477124867446,0.06079585560420859,0.0009499352438157592,17.411800228373203,174.11800228373204,42.16357537505446
100,bbht,qbest,2.5118864315095822e-05,11.058207106258973,47688833.03947501,0.16005289807638023,0.002500826532443441,0.07653744755190696,0.0011958976179985462,19.677015418925794,196.7701541892579,47.68883303947501
100,bbht,qbest,1.9952623149688786e-05,12.148073037407265,53927978.617900886,0.20149466061965712,0.0031483540721821426,0.09635493767695907,0.0015055459012024855,22.231597101449477,222.31597101449475,53.92797861790089
100,bbht,qbest,1.5848931924611107e-05,13.34866756043578,60557120.13696826,0.2536667485949281,0.003963542946795752,0.12130367959336717,0.001895369993646362,24.982822860787035,249.82822860787033,60.55712013696826
100,bbht,qbest,1.2589254117941661e-05,14.671755016503804,68462566.63290109,0.3193475159333571,0.0049898049364587044,0.15271228478422735,0.0023861294497535524,28.21567538331673,282.1567538331673,68.46256663290109
100,bbht,qbest,1e-05,16.13014385281707,77390151.7305819,0.4020347030018456,0.006281792234403837,0.19225337600801137,0.0030039590001251777,31.8613448669936,318.613448669936,77.39015173058189
100,bbht,qbest,7.943282347242805e-06,17.7376648476622,86876874.05380173,0.5061317040321448,0.007908307875502263,0.24203266055970493,0.0037817603212453896,35.787120412788354,357.8712041278835,86.87687405380173
100,bbht,qbest,6.30957344480193e-06,19.51041133072664,98180626.78766507,0.6371820639207509,0.009955969748761733,0.30470106686276416,0.00476095416973069,40.39743718232497,403.9743718232497,98.18062678766508
100,bbht,qbest,5.011872336272725e-06,21.46554843330516,110197938.5999104,0.8021646922092881,0.012533823315770127,0.38359591607432714,0.0059936861886613615,45.36334642694547,453.63346426945463,110.19793859991039
100,bbht,qbest,3.981071705534969e-06,23.6222852586078,124509450.559261,1.0098655154663208,0.015779148679161262,0.4829186466064337,0.007545603853225526,51.19279644897457,511.92796448974565,124.50945055926098
100,bbht,qbest,3.162277660168379e-06,26.00260253793441,140666966.8584232,1.2713453599151656,0.019864771248674463,0.6079585560420859,0.009499352438157593,57.76489010878016,577.6489010878015,140.66696685842322
100,bbht,qbest,2.511886431509577e-06,28.629753617492337,157854770.20809737,1.6005289807638055,0.02500826532443446,0.7653744755190712,0.011958976179985488,64.8460649047011,648.4606490470109,157.85477020809736
100,bbht,qbest,1.9952623149688787e-06,31.53042968209781,178313021.19218817,2.0149466061965713,0.031483540721821426,0.9635493767695907,0.015055459012024855,73.1564447641203,731.5644476412031,178.31302119218816
100,bbht,qbest,1.584893192461111e-06,34.73428221935268,201409790.74320966,2.536667485949281,0.03963542946795751,1.2130367959336716,0.01895369993646362,82.52549679844321,825.2549679844321,201.40979074320964
100,bbht,qbest,1.2589254117941661e-06,38.273051687819326,225997386.62785152,3.193475159333571,0.04989804936458705,1.5271228478422736,0.023861294497535525,92.62476279901666,926.2476279901666,225.9973866278515
100,bbht,qbest,1e-06,42.183565388443334,255245277.32244608,4.020347030018456,0.06281792234403838,1.922533760080114,0.03003959000125178,104.47334088124742,1044.7334088124742,255.24527732244604
100,bbht,qbest,7.943282347242805e-07,46.50554480254604,288264005.4226811,5.061317040321448,0.07908307875502263,2.420326605597049,0.03781760321245389,117.83093384443322,1178.3093384443323,288.2640054226811
100,bbht,qbest,6.30957344480193e-07,51.28264950460972,323441309.4155408,6.37182063920751,0.09955969748761734,3.0470106686276415,0.0476095416973069,132.23656147762873,1322.3656147762872,323.4413094155408
100,bbht,qbest,5.011872336272714e-07,56.565167391263934,365261557.1172222,8.021646922092899,0.12533823315770154,3.835959160743279,0.059936861886613735,149.13207498165994,1491.3207498165993,365.2615571172222
100,bbht,qbest,3.981071705534969e-07,62.40649402000081,409831292.0655475,10.098655154663206,0.1577914867916126,4.829186466064336,0.07545603853225526,167.35709689210557,1673.5709689210557,409.83129206554753
100,bbht,qbest,3.162277660168379e-07,68.86713728875118,462786669.73447907,12.713453599151658,0.19864771248674465,6.07958556042086,0.09499352438157593,188.7230129586721,1887.2301295867208,462.78666973447906
100,bbht,qbest,2.511886431509577e-07,76.01526643674511,522569615.8100117,16.005289807638057,0.25008265324434464,7.653744755190712,0.11958976179985488,212.81075201339777,2128.1075201339777,522.5696158100117
100,bbht,qbest,1.9952623149688787e-07,83.92348229056932,586322657.9502101,20.14946606196571,0.31483540721821424,9.635493767695907,0.15055459012024855,238.8029756400996,2388.0297564009957,586.3226579502101
100,bbht,qbest,1.584893192461111e-07,92.67564385582857,662023798.2723137,25.366674859492807,0.3963542946795751,12.130367959336716,0.1895369993646362,269.26430559822785,2692.643055982278,662.0237982723137
100,bbht,qbest,1.2589254117941662e-07,102.36365619166952,747472314.9344587,31.934751593335708,0.49898049364587044,15.271228478422735,0.23861294497535523,303.60194751278755,3036.019475127876,747.4723149344587
100,bbht,qbest,1e-07,113.08738728551602,838653649.6997855,40.20347030018456,0.6281792234403838,19.22533760080114,0.3003959000125178,340.6684895474809,3406.6848954748084,838.6536496997855
100,bbht,qbest,7.943282347242805e-08,124.96244384993035,946857959.7276132,50.61317040321448,0.7908307875502263,24.20326605597049,0.37817603212453893,384.09370976446854,3840.9370976446853,946.8579597276132
100,bbht,qbest,6.30957344480193e-08,138.1127021674853,1062367498.9838462,63.718206392075096,0.9955969748761734,30.470106686276416,0.476095416973069,430.98271969769456,4309.827196976946,1062.3674989838462
100,bbht,qbest,5.0118723362727144e-08,152.67674381074428,1199371878.5026526,80.21646922092897,1.2533823315770152,38.35959160743279,0.5993686188661373,485.89483938191216,4858.948393819121,1199.3718785026526
100,bbht,qbest,3.981071705534969e-08,168.81259739954632,1354011004.0221689,100.98655154663207,1.5779148679161261,48.29186466064337,0.7545603853225527,547.794664906299,5477.946649062989,1354.011004022169
100,bbht,qbest,3.162277660168379e-08,186.68842176582618,1519183706.7169507,127.13453599151657,1.9864771248674464,60.79585560420859,0.9499352438157592,614.6531483462932,6146.531483462931,1519.1837067169506
100,bbht,qbest,2.511886431509577e-08,206.49687878891447,1714978230.5923223,160.05289807638056,2.500826532443446,76.53744755190712,1.1958976179985488,692.926570283604,6929.265702836039,1714.9782305923222
100,bbht,qbest,1.9952623149688786e-08,228.45223562194738,1935954458.2690217,201.4946606196571,3.1483540721821424,96.35493767695908,1.5055459012024857,781.1545127116807,7811.545127116808,1935.9544582690216
100,bbht,qbest,1.584893192461111e-08,252.78515450041067,2172117805.293366,253.66674859492807,3.963542946795751,121.30367959336716,1.895369993646362,876.4821116491571,8764.82111649157,2172.1178052933656
100,bbht,qbest,1.2589254117941661e-08,279.762643196781,2451901574.782091,319.3475159333571,4.989804936458705,152.71228478422736,2.3861294497535526,988.0493832177216,9880.493832177217,2451.9015747820913
100,bbht,qbest,1e-08,309.674147913196,2767630099.4957814,402.03470300184557,6.281792234403837,192.2533760080114,3.003959000125178,1113.7925651768655,11137.925651768657,2767.6300994957815
100,bbht,qbest,7.943282347242789e-09,342.8391615026363,3105258159.159524,506.1317040321459,7.908307875502279,242.03266055970542,3.781760321245397,1249.7039525783946,12497.039525783945,3105.258159159524
100,bbht,qbest,6.309573444801943e-09,379.625128950863,3505011166.0920753,637.1820639207497,9.955969748761714,304.7010668627635,4.76095416973068,1408.7144552198833,14087.144552198832,3505.0111660920757
100,bbht,qbest,5.011872336272715e-09,420.42441142180326,3932626950.410556,802.1646922092897,12.533823315770151,383.5959160743279,5.993686188661373,1580.61846897214,15806.1846897214,3932.6269504105558
100,bbht,qbest,3.981071705534969e-09,465.6818852911659,4438692444.307853,1009.8655154663207,15.779148679161262,482.9186466064337,7.5456038532255265,1781.6705303758665,17816.705303758663,4438.692444307852
100,bbht,qbest,3.1622776601683795e-09,515.8989461474416,5009769072.172591,1271.3453599151655,19.86477124867446,607.9585560420859,9.499352438157592,2008.2751442757203,20082.7514427572,5009.76907217259
100,bbht,qbest,2.511886431509572e-09,571.6124011321216,5620962390.455948,1600.5289807638087,25.00826532443451,765.3744755190727,11.95897617998551,2253.326195276936,22533.26195276936,5620.962390455948
100,bbht,qbest,1.9952623149688828e-09,633.4413456002784,6343891265.1696,2014.946606196567,31.48354072182136,963.5493767695888,15.055459012024825,2539.841391026203,25398.41391026203,6343.891265169599
100,bbht,qbest,1.584893192461111e-09,702.0658792252822,7159602045.857388,2536.667485949281,39.635429467957515,1213.0367959336716,18.953699936463618,2862.7429403614115,28627.429403614115,7159.602045857388
100,bbht,qbest,1.2589254117941663e-09,778.2277952482037,8033080333.016648,3193.4751593335704,49.89804936458704,1527.1228478422734,23.86129449753552,3212.0430160073633,32120.430160073636,8033.080333016648
100,bbht,qbest,1e-09,862.7842981906916,9065685783.221529,4020.347030018456,62.81792234403837,1922.5337600801138,30.039590001251778,3620.3213006049355,36203.21300604936,9065.685783221528
100,bbht,qbest,7.943282347242822e-10,956.6573994065151,10171807416.77374,5061.317040321437,79.08307875502246,2420.326605597044,37.81760321245381,4062.0875242502757,40620.875242502756,10171.80741677374
100,bbht,qbest,6.309573444801917e-10,1060.8800229594326,11478838007.770248,6371.820639207523,99.55969748761754,3047.010668627648,47.609541697307,4578.265491233702,45782.65491233702,11478.838007770248
100,bbht,qbest,5.011872336272714e-10,1176.6292737920337,12953570634.256392,8021.6469220928975,125.33823315770152,3835.9591607432794,59.93686188661374,5159.999030787735,51599.99030787734,12953.570634256392
100,bbht,qbest,3.9810717055349694e-10,1305.163423282455,14534015583.905758,10098.655154663205,157.79148679161258,4829.186466064337,75.45603853225526,5789.608195895249,57896.08195895249,14534.015583905759
100,bbht,qbest,3.1622776601683795e-10,1447.9236664328955,16400568117.830328,12713.453599151655,198.6477124867446,6079.585560420859,94.99352438157592,6525.057435724097,65250.57435724097,16400.568117830328
100,bbht,qbest,2.511886431509582e-10,1606.5144589750817,18506418486.868427,16005.289807638024,250.08265324434413,7653.744755190697,119.58976179985464,7353.8513145124425,73538.51314512442,18506.418486868428
100,bbht,qbest,1.9952623149688748e-10,1782.6698225479256,20764312989.72061,20149.46606196575,314.83540721821487,9635.493767695927,150.55459012024886,8251.113018795093,82511.13018795094,20764.312989720613
100,bbht,qbest,1.584893192461111e-10,1978.394848650941,23429638747.167625,25366.67485949281,396.35429467957516,12130.367959336716,189.5369993646362,9298.917690144479,92989.1769014448,23429.638747167624
100,bbht,qbest,1.2589254117941662e-10,2195.8688162057115,26436283480.799484,31934.751593335706,498.9804936458704,15271.228478422736,238.61294497535525,10479.58601098366,104795.86010983659,26436.28348079948
100,bbht,qbest,1e-10,2437.5029333395337,29661680892.560234,40203.470300184556,628.1792234403837,19225.33760080114,300.3959000125178,11758.212612118388,117582.12612118389,29661.68089256023
100,bbht,qbest,7.943282347242822e-11,2706.0674870815083,33467139698.899426,50613.170403214375,790.8307875502246,24203.26605597044,378.17603212453815,13250.914998129978,132509.1499812998,33467.139698899424
100,bbht,qbest,6.309573444801917e-11,3004.531645112999,37550594999.17322,63718.206392075226,995.5969748761754,30470.10668627648,476.09541697307,14867.761048839808,148677.6104883981,37550.59499917322
100,bbht,qbest,5.011872336272715e-11,3336.2636103876075,42366408515.872154,80216.46922092896,1253.382331577015,38359.59160743279,599.3686188661374,16754.71088244137,167547.1088244137,42366.40851587216
100,bbht,qbest,3.9810717055349695e-11,3705.0593587148096,47798968157.75556,100986.55154663206,1577.914867916126,48291.86466064336,754.5603853225525,18881.011950842912,188810.11950842914,47798.96815775556
100,bbht,qbest,3.1622776601683794e-11,4114.998608985355,53630923028.07981,127134.53599151656,1986.4771248674463,60795.85560420859,949.9352438157592,21184.737751477493,211847.3775147749,53630.9230280798
100,bbht,qbest,2.511886431509572e-11,4570.7835867330405,60505650307.77555,160052.89807638086,2500.826532443451,76537.44755190727,1195.8976179985511,23872.613101937157,238726.13101937162,60505.65030777555
100,bbht,qbest,1.9952623149688748e-11,5077.584633862126,68259923276.00427,201494.66061965752,3148.3540721821487,96354.93767695926,1505.5459012024885,26901.14985210672,269011.49852106714,68259.92327600427
100,bbht,qbest,1.5848931924611107e-11,5641.062926142877,76588183380.05367,253666.74859492813,3963.542946795752,121303.67959336718,1895.3699936463622,30183.360958033838,301833.60958033835,76588.18338005367
100,bbht,qbest,1.2589254117941662e-11,6267.7455164448875,86400937647.40172,319347.51593335706,4989.804936458704,152712.28478422735,2386.1294497535523,34011.82811693919,340118.28116939194,86400.93764740172
100,bbht,qbest,1e-11,6964.678626972995,96943289348.73909,402034.7030018456,6281.792234403838,192253.3760080114,3003.959000125178,38161.89244630124,381618.9244630124,96943.28934873908
100,bbht,qbest,7.943282347242789e-12,7739.767377464625,109359626746.86792,506131.70403214585,7908.307875502279,242032.6605597054,3781.760321245397,43001.093007766365,430010.9300776636,109359.62674686791
100,bbht,qbest,6.309573444801917e-12,8601.9818271123,123363898134.37383,637182.0639207523,9955.969748761754,304701.06686276477,4760.9541697306995,48453.54152133696,484535.41521336965,123363.89813437381
100,bbht,qbest,5.011872336272715e-12,9561.011795499842,138415482453.6855,802164.6922092898,12533.823315770152,383595.9160743279,5993.686188661373,54365.39783486991,543653.9783486992,138415.4824536855
100,bbht,qbest,3.9810717055349695e-12,10627.93100329174,156135208974.2897,1009865.5154663206,15779.148679161259,482918.6466064336,7545.603853225525,61257.35565706794,612573.5565706795,156135.2089742897
100,bbht,qbest,3.1622776601683794e-12,11814.845855372068,176117226438.77194,1271345.3599151657,19864.771248674464,607958.5560420859,9499.352438157592,69021.319510204,690213.1951020402,176117.2264387719
100,bbht,qbest,2.511886431509572e-12,13135.468708124421,197605326260.32202,1600528.9807638088,25008.265324434513,765374.4755190728,11958.976179985513,77442.68440896139,774426.8440896139,197605.326260322
100,bbht,qbest,1.9952623149688747e-12,14604.678766980882,222885540244.7541,2014946.606196575,31483.540721821486,963549.3767695926,15055.459012024885,87255.3568053269,872553.5680532691,222885.54024475408
100,bbht,qbest,1.584893192461111e-12,16239.836634332409,251397532960.85434,2536667.4859492807,39635.42946795751,1213036.7959336715,18953.699936463618,98311.4442710296,983114.442710296,251397.53296085433
100,bbht,qbest,1.258925411794166e-12,18058.79792411159,282059875251.5322,3193475.159333571,49898.049364587045,1527122.8478422735,23861.294497535524,110302.31172974374,1103023.1172974373,282059.8752515322
100,bbht,qbest,1e-12,20083.058499274575,318119950040.5416,4020347.0300184563,62817.92234403838,1922533.760080114,30039.59000125178,124271.45809784057,1242714.580978406,318119.9500405416
100,fixed_point,default,0.1,8,2939603.55338704,4.020347030018456e-05,6.281792234403837e-07,1.922533760080114e-05,3.003959000125178e-07,0.9753587188826849,9.753587188826849,2.9396035533870397
100,fixed_point,default,0.07943282347242814,9,3305811.987267075,5.0613170403214425e-05,7.908307875502254e-07,2.4203266055970466e-05,3.7817603212453853e-07,1.0970164568236747,10.970164568236745,3.305811987267075
100,fixed_point,default,0.06309573444801933,11,4043595.9834472425,6.371820639207506e-05,9.955969748761729e-07,3.04701066862764e-05,4.760954169730687e-07,1.342010286073691,13.420102860736913,4.043595983447242
100,fixed_point,default,0.05011872336272722,12,4414371.447856693,8.021646922092885e-05,1.2533823315770134e-06,3.835959160743273e-05,5.993686188661364e-07,1.4650870127370426,14.650870127370426,4.414371447856693
100,fixed_point,default,0.039810717055349734,13,4786548.2225467805,0.00010098655154663196,1.5779148679161244e-06,4.829186466064331e-05,7.545603853225518e-07,1.588601898698195,15.88601898698195,4.78654822254678
100,fixed_point,default,0.03162277660168379,15,5534695.547054695,0.00012713453599151657,1.9864771248674464e-06,6.079585560420859e-05,9.499352438157593e-07,1.836817736648156,18.36817736648156,5.534695547054695
100,fixed_point,default,0.025118864315095794,17,6287123.935665198,0.0001600528980763804,2.5008265324434437e-06,7.653744755190705e-05,1.1958976179985477e-06,2.086367415729498,20.863674157294973,6.287123935665197
100,fixed_point,default,0.01995262314968879,19,7043267.870636783,0.0002014946606196571,3.148354072182142e-06,9.635493767695907e-05,1.5055459012024855e-06,2.3370732345943943,23.370732345943942,7.043267870636782
100,fixed_point,default,0.015848931924611134,21,7802871.482424466,0.0002536667485949277,3.963542946795745e-06,0.00012130367959336697,1.895369993646359e-06,2.588858189305283,25.88858189305283,7.802871482424466
100,fixed_point,default,0.012589254117941675,24,8947844.627730515,0.00031934751593335674,4.989804936458699e-06,0.0001527122847842272,2.38612944975355e-06,2.9682677488255576,29.682677488255578,8.947844627730515
100,fixed_point,default,0.01,26,9715241.907215543,0.0004020347030018456,6.2817922344038375e-06,0.00019225337600801138,3.003959000125178e-06,3.2224923555380296,32.2249235553803,9.715241907215542
100,fixed_point,default,0.007943282347242814,30,11255475.524194688,0.0005061317040321443,7.908307875502254e-06,0.00024203266055970466,3.7817603212453853e-06,3.7325982515777345,37.32598251577735,11.255475524194686
100,fixed_point,default,0.00630957344480193,33,12417453.265080368,0.0006371820639207509,9.955969748761732e-06,0.0003047010668627641,4.7609541697306895e-06,4.117317770580861,41.17317770580863,12.417453265080367
100,fixed_point,default,0.005011872336272725,37,13973006.43494459,0.0008021646922092881,1.2533823315770127e-05,0.00038359591607432716,5.993686188661362e-06,4.6322120063013354,46.32212006301335,13.973006434944589
100,fixed_point,default,0.003981071705534969,42,15926559.050833927,0.0010098655154663207,1.577914867916126e-05,0.0004829186466064337,7.5456038532255265e-06,5.278653512738864,52.78653512738864,15.926559050833927
100,fixed_point,default,0.0031622776601683794,47,17890527.225278165,0.0012713453599151655,1.986477124867446e-05,0.0006079585560420859,9.499352438157592e-06,5.928353249087905,59.28353249087905,17.890527225278166
100,fixed_point,default,0.0025118864315095794,53,20258212.47520902,0.001600528980763804,2.500826532443444e-05,0.0007653744755190705,1.1958976179985477e-05,6.7113860142528035,67.11386014252804,20.258212475209017
100,fixed_point,default,0.001995262314968879,59,22637927.350261327,0.002014946606196571,3.148354072182142e-05,0.0009635493767695906,1.5055459012024854e-05,7.498183914470659,74.98183914470658,22.637927350261325
100,fixed_point,default,0.001584893192461114,66,25426542.09661687,0.002536667485949276,3.9635429467957436e-05,0.0012130367959336693,1.8953699936463582e-05,8.41993446472153,84.19934464721528,25.42654209661687
100,fixed_point,default,0.0012589254117941662,74,28628113.704497803,0.0031934751593335705,4.989804936458704e-05,0.0015271228478422735,2.3861294497535523e-05,9.477901245382856,94.77901245382857,28.628113704497803
100,fixed_point,default,0.001,83,32246726.350422878,0.004020347030018456,6.281792234403838e-05,0.001922533760080114,3.003959000125178e-05,10.673359819322089,106.7335981932209,32.246726350422875
100,fixed_point,default,0.0007943282347242813,94,36689353.89484769,0.005061317040321443,7.908307875502255e-05,0.002420326605597047,3.781760321245386e-05,12.140634408217139,121.40634408217137,36.68935389484769
100,fixed_point,default,0.000630957344480193,105,41155357.42923351,0.006371820639207509,9.955969748761733e-05,0.0030470106686276413,4.7609541697306895e-05,13.615233431926736,136.15233431926737,41.1553574292335
100,fixed_point,default,0.000501187233627272,118,46456426.55165875,0.008021646922092888,0.00012533823315770138,0.003835959160743275,5.993686188661367e-05,15.365102294352521,153.65102294352525,46.456426551658744
100,fixed_point,default,0.0003981071705534969,132,52192666.87981903,0.010098655154663207,0.00015779148679161262,0.0048291864660643365,7.545603853225526e-05,17.25813162869749,172.5813162869749,52.19266687981902
100,fixed_point,default,0.00031622776601683794,148,58777572.68850717,0.012713453599151657,0.00019864771248674464,0.006079585560420859,9.499352438157593e-05,19.430678814596018,194.3067881459602,58.77757268850716
100,fixed_point,default,0.00025118864315095795,167,66631721.338309,0.01600528980763804,0.00025008265324434435,0.007653744755190705,0.00011958976179985476,22.021306114975868,220.21306114975863,66.63172133830899
100,fixed_point,default,0.00019952623149688788,187,74940112.75833021,0.02014946606196571,0.00031483540721821424,0.009635493767695907,0.00015055459012024855,24.761058581142134,247.61058581142134,74.94011275833022
100,fixed_point,default,0.00015848931924611126,210,84536986.40048902,0.02536667485949278,0.0003963542946795747,0.012130367959336703,0.000189536999364636,27.924904673495917,279.24904673495917,84.53698640048901
100,fixed_point,default,0.0001258925411794166,235,95016955.86671399,0.03193475159333571,0.0004989804936458705,0.015271228478422737,0.00023861294497535526,31.37903215813111,313.7903215813111,95.016955866714
100,fixed_point,default,0.0001,264,107226267.96135183,0.040203470300184556,0.0006281792234403837,0.01922533760080114,0.0003003959000125178,35.40214875446329,354.021487544633,107.22626796135182
100,fixed_point,default,7.943282347242822e-05,296,120760483.28286831,0.05061317040321437,0.0007908307875502245,0.02420326605597044,0.00037817603212453814,39.86074282348552,398.60742823485515,120.76048328286831
100,fixed_point,default,6.309573444801929e-05,332,136054150.15693435,0.0637182063920751,0.0009955969748761733,0.030470106686276418,0.00047609541697306903,44.897736459138855,448.97736459138855,136.05415015693436
100,fixed_point,default,5.011872336272715e-05,373,153548584.0525248,0.08021646922092897,0.0012533823315770151,0.03835959160743279,0.0005993686188661373,50.658160848387006,506.5816084838701,153.5485840525248
100,fixed_point,default,3.9810717055349695e-05,418,172837275.6830427,0.10098655154663205,0.0015779148679161258,0.04829186466064336,0.0007545603853225526,57.00786798973603,570.0786798973602,172.83727568304272
100,fixed_point,default,3.1622776601683795e-05,470,195221975.37312093,0.12713453599151656,0.001986477124867446,0.06079585560420859,0.0009499352438157592,64.37500437899527,643.7500437899528,195.22197537312093
100,fixed_point,default,2.5118864315095822e-05,527,219870649.60096478,0.16005289807638023,0.002500826532443441,0.07653744755190696,0.0011958976179985462,72.48533367659289,724.8533367659289,219.87064960096475
100,fixed_point,default,1.9952623149688786e-05,591,247666970.38720733,0.20149466061965712,0.0031483540721821426,0.09635493767695907,0.0015055459012024855,81.62923595789877,816.2923595789877,247.66697038720733
100,fixed_point,default,1.5848931924611107e-05,663,279073491.43917155,0.2536667485949281,0.003963542946795752,0.12130367959336717,0.001895369993646362,91.9583730873761,919.583730873761,279.0734914391715
100,fixed_point,default,1.2589254117941661e-05,744,314558871.9076096,0.3193475159333571,0.0049898049364587044,0.15271228478422735,0.0023861294497535524,103.62631292530956,1036.2631292530957,314.5588719076096
100,fixed_point,default,1e-05,835,354597720.9870868,0.4020347030018456,0.006281792234403837,0.19225337600801137,0.0030039590001251777,116.788481740225,1167.8848174022498,354.59772098708675
100,fixed_point,default,7.943282347242805e-06,937,399670386.3063342,0.5061317040321448,0.007908307875502263,0.24203266055970493,0.0037817603212453896,131.60209865026408,1316.0209865026409,399.6703863063342
100,fixed_point,default,6.30957344480193e-06,1051,450262735.82343715,0.6371820639207509,0.009955969748761733,0.30470106686276416,0.00476095416973069,148.22610837294815,1482.2610837294817,450.26273582343714
100,fixed_point,default,5.011872336272725e-06,1179,507310164.3931529,0.8021646922092881,0.012533823315770127,0.38359591607432714,0.0059936861886613615,166.96703146384138,1669.6703146384139,507.31016439315283
100,fixed_point,default,3.981071705534969e-06,1323,571760582.7600169,1.0098655154663208,0.015779148679161262,0.4829186466064337,0.007545603853225526,188.13529415906592,1881.3529415906592,571.7605827600169
100,fixed_point,default,3.162277660168379e-06,1485,644574164.7542053,1.2713453599151656,0.019864771248674463,0.6079585560420859,0.009499352438157593,212.04515140657506,2120.451514065751,644.5741647542053
100,fixed_point,default,2.511886431509577e-06,1666,726273092.9736378,1.6005289807638055,0.02500826532443446,0.7653744755190712,0.011958976179985488,238.86689248049385,2388.6689248049383,726.2730929736377
100,fixed_point,default,1.9952623149688787e-06,1869,818287056.2925867,2.0149466061965713,0.031483540721821426,0.9635493767695907,0.015055459012024855,269.068587481106,2690.6858748110603,818.2870562925867
100,fixed_point,default,1.584893192461111e-06,2097,922064354.2930307,2.536667485949281,0.03963542946795751,1.2130367959336716,0.01895369993646362,303.1241154874887,3031.241154874887,922.0643542930308
100,fixed_point,default,1.2589254117941661e-06,2353,1039071424.2022338,3.193475159333571,0.04989804936458705,1.5271228478422736,0.023861294497535525,341.51301892316513,3415.130189231651,1039.0714242022336
100,fixed_point,default,1e-06,2640,1170792305.4923837,4.020347030018456,0.06281792234403838,1.922533760080114,0.03003959000125178,384.72033863611824,3847.2033863611823,1170.7923054923838
100,fixed_point,default,7.943282347242805e-07,2963,1319646613.787222,5.061317040321448,0.07908307875502263,2.420326605597049,0.03781760321245389,433.5376452633698,4335.376452633698,1319.646613787222
100,fixed_point,default,6.30957344480193e-07,3324,1486701799.5571194,6.37182063920751,0.09955969748761734,3.0470106686276415,0.0476095416973069,488.31270793976256,4883.1270793976255,1486.701799557119
100,fixed_point,default,5.011872336272714e-07,3730,1675348669.6518445,8.021646922092899,0.12533823315770154,3.835959160743279,0.059936861886613735,550.1547448060473,5501.5474480604735,1675.3486696518444
100,fixed_point,default,3.981071705534969e-07,4185,1887627998.3531988,10.098655154663206,0.1577914867916126,4.829186466064336,0.07545603853225526,619.729841691273,6197.29841691273,1887.6279983531986
100,fixed_point,default,3.162277660168379e-07,4695,2126535512.4811094,12.713453599151658,0.19864771248674465,6.07958556042086,0.09499352438157593,698.0166599967921,6980.166599967921,2126.5355124811094
100,fixed_point,default,2.511886431509577e-07,5268,2396039647.910329,16.005289807638057,0.25008265324434464,7.653744755190712,0.11958976179985488,786.311970423728,7863.1197042372805,2396.039647910329
100,fixed_point,default,1.9952623149688787e-07,5911,2699687376.7587867,20.14946606196571,0.31483540721821424,9.635493767695907,0.15055459012024855,885.7737516641599,8857.737516641599,2699.6873767587867
100,fixed_point,default,1.584893192461111e-07,6632,3041538412.866027,25.366674859492807,0.3963542946795751,12.130367959336716,0.1895369993646362,997.7272798883218,9977.272798883218,3041.538412866027
100,fixed_point,default,1.2589254117941662e-07,7442,3427121876.9364696,31.934751593335708,0.49898049364587044,15.271228478422735,0.23861294497535523,1123.9782141793173,11239.782141793172,3427.1218769364696
100,fixed_point,default,1e-07,8350,3861081552.5600257,40.20347030018456,0.6281792234403838,19.22533760080114,0.3003959000125178,1266.0413995643075,12660.413995643074,3861.0815525600256
100,fixed_point,default,7.943282347242805e-08,9369,4350024029.906156,50.61317040321448,0.7908307875502263,24.20326605597049,0.37817603212453893,1426.073308900543,14260.733089005429,4350.024029906155
100,fixed_point,default,6.30957344480193e-08,10512,4900634121.657971,63.718206392075096,0.9955969748761734,30.470106686276416,0.476095416973069,1606.25484194915,16062.5484194915,4900.634121657971
100,fixed_point,default,5.0118723362727144e-08,11794,5520636318.528352,80.21646922092897,1.2533823315770152,38.35959160743279,0.5993686188661373,1809.1059059125946,18091.059059125946,5520.636318528352
100,fixed_point,default,3.981071705534969e-08,13234,6219778572.069678,100.98655154663207,1.5779148679161261,48.29186466064337,0.7545603853225527,2037.806951027109,20378.069510271092,6219.7785720696775
100,fixed_point,default,3.162277660168379e-08,14848,7006467109.9230995,127.13453599151657,1.9864771248674464,60.79585560420859,0.9499352438157592,2295.097947448559,22950.979474485586,7006.467109923099
100,fixed_point,default,2.511886431509577e-08,16660,7893098187.963763,160.05289807638056,2.500826532443446,76.53744755190712,1.1958976179985488,2585.0221722014744,25850.221722014743,7893.098187963763
100,fixed_point,default,1.9952623149688786e-08,18693,8891724499.431744,201.4946606196571,3.1483540721821424,96.35493767695908,1.5055459012024857,2911.508450822002,29115.08450822002,8891.724499431743
100,fixed_point,default,1.584893192461111e-08,20974,10016498268.524925,253.66674859492807,3.963542946795751,121.30367959336716,1.895369993646362,3279.16989194634,32791.6989194634,10016.498268524925
100,fixed_point,default,1.2589254117941661e-08,23533,11283210962.115242,319.3475159333571,4.989804936458705,152.71228478422736,2.3861294497535526,3693.1529826695696,36931.529826695696,11283.210962115241
100,fixed_point,default,1e-08,26404,12709811355.384714,402.03470300184557,6.281792234403837,192.2533760080114,3.003959000125178,4159.306521763444,41593.065217634445,12709.811355384714
100,fixed_point,default,7.943282347242789e-09,29626,14316934269.206404,506.1317040321459,7.908307875502279,242.03266055970542,3.781760321245397,4684.353879003807,46843.53879003807,14316.934269206404
100,fixed_point,default,6.309573444801943e-09,33241,16126943204.947136,637.1820639207497,9.955969748761714,304.7010668627635,4.76095416973068,5275.579718237081,52755.79718237081,16126.943204947136
100,fixed_point,default,5.011872336272715e-09,37297,18165453441.721867,802.1646922092897,12.533823315770151,383.5959160743279,5.993686188661373,5941.327083010797,59413.27083010797,18165.453441721864
100,fixed_point,default,3.981071705534969e-09,41848,20461380182.44827,1009.8655154663207,15.779148679161262,482.9186466064337,7.5456038532255265,6691.012420238145,66910.12420238144,20461.380182448273
100,fixed_point,default,3.1622776601683795e-09,46954,23046985653.143906,1271.3453599151655,19.86477124867446,607.9585560420859,9.499352438157592,7535.140280795213,75351.40280795212,23046.985653143904
100,fixed_point,default,2.511886431509572e-09,52684,25959444396.00956,1600.5289807638087,25.00826532443451,765.3744755190727,11.95897617998551,8485.813558215616,84858.13558215617,25959.44439600956
100,fixed_point,default,1.9952623149688828e-09,59112,29238882938.9502,2014.946606196567,31.48354072182136,963.5493767695888,15.055459012024825,9556.092727087955,95560.92727087953,29238.8829389502
100,fixed_point,default,1.584893192461111e-09,66325,32932495292.569046,2536.667485949281,39.635429467957515,1213.0367959336716,18.953699936463618,10761.338172820108,107613.38172820107,32932.495292569045
100,fixed_point,default,1.2589254117941663e-09,74418,37092090082.1574,3193.4751593335704,49.89804936458704,1527.1228478422734,23.86129449753552,12118.408475117163,121184.08475117164,37092.0900821574
100,fixed_point,default,1e-09,83498,41776205166.99152,4020.347030018456,62.81792234403837,1922.5337600801138,30.039590001251778,13646.349319660492,136463.49319660492,41776.20516699152
100,fixed_point,default,7.943282347242822e-10,93686,47051233782.785706,5061.317040321437,79.08307875502246,2420.326605597044,37.81760321245381,15366.759427912459,153667.5942791246,47051.233782785705
100,fixed_point,default,6.309573444801917e-10,105118,52992053198.57537,6371.820639207523,99.55969748761754,3047.010668627648,47.609541697307,17303.99398722426,173039.9398722426,52992.05319857537
100,fixed_point,default,5.011872336272714e-10,117944,59681622836.01512,8021.6469220928975,125.33823315770152,3835.9591607432794,59.93686188661374,19485.031999385083,194850.3199938508,59681.62283601512
100,fixed_point,default,3.9810717055349694e-10,132335,67214740735.95841,10098.655154663205,157.79148679161258,4829.186466064337,75.45603853225526,21940.699276242,219406.99276242,67214.7407359584
100,fixed_point,default,3.1622776601683795e-10,148482,75697688224.73935,12713.453599151655,198.6477124867446,6079.585560420859,94.99352438157592,24705.55030339359,247055.50303393588,75697.68822473935
100,fixed_point,default,2.511886431509582e-10,166600,85250486392.5307,16005.289807638024,250.08265324434413,7653.744755190697,119.58976179985464,27818.60139072543,278186.0139072544,85250.4863925307
100,fixed_point,default,1.9952623149688748e-10,186928,96007085675.74086,20149.46606196575,314.83540721821487,9635.493767695927,150.55459012024886,31323.38985294494,313233.8985294494,96007.08567574086
100,fixed_point,default,1.584893192461111e-10,209737,108119781490.93254,25366.67485949281,396.35429467957516,12130.367959336716,189.5369993646362,35269.409896398276,352694.0989639828,108119.78149093252
100,fixed_point,default,1.2589254117941662e-10,235329,121758940548.37938,31934.751593335706,498.9804936458704,15271.228478422736,238.61294497535525,39712.02001006082,397120.2001006082,121758.94054837938
100,fixed_point,default,1e-10,264043,137116435772.71059,40203.470300184556,628.1792234403837,19225.33760080114,300.3959000125178,44713.558310159926,447135.58310159924,137116.4357727106
100,fixed_point,default,7.943282347242822e-11,296262,154409679027.83862,50613.170403214375,790.8307875502246,24203.26605597044,378.17603212453815,50344.65168135442,503446.5168135442,154409.6790278386
100,fixed_point,default,6.309573444801917e-11,332411,173880900043.29205,63718.206392075226,995.5969748761754,30470.10668627648,476.09541697307,56683.97634246387,566839.7634246387,173880.90004329206
100,fixed_point,default,5.011872336272715e-11,372971,195804997706.91318,80216.46922092896,1253.382331577015,38359.59160743279,599.3686188661374,63820.80914994225,638208.0914994226,195804.99770691316
100,fixed_point,default,3.9810717055349695e-11,418481,220491084302.77707,100986.55154663206,1577.914867916126,48291.86466064336,754.5603853225525,71855.52423252416,718555.2423252416,220491.08430277708
100,fixed_point,default,3.1622776601683794e-11,469543,248285637643.92026,127134.53599151656,1986.4771248674463,60795.85560420859,949.9352438157592,80900.61267438023,809006.1267438023,248285.63764392026
100,fixed_point,default,2.511886431509572e-11,526836,279580588682.86304,160052.89807638086,2500.826532443451,76537.44755190727,1195.8976179985511,91083.3073763689,910833.0737636891,279580.588682863
100,fixed_point,default,1.9952623149688748e-11,591119,314815623407.76117,201494.66061965752,3148.3540721821487,96354.93767695926,1505.5459012024885,102546.32386393349,1025463.2386393348,314815.62340776116
100,fixed_point,default,1.5848931924611107e-11,663247,354487527302.3912,253666.74859492813,3963.542946795752,121303.67959336718,1895.3699936463622,115450.89145061038,1154508.914506104,354487.5273023912
100,fixed_point,default,1.2589254117941662e-11,744175,399153168147.55835,319347.51593335706,4989.804936458704,152712.28478422735,2386.1294497535523,129977.71335880786,1299777.1335880787,399153.16814755835
100,fixed_point,default,1e-11,834978,449441282784.0972,402034.7030018456,6281.792234403838,192253.3760080114,3003.959000125178,146330.7892123087,1463307.8921230873,449441.28278409725
100,fixed_point,default,7.943282347242789e-12,936861,506058943771.44745,506131.70403214585,7908.307875502279,242032.6605597054,3781.760321245397,164739.50514196232,1647395.051419623,506058.94377144735
100,fixed_point,default,6.309573444801917e-12,1051176,569802101656.7394,637182.0639207523,9955.969748761754,304701.06686276477,4760.9541697306995,185462.04763304684,1854620.4763304684,569802.1016567394
100,fixed_point,default,5.011872336272715e-12,1179438,641565501087.2155,802164.6922092898,12533.823315770152,383595.9160743279,5993.686188661373,208788.61155305576,2087886.1155305572,641565.5010872154
100,fixed_point,default,3.9810717055349695e-12,1323352,722359494211.3046,1009865.5154663206,15779.148679161259,482918.6466064336,7545.603853225525,235046.84796196898,2350468.47961969,722359.4942113046
100,fixed_point,default,3.1622776601683794e-12,1484825,813317449212.7892,1271345.3599151657,19864.771248674464,607958.5560420859,9499.352438157592,264604.25175452465,2646042.517545246,813317.4492127891
100,fixed_point,default,2.511886431509572e-12,1666001,915717855841.2653,1600528.9807638088,25008.265324434513,765374.4755190728,11958.976179985513,297875.3238446753,2978753.238446753,915717.8558412652
100,fixed_point,default,1.9952623149688747e-12,1869284,1030998773456.2468,2014946.606196575,31483.540721821486,963549.3767695926,15055.459012024885,335326.24050828774,3353262.4050828777,1030998.7734562468
100,fixed_point,default,1.584893192461111e-12,2097371,1160778205423.1487,2536667.4859492807,39635.42946795751,1213036.7959336715,18953.699936463618,377481.4450015824,3774814.4500158234,1160778.2054231486
100,fixed_point,default,1.258925411794166e-12,2353289,1306879710922.9988,3193475.159333571,49898.049364587045,1527122.8478422735,23861.294497535524,424931.9370683677,4249319.3706836775,1306879.7109229986
100,fixed_point,default,1e-12,2640434,1471352718721.2415,4020347.0300184563,62817.92234403838,1922533.760080114,30039.59000125178,478341.8341929489,4783418.341929488,1471352.7187212412
100,fixed_point,qbest,0.1,8,1187362.1502183082,4.020347030018456e-05,6.281792234403837e-07,1.922533760080114e-05,3.003959000125178e-07,0.5103905602582688,5.103905602582689,1.1873621502183083
100,fixed_point,qbest,0.07943282347242814,9,1335206.77575458,5.0613170403214425e-05,7.908307875502254e-07,2.4203266055970466e-05,3.7817603212453853e-07,0.5739981695410744,5.739981695410744,1.3352067757545798
100,fixed_point,qbest,0.06309573444801933,11,1632959.989883016,6.371820639207506e-05,9.955969748761729e-07,3.04701066862764e-05,4.760954169730687e-07,0.7018715932483602,7.018715932483602,1.6329599898830158
100,fixed_point,qbest,0.05011872336272722,12,1782551.678008775,8.021646922092885e-05,1.2533823315770134e-06,3.835959160743273e-05,5.993686188661364e-07,0.7660149386630081,7.6601493866300805,1.7825516780087747
100,fixed_point,qbest,0.039810717055349734,13,1932682.216947616,0.00010098655154663196,1.5779148679161244e-06,4.829186466064331e-05,7.545603853225518e-07,0.8303300424953898,8.3033004249539,1.932682216947616
100,fixed_point,qbest,0.03162277660168379,15,2234401.938426553,0.00012713453599151657,1.9864771248674464e-06,6.079585560420859e-05,9.499352438157593e-07,0.9594247768611469,9.594247768611469,2.2344019384265525
100,fixed_point,qbest,0.025118864315095794,17,2537763.0777056543,0.0001600528980763804,2.5008265324434437e-06,7.653744755190705e-05,1.1958976179985477e-06,1.089031594642306,10.890315946423058,2.5377630777056543
100,fixed_point,qbest,0.01995262314968879,19,2842547.3129184847,0.0002014946606196571,3.148354072182142e-06,9.635493767695907e-05,1.5055459012024855e-06,1.2190788879942809,12.190788879942808,2.8425473129184846
100,fixed_point,qbest,0.015848931924611134,21,3148659.250940675,0.0002536667485949277,3.963542946795745e-06,0.00012130367959336697,1.895369993646359e-06,1.3495432339888183,13.49543233988818,3.148659250940675
100,fixed_point,qbest,0.012589254117941675,24,3609959.3356705373,0.00031934751593335674,4.989804936458699e-06,0.0001527122847842272,2.38612944975355e-06,1.5458989342048381,15.458989342048383,3.609959335670537
100,fixed_point,qbest,0.01,26,3919070.809068058,0.0004020347030018456,6.2817922344038375e-06,0.00019225337600801138,3.003959000125178e-06,1.67732561350219,16.7732561350219,3.919070809068058
100,fixed_point,qbest,0.007943282347242814,30,4539341.521327585,0.0005061317040321443,7.908307875502254e-06,0.00024203266055970466,3.7817603212453853e-06,1.940729646562059,19.407296465620586,4.539341521327584
100,fixed_point,qbest,0.00630957344480193,33,5007173.243119046,0.0006371820639207509,9.955969748761732e-06,0.0003047010668627641,4.7609541697306895e-06,2.1391508033370337,21.391508033370332,5.007173243119046
100,fixed_point,qbest,0.005011872336272725,37,5633332.890984691,0.0008021646922092881,1.2533823315770127e-05,0.00038359591607432716,5.993686188661362e-06,2.4044276678821417,24.04427667882142,5.633332890984691
100,fixed_point,qbest,0.003981071705534969,42,6419510.979172393,0.0010098655154663207,1.577914867916126e-05,0.0004829186466064337,7.5456038532255265e-06,2.737074209160137,27.370742091601375,6.419510979172393
100,fixed_point,qbest,0.0031622776601683794,47,7209695.54219852,0.0012713453599151655,1.986477124867446e-05,0.0006079585560420859,9.499352438157592e-06,3.0710011645707813,30.710011645707812,7.20969554219852
100,fixed_point,qbest,0.0025118864315095794,53,8162095.102393245,0.001600528980763804,2.500826532443444e-05,0.0007653744755190705,1.1958976179985477e-05,3.4729932254252254,34.729932254252255,8.162095102393245
100,fixed_point,qbest,0.001995262314968879,59,9119123.95296994,0.002014946606196571,3.148354072182142e-05,0.0009635493767695906,1.5055459012024854e-05,3.876469317257954,38.76469317257954,9.11912395296994
100,fixed_point,qbest,0.001584893192461114,66,10240359.768270154,0.002536667485949276,3.9635429467957436e-05,0.0012130367959336693,1.8953699936463582e-05,4.348643246802264,43.48643246802264,10.240359768270155
100,fixed_point,qbest,0.0012589254117941662,74,11527357.654241564,0.0031934751593335705,4.989804936458704e-05,0.0015271228478422735,2.3861294497535523e-05,4.889999216066111,48.899992160661114,11.527357654241564
100,fixed_point,qbest,0.001,83,12981686.604811408,0.004020347030018456,6.281792234403838e-05,0.001922533760080114,3.003959000125178e-05,5.501033896323676,55.01033896323677,12.981686604811406
100,fixed_point,qbest,0.0007943282347242813,94,14766787.195662418,0.005061317040321443,7.908307875502255e-05,0.002420326605597047,3.781760321245386e-05,6.250140407073541,62.50140407073541,14.766787195662417
100,fixed_point,qbest,0.000630957344480193,105,16560891.309859037,0.006371820639207509,9.955969748761733e-05,0.0030470106686276413,4.7609541697306895e-05,7.002151696060734,70.02151696060734,16.560891309859038
100,fixed_point,qbest,0.000501187233627272,118,18690014.792294715,0.008021646922092888,0.00012533823315770138,0.003835959160743275,5.993686188661367e-05,7.893585203299505,78.93585203299504,18.690014792294715
100,fixed_point,qbest,0.0003981071705534969,132,20993440.47843448,0.010098655154663207,0.00015779148679161262,0.0048291864660643365,7.545603853225526e-05,8.856918684007367,88.56918684007367,20.99344047843448
100,fixed_point,qbest,0.00031622776601683794,148,23637110.6207857,0.012713453599151657,0.00019864771248674464,0.006079585560420859,9.499352438157593e-05,9.961329589988928,99.6132958998893,23.6371106207857
100,fixed_point,qbest,0.00025118864315095795,167,26789681.366473466,0.01600528980763804,0.00025008265324434435,0.007653744755190705,0.00011958976179985476,11.276837636263455,112.76837636263454,26.789681366473463
100,fixed_point,qbest,0.00019952623149688788,187,30123889.059128866,0.02014946606196571,0.00031483540721821424,0.009635493767695907,0.00015055459012024855,12.666586620185422,126.66586620185423,30.123889059128864
100,fixed_point,qbest,0.00015848931924611126,210,33974393.03840502,0.02536667485949278,0.0003963542946795747,0.012130367959336703,0.000189536999364636,14.269784711529532,142.69784711529533,33.97439303840502
100,fixed_point,qbest,0.0001258925411794166,235,38178378.47727469,0.03193475159333571,0.0004989804936458705,0.015271228478422737,0.00023861294497535526,16.018274222029913,160.1827422202991,38.17837847727469
100,fixed_point,qbest,0.0001,264,43075106.8253022,0.040203470300184556,0.0006281792234403837,0.01922533760080114,0.0003003959000125178,18.052695078428705,180.52695078428704,43.07510682530219
100,fixed_point,qbest,7.943282347242822e-05,296,48502131.80385721,0.05061317040321437,0.0007908307875502245,0.02420326605597044,0.00037817603212453814,20.305017402041067,203.05017402041065,48.5021318038572
100,fixed_point,qbest,6.309573444801929e-05,332,54633473.18818308,0.0637182063920751,0.0009955969748761733,0.030470106686276418,0.00047609541697306903,22.84695056349995,228.46950563499948,54.63347318818307
100,fixed_point,qbest,5.011872336272715e-05,373,61645746.10365311,0.08021646922092897,0.0012533823315770151,0.03835959160743279,0.0005993686188661373,25.7510153204908,257.51015320490797,61.64574610365311
100,fixed_point,qbest,3.9810717055349695e-05,418,69375719.02108635,0.10098655154663205,0.0015779148679161258,0.04829186466064336,0.0007545603853225526,28.948956519961488,289.4895651996149,69.37571902108634
100,fixed_point,qbest,3.1622776601683795e-05,470,78344695.8415253,0.12713453599151656,0.001986477124867446,0.06079585560420859,0.0009499352438157592,32.65559842688855,326.55598426888554,78.3446958415253
100,fixed_point,qbest,2.5118864315095822e-05,527,88218907.0775998,0.16005289807638023,0.002500826532443441,0.07653744755190696,0.0011958976179985462,36.7321141373096,367.321141373096,88.2189070775998
100,fixed_point,qbest,1.9952623149688786e-05,591,99351975.60147241,0.20149466061965712,0.0031483540721821426,0.09635493767695907,0.0015055459012024855,41.32365226506666,413.2365226506666,99.3519756014724
100,fixed_point,qbest,1.5848931924611107e-05,663,111928673.09739874,0.2536667485949281,0.003963542946795752,0.12130367959336717,0.001895369993646362,46.50530995809258,465.05309958092585,111.92867309739873
100,fixed_point,qbest,1.2589254117941661e-05,744,126136115.89884096,0.3193475159333571,0.0049898049364587044,0.15271228478422735,0.0023861294497535524,52.352924610412124,523.5292461041212,126.13611589884096
100,fixed_point,qbest,1e-05,835,142163706.21988755,0.4020347030018456,0.006281792234403837,0.19225337600801137,0.0030039590001251777,58.943057442510614,589.4305744251061,142.16370621988753
100,fixed_point,qbest,7.943282347242805e-06,937,160203051.38427934,0.5061317040321448,0.007908307875502263,0.24203266055970493,0.0037817603212453896,66.35296915779178,663.5296915779178,160.20305138427935
100,fixed_point,qbest,6.30957344480193e-06,1051,180447880.89072767,0.6371820639207509,0.009955969748761733,0.30470106686276416,0.00476095416973069,74.66059569185623,746.6059569185622,180.44788089072767
100,fixed_point,qbest,5.011872336272725e-06,1179,203271674.29376575,0.8021646922092881,0.012533823315770127,0.38359591607432714,0.0059936861886613615,84.017340119635,840.1734011963499,203.27167429376576
100,fixed_point,qbest,3.981071705534969e-06,1323,229052716.0733781,1.0098655154663208,0.015779148679161262,0.4829186466064337,0.007545603853225526,94.5761189884031,945.761189884031,229.0527160733781
100,fixed_point,qbest,3.162277660168379e-06,1485,258174000.46969217,1.2713453599151656,0.019864771248674463,0.6079585560420859,0.009499352438157593,106.49133677650995,1064.9133677650998,258.1740004696922
100,fixed_point,qbest,2.511886431509577e-06,1666,290843210.470492,1.6005289807638055,0.02500826532443446,0.7653744755190712,0.011958976179985488,119.84535291429619,1198.453529142962,290.843210470492
100,fixed_point,qbest,1.9952623149688787e-06,1869,327630765.7668115,2.0149466061965713,0.031483540721821426,0.9635493767695907,0.015055459012024855,134.8684609301824,1348.6846093018244,327.63076576681146
100,fixed_point,qbest,1.584893192461111e-06,2097,369114232.151091,2.536667485949281,0.03963542946795751,1.2130367959336716,0.01895369993646362,151.79320840237773,1517.9320840237772,369.1142321510909
100,fixed_point,qbest,1.2589254117941661e-06,2353,415878141.85988027,3.193475159333571,0.04989804936458705,1.5271228478422736,0.023861294497535525,170.85434496020946,1708.5434496020948,415.8781418598802
100,fixed_point,qbest,1e-06,2640,468513790.1493675,4.020347030018456,0.06281792234403838,1.922533760080114,0.03003959000125178,192.28876318586615,1922.8876318586615,468.5137901493675
100,fixed_point,qbest,7.943282347242805e-07,2963,527985974.8897019,5.061317040321448,0.07908307875502263,2.420326605597049,0.03781760321245389,216.48465669357313,2164.8465669357315,527.9859748897018
100,fixed_point,qbest,6.30957344480193e-07,3324,594718911.4960579,6.37182063920751,0.09955969748761734,3.0470106686276415,0.0476095416973069,243.60950093196092,2436.0950093196093,594.7189114960578
100,fixed_point,qbest,5.011872336272714e-07,3730,670064576.9804647,8.021646922092899,0.12533823315770154,3.835959160743279,0.059936861886613735,274.207107091579,2742.07107091579,670.0645769804647
100,fixed_point,qbest,3.981071705534969e-07,4185,754835188.2494395,10.098655154663206,0.1577914867916126,4.829186466064336,0.07545603853225526,308.60083576715317,3086.0083576715324,754.8351882494394
100,fixed_point,qbest,3.162277660168379e-07,4695,850223902.7769305,12.713453599151658,0.19864771248674465,6.07958556042086,0.09499352438157593,347.2676896410778,3472.6768964107787,850.2239027769305
100,fixed_point,qbest,2.511886431509577e-07,5268,957811628.2287927,16.005289807638057,0.25008265324434464,7.653744755190712,0.11958976179985488,390.8404414737362,3908.4044147373615,957.8116282287926
100,fixed_point,qbest,1.9952623149688787e-07,5911,1079010321.875434,20.14946606196571,0.31483540721821424,9.635493767695907,0.15055459012024855,439.8818597968836,4398.818597968836,1079.010321875434
100,fixed_point,qbest,1.584893192461111e-07,6632,1215435954.6372082,25.366674859492807,0.3963542946795751,12.130367959336716,0.1895369993646362,495.03581127806444,4950.358112780644,1215.4359546372082
100,fixed_point,qbest,1.2589254117941662e-07,7442,1369290084.9786534,31.934751593335708,0.49898049364587044,15.271228478422735,0.23861294497535523,557.1810455697337,5571.810455697336,1369.2900849786533
100,fixed_point,qbest,1e-07,8350,1542420093.4136295,40.20347030018456,0.6281792234403838,19.22533760080114,0.3003959000125178,627.0511865496779,6270.511865496779,1542.4200934136295
100,fixed_point,qbest,7.943282347242805e-08,9369,1737455519.6861422,50.61317040321448,0.7908307875502263,24.20326605597049,0.37817603212453893,705.6934564792748,7056.934564792747,1737.4555196861422
100,fixed_point,qbest,6.30957344480193e-08,10512,1957055950.295565,63.718206392075096,0.9955969748761734,30.470106686276416,0.476095416973069,794.1645809999916,7941.645809999915,1957.0559502955648
100,fixed_point,qbest,5.0118723362727144e-08,11794,2204294431.6687427,80.21646922092897,1.2533823315770152,38.35959160743279,0.5993686188661373,893.6851538540926,8936.851538540926,2204.2944316687426
100,fixed_point,qbest,3.981071705534969e-08,13234,2483049442.7699065,100.98655154663207,1.5779148679161261,48.29186466064337,0.7545603853225527,1005.7966691684512,10057.966691684513,2483.049442769907
100,fixed_point,qbest,3.162277660168379e-08,14848,2796662950.6394925,127.13453599151657,1.9864771248674464,60.79585560420859,0.9499352438157592,1131.8213308539503,11318.213308539502,2796.662950639492
100,fixed_point,qbest,2.511886431509577e-08,16660,3150065920.934087,160.05289807638056,2.500826532443446,76.53744755190712,1.1958976179985488,1273.7161979412033,12737.161979412034,3150.0659209340865
100,fixed_point,qbest,1.9952623149688786e-08,18693,3548050305.95793,201.4946606196571,3.1483540721821424,96.35493767695908,1.5055459012024857,1433.3778261676266,14333.778261676263,3548.05030595793
100,fixed_point,qbest,1.584893192461111e-08,20974,3996242696.080718,253.66674859492807,3.963542946795751,121.30367959336716,1.895369993646362,1613.0328750460994,16130.328750460996,3996.242696080718
100,fixed_point,qbest,1.2589254117941661e-08,23533,4500920467.191804,319.3475159333571,4.989804936458705,152.71228478422736,2.3861294497535526,1815.1634163197652,18151.634163197654,4500.920467191803
100,fixed_point,qbest,1e-08,26404,5069217813.036472,402.03470300184557,6.281792234403837,192.2533760080114,3.003959000125178,2042.5886087755023,20425.88608775502,5069.217813036472
100,fixed_point,qbest,7.943282347242789e-09,29626,5709335870.475505,506.1317040321459,7.908307875502279,242.03266055970542,3.781760321245397,2298.5476528127433,22985.476528127438,5709.3358704755055
100,fixed_point,qbest,6.309573444801943e-09,33241,6430160903.337659,637.1820639207497,9.955969748761714,304.7010668627635,4.76095416973068,2586.5459915312026,25865.45991531203,6430.160903337658
100,fixed_point,qbest,5.011872336272715e-09,37297,7241870451.109876,802.1646922092897,12.533823315770151,383.5959160743279,5.993686188661373,2910.5965505636964,29105.96550563696,7241.870451109876
100,fixed_point,qbest,3.981071705534969e-09,41848,8155951811.814957,1009.8655154663207,15.779148679161262,482.9186466064337,7.5456038532255265,3275.22555828586,32752.255582858605,8155.951811814956
100,fixed_point,qbest,3.1622776601683795e-09,46954,9185220126.553736,1271.3453599151655,19.86477124867446,607.9585560420859,9.499352438157592,3685.4782488260407,36854.7824882604,9185.220126553735
100,fixed_point,qbest,2.511886431509572e-09,52684,10344440713.19359,1600.5289807638087,25.00826532443451,765.3744755190727,11.95897617998551,4147.165166484138,41471.65166484139,10344.44071319359
100,fixed_point,qbest,1.9952623149688828e-09,59112,11649547949.684778,2014.946606196567,31.48354072182136,963.5493767695888,15.055459012024825,4666.54911170452,46665.4911170452,11649.547949684778
100,fixed_point,qbest,1.584893192461111e-09,66325,13119282312.472107,2536.667485949281,39.635429467957515,1213.0367959336716,18.953699936463618,5250.9948263673805,52509.9482636738,13119.282312472105
100,fixed_point,qbest,1.2589254117941663e-09,74418,14774213039.714472,3193.4751593335704,49.89804936458704,1527.1228478422734,23.86129449753552,5908.577383470111,59085.77383470112,14774.21303971447
100,fixed_point,qbest,1e-09,83498,16637578483.348175,4020.347030018456,62.81792234403837,1922.5337600801138,30.039590001251778,6648.413906341881,66484.1390634188,16637.578483348174
100,fixed_point,qbest,7.943282347242822e-10,93686,18735732704.687294,5061.317040321437,79.08307875502246,2420.326605597044,37.81760321245381,7480.837736469005,74808.37736469005,18735.732704687292
100,fixed_point,qbest,6.309573444801917e-10,105118,21098393949.654617,6371.820639207523,99.55969748761754,3047.010668627648,47.609541697307,8417.493444850857,84174.93444850857,21098.393949654615
100,fixed_point,qbest,5.011872336272714e-10,117944,23758483245.447327,8021.6469220928975,125.33823315770152,3835.9591607432794,59.93686188661374,9471.269273108046,94712.69273108046,23758.483245447325
100,fixed_point,qbest,3.9810717055349694e-10,132335,26753616432.552673,10098.655154663205,157.79148679161258,4829.186466064337,75.45603853225526,10656.88429890159,106568.84298901589,26753.616432552673
100,fixed_point,qbest,3.1622776601683795e-10,148482,30125960621.04186,12713.453599151655,198.6477124867446,6079.585560420859,94.99352438157592,11990.826478962623,119908.26478962622,30125.960621041857
100,fixed_point,qbest,2.511886431509582e-10,166600,33923128974.28705,16005.289807638024,250.08265324434413,7653.744755190697,119.58976179985464,13491.701445553626,134917.01445553626,33923.12897428705
100,fixed_point,qbest,1.9952623149688748e-10,186928,38198253510.29039,20149.46606196575,314.83540721821487,9635.493767695927,150.55459012024886,15180.255483541101,151802.55483541102,38198.25351029039
100,fixed_point,qbest,1.584893192461111e-10,209737,43011737263.15117,25366.67485949281,396.35429467957516,12130.367959336716,189.5369993646362,17080.061239669394,170800.61239669396,43011.73726315117
100,fixed_point,qbest,1.2589254117941662e-10,235329,48431142132.033424,31934.751593335706,498.9804936458704,15271.228478422736,238.61294497535525,19217.465766031255,192174.65766031257,48431.14213203343
100,fixed_point,qbest,1e-10,264043,54532550283.360245,40203.470300184556,628.1792234403837,19225.33760080114,300.3959000125178,21622.119661262164,216221.1966126216,54532.55028336024
100,fixed_point,qbest,7.943282347242822e-11,296262,61402162178.08528,50613.170403214375,790.8307875502246,24203.26605597044,378.17603212453815,24327.59747719941,243275.97477199408,61402.16217808528
100,fixed_point,qbest,6.309573444801917e-11,332411,69136005573.50536,63718.206392075226,995.5969748761754,30470.10668627648,476.09541697307,27371.272770953736,273712.7277095374,69136.00557350536
100,fixed_point,qbest,5.011872336272715e-11,372971,77843049214.66675,80216.46922092896,1253.382331577015,38359.59160743279,599.3686188661374,30795.53263010559,307955.32630105596,77843.04921466675
100,fixed_point,qbest,3.9810717055349695e-11,418481,87645810170.18863,100986.55154663206,1577.914867916126,48291.86466064336,754.5603853225525,34648.00301333549,346480.0301333548,87645.81017018863
100,fixed_point,qbest,3.1622776601683794e-11,469543,98681599380.63383,127134.53599151656,1986.4771248674463,60795.85560420859,949.9352438157592,38982.02427866248,389820.24278662476,98681.59938063382
100,fixed_point,qbest,2.511886431509572e-11,526836,111105725889.83705,160052.89807638086,2500.826532443451,76537.44755190727,1195.8976179985511,43857.89379534069,438578.93795340694,111105.72588983706
100,fixed_point,qbest,1.9952623149688748e-11,591119,125092402659.36015,201494.66061965752,3148.3540721821487,96354.93767695926,1505.5459012024885,49343.203171111294,493432.0317111129,125092.40265936014
100,fixed_point,qbest,1.5848931924611107e-11,663247,140838447165.94968,253666.74859492813,3963.542946795752,121303.67959336718,1895.3699936463622,55514.26974903159,555142.6974903159,140838.44716594968
100,fixed_point,qbest,1.2589254117941662e-11,744175,158564455335.07413,319347.51593335706,4989.804936458704,152712.28478422735,2386.1294497535523,62456.574059826766,624565.7405982678,158564.45533507413
100,fixed_point,qbest,1e-11,834978,178519468448.48108,402034.7030018456,6281.792234403838,192253.3760080114,3003.959000125178,70266.56308445774,702665.6308445774,178519.46844848106
100,fixed_point,qbest,7.943282347242789e-12,936861,200983526646.88126,506131.70403214585,7908.307875502279,242032.6605597054,3781.760321245397,79052.62111367278,790526.2111367278,200983.52664688122
100,fixed_point,qbest,6.309573444801917e-12,1051176,226271838121.04736,637182.0639207523,9955.969748761754,304701.06686276477,4760.9541697306995,88936.66938871403,889366.6938871403,226271.83812104736
100,fixed_point,qbest,5.011872336272715e-12,1179438,254738697671.456,802164.6922092898,12533.823315770152,383595.9160743279,5993.686188661373,100055.66273311627,1000556.6273311627,254738.697671456
100,fixed_point,qbest,3.9810717055349695e-12,1323352,286784139128.6693,1009865.5154663206,15779.148679161259,482918.6466064336,7545.603853225525,112564.1491687146,1125641.491687146,286784.1391286693
100,fixed_point,qbest,3.1622776601683794e-12,1484825,322856854003.37054,1271345.3599151657,19864.771248674464,607958.5560420859,9499.352438157592,126635.36414156095,1266353.6414156093,322856.8540033705
100,fixed_point,qbest,2.511886431509572e-12,1666001,363462937446.0375,1600528.9807638088,25008.265324434513,765374.4755190728,11958.976179985513,142464.59485086004,1424645.9485086005,363462.9374460374
100,fixed_point,qbest,1.9952623149688747e-12,1869284,409171592935.6453,2014946.606196575,31483.540721821486,963549.3767695926,15055.459012024885,160271.34820678944,1602713.4820678944,409171.5929356453
100,fixed_point,qbest,1.584893192461111e-12,2097371,460623183807.9691,2536667.4859492807,39635.42946795751,1213036.7959336715,18953.699936463618,180302.42634638047,1803024.2634638047,460623.18380796915
100,fixed_point,qbest,1.258925411794166e-12,2353289,518539357896.61096,3193475.159333571,49898.049364587045,1527122.8478422735,23861.294497535524,202835.80178836203,2028358.0178836202,518539.3578966109
100,fixed_point,qbest,1e-12,2640434,583731064533.4033,4020347.0300184563,62817.92234403838,1922533.760080114,30039.59000125178,228183.6556452,2281836.5564520005,583731.0645334034
200,known,default,0.1,2,3272197.6404399634,0.00011333958619943587,1.7709310343661855e-06,3.9506278000772e-05,6.172855937620625e-07,0.576533887226919,5.76533887226919,3.2721976404399635
200,known,default,0.07943282347242814,2,3321896.9273665417,0.00014268608522870533,2.2294700816985207e-06,4.973545730057675e-05,7.771165203215117e-07,0.5852904863791429,5.85290486379143,3.321896927366541
200,known,default,0.06309573444801933,3,4901327.8731788825,0.00017963113860384547,2.8067365406850855e-06,6.261323106289979e-05,9.783317353578092e-07,0.8693360305630984,8.693360305630986,4.901327873178882
200,known,default,0.05011872336272722,3,4671914.580987253,0.00022614220513790133,3.5334719552797082e-06,7.882538769962448e-05,1.2316466828066326e-06,0.8286455797398335,8.286455797398336,4.671914580987253
200,known,default,0.039810717055349734,3,4783744.779243784,0.00028469616872727334,4.448377636363646e-06,9.923528366958459e-05,1.5505513073372592e-06,0.8484806169307578,8.484806169307578,4.783744779243784
200,known,default,0.03162277660168379,4,6109752.775372794,0.00035841124145120446,5.60017564767507e-06,0.0001249298203582428,1.952028443097544e-06,1.0871199889964045,10.871199889964046,6.109752775372794
200,known,default,0.025118864315095794,4,6196506.048112898,0.0004512130197356163,7.050203433369005e-06,0.0001572773255398722,2.457458211560503e-06,1.1025561646280562,11.02556164628056,6.196506048112898
200,known,default,0.01995262314968879,5,7534737.328597988,0.0005680435366775506,8.875680260586727e-06,0.00019800042182116894,3.0937565909557647e-06,1.3429901309018504,13.4299013090185,7.534737328597988
200,known,default,0.015848931924611134,6,9046706.135134034,0.0007151244433288001,1.1173819427012502e-05,0.0002492677625766338,3.894808790259903e-06,1.6141088992985029,16.14108899298503,9.046706135134034
200,known,default,0.012589254117941675,6,9075434.763080223,0.0009002883343017841,1.4067005223465377e-05,0.0003138095206487994,4.90327376013749e-06,1.6192346470944317,16.192346470944315,9.075434763080223
200,known,default,0.01,7,10484203.02201587,0.0011333958619943586,1.7709310343661854e-05,0.00039506278000772004,6.172855937620626e-06,1.8717213635460899,18.7172136354609,10.484203022015869
200,known,default,0.007943282347242814,8,11942538.824143833,0.0014268608522870535,2.229470081698521e-05,0.0004973545730057675,7.771165203215117e-06,2.132855199685268,21.32855199685268,11.942538824143831
200,known,default,0.00630957344480193,9,13432292.390146872,0.0017963113860384554,2.8067365406850866e-05,0.0006261323106289982,9.783317353578096e-06,2.3994274900942,23.994274900942003,13.432292390146872
200,known,default,0.005011872336272725,11,16458399.251066454,0.002261422051379012,3.5334719552797064e-05,0.0007882538769962443,1.2316466828066318e-05,2.940450557555562,29.404505575555625,16.458399251066453
200,known,default,0.003981071705534969,12,17882071.373770285,0.002846961687272737,4.448377636363651e-05,0.000992352836695847,1.550551307337261e-05,3.1947962065774935,31.947962065774934,17.882071373770287
200,known,default,0.0031622776601683794,13,19412446.161215946,0.003584112414512044,5.600175647675069e-05,0.001249298203582428,1.952028443097544e-05,3.468088258498089,34.680882584980885,19.412446161215943
200,known,default,0.0025118864315095794,15,22401712.72871043,0.004512130197356163,7.050203433369005e-05,0.001572773255398722,2.4574582115605033e-05,4.0015848676526025,40.01584867652602,22.40171272871043
200,known,default,0.001995262314968879,17,25440053.62088583,0.005680435366775505,8.875680260586727e-05,0.0019800042182116892,3.0937565909557644e-05,4.5434713486478735,45.434713486478735,25.44005362088583
200,known,default,0.001584893192461114,19,28495053.353870194,0.0071512444332879985,0.00011173819427012498,0.002492677625766337,3.894808790259902e-05,5.087999792324278,50.87999792324278,28.49505335387019
200,known,default,0.0012589254117941662,21,31598376.257894047,0.00900288334301785,0.0001406700522346539,0.003138095206487997,4.903273760137495e-05,5.640856842499718,56.408568424997185,31.59837625789405
200,known,default,0.001,24,36189450.10627696,0.011333958619943588,0.00017709310343661856,0.0039506278000772,6.172855937620625e-05,6.45823416075202,64.58234160752019,36.18945010627696
200,known,default,0.0007943282347242813,27,40838320.31657694,0.014268608522870535,0.00022294700816985212,0.004973545730057675,7.771165203215117e-05,7.2853953657566475,72.85395365756648,40.83832031657694
200,known,default,0.000630957344480193,31,47090679.01918231,0.017963113860384555,0.00028067365406850867,0.006261323106289982,9.783317353578097e-05,8.39715783630697,83.9715783630697,47.09067901918231
200,known,default,0.000501187233627272,34,51774961.86276254,0.022614220513790143,0.000353347195527971,0.007882538769962451,0.0001231646682806633,9.229605236378436,92.29605236378437,51.77496186276254
200,known,default,0.0003981071705534969,39,59644125.58881779,0.028469616872727366,0.0004448377636363651,0.00992352836695847,0.0001550551307337261,10.627258871559235,106.27258871559236,59.644125588817786
200,known,default,0.00031622776601683794,43,65962096.754214086,0.03584112414512044,0.0005600175647675069,0.01249298203582428,0.0001952028443097544,11.7487587054346,117.48758705434601,65.96209675421407
200,known,default,0.00025118864315095795,49,75486828.48940326,0.04512130197356163,0.0007050203433369005,0.01572773255398722,0.0002457458211560503,13.438550495159358,134.38550495159356,75.48682848940327
200,known,default,0.00019952623149688788,55,85064058.67157577,0.056804353667755055,0.0008875680260586727,0.019800042182116895,0.0003093756590955765,15.136656062622984,151.36656062622984,85.06405867157578
200,known,default,0.00015848931924611126,61,94692854.05333643,0.07151244433288005,0.0011173819427012508,0.024926776257663395,0.00038948087902599055,16.843019714672778,168.43019714672778,94.69285405333642
200,known,default,0.0001258925411794166,69,107568541.11305939,0.09002883343017852,0.0014067005223465394,0.03138095206487997,0.0004903273760137496,19.123535618288333,191.23535618288335,107.56854111305938
200,known,default,0.0001,78,122153376.60593472,0.11333958619943586,0.0017709310343661854,0.039506278000772,0.0006172855937620625,21.70530083136638,217.0530083136638,122.15337660593471
200,known,default,7.943282347242822e-05,87,136782536.75343823,0.14268608522870518,0.0022294700816985185,0.0497354573005767,0.0007771165203215109,24.293500203797805,242.93500203797805,136.78253675343822
200,known,default,6.309573444801929e-05,98,154764282.98732546,0.17963113860384558,0.002806736540685087,0.06261323106289983,0.0009783317353578098,27.473175236083677,274.73175236083677,154.76428298732546
200,known,default,5.011872336272715e-05,110,174469971.0388767,0.22614220513790165,0.0035334719552797132,0.07882538769962459,0.0012316466828066342,30.9558173062159,309.558173062159,174.4699710388767
200,known,default,3.9810717055349695e-05,123,195912461.64564022,0.28469616872727366,0.004448377636363651,0.09923528366958469,0.0015505513073372607,34.743452436857005,347.43452436857,195.9124616456402
200,known,default,3.1622776601683795e-05,138,220770830.5747909,0.3584112414512044,0.005600175647675069,0.1249298203582428,0.0019520284430975436,39.132231884202085,391.3223188420209,220.7708305747909
200,known,default,2.5118864315095822e-05,155,249072288.43269765,0.45121301973561584,0.0070502034333689975,0.15727732553987203,0.0024574582115605005,44.12630939923147,441.26309399231474,249.07228843269763
200,known,default,1.9952623149688786e-05,174,280850106.503872,0.5680435366775506,0.008875680260586728,0.19800042182116895,0.003093756590955765,49.73094557309362,497.3094557309362,280.850106503872
200,known,default,1.5848931924611107e-05,195,316136412.74106175,0.7151244433288014,0.011173819427012522,0.24926776257663424,0.00389480879025991,55.95123466096041,559.512346609604,316.13641274106175
200,known,default,1.2589254117941661e-05,219,356641110.4090019,0.9002883343017851,0.014067005223465393,0.3138095206487997,0.004903273760137495,63.08783845970745,630.8783845970745,356.6411104090019
200,known,default,1e-05,246,402417293.10484827,1.1333958619943587,0.017709310343661855,0.39506278000772,0.006172855937620625,71.14918460597009,711.4918460597008,402.4172931048483
200,known,default,7.943282347242805e-06,276,453512478.59374195,1.426860852287055,0.022294700816985234,0.4973545730057681,0.007771165203215126,80.14276549636905,801.4276549636905,453.512478593742
200,known,default,6.30957344480193e-06,310,511679731.7939218,1.7963113860384556,0.02806736540685087,0.6261323106289982,0.009783317353578097,90.37610839262634,903.7610839262632,511.6797317939218
200,known,default,5.011872336272725e-06,348,576983843.4134195,2.261422051379012,0.035334719552797066,0.7882538769962443,0.012316466828066317,101.85942131458266,1018.5942131458265,576.9838434134194
200,known,default,3.981071705534969e-06,390,649484198.0091493,2.846961687272737,0.04448377636363651,0.992352836695847,0.015505513073372609,114.60202943990484,1146.0202943990482,649.4841980091493
200,known,default,3.162277660168379e-06,438,732704419.948025,3.5841124145120444,0.056001756476750694,1.249298203582428,0.019520284430975438,129.22176866219507,1292.2176866219509,732.704419948025
200,known,default,2.511886431509577e-06,492,826746785.5007908,4.512130197356167,0.07050203433369011,1.5727732553987235,0.024574582115605054,145.7347962755795,1457.3479627557952,826.7467855007908
200,known,default,1.9952623149688787e-06,552,931698251.8304032,5.680435366775506,0.08875680260586728,1.9800042182116895,0.030937565909557648,164.15466982984208,1641.546698298421,931.6982518304031
200,known,default,1.584893192461111e-06,619,1049405132.1299506,7.151244433288014,0.11173819427012521,2.4926776257663423,0.0389480879025991,184.8036266795518,1848.0362667955183,1049.4051321299507
200,known,default,1.2589254117941661e-06,695,1183506305.7938228,9.002883343017851,0.14067005223465393,3.138095206487997,0.04903273760137495,208.31770325005877,2083.1770325005878,1183.5063057938228
200,known,default,1e-06,780,1334141107.4352741,11.333958619943587,0.17709310343661855,3.9506278000772004,0.061728559376206256,234.71872354783514,2347.1872354783513,1334.141107435274
200,known,default,7.943282347242805e-07,875,1503223346.72212,14.268608522870549,0.22294700816985233,4.973545730057681,0.07771165203215126,264.3394549019954,2643.394549019954,1503.2233467221201
200,known,default,6.30957344480193e-07,982,1694484010.8643956,17.963113860384556,0.2806736540685087,6.261323106289982,0.09783317353578097,297.83040312198864,2978.3040312198864,1694.4840108643957
200,known,default,5.011872336272714e-07,1101,1908101852.1285272,22.61422051379017,0.3533471955279714,7.88253876996246,0.12316466828066344,335.21953295308134,3352.195329530814,1908.101852128527
200,known,default,3.981071705534969e-07,1236,2151474474.559345,28.469616872727364,0.44483776363636507,9.92352836695847,0.1550551307337261,377.79768931168377,3777.9768931168373,2151.4744745593443
200,known,default,3.162277660168379e-07,1387,2424851005.908811,35.84112414512044,0.5600175647675069,12.492982035824282,0.1952028443097544,425.6039212414395,4256.0392124143955,2424.851005908811
200,known,default,2.511886431509577e-07,1556,2732108378.9008794,45.12130197356168,0.7050203433369012,15.727732553987236,0.24574582115605056,479.3115321083944,4793.115321083943,2732.1083789008794
200,known,default,1.9952623149688787e-07,1746,3079000351.344309,56.80435366775506,0.8875680260586728,19.800042182116893,0.30937565909557646,539.9208702131081,5399.208702131081,3079.0003513443085
200,known,default,1.584893192461111e-07,1959,3469515466.723219,71.51244433288014,1.1173819427012521,24.92677625766342,0.38948087902599093,608.1227423664492,6081.227423664493,3469.5154667232187
200,known,default,1.2589254117941662e-07,2198,3909528684.2823844,90.02883343017851,1.4067005223465392,31.380952064879967,0.4903273760137495,684.9364750495976,6849.364750495976,3909.5286842823843
200,known,default,1e-07,2466,4404983792.117775,113.33958619943587,1.7709310343661855,39.50627800077201,0.6172855937620626,771.3921799064997,7713.921799064997,4404.983792117775
200,known,default,7.943282347242805e-08,2767,4963750605.937503,142.6860852287055,2.2294700816985236,49.735457300576805,0.7771165203215126,868.8546772843564,8688.546772843563,4963.750605937503
200,known,default,6.30957344480193e-08,3105,5593792836.548269,179.63113860384556,2.806736540685087,62.61323106289982,0.9783317353578097,978.7035082109334,9787.035082109334,5593.792836548269
200,known,default,5.0118723362727144e-08,3484,6303164335.841904,226.14220513790167,3.5334719552797136,78.8253876996246,1.2316466828066344,1102.332341813446,11023.32341813446,6303.164335841904
200,known,default,3.981071705534969e-08,3909,7101887981.74085,284.6961687272737,4.448377636363651,99.2352836695847,1.550551307337261,1241.4762952776164,12414.762952776164,7101.88798174085
200,known,default,3.162277660168379e-08,4386,8001990032.039664,358.41124145120443,5.600175647675069,124.92982035824281,1.9520284430975439,1398.217327104711,13982.173271047111,8001.990032039664
200,known,default,2.511886431509577e-08,4921,9015634637.131329,451.21301973561674,7.050203433369012,157.27732553987235,2.4574582115605055,1574.6590053705181,15746.590053705184,9015.634637131328
200,known,default,1.9952623149688786e-08,5522,10158930434.881596,568.0435366775506,8.875680260586728,198.00042182116894,3.0937565909557647,1773.5888098626378,17735.888098626376,10158.930434881593
200,known,default,1.584893192461111e-08,6196,11446259953.178215,715.1244433288012,11.17381942701252,249.2677625766342,3.8948087902599093,1997.4908435358564,19974.908435358564,11446.259953178214
200,known,default,1.2589254117941661e-08,6952,12895997939.030943,900.2883343017851,14.067005223465392,313.8095206487997,4.903273760137496,2249.540597863411,22495.40597863411,12895.99793903094
200,known,default,1e-08,7800,14528651573.354124,1133.3958619943587,17.709310343661855,395.06278000772,6.172855937620625,2533.280631837799,25332.80631837799,14528.651573354124
200,known,default,7.943282347242789e-09,8752,16368826501.629452,1426.860852287058,22.29470081698528,497.35457300576905,7.7711652032151415,2852.9615527365054,28529.61552736506,16368.826501629452
200,known,default,6.309573444801943e-09,9820,18441404240.137207,1796.311386038452,28.06736540685081,626.132310628997,9.783317353578077,3212.877198235311,32128.771982353108,18441.404240137206
200,known,default,5.011872336272715e-09,11018,20775435557.895805,2261.4220513790165,35.33471955279713,788.2538769962459,12.316466828066343,3618.04054837385,36180.4054837385,20775.435557895806
200,known,default,3.981071705534969e-09,12362,23404204651.285515,2846.961687272737,44.483776363636515,992.352836695847,15.50551307337261,4074.1937852229094,40741.93785222909,23404.204651285512
200,known,default,3.1622776601683795e-09,13871,26367258529.97578,3584.112414512044,56.001756476750685,1249.298203582428,19.520284430975437,4588.1591965782745,45881.591965782754,26367.258529975777
200,known,default,2.511886431509572e-09,15563,29702606641.16901,4512.130197356177,70.50203433369026,1572.7732553987266,24.574582115605104,5166.485244092893,51664.852440928924,29702.606641169008
200,known,default,1.9952623149688828e-09,17462,33460543185.811665,5680.435366775494,88.7568026058671,1980.0042182116854,30.937565909557584,5817.842857136314,58178.428571363125,33460.543185811664
200,known,default,1.584893192461111e-09,19593,37693905590.01819,7151.244433288013,111.7381942701252,2492.677625766342,38.94808790259909,6551.334410792402,65513.34410792403,37693.90559001819
200,known,default,1.2589254117941663e-09,21984,42462086610.800644,9002.88334301785,140.6700522346539,3138.0952064879966,49.03273760137495,7377.188238608023,73771.88238608024,42462.086610800645
200,known,default,1e-09,24667,47833129731.31159,11333.958619943587,177.09310343661855,3950.6278000772,61.72855937620625,8307.119887900912,83071.19887900913,47833.129731311594
200,known,default,7.943282347242822e-10,27676,53879827630.992386,14268.60852287052,222.94700816985187,4973.54573005767,77.7116520321511,9353.654937364792,93536.54937364793,53879.82763099238
200,known,default,6.309573444801917e-10,31053,60691893418.067406,17963.113860384594,280.6736540685093,6261.323106289995,97.83317353578117,10532.233681173442,105322.33681173444,60691.893418067404
200,known,default,5.011872336272714e-10,34843,68366088304.41976,22614.22051379017,353.3471955279714,7882.53876996246,123.16466828066343,11859.49959907338,118594.9959907338,68366.08830441975
200,known,default,3.9810717055349694e-10,39094,77006297120.84314,28469.616872727365,444.8377636363651,9923.52836695847,155.0551307337261,13353.311195044571,133533.1119504457,77006.29712084314
200,known,default,3.1622776601683795e-10,43864,86737906274.74841,35841.12414512044,560.0175647675069,12492.98203582428,195.20284430975437,15035.225381551267,150352.25381551267,86737.90627474841
200,known,default,2.511886431509582e-10,49217,97699930391.02878,45121.30197356159,705.0203433368998,15727.732553987204,245.74582115605006,16929.13209809016,169291.3209809016,97699.93039102877
200,known,default,1.9952623149688748e-10,55222,110043127114.78238,56804.35366775517,887.5680260586745,19800.042182116933,309.3756590955771,19060.925999987732,190609.25999987734,110043.12711478239
200,known,default,1.584893192461111e-10,61960,123944594110.89128,71512.44433288013,1117.381942701252,24926.776257663423,389.480879025991,21461.0241718133,214610.241718133,123944.59411089128
200,known,default,1.2589254117941662e-10,69521,139601934510.4978,90028.8334301785,1406.7005223465392,31380.952064879966,490.3273760137495,24163.353136459355,241633.53136459357,139601.9345104978
200,known,default,1e-10,78003,157231440443.93817,113339.58619943587,1770.9310343661855,39506.278000772,617.2855937620625,27205.031313917847,272050.3131391785,157231.44044393816
200,known,default,7.943282347242822e-11,87521,177087119659.15393,142686.0852287052,2229.4700816985187,49735.4573005767,777.116520321511,30629.646682366252,306296.4668236626,177087.11965915392
200,known,default,6.309573444801917e-11,98201,199448661956.24243,179631.13860384593,2806.7365406850927,62613.231062899955,978.3317353578118,34485.17367712409,344851.7367712409,199448.6619562424
200,known,default,5.011872336272715e-11,110183,224628064451.7967,226142.20513790165,3533.4719552797133,78825.3876996246,1231.6466828066343,38825.11010720155,388251.1010720155,224628.06445179667
200,known,default,3.9810717055349695e-11,123627,252982719691.37717,284696.16872727365,4448.377636363651,99235.28366958469,1550.5513073372608,43710.725534613855,437107.2553461385,252982.71969137716
200,known,default,3.1622776601683794e-11,138712,284913920568.3492,358411.2414512044,5600.175647675069,124929.82035824281,1952.028443097544,49210.79410174373,492107.9410174373,284913.9205683492
200,known,default,2.511886431509572e-11,155638,320871686801.8883,451213.0197356177,7050.203433369026,157277.32553987266,2457.4582115605103,55402.416678776455,554024.1667877645,320871.6868018883
200,known,default,1.9952623149688748e-11,174629,361361799795.50006,568043.5366775517,8875.680260586745,198000.42182116932,3093.7565909557707,62372.22197503155,623722.2197503154,361361.79979550006
200,known,default,1.5848931924611107e-11,195937,406955097296.85504,715124.4433288014,11173.819427012522,249267.76257663424,3894.80879025991,70217.95467581437,702179.5467581437,406955.097296855
200,known,default,1.2589254117941662e-11,219845,458294776575.92676,900288.3343017851,14067.005223465392,313809.52064879966,4903.273760137495,79049.71860828446,790497.1860828445,458294.77657592675
200,known,default,1e-11,246670,516103808255.09094,1133395.8619943587,17709.310343661855,395062.78000772005,6172.855937620626,88991.23724873079,889912.3724873079,516103.80825509084
200,known,default,7.943282347242789e-12,276768,581196790484.9814,1426860.8522870578,22294.700816985278,497354.57300576905,7771.165203215141,100181.87585870463,1001818.7585870464,581196.7904849814
200,known,default,6.309573444801917e-12,310539,654491998670.6384,1796311.3860384594,28067.365406850928,626132.3106289995,9783.317353578117,112778.69426895867,1127786.9426895867,654491.9986706383
200,known,default,5.011872336272715e-12,348431,737021444856.9218,2261422.0513790166,35334.719552797134,788253.8769962459,12316.466828066343,126958.15487078391,1269581.5487078393,737021.4448569217
200,known,default,3.9810717055349695e-12,390946,829945456736.0983,2846961.6872727363,44483.776363636505,992352.8366958469,15505.513073372607,142918.6046601249,1429186.0466012491,829945.4567360982
200,known,default,3.1622776601683794e-12,438648,934571878301.3943,3584112.414512044,56001.756476750685,1249298.203582428,19520.284430975436,160883.54732537127,1608835.4732537125,934571.8783013942
200,known,default,2.511886431509572e-12,492171,1052375583917.1682,4512130.197356177,70502.03433369026,1572773.2553987268,24574.582115605106,181104.9644559866,1811049.6445598658,1052375.583917168
200,known,default,1.9952623149688747e-12,552225,1185013874402.7358,5680435.366775517,88756.80260586746,1980004.2182116935,30937.56590955771,203865.925645535,2038659.25645535,1185013.8744027358
200,known,default,1.584893192461111e-12,619607,1334353180989.6418,7151244.433288013,111738.1942701252,2492677.625766342,38948.087902599094,229485.13511004925,2294851.3511004928,1334353.1809896417
200,known,default,1.258925411794166e-12,695211,1502493970491.6187,9002883.343017852,140670.05223465394,3138095.206487997,49032.73760137495,258321.1635350359,2583211.635350359,1502493.9704916188
200,known,default,1e-12,780039,1691798259514.6262,11333958.619943587,177093.10343661855,3950627.8000772004,61728.559376206256,290777.1216829713,2907771.2168297134,1691798.259514626
200,known,qbest,0.1,2,1296711.5834070938,0.00011333958619943587,1.7709310343661855e-06,3.9506278000772e-05,6.172855937620625e-07,0.29537848991543564,2.953784899154357,1.2967115834070937
200,known,qbest,0.07943282347242814,2,1316406.4943282146,0.00014268608522870533,2.2294700816985207e-06,4.973545730057675e-05,7.771165203215117e-07,0.2998648021542872,2.9986480215428717,1.3164064943282143
200,known,qbest,0.06309573444801933,3,1943599.7870338513,0.00017963113860384547,2.8067365406850855e-06,6.261323106289979e-05,9.783317353578092e-07,0.44927361522451004,4.4927361522451,1.943599787033851
200,known,qbest,0.05011872336272722,3,1852626.9655079995,0.00022614220513790133,3.5334719552797082e-06,7.882538769962448e-05,1.2316466828066326e-06,0.42824475491759045,4.282447549175904,1.8526269655079994
200,known,qbest,0.039810717055349734,3,1896972.7336629415,0.00028469616872727334,4.448377636363646e-06,9.923528366958459e-05,1.5505513073372592e-06,0.43849551935571796,4.38495519355718,1.8969727336629414
200,known,qbest,0.03162277660168379,4,2423403.9029944963,0.00035841124145120446,5.60017564767507e-06,0.0001249298203582428,1.952028443097544e-06,0.5639951390695822,5.639951390695821,2.423403902994496
200,known,qbest,0.025118864315095794,4,2457814.169250006,0.0004512130197356163,7.050203433369005e-06,0.0001572773255398722,2.457458211560503e-06,0.572003388490249,5.72003388490249,2.4578141692500055
200,known,qbest,0.01995262314968879,5,2988883.8799553146,0.0005680435366775506,8.875680260586727e-06,0.00019800042182116894,3.0937565909557647e-06,0.6980772552778249,6.980772552778249,2.9888838799553143
200,known,qbest,0.015848931924611134,6,3588706.3233256326,0.0007151244433288001,1.1173819427012502e-05,0.0002492677625766338,3.894808790259903e-06,0.8398282304354368,8.39828230435437,3.588706323325632
200,known,qbest,0.012589254117941675,6,3600102.582608396,0.0009002883343017841,1.4067005223465377e-05,0.0003138095206487994,4.90327376013749e-06,0.8424951804181697,8.424951804181696,3.600102582608396
200,known,qbest,0.01,7,4158849.254573724,0.0011333958619943586,1.7709310343661854e-05,0.00039506278000772004,6.172855937620626e-06,0.9743328188076404,9.743328188076402,4.158849254573724
200,known,qbest,0.007943282347242814,8,4737139.972313984,0.0014268608522870535,2.229470081698521e-05,0.0004973545730057675,7.771165203215117e-06,1.1104768797832785,11.104768797832786,4.737139972313984
200,known,qbest,0.00630957344480193,9,5327788.251918345,0.0017963113860384554,2.8067365406850866e-05,0.0006261323106289982,9.783317353578096e-06,1.2492830922554292,12.492830922554292,5.327788251918345
200,known,qbest,0.005011872336272725,11,6527294.170881343,0.002261422051379012,3.5334719552797064e-05,0.0007882538769962443,1.2316466828066318e-05,1.5305569245989439,15.305569245989439,6.527294170881342
200,known,qbest,0.003981071705534969,12,7091480.846145131,0.002846961687272737,4.448377636363651e-05,0.000992352836695847,1.550551307337261e-05,1.6625867723602301,16.6258677236023,7.09148084614513
200,known,qbest,0.0031622776601683794,13,7697913.1704659015,0.003584112414512044,5.600175647675069e-05,0.001249298203582428,1.952028443097544e-05,1.8043628455654692,18.04362845565469,7.697913170465902
200,known,qbest,0.0025118864315095794,15,8882240.857962199,0.004512130197356163,7.050203433369005e-05,0.001572773255398722,2.4574582115605033e-05,2.080795889156344,20.807958891563437,8.882240857962199
200,known,qbest,0.001995262314968879,17,10085801.341481304,0.005680435366775505,8.875680260586727e-05,0.0019800042182116892,3.0937565909557644e-05,2.361224557964183,23.61224557964183,10.085801341481304
200,known,qbest,0.001584893192461114,19,11295766.335975982,0.0071512444332879985,0.00011173819427012498,0.002492677625766337,3.894808790259902e-05,2.6427005547215883,26.427005547215884,11.295766335975982
200,known,qbest,0.0012589254117941662,21,12524706.971837532,0.00900288334301785,0.0001406700522346539,0.003138095206487997,4.903273760137495e-05,2.9282090147216406,29.282090147216408,12.52470697183753
200,known,qbest,0.001,24,14342486.885353198,0.011333958619943588,0.00017709310343661856,0.0039506278000772,6.172855937620625e-05,3.3498025568475756,33.498025568475754,14.342486885353196
200,known,qbest,0.0007943282347242813,27,16182856.261919728,0.014268608522870535,0.00022294700816985212,0.004973545730057675,7.771165203215117e-05,3.7759537134991206,37.759537134991206,16.182856261919728
200,known,qbest,0.000630957344480193,31,18657591.938942682,0.017963113860384555,0.00028067365406850867,0.006261323106289982,9.783317353578097e-05,4.34804678814594,43.4804678814594,18.657591938942684
200,known,qbest,0.000501187233627272,34,20511378.73219249,0.022614220513790143,0.000353347195527971,0.007882538769962451,0.0001231646682806633,4.775931126549146,47.75931126549146,20.51137873219249
200,known,qbest,0.0003981071705534969,39,23625109.947857015,0.028469616872727366,0.0004448377636363651,0.00992352836695847,0.0001550551307337261,5.493575130077252,54.93575130077252,23.625109947857016
200,known,qbest,0.00031622776601683794,43,26124671.645788327,0.03584112414512044,0.0005600175647675069,0.01249298203582428,0.0001952028443097544,6.068794596843466,60.687945968434654,26.124671645788325
200,known,qbest,0.00025118864315095795,49,29892360.392643493,0.04512130197356163,0.0007050203433369005,0.01572773255398722,0.0002457458211560503,6.934575313835055,69.34575313835056,29.89236039264349
200,known,qbest,0.00019952623149688788,55,33680224.606483445,0.056804353667755055,0.0008875680260586727,0.019800042182116895,0.0003093756590955765,7.803638183216547,78.03638183216547,33.68022460648345
200,known,qbest,0.00015848931924611126,61,37487960.24483193,0.07151244433288005,0.0011173819427012508,0.024926776257663395,0.00038948087902599055,8.67606219747723,86.76062197477229,37.487960244831925
200,known,qbest,0.0001258925411794166,69,42578951.46548434,0.09002883343017852,0.0014067005223465394,0.03138095206487997,0.0004903273760137496,9.840817827749524,98.40817827749522,42.578951465484344
200,known,qbest,0.0001,78,48344863.194544144,0.11333958619943586,0.0017709310343661854,0.039506278000772,0.0006172855937620625,11.157993924735191,111.57993924735192,48.34486319454414
200,known,qbest,7.943282347242822e-05,87,54127461.75621895,0.14268608522870518,0.0022294700816985185,0.0497354573005767,0.0007771165203215109,12.477068168164461,124.77068168164462,54.12746175621894
200,known,qbest,6.309573444801929e-05,98,61234282.12959368,0.17963113860384558,0.002806736540685087,0.06261323106289983,0.0009783317353578098,14.095954990945732,140.95954990945734,61.23428212959367
200,known,qbest,5.011872336272715e-05,110,69021337.15254131,0.22614220513790165,0.0035334719552797132,0.07882538769962459,0.0012316466828066342,15.867254780484142,158.6725478048414,69.0213371525413
200,known,qbest,3.9810717055349695e-05,123,77493562.96349062,0.28469616872727366,0.004448377636363651,0.09923528366958469,0.0015505513073372607,17.79175570815957,177.91755708159567,77.49356296349062
200,known,qbest,3.1622776601683795e-05,138,87314123.62919131,0.3584112414512044,0.005600175647675069,0.1249298203582428,0.0019520284430975436,20.01949731714552,200.19497317145522,87.3141236291913
200,known,qbest,2.5118864315095822e-05,155,98493384.13205795,0.45121301973561584,0.0070502034333689975,0.15727732553987203,0.0024574582115605005,22.551949009765018,225.5194900976502,98.49338413205794
200,known,qbest,1.9952623149688786e-05,174,111044125.7502084,0.5680435366775506,0.008875680260586728,0.19800042182116895,0.003093756590955765,25.391178342299476,253.9117834229948,111.0441257502084
200,known,qbest,1.5848931924611107e-05,195,124978699.08106959,0.7151244433288014,0.011173819427012522,0.24926776257663424,0.00389480879025991,28.53920333009796,285.3920333009796,124.97869908106958
200,known,qbest,1.2589254117941661e-05,219,140971895.19476253,0.9002883343017851,0.014067005223465393,0.3138095206487997,0.004903273760137495,32.14743703889963,321.4743703889963,140.9718951947625
200,known,qbest,1e-05,246,159044129.65116218,1.1333958619943587,0.017709310343661855,0.39506278000772,0.006172855937620625,36.21922786055224,362.19227860552235,159.04412965116217
200,known,qbest,7.943282347242805e-06,276,179213644.24999622,1.426860852287055,0.022294700816985234,0.4973545730057681,0.007771165203215126,40.75749772628935,407.5749772628935,179.2136442499962
200,known,qbest,6.30957344480193e-06,310,202171835.0929199,1.7963113860384556,0.02806736540685087,0.6261323106289982,0.009783317353578097,45.91640311515882,459.16403115158823,202.17183509291988
200,known,qbest,5.011872336272725e-06,348,227943570.2872601,2.261422051379012,0.035334719552797066,0.7882538769962443,0.012316466828066317,51.699916320362384,516.9991632036239,227.94357028726006
200,known,qbest,3.981071705534969e-06,390,256551624.53028357,2.846961687272737,0.04448377636363651,0.992352836695847,0.015505513073372609,58.11163185242011,581.116318524201,256.55162453028356
200,known,qbest,3.162277660168379e-06,438,289385519.66605175,3.5841124145120444,0.056001756476750694,1.249298203582428,0.019520284430975438,65.46097259780151,654.6097259780151,289.38551966605166
200,known,qbest,2.511886431509577e-06,492,326484537.19921726,4.512130197356167,0.07050203433369011,1.5727732553987235,0.024574582115605054,73.75427357283573,737.5427357283571,326.48453719921724
200,known,qbest,1.9952623149688787e-06,552,367881968.6275018,5.680435366775506,0.08875680260586728,1.9800042182116895,0.030937565909557648,82.99665313669973,829.9665313669974,367.88196862750175
200,known,qbest,1.584893192461111e-06,619,414305011.74549323,7.151244433288014,0.11173819427012521,2.4926776257663423,0.0389480879025991,93.34801232472425,933.4801232472425,414.30501174549323
200,known,qbest,1.2589254117941661e-06,695,467187450.4766135,9.002883343017851,0.14067005223465393,3.138095206487997,0.04903273760137495,105.12490235321349,1051.249023532135,467.1874504766135
200,known,qbest,1e-06,780,526582688.3370294,11.333958619943587,0.17709310343661855,3.9506278000772004,0.061728559376206256,118.33567396867961,1183.3567396867961,526.5826883370294
200,known,qbest,7.943282347242805e-07,875,593243767.9905664,14.268608522870549,0.22294700816985233,4.973545730057681,0.07771165203215126,133.14421086759262,1331.442108675926,593.2437679905663
200,known,qbest,6.30957344480193e-07,982,668639801.1734331,17.963113860384556,0.2806736540685087,6.261323106289982,0.09783317353578097,149.87264793167088,1498.726479316709,668.639801173433
200,known,qbest,5.011872336272714e-07,1101,752839279.5379533,22.61422051379017,0.3533471955279714,7.88253876996246,0.12316466828066344,168.53164877082554,1685.3164877082552,752.8392795379531
200,known,qbest,3.981071705534969e-07,1236,848755705.0597023,28.469616872727364,0.44483776363636507,9.92352836695847,0.1550551307337261,189.7614995216158,1897.6149952161577,848.7557050597022
200,known,qbest,3.162277660168379e-07,1387,956484578.894208,35.84112414512044,0.5600175647675069,12.492982035824282,0.1952028443097544,213.57717306974632,2135.771730697463,956.484578894208
200,known,qbest,2.511886431509577e-07,1556,1077550913.45175,45.12130197356168,0.7050203433369012,15.727732553987236,0.24574582115605056,240.30945898742945,2403.0945898742943,1077.5509134517501
200,known,qbest,1.9952623149688787e-07,1746,1214218630.2495275,56.80435366775506,0.8875680260586728,19.800042182116893,0.30937565909557646,270.45091901452207,2704.50919014522,1214.2186302495275
200,known,qbest,1.584893192461111e-07,1959,1368055532.2649248,71.51244433288014,1.1173819427012521,24.92677625766342,0.38948087902599093,304.3390644281553,3043.3906442815537,1368.0555322649245
200,known,qbest,1.2589254117941662e-07,2198,1541371991.2073023,90.02883343017851,1.4067005223465392,31.380952064879967,0.4903273760137495,342.47371256090446,3424.7371256090446,1541.3719912073022
200,known,qbest,1e-07,2466,1736504761.8409138,113.33958619943587,1.7709310343661855,39.50627800077201,0.6172855937620626,385.3588125547234,3853.5881255472336,1736.5047618409137
200,known,qbest,7.943282347242805e-08,2767,1956548340.8078969,142.6860852287055,2.2294700816985236,49.735457300576805,0.7771165203215126,433.6629707494431,4336.629707494431,1956.5483408078967
200,known,qbest,6.30957344480193e-08,3105,2204633220.6332192,179.63113860384556,2.806736540685087,62.61323106289982,0.9783317353578097,488.0604415787418,4880.6044157874185,2204.6332206332186
200,known,qbest,5.0118723362727144e-08,3484,2483924448.188627,226.14220513790167,3.5334719552797136,78.8253876996246,1.2316466828066344,549.2308957419408,5492.308957419409,2483.9244481886267
200,known,qbest,3.981071705534969e-08,3909,2798361295.1219645,284.6961687272737,4.448377636363651,99.2352836695847,1.550551307337261,618.0212448758205,6180.212448758204,2798.3612951219643
200,known,qbest,3.162277660168379e-08,4386,3152670432.178226,358.41124145120443,5.600175647675069,124.92982035824281,1.9520284430975439,695.4477189753923,6954.477189753922,3152.670432178226
200,known,qbest,2.511886431509577e-08,4921,3551631387.6960716,451.21301973561674,7.050203433369012,157.27732553987235,2.4574582115605055,782.5348293941931,7825.348293941931,3551.6313876960717
200,known,qbest,1.9952623149688786e-08,5522,4001574610.6061897,568.0435366775506,8.875680260586728,198.00042182116894,3.0937565909557647,880.6419664019899,8806.4196640199,4001.5746106061893
200,known,qbest,1.584893192461111e-08,6196,4508149442.541435,715.1244433288012,11.17381942701252,249.2677625766342,3.8948087902599093,990.9758726613862,9909.75872661386,4508.149442541436
200,known,qbest,1.2589254117941661e-08,6952,5078574440.438972,900.2883343017851,14.067005223465392,313.8095206487997,4.903273760137496,1115.081031333321,11150.810313333208,5078.574440438972
200,known,qbest,1e-08,7800,5720905030.923226,1133.3958619943587,17.709310343661855,395.06278000772,6.172855937620625,1254.678997086282,12546.789970862817,5720.905030923227
200,known,qbest,7.943282347242789e-09,8752,6444806588.139086,1426.860852287058,22.29470081698528,497.35457300576905,7.7711652032151415,1411.835460302084,14118.35460302084,6444.806588139086
200,known,qbest,6.309573444801943e-09,9820,7260050232.950881,1796.311386038452,28.06736540685081,626.132310628997,9.783317353578077,1588.6326759935762,15886.326759935762,7260.050232950881
200,known,qbest,5.011872336272715e-09,11018,8178044168.956885,2261.4220513790165,35.33471955279713,788.2538769962459,12.316466828066343,1787.501287145709,17875.012871457093,8178.044168956884
200,known,qbest,3.981071705534969e-09,12362,9211858283.76266,2846.961687272737,44.483776363636515,992.352836695847,15.50551307337261,2011.2241827939313,20112.241827939313,9211.858283762658
200,known,qbest,3.1622776601683795e-09,13871,10377021509.076452,3584.112414512044,56.001756476750685,1249.298203582428,19.520284430975437,2263.10735868074,22631.073586807404,10377.021509076452
200,known,qbest,2.511886431509572e-09,15563,11688453945.837864,4512.130197356177,70.50203433369026,1572.7732553987266,24.574582115605104,2546.3154906748123,25463.15490674812,11688.453945837862
200,known,qbest,1.9952623149688828e-09,17462,13165901453.24362,5680.435366775494,88.7568026058671,1980.0042182116854,30.937565909557584,2865.0450083049495,28650.4500830495,13165.90145324362
200,known,qbest,1.584893192461111e-09,19593,14830104227.562777,7151.244433288013,111.7381942701252,2492.677625766342,38.94808790259909,3223.6940860530403,32236.940860530405,14830.104227562775
200,known,qbest,1.2589254117941663e-09,21984,16704373645.04062,9002.88334301785,140.6700522346539,3138.0952064879966,49.03273760137495,3627.2015897054407,36272.01589705441,16704.373645040618
200,known,qbest,1e-09,24667,18815414929.16836,11333.958619943587,177.09310343661855,3950.6278000772,61.72855937620625,4081.221911869218,40812.21911869217,18815.41492916836
200,known,qbest,7.943282347242822e-10,27676,21191792695.194233,14268.60852287052,222.94700816985187,4973.54573005767,77.7116520321511,4591.792668914113,45917.92668914113,21191.79269519423
200,known,qbest,6.309573444801917e-10,31053,23868713196.854565,17963.113860384594,280.6736540685093,6261.323106289995,97.83317353578117,5166.359646847285,51663.596468472846,23868.713196854565
200,known,qbest,5.011872336272714e-10,34843,26884142761.546764,22614.22051379017,353.3471955279714,7882.53876996246,123.16466828066343,5812.938921953365,58129.389219533645,26884.142761546762
200,known,qbest,3.9810717055349694e-10,39094,30278836739.788063,28469.616872727365,444.8377636363651,9923.52836695847,155.0551307337261,6540.121402587616,65401.214025876165,30278.836739788065
200,known,qbest,3.1622776601683795e-10,43864,34101987093.509556,35841.12414512044,560.0175647675069,12492.98203582428,195.20284430975437,7358.279293648619,73582.7929364862,34101.98709350955
200,known,qbest,2.511886431509582e-10,49217,38408126537.6987,45121.30197356159,705.0203433368998,15727.732553987204,245.74582115605006,8278.897268784727,82788.97268784726,38408.1265376987
200,known,qbest,1.9952623149688748e-10,55222,43256386449.105095,56804.35366775517,887.5680260586745,19800.042182116933,309.3756590955771,9314.41026361714,93144.10263617137,43256.38644910509
200,known,qbest,1.584893192461111e-10,61960,48716228420.062874,71512.44433288013,1117.381942701252,24926.776257663423,389.480879025991,10479.423098747242,104794.23098747245,48716.228420062864
200,known,qbest,1.2589254117941662e-10,69521,54865149377.32414,90028.8334301785,1406.7005223465392,31380.952064879966,490.3273760137495,11790.213094204153,117902.13094204155,54865.14937732414
200,known,qbest,1e-10,78003,61787965836.17081,113339.58619943587,1770.9310343661855,39506.278000772,617.2855937620625,13264.571988962167,132645.71988962166,61787.9658361708
200,known,qbest,7.943282347242822e-11,87521,69584282343.1406,142686.0852287052,2229.4700816985187,49735.4573005767,777.116520321511,14923.389592396481,149233.89592396482,69584.2823431406
200,known,qbest,6.309573444801917e-11,98201,78363762005.6552,179631.13860384593,2806.7365406850927,62613.231062899955,978.3317353578118,16789.63711938351,167896.3711938351,78363.7620056552
200,known,qbest,5.011872336272715e-11,110183,88248724478.36127,226142.20513790165,3533.4719552797133,78825.3876996246,1231.6466828066343,18888.912079483125,188889.12079483128,88248.72447836127
200,known,qbest,3.9810717055349695e-11,123627,99379279677.1073,284696.16872727365,4448.377636363651,99235.28366958469,1550.5513073372608,21250.5182995939,212505.18299593902,99379.2796771073
200,known,qbest,3.1622776601683794e-11,138712,111912735230.00433,358411.2414512044,5600.175647675069,124929.82035824281,1952.028443097544,23907.327149593177,239073.27149593178,111912.73523000433
200,known,qbest,2.511886431509572e-11,155638,126025485496.10814,451213.0197356177,7050.203433369026,157277.32553987266,2457.4582115605103,26896.165414830546,268961.6541483055,126025.48549610813
200,known,qbest,1.9952623149688748e-11,174629,141915766562.75098,568043.5366775517,8875.680260586745,198000.42182116932,3093.7565909557707,30258.38479310133,302583.84793101327,141915.76656275097
200,known,qbest,1.5848931924611107e-11,195937,159807296934.32733,715124.4433288014,11173.819427012522,249267.76257663424,3894.80879025991,34040.61610919191,340406.1610919191,159807.2969343273
200,known,qbest,1.2589254117941662e-11,219845,179952135386.23502,900288.3343017851,14067.005223465392,313809.52064879966,4903.273760137495,38295.35493417265,382953.5493417265,179952.13538623502
200,known,qbest,1e-11,246670,202633581234.8809,1133395.8619943587,17709.310343661855,395062.78000772005,6172.855937620626,43081.553851256926,430815.5385125692,202633.5812348809
200,known,qbest,7.943282347242789e-12,276768,228170815608.56183,1426860.8522870578,22294.700816985278,497354.57300576905,7771.165203215141,48465.57939453243,484655.79394532426,228170.81560856182
200,known,qbest,6.309573444801917e-12,310539,256923617679.02686,1796311.3860384594,28067.365406850928,626132.3106289995,9783.317353578117,54522.18073552509,545221.8073552509,256923.61767902685
200,known,qbest,5.011872336272715e-12,348431,289296298495.3036,2261422.0513790166,35334.719552797134,788253.8769962459,12316.466828066343,61335.28984240361,613352.898424036,289296.2984953036
200,known,qbest,3.9810717055349695e-12,390946,325743406207.14136,2846961.6872727363,44483.776363636505,992352.8366958469,15505.513073372607,68999.19107352737,689991.9107352736,325743.40620714135
200,known,qbest,3.1622776601683794e-12,438648,366777241787.7163,3584112.414512044,56001.756476750685,1249298.203582428,19520.284430975436,77620.06633616688,776200.6633616688,366777.2417877163
200,known,qbest,2.511886431509572e-12,492171,412975494899.1422,4512130.197356177,70502.03433369026,1572773.2553987268,24574.582115605106,87317.55907444059,873175.590744406,412975.4948991422
200,known,qbest,1.9952623149688747e-12,552225,464987262328.4686,5680435.366775517,88756.80260586746,1980004.2182116935,30937.56590955771,98225.99295210945,982259.9295210947,464987.2623284686
200,known,qbest,1.584893192461111e-12,619607,523543498278.7673,7151244.433288013,111738.1942701252,2492677.625766342,38948.087902599094,110496.51465304109,1104965.1465304107,523543.4982787672
200,known,qbest,1.258925411794166e-12,695211,589466755690.9441,9002883.343017852,140670.05223465394,3138095.206487997,49032.73760137495,124299.0796618047,1242990.796618047,589466.755690944
200,known,qbest,1e-12,780039,663681947131.5095,11333958.619943587,177093.10343661855,3950627.8000772004,61728.559376206256,139824.64374290674,1398246.4374290677,663681.9471315094
200,bbht,default,0.1,0.40268672352973744,3748368.1916000806,0.00011333958619943587,1.7709310343661855e-06,3.9506278000772e-05,6.172855937620625e-07,0.6219839141825646,6.219839141825646,3.7483681916000804
200,bbht,default,0.07943282347242814,0.44125014879354985,4369205.5407403,0.00014268608522870533,2.2294700816985207e-06,4.973545730057675e-05,7.771165203215117e-07,0.7273892218279955,7.273892218279955,4.3692055407403
200,bbht,default,0.06309573444801933,0.4840983554306641,5107947.217270499,0.00017963113860384547,2.8067365406850855e-06,6.261323106289979e-05,9.783317353578092e-07,0.8532223570319183,8.532223570319182,5.107947217270499
200,bbht,default,0.05011872336272722,0.5312027277434669,5945968.868955849,0.00022614220513790133,3.5334719552797082e-06,7.882538769962448e-05,1.2316466828066326e-06,0.9968740889002244,9.968740889002245,5.945968868955849
200,bbht,default,0.039810717055349734,0.5827185959825238,6994915.927317,0.00028469616872727334,4.448377636363646e-06,9.923528366958459e-05,1.5505513073372592e-06,1.1761853519075007,11.761853519075006,6.994915927317
200,bbht,default,0.03162277660168379,0.6388705473124254,8204217.818956935,0.00035841124145120446,5.60017564767507e-06,0.0001249298203582428,1.952028443097544e-06,1.383586426363196,13.835864263631962,8.204217818956934
200,bbht,default,0.025118864315095794,0.7001185268812916,9523220.273227505,0.0004512130197356163,7.050203433369005e-06,0.0001572773255398722,2.457458211560503e-06,1.6115405045568654,16.115405045568654,9.523220273227507
200,bbht,default,0.01995262314968879,0.7670558472324002,11140733.57545175,0.0005680435366775506,8.875680260586727e-06,0.00019800042182116894,3.0937565909557647e-06,1.8900925032738725,18.900925032738723,11.14073357545175
200,bbht,default,0.015848931924611134,0.8403609136550045,12866973.693475174,0.0007151244433288001,1.1173819427012502e-05,0.0002492677625766338,3.894808790259903e-06,2.1900158251204935,21.90015825120493,12.866973693475174
200,bbht,default,0.012589254117941675,0.9208103992288393,14948277.692197103,0.0009002883343017841,1.4067005223465377e-05,0.0003138095206487994,4.90327376013749e-06,2.5505267269746468,25.50526726974647,14.948277692197102
200,bbht,default,0.01,1.0092860618920825,17342901.8161285,0.0011333958619943586,1.7709310343661854e-05,0.00039506278000772004,6.172855937620626e-06,2.965802924839294,29.658029248392943,17.3429018161285
200,bbht,default,0.007943282347242814,1.1066930410185016,20053067.37698335,0.0014268608522870535,2.229470081698521e-05,0.0004973545730057675,7.771165203215117e-06,3.437013037700201,34.37013037700201,20.05306737698335
200,bbht,default,0.00630957344480193,1.213916761829625,22975943.417137843,0.0017963113860384554,2.8067365406850866e-05,0.0006261323106289982,9.783317353578096e-06,3.9489423503010217,39.48942350301022,22.975943417137838
200,bbht,default,0.005011872336272725,1.3316828918893613,26491058.221863348,0.002261422051379012,3.5334719552797064e-05,0.0007882538769962443,1.2316466828066318e-05,4.561994677475705,45.61994677475705,26.491058221863348
200,bbht,default,0.003981071705534969,1.46068717591715,30528966.53086816,0.002846961687272737,4.448377636363651e-05,0.000992352836695847,1.550551307337261e-05,5.266241578469678,52.66241578469678,30.52896653086816
200,bbht,default,0.0031622776601683794,1.6017688578199953,34805336.64432727,0.003584112414512044,5.600175647675069e-05,0.001249298203582428,1.952028443097544e-05,6.018163294989518,60.18163294989517,34.80533664432727
200,bbht,default,0.0025118864315095794,1.7558673878444837,39946209.00516474,0.004512130197356163,7.050203433369005e-05,0.001572773255398722,2.4574582115605033e-05,6.917005069546363,69.17005069546363,39.94620900516474
200,bbht,default,0.001995262314968879,1.9241703421397576,45740572.991304494,0.005680435366775505,8.875680260586727e-05,0.0019800042182116892,3.0937565909557644e-05,7.930983652555965,79.30983652555965,45.7405729913045
200,bbht,default,0.001584893192461114,2.108104965346565,51885253.45886598,0.0071512444332879985,0.00011173819427012498,0.002492677625766337,3.894808790259902e-05,9.014064778753813,90.14064778753811,51.885253458865975
200,bbht,default,0.0012589254117941662,2.309247953362265,59237849.311249174,0.00900288334301785,0.0001406700522346539,0.003138095206487997,4.903273760137495e-05,10.302329331974578,103.02329331974579,59.237849311249164
200,bbht,default,0.001,2.529425433818688,67535966.35697927,0.011333958619943588,0.00017709310343661856,0.0039506278000772,6.172855937620625e-05,11.756583816379205,117.56583816379205,67.53596635697926
200,bbht,default,0.0007943282347242813,2.7705431597953822,76317248.9372901,0.014268608522870535,0.00022294700816985212,0.004973545730057675,7.771165203215117e-05,13.306497036959044,133.0649703695904,76.31724893729012
200,bbht,default,0.000630957344480193,3.034636129810143,86835916.64090152,0.017963113860384555,0.00028067365406850867,0.006261323106289982,9.783317353578097e-05,15.151005449792528,151.51005449792527,86.83591664090152
200,bbht,default,0.000501187233627272,3.324044250911502,98703440.02817136,0.022614220513790143,0.000353347195527971,0.007882538769962451,0.0001231646682806633,17.231914724893247,172.3191472489325,98.70344002817136
200,bbht,default,0.0003981071705534969,3.641216970454335,111240692.38791622,0.028469616872727366,0.0004448377636363651,0.00992352836695847,0.0001550551307337261,19.445736641892665,194.45736641892665,111.24069238791621
200,bbht,default,0.00031622776601683794,3.9889244557749386,126254360.85212953,0.03584112414512044,0.0005600175647675069,0.01249298203582428,0.0001952028443097544,22.07896767129727,220.7896767129727,126.25436085212952
200,bbht,default,0.00025118864315095795,4.3703894510076235,143177956.4771657,0.04512130197356163,0.0007050203433369005,0.01572773255398722,0.0002457458211560503,25.046667741969223,250.46667741969227,143.1779564771657
200,bbht,default,0.00019952623149688788,4.7890121940408354,161071995.0377114,0.056804353667755055,0.0008875680260586727,0.019800042182116895,0.0003093756590955765,28.205825077173923,282.05825077173927,161.07199503771142
200,bbht,default,0.00015848931924611126,5.248724596111262,182506512.38185942,0.07151244433288005,0.0011173819427012508,0.024926776257663395,0.00038948087902599055,31.964110517384892,319.6411051738489,182.5065123818594
200,bbht,default,0.0001258925411794166,5.753850314645048,206724281.76398697,0.09002883343017852,0.0014067005223465394,0.03138095206487997,0.0004903273760137496,36.2083225786122,362.083225786122,206.72428176398697
200,bbht,default,0.0001,6.309016707467962,232316598.07162327,0.11333958619943586,0.0017709310343661854,0.039506278000772,0.0006172855937620625,40.723736351196834,407.2373635119684,232.31659807162325
200,bbht,default,7.943282347242822e-05,6.919615067419682,262954611.49406165,0.14268608522870518,0.0022294700816985185,0.0497354573005767,0.0007771165203215109,46.092723349443126,460.92723349443133,262.9546114940616
200,bbht,default,6.309573444801929e-05,7.591348589560842,295393603.3337534,0.17963113860384558,0.002806736540685087,0.06261323106289983,0.0009783317353578098,51.81442293584424,518.1442293584424,295.3936033337534
200,bbht,default,5.011872336272715e-05,8.330472130225413,334245377.3816433,0.22614220513790165,0.0035334719552797132,0.07882538769962459,0.0012316466828066342,58.62020522331363,586.2020522331363,334.24537738164327
200,bbht,default,3.9810717055349695e-05,9.144147369013544,378162384.7230858,0.28469616872727366,0.004448377636363651,0.09923528366958469,0.0015505513073372607,66.30866646471158,663.0866646471158,378.16238472308584
200,bbht,default,3.1622776601683795e-05,10.039896877974751,424644041.08485764,0.3584112414512044,0.005600175647675069,0.1249298203582428,0.0019520284430975436,74.49857006354758,744.9857006354757,424.64404108485763
200,bbht,default,2.5118864315095822e-05,11.026282745169427,480264592.98520017,0.45121301973561584,0.0070502034333689975,0.15727732553987203,0.0024574582115605005,84.23243778638042,842.3243778638041,480.2645929852001
200,bbht,default,1.9952623149688786e-05,12.112902830494363,543082530.5858063,0.5680435366775506,0.008875680260586728,0.19800042182116895,0.003093756590955765,95.21971004710616,952.1971004710617,543.0825305858061
200,bbht,default,1.5848931924611107e-05,13.30990722824575,609661678.4096901,0.7151244433288014,0.011173819427012522,0.24926776257663424,0.00389480879025991,106.9368360753581,1069.368360753581,609.6616784096901
200,bbht,default,1.2589254117941661e-05,14.629051915125507,689268205.7095879,0.9002883343017851,0.014067005223465393,0.3138095206487997,0.004903273760137495,120.85333697998213,1208.5333697998215,689.2682057095878
200,bbht,default,1e-05,16.083061862086186,779186136.6147221,1.1333958619943587,0.017709310343661855,0.39506278000772,0.006172855937620625,136.56263566524981,1365.6263566524983,779.1861366147222
200,bbht,default,7.943282347242805e-06,17.68575470912539,874505422.671605,1.426860852287055,0.022294700816985234,0.4973545730057681,0.007771165203215126,153.31634076724708,1533.1634076724706,874.505422671605
200,bbht,default,6.30957344480193e-06,19.453180330579197,988375797.4920266,1.7963113860384556,0.02806736540685087,0.6261323106289982,0.009783317353578097,173.19979285388285,1731.9979285388285,988.3757974920265
200,bbht,default,5.011872336272725e-06,21.402401302942227,1109145378.3582215,2.261422051379012,0.035334719552797066,0.7882538769962443,0.012316466828066317,194.41351947033868,1944.1351947033866,1109.1453783582213
200,bbht,default,3.981071705534969e-06,23.552623912294194,1253341433.901456,2.846961687272737,0.04448377636363651,0.992352836695847,0.015505513073372609,219.57804716742677,2195.7804716742676,1253.341433901456
200,bbht,default,3.162277660168379e-06,25.92572424656925,1416174228.2546358,3.5841124145120444,0.056001756476750694,1.249298203582428,0.019520284430975438,247.9772128778588,2479.772128778588,1416.1742282546359
200,bbht,default,2.511886431509577e-06,28.544862354948165,1588988433.3373666,4.512130197356167,0.07050203433369011,1.5727732553987235,0.024574582115605054,278.29214077029457,2782.921407702946,1588.9884333373666
200,bbht,default,1.9952623149688787e-06,31.436715491658386,1795206043.4016383,5.680435366775506,0.08875680260586728,1.9800042182116895,0.030937565909557648,314.2370037986764,3142.370037986764,1795.206043401638
200,bbht,default,1.584893192461111e-06,34.630755683341455,2028071864.7130806,7.151244433288014,0.11173819427012521,2.4926776257663423,0.0389480879025991,354.8015674345689,3548.0156743456887,2028.0718647130805
200,bbht,default,1.2589254117941661e-06,38.158660361222154,2275411037.742883,9.002883343017851,0.14067005223465393,3.138095206487997,0.04903273760137495,398.1310346817216,3981.310346817216,2275.4110377428833
200,bbht,default,1e-06,42.057192102569964,2570358581.437289,11.333958619943587,0.17709310343661855,3.9506278000772004,0.061728559376206256,449.48023934710153,4494.802393471015,2570.358581437289
200,bbht,default,7.943282347242805e-07,46.36582527587661,2883829030.2834435,14.268608522870549,0.22294700816985233,4.973545730057681,0.07771165203215126,504.35841934981954,5043.584193498195,2883.8290302834434
200,bbht,default,6.30957344480193e-07,51.12819641519707,3257455490.56194,17.963113860384556,0.2806736540685087,6.261323106289982,0.09783317353578097,569.3664823394464,5693.664823394466,3257.45549056194
200,bbht,default,5.011872336272714e-07,56.39440616663662,3679379728.829712,22.61422051379017,0.3533471955279714,7.88253876996246,0.12316466828066344,642.7329466565717,6427.329466565717,3679.3797288297123
200,bbht,default,3.981071705534969e-07,62.21758754581321,4128068536.991812,28.469616872727364,0.44483776363636507,9.92352836695847,0.1550551307337261,721.1777478239507,7211.777478239506,4128.068536991812
200,bbht,default,3.162277660168379e-07,68.65822507286285,4662454099.347898,35.84112414512044,0.5600175647675069,12.492982035824282,0.1952028443097544,814.0453698822049,8140.45369882205,4662.454099347898
200,bbht,default,2.511886431509577e-07,75.78412021906331,5265876593.8636875,45.12130197356168,0.7050203433369012,15.727732553987236,0.24574582115605056,918.8469524638433,9188.469524638433,5265.876593863688
200,bbht,default,1.9952623149688787e-07,83.66765586410283,5908017348.373645,56.80435366775506,0.8875680260586728,19.800042182116893,0.30937565909557646,1030.9642681841567,10309.642681841568,5908.017348373645
200,bbht,default,1.584893192461111e-07,92.39259223750102,6672288644.005107,71.51244433288014,1.1173819427012521,24.92677625766342,0.38948087902599093,1163.6245004562645,11636.245004562643,6672.288644005107
200,bbht,default,1.2589254117941662e-07,102.05026362041927,7535157306.963997,90.02883343017851,1.4067005223465392,31.380952064879967,0.4903273760137495,1313.3102230343877,13133.102230343877,7535.157306963996
200,bbht,default,1e-07,112.74041083002795,8454036489.426722,113.33958619943587,1.7709310343661855,39.50627800077201,0.6172855937620626,1473.5364166658471,14735.364166658474,8454.03648942672
200,bbht,default,7.943282347242805e-08,124.57831791683189,9546952883.300375,142.6860852287055,2.2294700816985236,49.735457300576805,0.7771165203215126,1663.0198625504956,16630.19862550496,9546.952883300375
200,bbht,default,6.30957344480193e-08,137.6871643862905,10711282876.063017,179.63113860384556,2.806736540685087,62.61323106289982,0.9783317353578097,1865.9154769848928,18659.15476984893,10711.282876063016
200,bbht,default,5.0118723362727144e-08,152.20546093179064,12095399626.881184,226.14220513790167,3.5334719552797136,78.8253876996246,1.2316466828066344,2105.7478665788476,21057.478665788476,12095.399626881184
200,bbht,default,3.981071705534969e-08,168.29050667526303,13658023914.686659,284.6961687272737,4.448377636363651,99.2352836695847,1.550551307337261,2376.3556017550463,23763.556017550465,13658.023914686657
200,bbht,default,3.162277660168379e-08,186.10979730934434,15323788588.284407,358.41124145120443,5.600175647675069,124.92982035824281,1.9520284430975439,2666.26221874319,26662.622187431894,15323.788588284404
200,bbht,default,2.511886431509577e-08,205.85583252964832,17302735161.915054,451.21301973561674,7.050203433369012,157.27732553987235,2.4574582115605055,3008.772884849976,30087.728848499763,17302.735161915054
200,bbht,default,1.9952623149688786e-08,227.7416274623571,19536670712.80675,568.0435366775506,8.875680260586728,198.00042182116894,3.0937565909557647,3395.1988462499953,33951.988462499954,19536.670712806754
200,bbht,default,1.584893192461111e-08,251.99735206299536,21919550535.542164,715.1244433288012,11.17381942701252,249.2677625766342,3.8948087902599093,3809.3947285952545,38093.94728595255,21919.550535542163
200,bbht,default,1.2589254117941661e-08,278.889484759205,24748640015.966084,900.2883343017851,14.067005223465392,313.8095206487997,4.903273760137496,4298.499066123602,42984.99066123602,24748.640015966084
200,bbht,default,1e-08,308.7057281025037,27767645004.93921,1133.3958619943587,17.709310343661855,395.06278000772,6.172855937620625,4822.946411922916,48229.46411922916,27767.645004939208
200,bbht,default,7.943282347242789e-09,341.76530514286674,31350151874.899952,1426.860852287058,22.29470081698528,497.35457300576905,7.7711652032151415,5441.9640159582295,54419.640159582304,31350.15187489995
200,bbht,default,6.309573444801943e-09,378.4342787411408,35394061906.297386,1796.311386038452,28.06736540685081,626.132310628997,9.783317353578077,6140.325824011279,61403.2582401128,35394.06190629739
200,bbht,default,5.011872336272715e-09,419.1031287043805,39711767472.85096,2261.4220513790165,35.33471955279713,788.2538769962459,12.316466828066343,6889.473154044215,68894.73154044215,39711.76747285096
200,bbht,default,3.981071705534969e-09,464.21642022697836,44832231372.083015,2846.961687272737,44.483776363636515,992.352836695847,15.50551307337261,7773.273657281528,77732.73657281528,44832.23137208302
200,bbht,default,3.1622776601683795e-09,514.272896544193,50611665328.719826,3584.112414512044,56.001756476750685,1249.298203582428,19.520284430975437,8770.28109218542,87702.8109218542,50611.66532871982
200,bbht,default,2.511886431509572e-09,569.8077356387013,56785870778.74059,4512.130197356177,70.50203433369026,1572.7732553987266,24.574582115605104,9840.278917306116,98402.78917306113,56785.870778740595
200,bbht,default,1.9952623149688828e-09,631.439160347253,64103670684.93299,5680.435366775494,88.7568026058671,1980.0042182116854,30.937565909557584,11102.003038309935,111020.03038309935,64103.670684932986
200,bbht,default,1.584893192461111e-09,699.8431682117613,72362244206.01486,7151.244433288013,111.7381942701252,2492.677625766342,38.94808790259909,12525.188844279359,125251.88844279357,72362.24420601488
200,bbht,default,1.2589254117941663e-09,775.7604748660734,81190083464.54543,9002.88334301785,140.6700522346539,3138.0952064879966,49.03273760137495,14053.300588442627,140533.00588442627,81190.08346454542
200,bbht,default,1e-09,860.0458015325537,91646827543.19682,11333.958619943587,177.09310343661855,3950.6278000772,61.72855937620625,15854.362953394042,158543.62953394043,91646.82754319684
200,bbht,default,7.943282347242822e-10,953.6161179911879,102828316524.29398,14268.60852287052,222.94700816985187,4973.54573005767,77.7116520321511,17788.797723389336,177887.97723389338,102828.31652429399
200,bbht,default,6.309573444801917e-10,1057.5035693911716,116066686190.62506,17963.113860384594,280.6736540685093,6261.323106289995,97.83317353578117,20067.797998615108,200677.97998615107,116066.68619062506
200,bbht,default,5.011872336272714e-10,1172.879860013933,131006582321.69142,22614.22051379017,353.3471955279714,7882.53876996246,123.16466828066343,22638.415923282606,226384.15923282606,131006.58232169143
200,bbht,default,3.9810717055349694e-10,1300.99833678344,146989939242.65283,28469.616872727365,444.8377636363651,9923.52836695847,155.0551307337261,25400.505374914534,254005.05374914536,146989.93924265282
200,bbht,default,3.1622776601683795e-10,1443.2986662562394,165903039504.15598,35841.12414512044,560.0175647675069,12492.98203582428,195.20284430975437,28653.138102103938,286531.3810210394,165903.03950415595
200,bbht,default,2.511886431509582e-10,1601.3761281047618,187244800901.8837,45121.30197356159,705.0203433368998,15727.732553987204,245.74582115605006,32321.62684263874,323216.2684263874,187244.8009018837
200,bbht,default,1.9952623149688748e-10,1776.960860132913,210089260275.32004,56804.35366775517,887.5680260586745,19800.042182116933,309.3756590955771,36265.07895014047,362650.7895014046,210089.26027532003
200,bbht,default,1.584893192461111e-10,1972.0537068773651,237106547837.66464,71512.44433288013,1117.381942701252,24926.776257663423,389.480879025991,40906.86943521377,409068.6943521376,237106.54783766464
200,bbht,default,1.2589254117941662e-10,2188.8211588864647,266037113223.87344,90028.8334301785,1406.7005223465392,31380.952064879966,490.3273760137495,45898.23675941461,458982.36759414617,266037.11322387337
200,bbht,default,1e-10,2429.671861439282,300236237712.63885,113339.58619943587,1770.9310343661855,39506.278000772,617.2855937620625,51771.071872939014,517710.7187293901,300236.2377126388
200,bbht,default,7.943282347242822e-11,2697.3658385228373,338825138879.3236,142686.0852287052,2229.4700816985187,49735.4573005767,777.116520321511,58394.558048018225,583945.5804801822,338825.13887932367
200,bbht,default,6.309573444801917e-11,2994.858061246793,380165743070.3474,179631.13860384593,2806.7365406850927,62613.231062899955,978.3317353578118,65519.49078708367,655194.9078708367,380165.7430703474
200,bbht,default,5.011872336272715e-11,3325.5138370678933,429009316814.0497,226142.20513790165,3533.4719552797133,78825.3876996246,1231.6466828066343,73899.12340866694,738991.2340866695,429009.3168140496
200,bbht,default,3.9810717055349695e-11,3693.109877184559,484118033276.8005,284696.16872727365,4448.377636363651,99235.28366958469,1550.5513073372608,83349.16112802531,833491.611280253,484118.0332768005
200,bbht,default,3.1622776601683794e-11,4101.712894290323,543184645138.14954,358411.2414512044,5600.175647675069,124929.82035824281,1952.028443097544,93518.60617965272,935186.0617965272,543184.6451381495
200,bbht,default,2.511886431509572e-11,4556.017723343303,612936370241.218,451213.0197356177,7050.203433369026,157277.32553987266,2457.4582115605103,105474.05258281466,1054740.5258281466,612936.370241218
200,bbht,default,1.9952623149688748e-11,5061.166888360722,691625676594.088,568043.5366775517,8875.680260586745,198000.42182116932,3093.7565909557707,118955.18442544436,1189551.8442544437,691625.676594088
200,bbht,default,1.5848931924611107e-11,5622.809295151158,776009445249.4463,715124.4433288014,11173.819427012522,249267.76257663424,3894.80879025991,133468.77833265037,1334687.7833265036,776009.4452494463
200,bbht,default,1.2589254117941662e-11,6247.458060071651,875607476137.1448,900288.3343017851,14067.005223465392,313809.52064879966,4903.273760137495,150524.22958408174,1505242.2958408173,875607.4761371447
200,bbht,default,1e-11,6942.120194091384,982446297268.2161,1133395.8619943587,17709.310343661855,395062.78000772005,6172.855937620626,168890.84341303763,1688908.4341303764,982446.2972682159
200,bbht,default,7.943282347242789e-12,7714.691167431906,1108492946008.6274,1426860.8522870578,22294.700816985278,497354.57300576905,7771.165203215141,190465.67536609183,1904656.7536609182,1108492.9460086273
200,bbht,default,6.309573444801917e-12,8574.13236615922,1250689096194.967,1796311.3860384594,28067.365406850928,626132.3106289995,9783.317353578117,214793.87250189454,2147938.7250189455,1250689.096194967
200,bbht,default,5.011872336272715e-12,9530.059186166576,1403288738165.7954,2261422.0513790166,35334.719552797134,788253.8769962459,12316.466828066343,241001.53271294982,2410015.327129498,1403288.7381657953
200,bbht,default,3.9810717055349695e-12,10593.515244655584,1583238231689.4639,2846961.6872727363,44483.776363636505,992352.8366958469,15505.513073372607,271775.2762130239,2717752.762130239,1583238.2316894638
200,bbht,default,3.1622776601683794e-12,11776.748204114781,1786223378290.2693,3584112.414512044,56001.756476750685,1249298.203582428,19520.284430975436,306473.2204390435,3064732.2043904345,1786223.3782902693
200,bbht,default,2.511886431509572e-12,13093.075910279871,2004159740249.162,4512130.197356177,70502.03433369026,1572773.2553987268,24574.582115605106,343866.0265252153,3438660.2652521534,2004159.7402491618
200,bbht,default,1.9952623149688747e-12,14557.890573272458,2261036608427.0576,5680435.366775517,88756.80260586746,1980004.2182116935,30937.56590955771,387757.08114977466,3877570.8114977465,2261036.6084270575
200,bbht,default,1.584893192461111e-12,16187.89011796754,2536928881951.7334,7151244.433288013,111738.1942701252,2492677.625766342,38948.087902599094,435071.44113237446,4350714.411323744,2536928.8819517335
200,bbht,default,1.258925411794166e-12,18001.668419763184,2861977689852.9277,9002883.343017852,140670.05223465394,3138095.206487997,49032.73760137495,490586.7683107636,4905867.683107636,2861977.6898529273
200,bbht,default,1e-12,20020.5225653395,3228623751816.447,11333958.619943587,177093.10343661855,3950627.8000772004,61728.559376206256,553179.9206654277,5531799.206654277,3228623.7518164464
200,bbht,qbest,0.1,0.40268672352973744,1471892.3818034776,0.00011333958619943587,1.7709310343661855e-06,3.9506278000772e-05,6.172855937620625e-07,0.28871714862597037,2.887171486259704,1.4718923818034775
200,bbht,qbest,0.07943282347242814,0.44125014879354985,1716249.1142540746,0.00014268608522870533,2.2294700816985207e-06,4.973545730057675e-05,7.771165203215117e-07,0.33939537885328397,3.3939537885328397,1.7162491142540743
200,bbht,qbest,0.06309573444801933,0.4840983554306641,2007146.9575313975,0.00017963113860384547,2.8067365406850855e-06,6.261323106289979e-05,9.783317353578092e-07,0.40021986408203347,4.0021986408203345,2.0071469575313974
200,bbht,qbest,0.05011872336272722,0.5312027277434669,2337624.1479779226,0.00022614220513790133,3.5334719552797082e-06,7.882538769962448e-05,1.2316466828066326e-06,0.47052850364967685,4.705285036496768,2.3376241479779227
200,bbht,qbest,0.039810717055349734,0.5827185959825238,2750669.8336373195,0.00028469616872727334,4.448377636363646e-06,9.923528366958459e-05,1.5505513073372592e-06,0.5575306394459287,5.575306394459286,2.7506698336373194
200,bbht,qbest,0.03162277660168379,0.6388705473124254,3227092.0509682107,0.00035841124145120446,5.60017564767507e-06,0.0001249298203582428,1.952028443097544e-06,0.6587043865464446,6.5870438654644445,3.227092050968211
200,bbht,qbest,0.025118864315095794,0.7001185268812916,3747690.2405486144,0.0004512130197356163,7.050203433369005e-06,0.0001572773255398722,2.457458211560503e-06,0.771588319267773,7.7158831926777305,3.7476902405486143
200,bbht,qbest,0.01995262314968879,0.7670558472324002,4385088.384540469,0.0005680435366775506,8.875680260586727e-06,0.00019800042182116894,3.0937565909557647e-06,0.908183391128797,9.08183391128797,4.385088384540469
200,bbht,qbest,0.015848931924611134,0.8403609136550045,5066823.884220167,0.0007151244433288001,1.1173819427012502e-05,0.0002492677625766338,3.894808790259903e-06,1.0578439973704805,10.578439973704805,5.066823884220167
200,bbht,qbest,0.012589254117941675,0.9208103992288393,5887671.990927435,0.0009002883343017841,1.4067005223465377e-05,0.0003138095206487994,4.90327376013749e-06,1.2362648143115944,12.362648143115944,5.887671990927435
200,bbht,qbest,0.01,1.0092860618920825,6832047.825423616,0.0011333958619943586,1.7709310343661854e-05,0.00039506278000772004,6.172855937620626e-06,1.4420034167248643,14.420034167248645,6.832047825423616
200,bbht,qbest,0.007943282347242814,1.1066930410185016,7901282.211088292,0.0014268608522870535,2.229470081698521e-05,0.0004973545730057675,7.771165203215117e-06,1.6764108149195192,16.76410814919519,7.901282211088292
200,bbht,qbest,0.00630957344480193,1.213916761829625,9056484.786994155,0.0017963113860384554,2.8067365406850866e-05,0.0006261323106289982,9.783317353578096e-06,1.9346483600119073,19.346483600119072,9.056484786994154
200,bbht,qbest,0.005011872336272725,1.3316828918893613,10443679.671363592,0.002261422051379012,3.5334719552797064e-05,0.0007882538769962443,1.2316466828066318e-05,2.240884727124131,22.40884727124131,10.443679671363592
200,bbht,qbest,0.003981071705534969,1.46068717591715,12036802.96610253,0.002846961687272737,4.448377636363651e-05,0.000992352836695847,1.550551307337261e-05,2.5923645479868727,25.923645479868725,12.03680296610253
200,bbht,qbest,0.0031622776601683794,1.6017688578199953,13727467.847488238,0.003584112414512044,5.600175647675069e-05,0.001249298203582428,1.952028443097544e-05,2.973551307337204,29.735513073372044,13.727467847488237
200,bbht,qbest,0.0025118864315095794,1.7558673878444837,15756312.553723795,0.004512130197356163,7.050203433369005e-05,0.001572773255398722,2.4574582115605033e-05,3.423727517642338,34.237275176423374,15.756312553723795
200,bbht,qbest,0.001995262314968879,1.9241703421397576,18043201.63572204,0.005680435366775505,8.875680260586727e-05,0.0019800042182116892,3.0937565909557644e-05,3.9321268469944872,39.32126846994488,18.043201635722042
200,bbht,qbest,0.001584893192461114,2.108104965346565,20472786.13842601,0.0071512444332879985,0.00011173819427012498,0.002492677625766337,3.894808790259902e-05,4.482735848895113,44.827358488951134,20.47278613842601
200,bbht,qbest,0.0012589254117941662,2.309247953362265,23374794.479737826,0.00900288334301785,0.0001406700522346539,0.003138095206487997,4.903273760137495e-05,5.129562916383204,51.29562916383205,23.374794479737826
200,bbht,qbest,0.001,2.529425433818688,26649780.434250347,0.011333958619943588,0.00017709310343661856,0.0039506278000772,6.172855937620625e-05,5.859717630442871,58.59717630442871,26.64978043425035
200,bbht,qbest,0.0007943282347242813,2.7705431597953822,30121766.894340858,0.014268608522870535,0.00022294700816985212,0.004973545730057675,7.771165203215117e-05,6.648598214190194,66.48598214190194,30.121766894340855
200,bbht,qbest,0.000630957344480193,3.034636129810143,34272935.38870779,0.017963113860384555,0.00028067365406850867,0.006261323106289982,9.783317353578097e-05,7.575079554811485,75.75079554811485,34.27293538870778
200,bbht,qbest,0.000501187233627272,3.324044250911502,38955945.26031344,0.022614220513790143,0.000353347195527971,0.007882538769962451,0.0001231646682806633,8.61984018518701,86.19840185187012,38.95594526031344
200,bbht,qbest,0.0003981071705534969,3.641216970454335,43912208.82129892,0.028469616872727366,0.0004448377636363651,0.00992352836695847,0.0001550551307337261,9.746473800720263,97.46473800720264,43.91220882129892
200,bbht,qbest,0.00031622776601683794,3.9889244557749386,49836263.19205217,0.03584112414512044,0.0005600175647675069,0.01249298203582428,0.0001952028443097544,11.068497299298448,110.68497299298448,49.836263192052165
200,bbht,qbest,0.00025118864315095795,4.3703894510076235,56513228.47608874,0.04512130197356163,0.0007050203433369005,0.01572773255398722,0.0002457458211560503,12.55760523612319,125.57605236123189,56.51322847608874
200,bbht,qbest,0.00019952623149688788,4.7890121940408354,63585472.79541378,0.056804353667755055,0.0008875680260586727,0.019800042182116895,0.0003093756590955765,14.163660268587181,141.63660268587182,63.58547279541377
200,bbht,qbest,0.00015848931924611126,5.248724596111262,72041060.47006807,0.07151244433288005,0.0011173819427012508,0.024926776257663395,0.00038948087902599055,16.048330737773238,160.4833073777324,72.04106047006806
200,bbht,qbest,0.0001258925411794166,5.753850314645048,81592962.5930086,0.09002883343017852,0.0014067005223465394,0.03138095206487997,0.0004903273760137496,18.17428562288998,181.7428562288998,81.5929625930086
200,bbht,qbest,0.0001,6.309016707467962,91704761.0878391,0.11333958619943586,0.0017709310343661854,0.039506278000772,0.0006172855937620625,20.465920406208493,204.65920406208494,91.70476108783909
200,bbht,qbest,7.943282347242822e-05,6.919615067419682,103787871.65877354,0.14268608522870518,0.0022294700816985185,0.0497354573005767,0.0007771165203215109,23.154224201621105,231.54224201621105,103.78787165877354
200,bbht,qbest,6.309573444801929e-05,7.591348589560842,116603028.8621361,0.17963113860384558,0.002806736540685087,0.06261323106289983,0.0009783317353578098,26.055699275739126,260.5569927573913,116.60302886213609
200,bbht,qbest,5.011872336272715e-05,8.330472130225413,131923161.64053118,0.22614220513790165,0.0035334719552797132,0.07882538769962459,0.0012316466828066342,29.46018993830482,294.6018993830482,131.9231616405312
200,bbht,qbest,3.9810717055349695e-05,9.144147369013544,149237504.92233926,0.28469616872727366,0.004448377636363651,0.09923528366958469,0.0015505513073372607,33.30133278439426,333.0133278439426,149.23750492233924
200,bbht,qbest,3.1622776601683795e-05,10.039896877974751,167593817.3670078,0.3584112414512044,0.005600175647675069,0.1249298203582428,0.0019520284430975436,37.444802653468294,374.4480265346829,167.59381736700774
200,bbht,qbest,2.5118864315095822e-05,11.026282745169427,189519415.98136768,0.45121301973561584,0.0070502034333689975,0.15727732553987203,0.0024574582115605005,42.303682118236225,423.03682118236225,189.5194159813677
200,bbht,qbest,1.9952623149688786e-05,12.112902830494363,214278177.9803199,0.5680435366775506,0.008875680260586728,0.19800042182116895,0.003093756590955765,47.78178569897369,477.8178569897369,214.2781779803199
200,bbht,qbest,1.5848931924611107e-05,13.30990722824575,240561773.7236378,0.7151244433288014,0.011173819427012522,0.24926776257663424,0.00389480879025991,53.6950146978242,536.950146978242,240.5617737236378
200,bbht,qbest,1.2589254117941661e-05,14.629051915125507,271932440.2363929,0.9002883343017851,0.014067005223465393,0.3138095206487997,0.004903273760137495,60.6257779514402,606.257779514402,271.93244023639295
200,bbht,qbest,1e-05,16.083061862086186,307360348.6844992,1.1333958619943587,0.017709310343661855,0.39506278000772,0.006172855937620625,68.4393521420211,684.393521420211,307.3603486844992
200,bbht,qbest,7.943282347242805e-06,17.68575470912539,344975827.0579263,1.426860852287055,0.022294700816985234,0.4973545730057681,0.007771165203215126,76.87226377293266,768.7226377293267,344.9758270579263
200,bbht,qbest,6.30957344480193e-06,19.453180330579197,389834045.02162117,1.7963113860384556,0.02806736540685087,0.6261323106289982,0.009783317353578097,86.75090490986898,867.5090490986898,389.83404502162114
200,bbht,qbest,5.011872336272725e-06,21.402401302942227,437484246.8867412,2.261422051379012,0.035334719552797066,0.7882538769962443,0.012316466828066317,97.41503531271727,974.1503531271727,437.4842468867412
200,bbht,qbest,3.981071705534969e-06,23.552623912294194,494279773.6139634,2.846961687272737,0.04448377636363651,0.992352836695847,0.015505513073372609,109.9026550582894,1099.0265505828938,494.2797736139634
200,bbht,qbest,3.162277660168379e-06,25.92572424656925,558404983.8818972,3.5841124145120444,0.056001756476750694,1.249298203582428,0.019520284430975438,123.97744436923253,1239.7744436923251,558.4049838818971
200,bbht,qbest,2.511886431509577e-06,28.544862354948165,626564280.4778786,4.512130197356167,0.07050203433369011,1.5727732553987235,0.024574582115605054,139.1755128923637,1391.7551289236374,626.5642804778785
200,bbht,qbest,1.9952623149688787e-06,31.436715491658386,707761701.9229373,5.680435366775506,0.08875680260586728,1.9800042182116895,0.030937565909557648,156.968533158711,1569.68533158711,707.7617019229373
200,bbht,qbest,1.584893192461111e-06,34.630755683341455,799436446.7848117,7.151244433288014,0.11173819427012521,2.4926776257663423,0.0389480879025991,177.02292084974235,1770.2292084974235,799.4364467848118
200,bbht,qbest,1.2589254117941661e-06,38.158660361222154,896953045.5566198,9.002883343017851,0.14067005223465393,3.138095206487997,0.04903273760137495,198.68671283802954,1986.8671283802955,896.9530455566197
200,bbht,qbest,1e-06,42.057192102569964,1013049721.9602752,11.333958619943587,0.17709310343661855,3.9506278000772004,0.061728559376206256,224.04248351704356,2240.4248351704355,1013.0497219602751
200,bbht,qbest,7.943282347242805e-07,46.36582527587661,1136617128.9404302,14.268608522870549,0.22294700816985233,4.973545730057681,0.07771165203215126,251.44375844020868,2514.437584402087,1136.61712894043
200,bbht,qbest,6.30957344480193e-07,51.12819641519707,1283659481.183502,17.963113860384556,0.2806736540685087,6.261323106289982,0.09783317353578097,283.5048046789056,2835.0480467890557,1283.659481183502
200,bbht,qbest,5.011872336272714e-07,56.39440616663662,1449682613.8065498,22.61422051379017,0.3533471955279714,7.88253876996246,0.12316466828066344,319.6428843169806,3196.4288431698055,1449.6826138065499
200,bbht,qbest,3.981071705534969e-07,62.21758754581321,1626488211.6423647,28.469616872727364,0.44483776363636507,9.92352836695847,0.1550551307337261,358.7055564358191,3587.0555643581915,1626.4882116423646
200,bbht,qbest,3.162277660168379e-07,68.65822507286285,1836730924.2620778,35.84112414512044,0.5600175647675069,12.492982035824282,0.1952028443097544,404.3945653476366,4043.9456534763663,1836.7309242620777
200,bbht,qbest,2.511886431509577e-07,75.78412021906331,2074096781.524799,45.12130197356168,0.7050203433369012,15.727732553987236,0.24574582115605056,455.8910977478232,4558.910977478233,2074.096781524799
200,bbht,qbest,1.9952623149688787e-07,83.66765586410283,2327042641.417364,56.80435366775506,0.8875680260586728,19.800042182116893,0.30937565909557646,511.572656114532,5115.7265611453195,2327.042641417364
200,bbht,qbest,1.584893192461111e-07,92.39259223750102,2627634390.2482944,71.51244433288014,1.1173819427012521,24.92677625766342,0.38948087902599093,576.6802381081638,5766.8023810816385,2627.6343902482945
200,bbht,qbest,1.2589254117941662e-07,102.05026362041927,2966952073.0809073,90.02883343017851,1.4067005223465392,31.380952064879967,0.4903273760137495,650.0546261985344,6500.546261985345,2966.952073080907
200,bbht,qbest,1e-07,112.74041083002795,3328782863.1075416,113.33958619943587,1.7709310343661855,39.50627800077201,0.6172855937620626,729.4196727181385,7294.196727181384,3328.7828631075417
200,bbht,qbest,7.943282347242805e-08,124.57831791683189,3758499686.811902,142.6860852287055,2.2294700816985236,49.735457300576805,0.7771165203215126,822.1921536234004,8221.921536234004,3758.499686811902
200,bbht,qbest,6.30957344480193e-08,137.6871643862905,4216904843.8549633,179.63113860384556,2.806736540685087,62.61323106289982,0.9783317353578097,922.5625607839086,9225.625607839087,4216.904843854963
200,bbht,qbest,5.0118723362727144e-08,152.20546093179064,4761034644.955245,226.14220513790167,3.5334719552797136,78.8253876996246,1.2316466828066344,1039.847863828341,10398.47863828341,4761.034644955245
200,bbht,qbest,3.981071705534969e-08,168.29050667526303,5375247711.180745,284.6961687272737,4.448377636363651,99.2352836695847,1.550551307337261,1172.0272714813461,11720.272714813464,5375.247711180745
200,bbht,qbest,3.162277660168379e-08,186.10979730934434,6030851896.476963,358.41124145120443,5.600175647675069,124.92982035824281,1.9520284430975439,1315.0730059317837,13150.730059317837,6030.851896476963
200,bbht,qbest,2.511886431509577e-08,205.85583252964832,6808591310.48467,451.21301973561674,7.050203433369012,157.27732553987235,2.4574582115605055,1482.1789582592305,14821.789582592306,6808.591310484669
200,bbht,qbest,1.9952623149688786e-08,227.7416274623571,7686414068.070978,568.0435366775506,8.875680260586728,198.00042182116894,3.0937565909557647,1670.4922471180905,16704.922471180907,7686.414068070978
200,bbht,qbest,1.584893192461111e-08,251.99735206299536,8623950601.145578,715.1244433288012,11.17381942701252,249.2677625766342,3.8948087902599093,1874.3493262923791,18743.493262923792,8623.950601145578
200,bbht,qbest,1.2589254117941661e-08,278.889484759205,9735477221.073257,900.2883343017851,14.067005223465392,313.8095206487997,4.903273760137496,2112.427193876968,21124.27193876968,9735.477221073257
200,bbht,qbest,1e-08,308.7057281025037,10923104615.488176,1133.3958619943587,17.709310343661855,395.06278000772,6.172855937620625,2370.2265581695137,23702.265581695137,10923.104615488175
200,bbht,qbest,7.943282347242789e-09,341.76530514286674,12330440642.944662,1426.860852287058,22.29470081698528,497.35457300576905,7.7711652032151415,2671.1990516673213,26711.99051667321,12330.44064294466
200,bbht,qbest,6.309573444801943e-09,378.4342787411408,13918806357.027493,1796.311386038452,28.06736540685081,626.132310628997,9.783317353578077,3010.3665261013,30103.665261013004,13918.806357027492
200,bbht,qbest,5.011872336272715e-09,419.1031287043805,15616785235.742723,2261.4220513790165,35.33471955279713,788.2538769962459,12.316466828066343,3377.716393848,33777.16393848,15616.785235742722
200,bbht,qbest,3.981071705534969e-09,464.21642022697836,17627716791.78487,2846.961687272737,44.483776363636515,992.352836695847,15.50551307337261,3806.4651047759717,38064.65104775971,17627.71679178487
200,bbht,qbest,3.1622776601683795e-09,514.272896544193,19897126690.054867,3584.112414512044,56.001756476750685,1249.298203582428,19.520284430975437,4289.597341590763,42895.97341590763,19897.126690054865
200,bbht,qbest,2.511886431509572e-09,569.8077356387013,22324443300.570454,4512.130197356177,70.50203433369026,1572.7732553987266,24.574582115605104,4813.014721013503,48130.14721013502,22324.443300570452
200,bbht,qbest,1.9952623149688828e-09,631.439160347253,25197528394.52129,5680.435366775494,88.7568026058671,1980.0042182116854,30.937565909557584,5423.753581018576,54237.53581018576,25197.528394521287
200,bbht,qbest,1.584893192461111e-09,699.8431682117613,28439535059.876263,7151.244433288013,111.7381942701252,2492.677625766342,38.94808790259909,6111.898228601378,61118.98228601378,28439.535059876263
200,bbht,qbest,1.2589254117941663e-09,775.7604748660734,31909051748.537678,9002.88334301785,140.6700522346539,3138.0952064879966,49.03273760137495,6857.647069312266,68576.47069312265,31909.05174853768
200,bbht,qbest,1e-09,860.0458015325537,36013426644.624245,11333.958619943587,177.09310343661855,3950.6278000772,61.72855937620625,7727.566983675308,77275.66983675309,36013.42664462425
200,bbht,qbest,7.943282347242822e-10,953.6161179911879,40407324711.559364,14268.60852287052,222.94700816985187,4973.54573005767,77.7116520321511,8670.509454455494,86705.09454455493,40407.32471155936
200,bbht,qbest,6.309573444801917e-10,1057.5035693911716,45602823624.6345,17963.113860384594,280.6736540685093,6261.323106289995,97.83317353578117,9770.09890601949,97700.98906019492,45602.8236246345
200,bbht,qbest,5.011872336272714e-10,1172.879860013933,51465328884.28672,22614.22051379017,353.3471955279714,7882.53876996246,123.16466828066343,11009.078007179562,110090.7800717956,51465.32888428671
200,bbht,qbest,3.9810717055349694e-10,1300.99833678344,57744351637.23852,28469.616872727365,444.8377636363651,9923.52836695847,155.0551307337261,12352.368094315818,123523.68094315818,57744.35163723851
200,bbht,qbest,3.1622776601683795e-10,1443.2986662562394,65165000763.787575,35841.12414512044,560.0175647675069,12492.98203582428,195.20284430975437,13918.41837633514,139184.1837633514,65165.000763787575
200,bbht,qbest,2.511886431509582e-10,1601.3761281047618,73537470288.44978,45121.30197356159,705.0203433368998,15727.732553987204,245.74582115605006,15682.855824498887,156828.55824498885,73537.47028844978
200,bbht,qbest,1.9952623149688748e-10,1776.960860132913,82509311235.55461,56804.35366775517,887.5680260586745,19800.042182116933,309.3756590955771,17596.355285215002,175963.55285215,82509.3112355546
200,bbht,qbest,1.584893192461111e-10,1972.0537068773651,93106966533.87169,71512.44433288013,1117.381942701252,24926.776257663423,389.480879025991,19826.622782116716,198266.22782116715,93106.96653387169
200,bbht,qbest,1.2589254117941662e-10,2188.8211588864647,104467454301.57703,90028.8334301785,1406.7005223465392,31380.952064879966,490.3273760137495,22245.913857903666,222459.13857903666,104467.45430157702
200,bbht,qbest,1e-10,2429.671861439282,117880529233.27052,113339.58619943587,1770.9310343661855,39506.278000772,617.2855937620625,25064.786734025718,250647.86734025722,117880.52923327051
200,bbht,qbest,7.943282347242822e-11,2697.3658385228373,133013414574.75456,142686.0852287052,2229.4700816985187,49735.4573005767,777.116520321511,28240.746302035102,282407.463020351,133013.41457475457
200,bbht,qbest,6.309573444801917e-11,2994.858061246793,149242635527.42065,179631.13860384593,2806.7365406850927,62613.231062899955,978.3317353578118,31686.595688011053,316865.95688011055,149242.63552742067
200,bbht,qbest,5.011872336272715e-11,3325.5138370678933,168394596078.25586,226142.20513790165,3533.4719552797133,78825.3876996246,1231.6466828066343,35700.59533246324,357005.9533246324,168394.59607825585
200,bbht,qbest,3.9810717055349695e-11,3693.109877184559,190000538889.6098,284696.16872727365,4448.377636363651,99235.28366958469,1550.5513073372608,40222.84284823202,402228.4284823203,190000.5388896098
200,bbht,qbest,3.1622776601683794e-11,4101.712894290323,213182297731.6623,358411.2414512044,5600.175647675069,124929.82035824281,1952.028443097544,45130.535094969295,451305.350949693,213182.29773166226
200,bbht,qbest,2.511886431509572e-11,4556.017723343303,240525885882.5122,451213.0197356177,7050.203433369026,157277.32553987266,2457.4582115605103,50846.089798989145,508460.89798989147,240525.8858825122
200,bbht,qbest,1.9952623149688748e-11,5061.166888360722,271369444972.49548,568043.5366775517,8875.680260586745,198000.42182116932,3093.7565909557707,57284.73970298199,572847.3970298199,271369.4449724955
200,bbht,qbest,1.5848931924611107e-11,5622.809295151158,304478691685.0974,715124.4433288014,11173.819427012522,249267.76257663424,3894.80879025991,64274.08900015533,642740.8900015532,304478.6916850974
200,bbht,qbest,1.2589254117941662e-11,6247.458060071651,343513160889.95844,900288.3343017851,14067.005223465392,313809.52064879966,4903.273760137495,72411.96779623494,724119.6779623495,343513.1608899584
200,bbht,qbest,1e-11,6942.120194091384,385427579493.3014,1133395.8619943587,17709.310343661855,395062.78000772005,6172.855937620626,81247.60863819232,812476.0863819232,385427.5794933014
200,bbht,qbest,7.943282347242789e-12,7714.691167431906,434822020939.0035,1426860.8522870578,22294.700816985278,497354.57300576905,7771.165203215141,91531.9924602726,915319.9246027259,434822.02093900344
200,bbht,qbest,6.309573444801917e-12,8574.13236615922,490538604947.16626,1796311.3860384594,28067.365406850928,626132.3106289995,9783.317353578117,103117.84466330908,1031178.4466330908,490538.6049471662
200,bbht,qbest,5.011872336272715e-12,9530.059186166576,550390466206.7108,2261422.0513790166,35334.719552797134,788253.8769962459,12316.466828066343,115699.67529067944,1156996.7529067944,550390.4662067109
200,bbht,qbest,3.9810717055349695e-12,10593.515244655584,620891839918.9551,2846961.6872727363,44483.776363636505,992352.8366958469,15505.513073372607,130341.27431718042,1303412.7431718041,620891.839918955
200,bbht,qbest,3.1622776601683794e-12,11776.748204114781,700409226286.8739,3584112.414512044,56001.756476750685,1249298.203582428,19520.284430975436,146834.5197719176,1468345.197719176,700409.2262868739
200,bbht,qbest,2.511886431509572e-12,13093.075910279871,785865906132.8215,4512130.197356177,70502.03433369026,1572773.2553987268,24574.582115605106,164749.9126687929,1647499.1266879293,785865.9061328216
200,bbht,qbest,1.9952623149688747e-12,14557.890573272458,886483560295.3579,5680435.366775517,88756.80260586746,1980004.2182116935,30937.56590955771,185593.65854014165,1855936.5854014163,886483.5602953578
200,bbht,qbest,1.584893192461111e-12,16187.89011796754,994652560407.9629,7151244.433288013,111738.1942701252,2492677.625766342,38948.087902599094,208240.02344969835,2082400.2344969832,994652.5604079628
200,bbht,qbest,1.258925411794166e-12,18001.668419763184,1121958772006.0151,9002883.343017852,140670.05223465394,3138095.206487997,49032.73760137495,234579.8726211438,2345798.726211438,1121958.772006015
200,bbht,qbest,1e-12,20020.5225653395,1265540919283.27,11333958.619943587,177093.10343661855,3950627.8000772004,61728.559376206256,264250.85603281454,2642508.5603281455,1265540.91928327
200,fixed_point,default,0.1,8,11921865.232011857,0.00011333958619943587,1.7709310343661855e-06,3.9506278000772e-05,6.172855937620625e-07,2.1302905203868887,21.30290520386889,11.921865232011857
200,fixed_point,default,0.07943282347242814,9,13401046.522194076,0.00014268608522870533,2.2294700816985207e-06,4.973545730057675e-05,7.771165203215117e-07,2.3951215605798954,23.951215605798954,13.401046522194076
200,fixed_point,default,0.06309573444801933,10,14887529.192034753,0.00017963113860384547,2.8067365406850855e-06,6.261323106289979e-05,9.783317353578092e-07,2.6611040372210018,26.611040372210017,14.887529192034753
200,fixed_point,default,0.05011872336272722,12,17878879.186587594,0.00022614220513790133,3.5334719552797082e-06,7.882538769962448e-05,1.2316466828066326e-06,3.195950366128716,31.959503661287165,17.878879186587593
200,fixed_point,default,0.039810717055349734,13,19382053.716442153,0.00028469616872727334,4.448377636363646e-06,9.923528366958459e-05,1.5505513073372592e-06,3.46453391156198,34.6453391156198,19.38205371644215
200,fixed_point,default,0.03162277660168379,15,22404092.802383427,0.00035841124145120446,5.60017564767507e-06,0.0001249298203582428,1.952028443097544e-06,4.004188902083048,40.041889020830496,22.404092802383428
200,fixed_point,default,0.025118864315095794,17,25443335.64112642,0.0004512130197356163,7.050203433369005e-06,0.0001572773255398722,2.457458211560503e-06,4.546541898793691,45.46541898793692,25.44333564112642
200,fixed_point,default,0.01995262314968879,19,28497523.310007036,0.0005680435366775506,8.875680260586727e-06,0.00019800042182116894,3.0937565909557647e-06,5.0912324446941595,50.91232444694159,28.497523310007036
200,fixed_point,default,0.015848931924611134,21,31565552.250096153,0.0007151244433288001,1.1173819427012502e-05,0.0002492677625766338,3.894808790259903e-06,5.638097616043316,56.380976160433164,31.565552250096154
200,fixed_point,default,0.012589254117941675,23,34648240.198197134,0.0009002883343017841,1.4067005223465377e-05,0.0003138095206487994,4.90327376013749e-06,6.187311138609998,61.873111386099986,34.648240198197136
200,fixed_point,default,0.01,26,39289515.201967515,0.0011333958619943586,1.7709310343661854e-05,0.00039506278000772004,6.172855937620626e-06,7.013754659923648,70.13754659923649,39.28951520196752
200,fixed_point,default,0.007943282347242814,30,45511220.04978412,0.0014268608522870535,2.229470081698521e-05,0.0004973545730057675,7.771165203215117e-06,8.12087647401105,81.20876474011051,45.511220049784114
200,fixed_point,default,0.00630957344480193,33,50204132.42199855,0.0017963113860384554,2.8067365406850866e-05,0.0006261323106289982,9.783317353578096e-06,8.955469070056733,89.55469070056732,50.20413242199855
200,fixed_point,default,0.005011872336272725,37,56487086.117640845,0.002261422051379012,3.5334719552797064e-05,0.0007882538769962443,1.2316466828066318e-05,10.072256006308757,100.72256006308758,56.48708611764084
200,fixed_point,default,0.003981071705534969,42,64378001.94031803,0.002846961687272737,4.448377636363651e-05,0.000992352836695847,1.550551307337261e-05,11.474025670778682,114.74025670778683,64.37800194031803
200,fixed_point,default,0.0031622776601683794,47,72310519.92587948,0.003584112414512044,5.600175647675069e-05,0.001249298203582428,1.952028443097544e-05,12.882371162034424,128.82371162034426,72.31051992587948
200,fixed_point,default,0.0025118864315095794,52,80282422.03866254,0.004512130197356163,7.050203433369005e-05,0.001572773255398722,2.4574582115605033e-05,14.296985009934556,142.96985009934556,80.28242203866253
200,fixed_point,default,0.001995262314968879,59,91485389.4653838,0.005680435366775505,8.875680260586727e-05,0.0019800042182116892,3.0937565909557644e-05,16.283859145742653,162.83859145742653,91.48538946538379
200,fixed_point,default,0.001584893192461114,66,102748516.79897228,0.0071512444332879985,0.00011173819427012498,0.002492677625766337,3.894808790259902e-05,18.280279879723995,182.80279879723994,102.74851679897228
200,fixed_point,default,0.0012589254117941662,74,115679679.01849954,0.00900288334301785,0.0001406700522346539,0.003138095206487997,4.903273760137495e-05,20.571141899506586,205.71141899506586,115.67967901849953
200,fixed_point,default,0.001,83,130295267.39047055,0.011333958619943588,0.00017709310343661856,0.0039506278000772,6.172855937620625e-05,23.15902879151304,231.5902879151304,130.29526739047054
200,fixed_point,default,0.0007943282347242813,93,146611197.2990315,0.014268608522870535,0.00022294700816985212,0.004973545730057675,7.771165203215117e-05,26.046456431832432,260.46456431832434,146.6111972990315
200,fixed_point,default,0.000630957344480193,105,166277759.07409096,0.017963113860384555,0.00028067365406850867,0.006261323106289982,9.783317353578097e-05,29.524959333528273,295.2495933352827,166.27775907409097
200,fixed_point,default,0.000501187233627272,118,187688979.8711846,0.022614220513790143,0.000353347195527971,0.007882538769962451,0.0001231646682806633,33.30999846470866,333.0999846470866,187.6889798711846
200,fixed_point,default,0.0003981071705534969,132,210857240.92054918,0.028469616872727366,0.0004448377636363651,0.00992352836695847,0.0001550551307337261,37.40353240160245,374.03532401602445,210.85724092054917
200,fixed_point,default,0.00031622776601683794,148,237453455.5182457,0.03584112414512044,0.0005600175647675069,0.01249298203582428,0.0001952028443097544,42.10035500893818,421.0035500893818,237.4534555182457
200,fixed_point,default,0.00025118864315095795,166,267510650.8707368,0.04512130197356163,0.0007050203433369005,0.01572773255398722,0.0002457458211560503,47.405674960824605,474.05674960824604,267.5106508707368
200,fixed_point,default,0.00019952623149688788,186,301060806.1308119,0.056804353667755055,0.0008875680260586727,0.019800042182116895,0.0003093756590955765,53.32454837220075,533.2454837220076,301.06080613081195
200,fixed_point,default,0.00015848931924611126,209,339814561.9148425,0.07151244433288005,0.0011173819427012508,0.024926776257663395,0.00038948087902599055,60.157987520766696,601.5798752076669,339.8145619148425
200,fixed_point,default,0.0001258925411794166,234,382135477.4382617,0.09002883343017852,0.0014067005223465394,0.03138095206487997,0.0004903273760137496,67.61671749970326,676.1671749970326,382.13547743826166
200,fixed_point,default,0.0001,263,431440593.7074803,0.11333958619943586,0.0017709310343661854,0.039506278000772,0.0006172855937620625,76.3020566175661,763.020566175661,431.4405937074803
200,fixed_point,default,7.943282347242822e-05,295,486097009.41734356,0.14268608522870518,0.0022294700816985185,0.0497354573005767,0.0007771165203215109,85.92530441246429,859.2530441246429,486.0970094173436
200,fixed_point,default,6.309573444801929e-05,331,547859598.4633099,0.17963113860384558,0.002806736540685087,0.06261323106289983,0.0009783317353578098,96.79443452139655,967.9443452139656,547.8595984633098
200,fixed_point,default,5.011872336272715e-05,372,618510882.6892312,0.22614220513790165,0.0035334719552797132,0.07882538769962459,0.0012316466828066342,109.22176760338763,1092.2176760338762,618.5108826892312
200,fixed_point,default,3.9810717055349695e-05,417,696408810.9500694,0.28469616872727366,0.004448377636363651,0.09923528366958469,0.0015505513073372607,122.9171906334346,1229.171906334346,696.4088109500694
200,fixed_point,default,3.1622776601683795e-05,468,785077723.9534715,0.3584112414512044,0.005600175647675069,0.1249298203582428,0.0019520284430975436,138.49890066141944,1384.9890066141945,785.0777239534715
200,fixed_point,default,2.5118864315095822e-05,525,884616502.0116832,0.45121301973561584,0.0070502034333689975,0.15727732553987203,0.0024574582115605005,155.98252384030636,1559.8252384030636,884.6165020116831
200,fixed_point,default,1.9952623149688786e-05,589,996868091.1523821,0.5680435366775506,0.008875680260586728,0.19800042182116895,0.003093756590955765,175.68990630009105,1756.8990630009105,996.868091152382
200,fixed_point,default,1.5848931924611107e-05,661,1123700680.5335155,0.7151244433288014,0.011173819427012522,0.24926776257663424,0.00389480879025991,197.9468688777414,1979.4686887774142,1123.7006805335157
200,fixed_point,default,1.2589254117941661e-05,742,1267007170.2611206,0.9002883343017851,0.014067005223465393,0.3138095206487997,0.004903273760137495,223.08312721119924,2230.8312721119923,1267.0071702611203
200,fixed_point,default,1e-05,832,1426933019.5339339,1.1333958619943587,0.017709310343661855,0.39506278000772,0.006172855937620625,251.12168529324654,2511.2168529324654,1426.9330195339337
200,fixed_point,default,7.943282347242805e-06,934,1608953319.4141507,1.426860852287055,0.022294700816985234,0.4973545730057681,0.007771165203215126,283.01945874445124,2830.1945874445128,1608.9533194141507
200,fixed_point,default,6.30957344480193e-06,1047,1811480277.5004387,1.7963113860384556,0.02806736540685087,0.6261323106289982,0.009783317353578097,318.49499885640915,3184.949988564091,1811.4802775004387
200,fixed_point,default,5.011872336272725e-06,1175,2041856876.8068538,2.261422051379012,0.035334719552797066,0.7882538769962443,0.012316466828066317,358.83089352489833,3588.308935248983,2041.8568768068537
200,fixed_point,default,3.981071705534969e-06,1319,2302132776.451156,2.846961687272737,0.04448377636363651,0.992352836695847,0.015505513073372609,404.3815786370633,4043.815786370633,2302.1327764511566
200,fixed_point,default,3.162277660168379e-06,1480,2594376608.0827646,3.5841124145120444,0.056001756476750694,1.249298203582428,0.019520284430975438,455.5045030619773,4555.045030619774,2594.3766080827645
200,fixed_point,default,2.511886431509577e-06,1660,2922491467.245769,4.512130197356167,0.07050203433369011,1.5727732553987235,0.024574582115605054,512.8775348873902,5128.775348873901,2922.491467245769
200,fixed_point,default,1.9952623149688787e-06,1863,3294075892.474052,5.680435366775506,0.08875680260586728,1.9800042182116895,0.030937565909557648,577.8235016700231,5778.2350167002305,3294.075892474052
200,fixed_point,default,1.584893192461111e-06,2090,3711337905.01681,7.151244433288014,0.11173819427012521,2.4926776257663423,0.0389480879025991,650.7218574353867,6507.218574353868,3711.3379050168096
200,fixed_point,default,1.2589254117941661e-06,2345,4182016911.549043,9.002883343017851,0.14067005223465393,3.138095206487997,0.04903273760137495,732.9176358029345,7329.176358029345,4182.0169115490435
200,fixed_point,default,1e-06,2631,4712106583.435617,11.333958619943587,0.17709310343661855,3.9506278000772004,0.061728559376206256,825.4494772373193,8254.494772373195,4712.106583435617
200,fixed_point,default,7.943282347242805e-07,2952,5309524105.276645,14.268608522870549,0.22294700816985233,4.973545730057681,0.07771165203215126,929.6904398892934,9296.904398892935,5309.524105276645
200,fixed_point,default,6.30957344480193e-07,3312,5982283030.239914,17.963113860384556,0.2806736540685087,6.261323106289982,0.09783317353578097,1047.0287812430677,10470.287812430677,5982.283030239913
200,fixed_point,default,5.011872336272714e-07,3717,6742230299.333148,22.61422051379017,0.3533471955279714,7.88253876996246,0.12316466828066344,1179.5193978088644,11795.193978088646,6742.230299333148
200,fixed_point,default,3.981071705534969e-07,4170,7595730573.692027,28.469616872727364,0.44483776363636507,9.92352836695847,0.1550551307337261,1328.2594791235679,13282.59479123568,7595.730573692027
200,fixed_point,default,3.162277660168379e-07,4679,8558630484.069316,35.84112414512044,0.5600175647675069,12.492982035824282,0.1952028443097544,1495.9967757543782,14959.96775754378,8558.630484069316
200,fixed_point,default,2.511886431509577e-07,5250,9643194258.584064,45.12130197356168,0.7050203433369012,15.727732553987236,0.24574582115605056,1684.8519929463516,16848.519929463517,9643.194258584062
200,fixed_point,default,1.9952623149688787e-07,5890,10863724310.818027,56.80435366775506,0.8875680260586728,19.800042182116893,0.30937565909557646,1897.2983139984797,18972.983139984797,10863.724310818026
200,fixed_point,default,1.584893192461111e-07,6609,12240410069.669317,71.51244433288014,1.1173819427012521,24.92677625766342,0.38948087902599093,2136.8303833406617,21368.303833406615,12240.410069669319
200,fixed_point,default,1.2589254117941662e-07,7415,13789857426.908278,90.02883343017851,1.4067005223465392,31.380952064879967,0.4903273760137495,2406.3156795687123,24063.156795687122,13789.857426908278
200,fixed_point,default,1e-07,8320,15536545768.27002,113.33958619943587,1.7709310343661855,39.50627800077201,0.6172855937620626,2709.9874023654547,27099.87402365454,15536.545768270018
200,fixed_point,default,7.943282347242805e-08,9335,17503317833.928257,142.6860852287055,2.2294700816985236,49.735457300576805,0.7771165203215126,3051.7896432039606,30517.8964320396,17503.317833928253
200,fixed_point,default,6.30957344480193e-08,10475,19721025829.25442,179.63113860384556,2.806736540685087,62.61323106289982,0.9783317353578097,3437.053595379032,34370.53595379032,19721.025829254417
200,fixed_point,default,5.0118723362727144e-08,11753,22216996968.05208,226.14220513790167,3.5334719552797136,78.8253876996246,1.2316466828066344,3870.4925809514457,38704.92580951446,22216.99696805208
200,fixed_point,default,3.981071705534969e-08,13187,25028623081.74241,284.6961687272737,4.448377636363651,99.2352836695847,1.550551307337261,4358.5620809330085,43585.62080933008,25028.623081742408
200,fixed_point,default,3.162277660168379e-08,14796,28195693171.882557,358.41124145120443,5.600175647675069,124.92982035824281,1.9520284430975439,4908.126586081691,49081.26586081692,28195.693171882558
200,fixed_point,default,2.511886431509577e-08,16601,31762386890.468372,451.21301973561674,7.050203433369012,157.27732553987235,2.4574582115605055,5526.8049578510845,55268.04957851085,31762.386890468373
200,fixed_point,default,1.9952623149688786e-08,18627,35781288714.58715,568.0435366775506,8.875680260586728,198.00042182116894,3.0937565909557647,6223.665377500433,62236.653775004335,35781.28871458714
200,fixed_point,default,1.584893192461111e-08,20899,40305586060.73162,715.1244433288012,11.17381942701252,249.2677625766342,3.8948087902599093,7007.871129257615,70078.71129257616,40305.58606073162
200,fixed_point,default,1.2589254117941661e-08,23450,45404985120.65736,900.2883343017851,14.067005223465392,313.8095206487997,4.903273760137496,7891.438160572749,78914.3816057275,45404.98512065736
200,fixed_point,default,1e-08,26311,51145999001.892975,1133.3958619943587,17.709310343661855,395.06278000772,6.172855937620625,8885.81697942949,88858.16979429491,51145.999001892975
200,fixed_point,default,7.943282347242789e-09,29521,57611918517.12913,1426.860852287058,22.29470081698528,497.35457300576905,7.7711652032151415,10005.35152352487,100053.5152352487,57611.918517129125
200,fixed_point,default,6.309573444801943e-09,33123,64895030873.506905,1796.311386038452,28.06736540685081,626.132310628997,9.783317353578077,11265.928205507294,112659.28205507295,64895.0308735069
200,fixed_point,default,5.011872336272715e-09,37165,73098763946.50647,2261.4220513790165,35.33471955279713,788.2538769962459,12.316466828066343,12685.344981145505,126853.44981145505,73098.76394650647
200,fixed_point,default,3.981071705534969e-09,41700,82337842667.71362,2846.961687272737,44.483776363636515,992.352836695847,15.50551307337261,14283.335994280978,142833.35994280977,82337.84266771363
200,fixed_point,default,3.1622776601683795e-09,46788,92742516430.08354,3584.112414512044,56.001756476750685,1249.298203582428,19.520284430975437,16082.300047678324,160823.00047678326,92742.51643008353
200,fixed_point,default,2.511886431509572e-09,52497,104460828034.3576,4512.130197356177,70.50203433369026,1572.7732553987266,24.574582115605104,18107.689267678183,181076.89267678183,104460.8280343576
200,fixed_point,default,1.9952623149688828e-09,58903,117658870497.18071,5680.435366775494,88.7568026058671,1980.0042182116854,30.937565909557584,20388.049548888044,203880.49548888044,117658.87049718072
200,fixed_point,default,1.584893192461111e-09,66090,132521037752.05072,7151.244433288013,111.7381942701252,2492.677625766342,38.94808790259909,22955.060056295893,229550.60056295892,132521.03775205073
200,fixed_point,default,1.2589254117941663e-09,74154,149258541409.40088,9002.88334301785,140.6700522346539,3138.0952064879966,49.03273760137495,25844.99983200036,258449.99832000362,149258.54140940087
200,fixed_point,default,1e-09,83202,168107723909.9809,11333.958619943587,177.09310343661855,3950.6278000772,61.72855937620625,29098.45079701692,290984.50797016924,168107.72390998088
200,fixed_point,default,7.943282347242822e-10,93354,189334569617.65225,14268.60852287052,222.94700816985187,4973.54573005767,77.7116520321511,32761.070868952735,327610.70868952735,189334.56961765228
200,fixed_point,default,6.309573444801917e-10,104745,213239294608.32928,17963.113860384594,280.6736540685093,6261.323106289995,97.83317353578117,36884.37939688181,368843.79396881815,213239.2946083293
200,fixed_point,default,5.011872336272714e-10,117526,240158923426.90042,22614.22051379017,353.3471955279714,7882.53876996246,123.16466828066343,41526.19432239255,415261.9432239255,240158.9234269004
200,fixed_point,default,3.9810717055349694e-10,131867,270474107585.62564,28469.616872727365,444.8377636363651,9923.52836695847,155.0551307337261,46751.79989316258,467517.9989316258,270474.1075856256
200,fixed_point,default,3.1622776601683795e-10,147957,304609732424.3829,35841.12414512044,560.0175647675069,12492.98203582428,195.20284430975437,52634.04230578588,526340.4230578588,304609.7324243828
200,fixed_point,default,2.511886431509582e-10,166010,343048232160.4063,45121.30197356159,705.0203433368998,15727.732553987204,245.74582115605006,59255.614403368614,592556.1440336861,343048.2321604063
200,fixed_point,default,1.9952623149688748e-10,186267,386334648483.0682,56804.35366775517,887.5680260586745,19800.042182116933,309.3756590955771,66709.91488564145,667099.1488564146,386334.64848306816
200,fixed_point,default,1.584893192461111e-10,208995,435075358067.3982,71512.44433288013,1117.381942701252,24926.776257663423,389.480879025991,75100.81673367666,751008.1673367666,435075.3580673982
200,fixed_point,default,1.2589254117941662e-10,234496,489958166644.8964,90028.8334301785,1406.7005223465392,31380.952064879966,490.3273760137495,84546.11325343038,845461.1325343038,489958.1666448964
200,fixed_point,default,1e-10,263109,551757735344.7346,113339.58619943587,1770.9310343661855,39506.278000772,617.2855937620625,95178.43522244222,951784.3522244223,551757.7353447346
200,fixed_point,default,7.943282347242822e-11,295213,621343243042.4836,142686.0852287052,2229.4700816985187,49735.4573005767,777.116520321511,107146.55164713341,1071465.516471334,621343.2430424837
200,fixed_point,default,6.309573444801917e-11,331234,699694772632.5972,179631.13860384593,2806.7365406850927,62613.231062899955,978.3317353578118,120618.16868503913,1206181.6868503913,699694.7726325971
200,fixed_point,default,5.011872336272715e-11,371651,787917896591.6975,226142.20513790165,3533.4719552797133,78825.3876996246,1231.6466828066343,135782.41495144743,1357824.1495144744,787917.8965916976
200,fixed_point,default,3.9810717055349695e-11,416999,887251878674.9927,284696.16872727365,4448.377636363651,99235.28366958469,1550.5513073372608,152851.22656441544,1528512.2656441545,887251.8786749926
200,fixed_point,default,3.1622776601683794e-11,467880,999095557667.2069,358411.2414512044,5600.175647675069,124929.82035824281,1952.028443097544,172063.76786655732,1720637.678665573,999095.5576672069
200,fixed_point,default,2.511886431509572e-11,524971,1125027026079.7659,451213.0197356177,7050.203433369026,157277.32553987266,2457.4582115605103,193689.78005585857,1936897.800558586,1125027.0260797658
200,fixed_point,default,1.9952623149688748e-11,589027,1266812515878.3496,568043.5366775517,8875.680260586745,198000.42182116932,3093.7565909557707,218031.07270456784,2180310.727045678,1266812.5158783495
200,fixed_point,default,1.5848931924611107e-11,660899,1426449036456.0962,715124.4433288014,11173.819427012522,249267.76257663424,3894.80879025991,245428.8063839292,2454288.063839292,1426449.036456096
200,fixed_point,default,1.2589254117941662e-11,741541,1606182468588.834,900288.3343017851,14067.005223465392,313809.52064879966,4903.273760137495,276266.55337184423,2762665.5337184425,1606182.468588834
200,fixed_point,default,1e-11,832022,1808537959195.85,1133395.8619943587,17709.310343661855,395062.78000772005,6172.855937620626,310975.4651111937,3109754.651111937,1808537.9591958502
200,fixed_point,default,7.943282347242789e-12,933544,2036363647062.2383,1426860.8522870578,22294.700816985278,497354.57300576905,7771.165203215141,350041.7183013473,3500417.1830134727,2036363.6470622383
200,fixed_point,default,6.309573444801917e-12,1047454,2292862024871.09,1796311.3860384594,28067.365406850928,626132.3106289995,9783.317353578117,394011.8317480375,3940118.317480375,2292862.02487109
200,fixed_point,default,5.011872336272715e-12,1175263,2581636186128.83,2261422.0513790166,35334.719552797134,788253.8769962459,12316.466828066343,443500.5269386397,4435005.269386398,2581636.18612883
200,fixed_point,default,3.9810717055349695e-12,1318666,2906742421505.2505,2846961.6872727363,44483.776363636505,992352.8366958469,15505.513073372607,499199.66756666225,4991996.675666622,2906742.42150525
200,fixed_point,default,3.1622776601683794e-12,1479568,3272753410433.9736,3584112.414512044,56001.756476750685,1249298.203582428,19520.284430975436,561889.0002707172,5618890.002707171,3272753.4104339737
200,fixed_point,default,2.511886431509572e-12,1660103,3684805956142.38,4512130.197356177,70502.03433369026,1572773.2553987268,24574.582115605106,632444.2348865282,6324442.348865282,3684805.95614238
200,fixed_point,default,1.9952623149688747e-12,1862666,4148688684441.387,5680435.366775517,88756.80260586746,1980004.2182116935,30937.56590955771,711851.9598948734,7118519.598948735,4148688.684441387
200,fixed_point,default,1.584893192461111e-12,2089945,4670912632141.914,7151244.433288013,111738.1942701252,2492677.625766342,38948.087902599094,801221.6023626607,8012216.023626606,4670912.632141914
200,fixed_point,default,1.258925411794166e-12,2344957,5258812686712.547,9002883.343017852,140670.05223465394,3138095.206487997,49032.73760137495,901802.6600456629,9018026.600456629,5258812.686712546
200,fixed_point,default,1e-12,2631085,5920638739343.865,11333958.619943587,177093.10343661855,3950627.8000772004,61728.559376206256,1015000.1462638372,10150001.462638373,5920638.739343865
200,fixed_point,qbest,0.1,8,4728937.917304286,0.00011333958619943587,1.7709310343661855e-06,3.9506278000772e-05,6.172855937620625e-07,1.1089989095629398,11.089989095629397,4.728937917304286
200,fixed_point,qbest,0.07943282347242814,9,5315392.949126361,0.00014268608522870533,2.2294700816985207e-06,4.973545730057675e-05,7.771165203215117e-07,1.2468794611195837,12.468794611195838,5.315392949126362
200,fixed_point,qbest,0.06309573444801933,10,5904650.638296114,0.00017963113860384547,2.8067365406850855e-06,6.261323106289979e-05,9.783317353578092e-07,1.3852083983424808,13.852083983424807,5.904650638296114
200,fixed_point,qbest,0.05011872336272722,12,7090212.1279787,0.00022614220513790133,3.5334719552797082e-06,7.882538769962448e-05,1.2316466828066326e-06,1.6629683573488576,16.629683573488578,7.090212127978699
200,fixed_point,qbest,0.039810717055349734,13,7685858.109056993,0.00028469616872727334,4.448377636363646e-06,9.923528366958459e-05,1.5505513073372592e-06,1.802275409780424,18.022754097804242,7.685858109056993
200,fixed_point,qbest,0.03162277660168379,15,8883180.896226246,0.00035841124145120446,5.60017564767507e-06,0.0001249298203582428,1.952028443097544e-06,2.081873403694142,20.818734036941418,8.883180896226245
200,fixed_point,qbest,0.025118864315095794,17,10087098.278777689,0.0004512130197356163,7.050203433369005e-06,0.0001572773255398722,2.457458211560503e-06,2.3625053121633006,23.625053121633005,10.087098278777688
200,fixed_point,qbest,0.01995262314968879,19,11296740.649216076,0.0005680435366775506,8.875680260586727e-06,0.00019800042182116894,3.0937565909557647e-06,2.644026107149981,26.440261071499812,11.296740649216076
200,fixed_point,qbest,0.015848931924611134,21,12511691.079433681,0.0007151244433288001,1.1173819427012502e-05,0.0002492677625766338,3.894808790259903e-06,2.9263846645144334,29.263846645144337,12.51169107943368
200,fixed_point,qbest,0.012589254117941675,23,13732290.230138501,0.0009002883343017841,1.4067005223465377e-05,0.0003138095206487994,4.90327376013749e-06,3.209698172196146,32.09698172196146,13.7322902301385
200,fixed_point,qbest,0.01,26,15569750.200329164,0.0011333958619943586,1.7709310343661854e-05,0.00039506278000772004,6.172855937620626e-06,3.6355836320901096,36.35583632090109,15.569750200329162
200,fixed_point,qbest,0.007943282347242814,30,18032457.57407443,0.0014268608522870535,2.229470081698521e-05,0.0004973545730057675,7.771165203215117e-06,4.2053879364224365,42.053879364224365,18.032457574074428
200,fixed_point,qbest,0.00630957344480193,33,19889741.845429588,0.0017963113860384554,2.8067365406850866e-05,0.0006261323106289982,9.783317353578096e-06,4.63445301834547,46.34453018345469,19.889741845429587
200,fixed_point,qbest,0.005011872336272725,37,22375963.014441717,0.002261422051379012,3.5334719552797064e-05,0.0007882538769962443,1.2316466828066318e-05,5.208027611747536,52.08027611747535,22.37596301444172
200,fixed_point,qbest,0.003981071705534969,42,25497977.468780514,0.002846961687272737,4.448377636363651e-05,0.000992352836695847,1.550551307337261e-05,5.927155843314954,59.271558433149536,25.497977468780512
200,fixed_point,qbest,0.0031622776601683794,47,28635969.738439206,0.003584112414512044,5.600175647675069e-05,0.001249298203582428,1.952028443097544e-05,6.648861342522577,66.48861342522576,28.635969738439204
200,fixed_point,qbest,0.0025118864315095794,52,31789113.55601272,0.004512130197356163,7.050203433369005e-05,0.001572773255398722,2.4574582115605033e-05,7.3730710487538165,73.73071048753816,31.789113556012715
200,fixed_point,qbest,0.001995262314968879,59,36219600.592329554,0.005680435366775505,8.875680260586727e-05,0.0019800042182116892,3.0937565909557644e-05,8.389179138433812,83.89179138433813,36.21960059232955
200,fixed_point,qbest,0.001584893192461114,66,40673214.96995329,0.0071512444332879985,0.00011173819427012498,0.002492677625766337,3.894808790259902e-05,9.409070022011784,94.09070022011784,40.67321496995329
200,fixed_point,qbest,0.0012589254117941662,74,45785672.4082943,0.00900288334301785,0.0001406700522346539,0.003138095206487997,4.903273760137495e-05,10.57818112494562,105.7818112494562,45.785672408294296
200,fixed_point,qbest,0.001,83,51563263.82434493,0.011333958619943588,0.00017709310343661856,0.0039506278000772,6.172855937620625e-05,11.897517003418663,118.97517003418663,51.56326382434493
200,fixed_point,qbest,0.0007943282347242813,93,58012101.81372125,0.014268608522870535,0.00022294700816985212,0.004973545730057675,7.771165203215117e-05,13.36806392983806,133.6806392983806,58.01210181372125
200,fixed_point,qbest,0.000630957344480193,105,65784153.984474406,0.017963113860384555,0.00028067365406850867,0.006261323106289982,9.783317353578097e-05,15.137790748758492,151.37790748758493,65.7841539844744
200,fixed_point,qbest,0.000501187233627272,118,74244467.65747407,0.022614220513790143,0.000353347195527971,0.007882538769962451,0.0001231646682806633,17.061459823428606,170.6145982342861,74.24446765747408
200,fixed_point,qbest,0.0003981071705534969,132,83397798.8494167,0.028469616872727366,0.0004448377636363651,0.00992352836695847,0.0001550551307337261,19.13984043555746,191.3984043555746,83.3977988494167
200,fixed_point,qbest,0.00031622776601683794,148,93904035.40668696,0.03584112414512044,0.0005600175647675069,0.01249298203582428,0.0001952028443097544,21.522178415594695,215.22178415594695,93.90403540668696
200,fixed_point,qbest,0.00025118864315095795,166,105775854.78096266,0.04512130197356163,0.0007050203433369005,0.01572773255398722,0.0002457458211560503,24.210502230965904,242.10502230965903,105.77585478096265
200,fixed_point,qbest,0.00019952623149688788,186,119025539.6614504,0.056804353667755055,0.0008875680260586727,0.019800042182116895,0.0003093756590955765,27.20679495240283,272.0679495240283,119.0255396614504
200,fixed_point,qbest,0.00015848931924611126,209,134328199.39870855,0.07151244433288005,0.0011173819427012508,0.024926776257663395,0.00038948087902599055,30.662672429541026,306.62672429541027,134.32819939870853
200,fixed_point,qbest,0.0001258925411794166,234,151037227.10361227,0.09002883343017852,0.0014067005223465394,0.03138095206487997,0.0004903273760137496,34.43112881461869,344.3112881461869,151.03722710361228
200,fixed_point,qbest,0.0001,263,170501191.66622844,0.11333958619943586,0.0017709310343661854,0.039506278000772,0.0006172855937620625,38.81507944403447,388.1507944403447,170.50119166622844
200,fixed_point,qbest,7.943282347242822e-05,295,192074854.42063674,0.14268608522870518,0.0022294700816985185,0.0497354573005767,0.0007771165203215109,43.6677600555167,436.6776005551671,192.07485442063674
200,fixed_point,qbest,6.309573444801929e-05,331,216450294.9474289,0.17963113860384558,0.002806736540685087,0.06261323106289983,0.0009783317353578098,49.14348143712793,491.43481437127934,216.45029494742892
200,fixed_point,qbest,5.011872336272715e-05,372,244330197.58420327,0.22614220513790165,0.0035334719552797132,0.07882538769962459,0.0012316466828066342,55.39823263813403,553.9823263813404,244.3301975842033
200,fixed_point,qbest,3.9810717055349695e-05,417,275065829.4988718,0.28469616872727366,0.004448377636363651,0.09923528366958469,0.0015505513073372607,62.2847327906254,622.8473279062539,275.06582949887184
200,fixed_point,qbest,3.1622776601683795e-05,468,310046920.7622099,0.3584112414512044,0.005600175647675069,0.1249298203582428,0.0019520284430975436,70.11242275004497,701.1242275004497,310.0469207622099
200,fixed_point,qbest,2.5118864315095822e-05,525,349311445.2643961,0.45121301973561584,0.0070502034333689975,0.15727732553987203,0.0024574582115605005,78.88742303284715,788.8742303284714,349.31144526439607
200,fixed_point,qbest,1.9952623149688786e-05,589,393585278.7138499,0.5680435366775506,0.008875680260586728,0.19800042182116895,0.003093756590955765,88.7694279194976,887.694279194976,393.5852787138499
200,fixed_point,qbest,1.5848931924611107e-05,661,443603982.5861866,0.7151244433288014,0.011173819427012522,0.24926776257663424,0.00389480879025991,99.91967259495968,999.196725949597,443.60398258618653
200,fixed_point,qbest,1.2589254117941661e-05,742,500112602.22655416,0.9002883343017851,0.014067005223465393,0.3138095206487997,0.004903273760137495,112.50090645983659,1125.0090645983657,500.1126022265541
200,fixed_point,qbest,1e-05,832,563167009.630168,1.1333958619943587,0.017709310343661855,0.39506278000772,0.006172855937620625,126.52215840513995,1265.2215840513995,563.1670096301679
200,fixed_point,qbest,7.943282347242805e-06,934,634924114.5828055,1.426860852287055,0.022294700816985234,0.4973545730057681,0.007771165203215126,142.45899202280205,1424.5899202280207,634.9241145828055
200,fixed_point,qbest,6.30957344480193e-06,1047,714756074.7899845,1.7963113860384556,0.02806736540685087,0.6261323106289982,0.009783317353578097,160.16761871749293,1601.6761871749293,714.7560747899845
200,fixed_point,qbest,5.011872336272725e-06,1175,805555187.2408127,2.261422051379012,0.035334719552797066,0.7882538769962443,0.012316466828066317,180.28466742450175,1802.8466742450173,805.5551872408126
200,fixed_point,qbest,3.981071705534969e-06,1319,908126667.7132276,2.846961687272737,0.04448377636363651,0.992352836695847,0.015505513073372609,202.98251231359168,2029.8251231359168,908.1266677132276
200,fixed_point,qbest,3.162277660168379e-06,1480,1023283026.8856928,3.5841124145120444,0.056001756476750694,1.249298203582428,0.019520284430975438,228.4347238760694,2284.347238760694,1023.2830268856927
200,fixed_point,qbest,2.511886431509577e-06,1660,1152559342.4936762,4.512130197356167,0.07050203433369011,1.5727732553987235,0.024574582115605054,256.97391295291413,2569.739129529141,1152.5593424936762
200,fixed_point,qbest,1.9952623149688787e-06,1863,1298945968.3066838,5.680435366775506,0.08875680260586728,1.9800042182116895,0.030937565909557648,289.2523091892444,2892.5230918924435,1298.9459683066839
200,fixed_point,qbest,1.584893192461111e-06,2090,1463308932.5442624,7.151244433288014,0.11173819427012521,2.4926776257663423,0.0389480879025991,325.4520771453794,3254.520771453794,1463.3089325442625
200,fixed_point,qbest,1.2589254117941661e-06,2345,1648692654.9544334,9.002883343017851,0.14067005223465393,3.138095206487997,0.04903273760137495,366.23408323902044,3662.3408323902045,1648.6926549544335
200,fixed_point,qbest,1e-06,2631,1857453065.910411,11.333958619943587,0.17709310343661855,3.9506278000772004,0.061728559376206256,412.10565191378697,4121.056519137869,1857.4530659104107
200,fixed_point,qbest,7.943282347242805e-07,2952,2092702817.3839016,14.268608522870549,0.22294700816985233,4.973545730057681,0.07771165203215126,463.7385495033623,4637.385495033624,2092.7028173839017
200,fixed_point,qbest,6.30957344480193e-07,3312,2357591552.907888,17.963113860384556,0.2806736540685087,6.261323106289982,0.09783317353578097,521.810462811153,5218.104628111531,2357.591552907888
200,fixed_point,qbest,5.011872336272714e-07,3717,2656777097.17627,22.61422051379017,0.3533471955279714,7.88253876996246,0.12316466828066344,587.3270570721692,5873.270570721691,2656.7770971762698
200,fixed_point,qbest,3.981071705534969e-07,4170,2992757808.3074,28.469616872727364,0.44483776363636507,9.92352836695847,0.1550551307337261,660.8185027711684,6608.185027711684,2992.7578083074
200,fixed_point,qbest,3.162277660168379e-07,4679,3371763519.5473857,35.84112414512044,0.5600175647675069,12.492982035824282,0.1952028443097544,743.6286392065495,7436.286392065495,3371.763519547386
200,fixed_point,qbest,2.511886431509577e-07,5250,3798612229.711045,45.12130197356168,0.7050203433369012,15.727732553987236,0.24574582115605056,836.7887587682876,8367.887587682877,3798.612229711044
200,fixed_point,qbest,1.9952623149688787e-07,5890,4278922661.433482,56.80435366775506,0.8875680260586728,19.800042182116893,0.30937565909557646,941.5016021926806,9415.016021926805,4278.922661433482
200,fixed_point,qbest,1.584893192461111e-07,6609,4820628315.687154,71.51244433288014,1.1173819427012521,24.92677625766342,0.38948087902599093,1059.470149326203,10594.701493262028,4820.628315687153
200,fixed_point,qbest,1.2589254117941662e-07,7415,5430250458.104924,90.02883343017851,1.4067005223465392,31.380952064879967,0.4903273760137495,1192.0848504916182,11920.848504916183,5430.250458104923
200,fixed_point,qbest,1e-07,8320,6117405971.356344,113.33958619943587,1.7709310343661855,39.50627800077201,0.6172855937620626,1341.4045731309784,13414.045731309785,6117.405971356344
200,fixed_point,qbest,7.943282347242805e-08,9335,6891065170.2583065,142.6860852287055,2.2294700816985236,49.735457300576805,0.7771165203215126,1509.3414627904003,15093.414627904005,6891.065170258306
200,fixed_point,qbest,6.30957344480193e-08,10475,7763346141.5736265,179.63113860384556,2.806736540685087,62.61323106289982,0.9783317353578097,1698.4843390770952,16984.84339077095,7763.3461415736265
200,fixed_point,qbest,5.0118723362727144e-08,11753,8744977245.681004,226.14220513790167,3.5334719552797136,78.8253876996246,1.2316466828066344,1911.113179406161,19111.13179406161,8744.977245681004
200,fixed_point,qbest,3.981071705534969e-08,13187,9850641794.186054,284.6961687272737,4.448377636363651,99.2352836695847,1.550551307337261,2150.3569814310267,21503.569814310267,9850.641794186053
200,fixed_point,qbest,3.162277660168379e-08,14796,11095961568.688648,358.41124145120443,5.600175647675069,124.92982035824281,1.9520284430975439,2419.5381149149084,24195.381149149085,11095.961568688648
200,fixed_point,qbest,2.511886431509577e-08,16601,12498280345.140865,451.21301973561674,7.050203433369012,157.27732553987235,2.4574582115605055,2722.340924951519,27223.40924951519,12498.280345140864
200,fixed_point,qbest,1.9952623149688786e-08,18627,14078241350.33461,568.0435366775506,8.875680260586728,198.00042182116894,3.0937565909557647,3063.150513410132,30631.505134101324,14078.241350334609
200,fixed_point,qbest,1.584893192461111e-08,20899,15856719256.426931,715.1244433288012,11.17381942701252,249.2677625766342,3.8948087902599093,3446.3890343494404,34463.89034349441,15856.719256426932
200,fixed_point,qbest,1.2589254117941661e-08,23450,17861075924.658386,900.2883343017851,14.067005223465392,313.8095206487997,4.903273760137496,3877.8621371928994,38778.621371928995,17861.075924658384
200,fixed_point,qbest,1e-08,26311,20117410943.335594,1133.3958619943587,17.709310343661855,395.06278000772,6.172855937620625,4363.087143925441,43630.87143925441,20117.41094333559
200,fixed_point,qbest,7.943282347242789e-09,29521,22658410438.681244,1426.860852287058,22.29470081698528,497.35457300576905,7.7711652032151415,4908.980671867424,49089.806718674234,22658.410438681247
200,fixed_point,qbest,6.309573444801943e-09,33123,25520286977.211067,1796.311386038452,28.06736540685081,626.132310628997,9.783317353578077,5523.196218425163,55231.96218425163,25520.286977211064
200,fixed_point,qbest,5.011872336272715e-09,37165,28743620927.939774,2261.4220513790165,35.33471955279713,788.2538769962459,12.316466828066343,6214.301915014497,62143.01915014498,28743.62092793977
200,fixed_point,qbest,3.981071705534969e-09,41700,32373420480.379707,2846.961687272737,44.483776363636515,992.352836695847,15.50551307337261,6991.790104048307,69917.90104048306,32373.420480379704
200,fixed_point,qbest,3.1622776601683795e-09,46788,36460780886.049774,3584.112414512044,56.001756476750685,1249.298203582428,19.520284430975437,7866.429057602299,78664.290576023,36460.780886049775
200,fixed_point,qbest,2.511886431509572e-09,52497,41063773637.215645,4512.130197356177,70.50203433369026,1572.7732553987266,24.574582115605104,8850.448290841377,88504.48290841376,41063.77363721564
200,fixed_point,qbest,1.9952623149688828e-09,58903,46247545008.86978,5680.435366775494,88.7568026058671,1980.0042182116854,30.937565909557584,9957.554250790045,99575.54250790045,46247.545008869776
200,fixed_point,qbest,1.584893192461111e-09,66090,52084412268.66669,7151.244433288013,111.7381942701252,2492.677625766342,38.94808790259909,11202.94566068789,112029.4566068789,52084.41226866669
200,fixed_point,qbest,1.2589254117941663e-09,74154,58657205877.02256,9002.88334301785,140.6700522346539,3138.0952064879966,49.03273760137495,12604.020605658308,126040.20605658308,58657.205877022556
200,fixed_point,qbest,1e-09,83202,66058603665.76477,11333.958619943587,177.09310343661855,3950.6278000772,61.72855937620625,14180.226768068102,141802.26768068102,66058.60366576476
200,fixed_point,qbest,7.943282347242822e-10,93354,74392898917.33539,14268.60852287052,222.94700816985187,4973.54573005767,77.7116520321511,15953.430430700451,159534.30430700452,74392.89891733538
200,fixed_point,qbest,6.309573444801917e-10,104745,83777798595.7809,17963.113860384594,280.6736540685093,6261.323106289995,97.83317353578117,17948.290173327285,179482.90173327285,83777.79859578089
200,fixed_point,qbest,5.011872336272714e-10,117526,94345430649.4701,22614.22051379017,353.3471955279714,7882.53876996246,123.16466828066343,20192.461019545597,201924.61019545599,94345.43064947009
200,fixed_point,qbest,3.9810717055349694e-10,131867,106245015952.14128,28469.616872727365,444.8377636363651,9923.52836695847,155.0551307337261,22717.15091554513,227171.50915545132,106245.01595214129
200,fixed_point,qbest,3.1622776601683795e-10,147957,119643101206.81264,35841.12414512044,560.0175647675069,12492.98203582428,195.20284430975437,25557.157906097706,255571.57906097706,119643.10120681263
200,fixed_point,qbest,2.511886431509582e-10,166010,134728779275.42276,45121.30197356159,705.0203433368998,15727.732553987204,245.74582115605006,28751.963384931805,287519.6338493181,134728.77927542274
200,fixed_point,qbest,1.9952623149688748e-10,186267,151715667265.4984,56804.35366775517,887.5680260586745,19800.042182116933,309.3756590955771,32346.134346408377,323461.34346408374,151715.6672654984
200,fixed_point,qbest,1.584893192461111e-10,208995,170841399804.25403,71512.44433288013,1117.381942701252,24926.776257663423,389.480879025991,36389.199181228265,363891.99181228265,170841.39980425403
200,fixed_point,qbest,1.2589254117941662e-10,234496,192375506072.12125,90028.8334301785,1406.7005223465392,31380.952064879966,490.3273760137495,40937.294769730586,409372.9476973059,192375.50607212124
200,fixed_point,qbest,1e-10,263109,216621529012.42923,113339.58619943587,1770.9310343661855,39506.278000772,617.2855937620625,46053.59122987473,460535.9122987473,216621.5290124292
200,fixed_point,qbest,7.943282347242822e-11,295213,243920021159.5779,142686.0852287052,2229.4700816985187,49735.4573005767,777.116520321511,51808.90016535254,518089.0016535254,243920.02115957788
200,fixed_point,qbest,6.309573444801917e-11,331234,274654961527.69662,179631.13860384593,2806.7365406850927,62613.231062899955,978.3317353578118,58283.001063277756,582830.0106327776,274654.96152769664
200,fixed_point,qbest,5.011872336272715e-11,371651,309259463764.9935,226142.20513790165,3533.4719552797133,78825.3876996246,1231.6466828066343,65565.81293115196,655658.1293115196,309259.4637649935
200,fixed_point,qbest,3.9810717055349695e-11,416999,348218978552.3693,284696.16872727365,4448.377636363651,99235.28366958469,1550.5513073372608,73758.0345194298,737580.345194298,348218.9785523693
200,fixed_point,qbest,3.1622776601683794e-11,467880,392081429449.509,358411.2414512044,5600.175647675069,124929.82035824281,1952.028443097544,82973.23882079084,829732.3882079086,392081.4294495089
200,fixed_point,qbest,2.511886431509572e-11,524971,441464911604.6636,451213.0197356177,7050.203433369026,157277.32553987266,2457.4582115605103,93339.44709294577,933394.4709294578,441464.9116046635
200,fixed_point,qbest,1.9952623149688748e-11,589027,497061155886.25433,568043.5366775517,8875.680260586745,198000.42182116932,3093.7565909557707,104999.80900012866,1049998.0900012865,497061.15588625433
200,fixed_point,qbest,1.5848931924611107e-11,660899,559652225785.1935,715124.4433288014,11173.819427012522,249267.76257663424,3894.80879025991,118116.0534901554,1181160.534901554,559652.2257851935
200,fixed_point,qbest,1.2589254117941662e-11,741541,630117585336.4369,900288.3343017851,14067.005223465392,313809.52064879966,4903.273760137495,132869.90884756594,1328699.0884756595,630117.5853364369
200,fixed_point,qbest,1e-11,832022,709445987405.9221,1133395.8619943587,17709.310343661855,395062.78000772005,6172.855937620626,149465.52688498324,1494655.2688498325,709445.987405922
200,fixed_point,qbest,7.943282347242789e-12,933544,798752583340.2595,1426860.8522870578,22294.700816985278,497354.57300576905,7771.165203215141,168132.98858136917,1681329.885813692,798752.5833402595
200,fixed_point,qbest,6.309573444801917e-12,1047454,899291180670.9945,1796311.3860384594,28067.365406850928,626132.3106289995,9783.317353578117,189130.782976908,1891307.8297690803,899291.1806709943
200,fixed_point,qbest,5.011872336272715e-12,1175263,1012472330506.3041,2261422.0513790166,35334.719552797134,788253.8769962459,12316.466828066343,212749.49280208242,2127494.928020824,1012472.3305063039
200,fixed_point,qbest,3.9810717055349695e-12,1318666,1139883898055.706,2846961.6872727363,44483.776363636505,992352.8366958469,15505.513073372607,239315.98573487747,2393159.8573487746,1139883.8980557062
200,fixed_point,qbest,3.1622776601683794e-12,1479568,1283315777213.409,3584112.414512044,56001.756476750685,1249298.203582428,19520.284430975436,269198.45055169746,2691984.5055169747,1283315.777213409
200,fixed_point,qbest,2.511886431509572e-12,1660103,1444778540271.5093,4512130.197356177,70502.03433369026,1572773.2553987268,24574.582115605106,302810.15177677566,3028101.5177677567,1444778.5402715092
200,fixed_point,qbest,1.9952623149688747e-12,1862666,1626537742844.0828,5680435.366775517,88756.80260586746,1980004.2182116935,30937.56590955771,340616.43268163,3406164.326816301,1626537.7428440826
200,fixed_point,qbest,1.584893192461111e-12,2089945,1831141508870.0286,7151244.433288013,111738.1942701252,2492677.625766342,38948.087902599094,383140.2842284825,3831402.8422848256,1831141.5088700287
200,fixed_point,qbest,1.258925411794166e-12,2344957,2061460198483.4414,9002883.343017852,140670.05223465394,3138095.206487997,49032.73760137495,430970.41500425246,4309704.150042524,2061460.1984834415
200,fixed_point,qbest,1e-12,2631085,2320722029773.0366,11333958.619943587,177093.10343661855,3950627.8000772004,61728.559376206256,484768.4435035485,4847684.435035486,2320722.029773037
