instance,n,k,seed,role,M,C,n_components,has_islands,sampler,kind,tuning,topo,param,t,cost,cost_ub,cost_x10,gpc,gap,self_proposal,feasible_proposal,move_rate,between_island,auc,frac_infeasible_le_max_feasible
f12s0,12,5,0.0,tune,33,792,5,True,ctrw0,,step,complete,0.0,0.5105158491181254,17.86805471913439,17.86805471913439,17.86805471913439,0.0023254604498701816,0.041551454565463275,0.0012939230196897704,0.041749962765105786,0.04045603974541598,0.029127908886910893,,
f12s0,12,5,0.0,tune,33,792,5,True,ctrw0,,cost,complete,0.0,0.1,3.5,3.5,3.5,0.007353359174885681,0.025736757112099884,0.039037227063397566,0.08657533714540368,0.04753811008200609,0.021677775048067307,,
f12s0,12,5,0.0,tune,33,792,5,True,ctrwT,indicator,step,complete,4.0,8.851673390820459,26.213276666124298,309.80856867871603,26.213276666124298,0.026496875544465125,0.6945699294349272,0.022281209125295926,0.7036017580117294,0.6813205488864317,0.48669207058082503,1.0,0.0
f12s0,12,5,0.0,tune,33,792,5,True,ctrwT,indicator,cost,ring,16.0,20.0,1.4186252328245998e-05,127.27272727272727,1.4186252328245998e-05,0.22010764173889763,3.1225025450831723e-06,0.9999894018626265,0.9999974555804634,8.053717836592904e-06,5.2134305635211785e-06,1.0,0.0
f12s0,12,5,0.0,tune,33,792,5,True,ctrwT,surrogate,step,complete,2.0,0.7673818741681168,18.021242359758887,26.858365595884088,18.021242359758887,0.0033696509263179478,0.06072529601096177,0.002219129377019319,0.07112215016127967,0.06494384013550934,0.045748023794997504,0.7098654529484569,0.5111989459815547
f12s0,12,5,0.0,tune,33,792,5,True,ctrwT,surrogate,cost,complete,1.0,0.1,2.604668122471391,3.5,2.604668122471391,0.009845245148580975,0.025643596196424978,0.08746548692074385,0.15202857925160018,0.06342836871762648,0.022862179087833,0.7098654529484569,0.5111989459815547
f12s0,12,5,0.0,tune,33,792,5,True,ctrwT,violation,step,complete,32.0,20.0,87.2608853782823,700.0,87.2608853782823,0.006563615529090677,0.5727469023510953,0.01736673003043382,0.5729100709241862,0.5555433408937508,0.4008370842847796,1.0,0.0
f12s0,12,5,0.0,tune,33,792,5,True,ctrwT,violation,cost,complete,16.0,1.733868479521449,11.058130857286875,60.68539678325072,11.058130857286875,0.028786308279499767,0.31832276385290903,0.015611141817948888,0.3808199369935903,0.36520879517564114,0.24628330251725136,1.0,0.0
f12s0,12,5,0.0,tune,33,792,5,True,indep,,step,,0.0,0.0,5.0,5.0,5.0,0.008333333333333037,0.041666666666665186,0.0012626262626262627,0.041666666666666685,0.04040404040404041,0.029155188246097342,,
f12s0,12,5,0.0,tune,33,792,5,True,indep,,cost,,0.0,0.0,5.0,5.0,5.0,0.008333333333333037,0.041666666666665186,0.0012626262626262627,0.041666666666666685,0.04040404040404041,0.029155188246097342,,
f12s0,12,5,0.0,tune,33,792,5,True,multi,,step,,9.0,0.0,9.0,9.0,9.0,0.004495735363647409,0.04046161827282668,0.0015891945810583919,0.04253707919832124,0.040947884617262856,0.028870051865857265,,
f12s0,12,5,0.0,tune,33,792,5,True,multi,,cost,,3.0,0.0,3.0,3.0,3.0,0.008913622794827028,0.026740868384481087,0.008163265306122445,0.05648555526106544,0.048322289954943,0.02419436345966958,,
f12s0,12,5,0.0,tune,33,792,5,True,qe,indicator,step,complete,32.0,5.8887494080177145,15015.0,15015.0,26355.0,2.7471102544853538e-05,0.41247860471097586,0.10367594287234011,0.8721253981987457,0.7684494553264056,0.4723948546505088,1.0,0.0
f12s0,12,5,0.0,tune,33,792,5,True,qe,indicator,cost,complete,16.0,0.22594597786155107,143.0,143.0,251.0,0.0003110048126139475,0.04447368820379449,0.3017929977606539,0.44383341654362546,0.14204041878297166,0.03442903570117813,1.0,0.0
f12s0,12,5,0.0,tune,33,792,5,True,qe,surrogate,step,ring,0.5,3.9176060908879475,410.0,410.0,410.0,0.000133420398148384,0.05470236324083744,0.0013730270541454236,0.11275441923747721,0.11138139218333178,0.09447881464632304,0.7098654529484569,0.5111989459815547
f12s0,12,5,0.0,tune,33,792,5,True,qe,surrogate,cost,ring,0.5,3.9176060908879475,410.0,410.0,410.0,0.000133420398148384,0.05470236324083744,0.0013730270541454236,0.11275441923747721,0.11138139218333178,0.09447881464632304,0.7098654529484569,0.5111989459815547
f12s0,12,5,0.0,tune,33,792,5,True,qe,violation,step,complete,32.0,8.851673390820459,129987.0,129987.0,228159.0,8.588569875498006e-07,0.11164024324063593,0.010617118605580143,0.20845177000476528,0.1978346513991851,0.1316628219943258,1.0,0.0
f12s0,12,5,0.0,tune,33,792,5,True,qe,violation,cost,ring,0.5,3.9176060908879475,350.0,350.0,1430.0,0.00015302874435561473,0.05356006052446516,0.0009579969157908635,0.11144912485518627,0.1104911279393954,0.09325794192119674,1.0,0.0
f12s0,12,5,0.0,tune,33,792,5,True,swap,,step,,0.0,0.0,1.0,1.0,1.0,0.0,0.0,0.0,0.06753246753246754,0.06753246753246754,0.0,,
f12s0,12,5,0.0,tune,33,792,5,True,swap,,cost,,0.0,0.0,1.0,1.0,1.0,0.0,0.0,0.0,0.06753246753246754,0.06753246753246754,0.0,,
f12s1,12,5,1.0,tune,21,792,5,True,ctrw0,,step,complete,0.0,0.5105158491181254,17.86805471913439,17.86805471913439,17.86805471913439,0.001477369241856304,0.026397714453854526,0.0012939230196897706,0.026623345753903974,0.025329422734214194,0.018896549974216383,,
f12s1,12,5,1.0,tune,21,792,5,True,ctrw0,,cost,complete,0.0,0.1,3.5,3.5,3.5,0.003999307372444408,0.013997575803555429,0.03903722706339755,0.07383050293238647,0.0347932758689889,0.016429590792460532,,
f12s1,12,5,1.0,tune,21,792,5,True,ctrwT,indicator,step,complete,4.0,8.851673390820459,22.22586441604673,309.80856867871603,22.22586441604673,0.02656560882940513,0.5904436199720923,0.029639985539486245,0.5979333901764556,0.568293404636969,0.42096134160921495,1.0,0.0
f12s1,12,5,1.0,tune,21,792,5,True,ctrwT,indicator,cost,ring,16.0,20.0,1.9047758376882986,127.27272727272727,1.9047758376882986,1.832257660142217e-06,3.490040119458193e-06,0.9523710282922356,0.9999961983273212,0.04762517003508552,4.605871717300962e-06,1.0,0.0
f12s1,12,5,1.0,tune,21,792,5,True,ctrwT,surrogate,step,complete,2.0,0.7673818741681168,17.57542710021671,26.858365595884088,17.57542710021671,0.002145615185532757,0.037710103278448925,0.0024336345263090246,0.04970926096250706,0.043415328223044475,0.031894718877533944,0.8150206905070718,0.4798962386511025
f12s1,12,5,1.0,tune,21,792,5,True,ctrwT,surrogate,cost,complete,1.0,0.1,2.5697107649135744,3.5,2.5697107649135744,0.005360189741224444,0.013774137280003762,0.09033323616085576,0.14212654195750188,0.05051214295866988,0.01893182577027344,0.8150206905070718,0.4798962386511025
f12s1,12,5,1.0,tune,21,792,5,True,ctrwT,violation,step,complete,32.0,20.0,79.60633847013793,700.0,79.60633847013793,0.005106983739376167,0.4065482761182698,0.020527181744782727,0.4200861992326176,0.399559017487834,0.29681506385958273,1.0,0.0
f12s1,12,5,1.0,tune,21,792,5,True,ctrwT,violation,cost,complete,16.0,1.733868479521449,10.96557274193081,60.68539678325072,10.96557274193081,0.015846565327810203,0.17376666481186143,0.019712124600092442,0.2613010518748172,0.24158892727472453,0.1572232478141004,1.0,0.0
f12s1,12,5,1.0,tune,21,792,5,True,indep,,step,,0.0,0.0,5.0,5.0,5.0,0.005303030303030032,0.02651515151515016,0.001262626262626263,0.026515151515151523,0.025252525252525262,0.018879268879268885,,
f12s1,12,5,1.0,tune,21,792,5,True,indep,,cost,,0.0,0.0,5.0,5.0,5.0,0.005303030303030032,0.02651515151515016,0.001262626262626263,0.026515151515151523,0.025252525252525262,0.018879268879268885,,
f12s1,12,5,1.0,tune,21,792,5,True,multi,,step,,9.0,0.0,9.0,9.0,9.0,0.0028096375075436436,0.025286737567892792,0.0015891945810583917,0.027646036737930285,0.02605684215687189,0.019060254970821738,,
f12s1,12,5,1.0,tune,21,792,5,True,multi,,cost,,3.0,0.0,3.0,3.0,3.0,0.004548518546003725,0.013645555638011175,0.008163265306122443,0.043863945578231284,0.035700680272108834,0.019174232958489516,,
f12s1,12,5,1.0,tune,21,792,5,True,qe,indicator,step,complete,32.0,5.8887494080177145,15015.0,15015.0,26355.0,2.3243225078015895e-05,0.3489970245464087,0.11770439744145296,0.8535010706059587,0.7357966731645055,0.35745129548692717,1.0,0.0
f12s1,12,5,1.0,tune,21,792,5,True,qe,indicator,cost,complete,16.0,0.22594597786155107,143.0,143.0,251.0,0.00021162187654811016,0.03026192834637975,0.30275686343363695,0.40527814520145794,0.10252128176782106,0.023728221314564785,1.0,0.0
f12s1,12,5,1.0,tune,21,792,5,True,qe,surrogate,step,ring,0.5,3.9176060908879475,410.0,410.0,410.0,2.3098460299695906e-05,0.009470368722875322,0.001246194416292775,0.05031962465477211,0.04907343023847933,0.0417645046890958,0.8150206905070718,0.4798962386511025
f12s1,12,5,1.0,tune,21,792,5,True,qe,surrogate,cost,ring,0.5,3.9176060908879475,410.0,410.0,410.0,2.3098460299695906e-05,0.009470368722875322,0.001246194416292775,0.05031962465477211,0.04907343023847933,0.0417645046890958,0.8150206905070718,0.4798962386511025
f12s1,12,5,1.0,tune,21,792,5,True,qe,violation,step,complete,32.0,8.851673390820459,128557.0,128557.0,225649.0,4.833358936110419e-07,0.06213621247495471,0.014138553614062506,0.12202878620406606,0.10789023259000355,0.07438789206650698,1.0,0.0
f12s1,12,5,1.0,tune,21,792,5,True,qe,violation,cost,ring,0.5,3.9176060908879475,350.0,350.0,1430.0,2.67322447120133e-05,0.009356285649204654,0.0009322964065413786,0.04872163583555363,0.047789339429012256,0.04094998767317824,1.0,0.0
f12s1,12,5,1.0,tune,21,792,5,True,swap,,step,,0.0,0.0,1.0,1.0,1.0,0.0,0.0,0.0,0.05442176870748298,0.05442176870748298,0.0,,
f12s1,12,5,1.0,tune,21,792,5,True,swap,,cost,,0.0,0.0,1.0,1.0,1.0,0.0,0.0,0.0,0.05442176870748298,0.05442176870748298,0.0,,
f12s2,12,5,2.0,tune,21,792,6,True,ctrw0,,step,complete,0.0,0.5105158491181254,17.86805471913439,17.86805471913439,17.86805471913439,0.001478157984555579,0.026411807751564487,0.0012939230196897702,0.026605648831249135,0.025311725811559344,0.01863841904507763,,
f12s2,12,5,2.0,tune,21,792,6,True,ctrw0,,cost,complete,0.0,0.1,3.5,3.5,3.5,0.004011576557604757,0.014040517951616649,0.03903722706339756,0.07352581025103302,0.03448858318763543,0.014769640902373852,,
f12s2,12,5,2.0,tune,21,792,6,True,ctrwT,indicator,step,complete,4.0,8.851673390820459,24.708592798170503,309.80856867871603,24.708592798170503,0.02387867513745209,0.5900084605311018,0.029881514217913366,0.5979353073816075,0.5680537931636923,0.4154890101507621,1.0,0.0
f12s2,12,5,2.0,tune,21,792,6,True,ctrwT,indicator,cost,ring,16.0,20.0,1.3075515538809155e-05,127.27272727272727,1.3075515538809155e-05,0.13667074621449155,1.7870404658282268e-06,0.9999903610166979,0.9999962850020794,5.9239853810687255e-06,3.955189114373133e-06,1.0,0.0
f12s2,12,5,2.0,tune,21,792,6,True,ctrwT,surrogate,step,complete,2.0,0.7673818741681168,17.472780251362355,26.858365595884088,17.472780251362355,0.002209860982054525,0.03861241532549853,0.002481471954015025,0.050644498497198216,0.04468358412443533,0.03219771533073355,0.8468902476684578,0.4604409857328145
f12s2,12,5,2.0,tune,21,792,6,True,ctrwT,surrogate,cost,complete,1.0,0.1,2.5628095518276606,3.5,2.5628095518276606,0.005270770320055196,0.013507980521727192,0.09091999183982305,0.1428179094227938,0.05095486290650415,0.01665782277396514,0.8468902476684578,0.4604409857328145
f12s2,12,5,2.0,tune,21,792,6,True,ctrwT,violation,step,complete,32.0,20.0,92.48990382079577,700.0,92.48990382079577,0.004111451952294023,0.38026779563149715,0.021294405048162053,0.40843048307773505,0.3871360780295711,0.2837280416859743,1.0,0.0
f12s2,12,5,2.0,tune,21,792,6,True,ctrwT,violation,cost,complete,16.0,1.733868479521449,11.791858051197169,60.68539678325072,11.791858051197169,0.014002056154098332,0.1651102585940193,0.02121452323451808,0.2586411001092729,0.23742657687475455,0.15811510928747424,1.0,0.0
f12s2,12,5,2.0,tune,21,792,6,True,indep,,step,,0.0,0.0,5.0,5.0,5.0,0.005303030303030032,0.02651515151515016,0.001262626262626263,0.026515151515151523,0.025252525252525262,0.018638768638768642,,
f12s2,12,5,2.0,tune,21,792,6,True,indep,,cost,,0.0,0.0,5.0,5.0,5.0,0.005303030303030032,0.02651515151515016,0.001262626262626263,0.026515151515151523,0.025252525252525262,0.018638768638768642,,
f12s2,12,5,2.0,tune,21,792,6,True,multi,,step,,9.0,0.0,9.0,9.0,9.0,0.002826008519868053,0.02543407667881248,0.0015891945810583917,0.027460812666183915,0.02587161808512552,0.018635287711828468,,
f12s2,12,5,2.0,tune,21,792,6,True,multi,,cost,,3.0,0.0,3.0,3.0,3.0,0.004560389316337991,0.013681167949013973,0.008163265306122443,0.042249062890462284,0.03408579758433984,0.016864084409273918,,
f12s2,12,5,2.0,tune,21,792,6,True,qe,indicator,step,complete,32.0,5.8887494080177145,15015.0,15015.0,26355.0,1.2037988838160556e-05,0.18075040240498075,0.1625054048058145,0.8522622298459192,0.6897568250401047,0.2872659369977816,1.0,0.0
f12s2,12,5,2.0,tune,21,792,6,True,qe,indicator,cost,complete,16.0,0.22594597786155107,143.0,143.0,251.0,0.00018179842016574245,0.02599717408370117,0.301653561886772,0.41837816588025833,0.11672460399348634,0.022555121598164106,1.0,0.0
f12s2,12,5,2.0,tune,21,792,6,True,qe,surrogate,step,ring,0.5,3.9176060908879475,410.0,410.0,410.0,2.553566466265402e-05,0.010469622511688148,0.0012926355983690133,0.06414146515169883,0.0628488295533298,0.05844026362140524,0.8468902476684578,0.4604409857328145
f12s2,12,5,2.0,tune,21,792,6,True,qe,surrogate,cost,ring,0.5,3.9176060908879475,410.0,410.0,410.0,2.553566466265402e-05,0.010469622511688148,0.0012926355983690133,0.06414146515169883,0.0628488295533298,0.05844026362140524,0.8468902476684578,0.4604409857328145
f12s2,12,5,2.0,tune,21,792,6,True,qe,violation,step,complete,32.0,8.851673390820459,132990.0,132990.0,233430.0,2.987817381970056e-07,0.039734983362819776,0.023477889386135396,0.1504561762237768,0.1269782868376414,0.06169239440940079,1.0,0.0
f12s2,12,5,2.0,tune,21,792,6,True,qe,violation,cost,ring,0.5,3.9176060908879475,350.0,350.0,1430.0,3.2882766415715764e-05,0.011508968245500517,0.0012201560738046419,0.06528888475882892,0.06406872868502426,0.05934522363032545,1.0,0.0
f12s2,12,5,2.0,tune,21,792,6,True,swap,,step,,0.0,0.0,1.0,1.0,1.0,0.0,0.0,0.0,0.06258503401360543,0.06258503401360543,0.0,,
f12s2,12,5,2.0,tune,21,792,6,True,swap,,cost,,0.0,0.0,1.0,1.0,1.0,0.0,0.0,0.0,0.06258503401360543,0.06258503401360543,0.0,,
f12s3,12,5,3.0,tune,25,792,8,True,ctrw0,,step,complete,0.0,0.5105158491181254,17.86805471913439,17.86805471913439,17.86805471913439,0.0017605156653456291,0.031456990242288985,0.0012939230196897704,0.03163058335361195,0.030336660333922162,0.023623315908383048,,
f12s3,12,5,3.0,tune,25,792,8,True,ctrw0,,cost,complete,0.0,0.1,3.5,3.5,3.5,0.005636422730152286,0.019727479555533,0.039037227063397545,0.07402709450086863,0.03498986743747107,0.018493908606948477,,
f12s3,12,5,3.0,tune,25,792,8,True,ctrwT,indicator,step,complete,4.0,8.851673390820459,20.272784755442707,309.80856867871603,20.272784755442707,0.03120945830044556,0.6327026304588976,0.027187520313091188,0.6402391319657912,0.613051611652699,0.4746648930312037,1.0,0.0
f12s3,12,5,3.0,tune,25,792,8,True,ctrwT,indicator,cost,ring,16.0,20.0,1.3864333525412724e-05,127.27272727272727,1.3864333525412724e-05,0.22698104026965787,3.146940846243673e-06,0.9999895222724413,0.9999967324155753,7.210143133740855e-06,5.693326809508124e-06,1.0,0.0
f12s3,12,5,3.0,tune,25,792,8,True,ctrwT,surrogate,step,complete,2.0,0.7673818741681168,18.105252581102782,26.858365595884088,18.105252581102782,0.0023186633309670974,0.041979985257700414,0.0021690134159934754,0.05264502014876651,0.04687023868434353,0.0364929373074927,0.6828161668839635,0.529335071707953
f12s3,12,5,3.0,tune,25,792,8,True,ctrwT,surrogate,cost,complete,1.0,0.1,2.609044441271284,3.5,2.609044441271284,0.007750925635504815,0.02022250944402093,0.08703554075001046,0.1336314074944569,0.045600004153243445,0.019464448127553272,0.6828161668839635,0.529335071707953
f12s3,12,5,3.0,tune,25,792,8,True,ctrwT,violation,step,complete,32.0,20.0,63.7287468624489,700.0,63.7287468624489,0.008078608248197403,0.5148395800502641,0.020899133917157645,0.5186829211792716,0.4977837872621132,0.3876352326970909,1.0,0.0
f12s3,12,5,3.0,tune,25,792,8,True,ctrwT,violation,cost,complete,16.0,1.733868479521449,8.890110310455945,60.68539678325072,8.890110310455945,0.027239752940186032,0.2421644084678205,0.021196614457949167,0.3227534948426124,0.3015568803846629,0.21177277261985203,1.0,0.0
f12s3,12,5,3.0,tune,25,792,8,True,indep,,step,,0.0,0.0,5.0,5.0,5.0,0.006313131313131182,0.03156565656565591,0.0012626262626262627,0.031565656565656575,0.030303030303030304,0.023636363636363643,,
f12s3,12,5,3.0,tune,25,792,8,True,indep,,cost,,0.0,0.0,5.0,5.0,5.0,0.006313131313131182,0.03156565656565591,0.0012626262626262627,0.031565656565656575,0.030303030303030304,0.023636363636363643,,
f12s3,12,5,3.0,tune,25,792,8,True,multi,,step,,9.0,0.0,9.0,9.0,9.0,0.0033810084684608257,0.030429076216147433,0.0015891945810583917,0.032244004000763146,0.030654809419704748,0.02350012466476226,,
f12s3,12,5,3.0,tune,25,792,8,True,multi,,cost,,3.0,0.0,3.0,3.0,3.0,0.006771988400646338,0.020315965201939012,0.008163265306122445,0.044120816326530594,0.03595755102040815,0.021174110787172015,,
f12s3,12,5,3.0,tune,25,792,8,True,qe,indicator,step,complete,32.0,5.8887494080177145,15015.0,15015.0,26355.0,2.2967529682985216e-05,0.344857458190023,0.11518874973672259,0.8490151836722808,0.7338264339355582,0.4295393843449687,1.0,0.0
f12s3,12,5,3.0,tune,25,792,8,True,qe,indicator,cost,complete,16.0,0.22594597786155107,143.0,143.0,251.0,0.00026018051376117026,0.03720581346784735,0.3028723880383868,0.4076938832623283,0.10482149522394149,0.031157609102271458,1.0,0.0
f12s3,12,5,3.0,tune,25,792,8,True,qe,surrogate,step,ring,0.5,3.9176060908879475,410.0,410.0,410.0,0.00012894770746191546,0.05286856005938534,0.0016518877187546564,0.10038184602983957,0.0987299583110849,0.08587114609097916,0.6828161668839635,0.529335071707953
f12s3,12,5,3.0,tune,25,792,8,True,qe,surrogate,cost,ring,0.5,3.9176060908879475,410.0,410.0,410.0,0.00012894770746191546,0.05286856005938534,0.0016518877187546564,0.10038184602983957,0.0987299583110849,0.08587114609097916,0.6828161668839635,0.529335071707953
f12s3,12,5,3.0,tune,25,792,8,True,qe,violation,step,complete,32.0,8.851673390820459,129701.0,129701.0,227657.0,6.045809828844025e-07,0.07841475806108988,0.020119686357030764,0.16154240170078032,0.14142271534374956,0.1002106650939848,1.0,0.0
f12s3,12,5,3.0,tune,25,792,8,True,qe,violation,cost,ring,0.5,3.9176060908879475,350.0,350.0,1430.0,0.00014785460801209808,0.05174911280423433,0.0010659563858302888,0.09726828617936205,0.09620232979353174,0.08386871553117661,1.0,0.0
f12s3,12,5,3.0,tune,25,792,8,True,swap,,step,,0.0,0.0,1.0,1.0,1.0,0.0,0.0,0.0,0.048,0.048,0.0,,
f12s3,12,5,3.0,tune,25,792,8,True,swap,,cost,,0.0,0.0,1.0,1.0,1.0,0.0,0.0,0.0,0.048,0.048,0.0,,
f12s4,12,5,4.0,tune,21,792,8,True,ctrw0,,step,complete,0.0,0.5105158491181254,17.86805471913439,17.86805471913439,17.86805471913439,0.0014784937878354332,0.02641780790294379,0.0012939230196897706,0.02657006799499792,0.02527614497530814,0.019822610011366298,,
f12s4,12,5,4.0,tune,21,792,8,True,ctrw0,,cost,complete,0.0,0.1,3.5,3.5,3.5,0.004348307704376156,0.015219076965316547,0.039037227063397566,0.06809466415421671,0.029057437090819125,0.015009235658580483,,
f12s4,12,5,4.0,tune,21,792,8,True,ctrwT,indicator,step,complete,4.0,8.851673390820459,18.087983779173793,309.80856867871603,18.087983779173793,0.03265632371232319,0.5906870535959503,0.030180636725660553,0.5979328992288421,0.5677522625031807,0.4429502859764878,1.0,0.0
f12s4,12,5,4.0,tune,21,792,8,True,ctrwT,indicator,cost,ring,16.0,20.0,1.264681011130721e-05,127.27272727272727,1.264681011130721e-05,0.1343895198437655,1.6995987384138544e-06,0.999990903915843,0.9999962620844352,5.358168592190188e-06,3.988323495597161e-06,1.0,0.0
f12s4,12,5,4.0,tune,21,792,8,True,ctrwT,surrogate,step,complete,2.0,0.7673818741681168,17.75149276659787,26.858365595884088,17.75149276659787,0.0019615320146014296,0.03482012136864743,0.0022838269366906483,0.046500241110675425,0.04082236531241026,0.03165488647963159,0.7417701192020258,0.5265888456549935
f12s4,12,5,4.0,tune,21,792,8,True,ctrwT,surrogate,cost,complete,1.0,0.1,2.5853121370320142,3.5,2.5853121370320142,0.005871980295110511,0.015180901925362034,0.08899875917457073,0.12865080283705876,0.03871876660900982,0.01581475789162469,0.7417701192020258,0.5265888456549935
f12s4,12,5,4.0,tune,21,792,8,True,ctrwT,violation,step,complete,32.0,20.0,61.415767108623164,700.0,61.415767108623164,0.005949887699167824,0.36541691725455283,0.03316350051217271,0.49730965585956305,0.46414615534738735,0.3555933634050379,1.0,0.0
f12s4,12,5,4.0,tune,21,792,8,True,ctrwT,violation,cost,complete,16.0,1.733868479521449,8.096028059159574,60.68539678325072,8.096028059159574,0.02017579263758469,0.1633437833096708,0.03852985715076011,0.3151317129361028,0.27660185578534235,0.18130454628990914,1.0,0.0
f12s4,12,5,4.0,tune,21,792,8,True,indep,,step,,0.0,0.0,5.0,5.0,5.0,0.005303030303030032,0.02651515151515016,0.001262626262626263,0.026515151515151523,0.025252525252525262,0.019841269841269844,,
f12s4,12,5,4.0,tune,21,792,8,True,indep,,cost,,0.0,0.0,5.0,5.0,5.0,0.005303030303030032,0.02651515151515016,0.001262626262626263,0.026515151515151523,0.025252525252525262,0.019841269841269844,,
f12s4,12,5,4.0,tune,21,792,8,True,multi,,step,,9.0,0.0,9.0,9.0,9.0,0.002833000679064347,0.025497006111579124,0.0015891945810583917,0.02708875719297311,0.025499562611914713,0.019646255458252132,,
f12s4,12,5,4.0,tune,21,792,8,True,multi,,cost,,3.0,0.0,3.0,3.0,3.0,0.005242813653900669,0.015728440961702006,0.008163265306122443,0.03775315840621962,0.029589893100097176,0.01693516590309593,,
f12s4,12,5,4.0,tune,21,792,8,True,qe,indicator,step,complete,32.0,5.8887494080177145,15015.0,15015.0,26355.0,1.4540639193568727e-05,0.21832769749143444,0.14760007084572493,0.8448839417399265,0.6972838708942015,0.43825470867965644,1.0,0.0
f12s4,12,5,4.0,tune,21,792,8,True,qe,indicator,cost,complete,16.0,0.22594597786155107,143.0,143.0,251.0,0.0002054694440606384,0.02938213050067129,0.3030796104948296,0.3927163483140369,0.08963673781920727,0.026093590863384405,1.0,0.0
f12s4,12,5,4.0,tune,21,792,8,True,qe,surrogate,step,ring,0.5,3.9176060908879475,410.0,410.0,410.0,8.632297443709977e-05,0.035392419519210905,0.0012864488021028621,0.07368550639726423,0.07239905759516134,0.06450131158924585,0.7417701192020258,0.5265888456549935
f12s4,12,5,4.0,tune,21,792,8,True,qe,surrogate,cost,ring,0.5,3.9176060908879475,410.0,410.0,410.0,8.632297443709977e-05,0.035392419519210905,0.0012864488021028621,0.07368550639726423,0.07239905759516134,0.06450131158924585,0.7417701192020258,0.5265888456549935
f12s4,12,5,4.0,tune,21,792,8,True,qe,violation,step,complete,32.0,8.851673390820459,130702.0,130702.0,229414.0,5.974422360636294e-07,0.0780868951379885,0.014098429786991025,0.15133978498076403,0.13724135519377298,0.1002201949740422,1.0,0.0
f12s4,12,5,4.0,tune,21,792,8,True,qe,violation,cost,ring,0.5,3.9176060908879475,350.0,350.0,1430.0,9.434528292553297e-05,0.03302084902393654,0.001063952227292313,0.07048736700162728,0.06942341477433496,0.061841439112466104,1.0,0.0
f12s4,12,5,4.0,tune,21,792,8,True,swap,,step,,0.0,0.0,1.0,1.0,1.0,0.0,0.0,0.0,0.04081632653061225,0.04081632653061225,0.0,,
f12s4,12,5,4.0,tune,21,792,8,True,swap,,cost,,0.0,0.0,1.0,1.0,1.0,0.0,0.0,0.0,0.04081632653061225,0.04081632653061225,0.0,,
f12s5,12,5,5.0,heldout,24,792,7,True,ctrw0,,step,complete,0.0,0.5105158491181254,17.86805471913439,17.86805471913439,17.86805471913439,0.0016903035863530546,0.030202436972905478,0.0012939230196897706,0.030359578877181315,0.029065655857491535,0.024077288836384658,,
f12s5,12,5,5.0,heldout,24,792,7,True,ctrw0,,cost,complete,0.0,0.1,3.5,3.5,3.5,0.004668077394763033,0.016338270881670613,0.039037227063397545,0.07169385072440962,0.03265662366101205,0.017892656429221367,,
f12s5,12,5,5.0,heldout,24,792,7,True,ctrwT,indicator,step,complete,4.0,8.851673390820459,20.156924097610265,309.80856867871603,20.156924097610265,0.030880671437870554,0.622459350256398,0.02781485558162949,0.6304796097372628,0.602664754155632,0.4961244650683437,1.0,0.0
f12s5,12,5,5.0,heldout,24,792,7,True,ctrwT,indicator,cost,ring,16.0,20.0,1.4254455464439485e-05,127.27272727272727,1.4254455464439485e-05,0.260903219528768,3.7190333233017014e-06,0.9999893755234334,0.9999965688731266,7.193349693143774e-06,6.065827969713783e-06,1.0,0.0
f12s5,12,5,5.0,heldout,24,792,7,True,ctrwT,surrogate,step,complete,2.0,0.7673818741681168,17.871531085044445,26.858365595884088,17.871531085044445,0.002217196253745991,0.03962469177046557,0.0022674165003829763,0.0527749031643119,0.04690812595737279,0.03840031506976526,0.7432725694444444,0.5247395833333334
f12s5,12,5,5.0,heldout,24,792,7,True,ctrwT,surrogate,cost,complete,1.0,0.1,2.592528399812039,3.5,2.592528399812039,0.005737121962662697,0.014873651621388428,0.08840522469250722,0.1327653473811797,0.043513767936050746,0.018632617729531672,0.7432725694444444,0.5247395833333334
f12s5,12,5,5.0,heldout,24,792,7,True,ctrwT,violation,step,complete,32.0,20.0,70.36708019666519,700.0,70.36708019666519,0.007142477630654054,0.5025952962391209,0.02138737391728007,0.5073010678493887,0.485913693932105,0.40260594622405405,1.0,0.0
f12s5,12,5,5.0,heldout,24,792,7,True,ctrwT,violation,cost,complete,16.0,1.733868479521449,9.881938894645458,60.68539678325072,9.881938894645458,0.022100642157079766,0.21839719532868762,0.022724410803369382,0.30693837119823636,0.28421396039486607,0.2125361325464752,1.0,0.0
f12s5,12,5,5.0,heldout,24,792,7,True,indep,,step,,0.0,0.0,5.0,5.0,5.0,0.006060606060605678,0.03030303030302839,0.0012626262626262627,0.030303030303030314,0.029040404040404044,0.024095117845117846,,
f12s5,12,5,5.0,heldout,24,792,7,True,indep,,cost,,0.0,0.0,5.0,5.0,5.0,0.006060606060605678,0.03030303030302839,0.0012626262626262627,0.030303030303030314,0.029040404040404044,0.024095117845117846,,
f12s5,12,5,5.0,heldout,24,792,7,True,multi,,step,,9.0,0.0,9.0,9.0,9.0,0.00325009926635875,0.02925089339722875,0.0015891945810583917,0.03089367259249973,0.02930447801144134,0.02390881819397646,,
f12s5,12,5,5.0,heldout,24,792,7,True,multi,,cost,,3.0,0.0,3.0,3.0,3.0,0.005576228061057398,0.016728684183172193,0.008163265306122445,0.041041788143828944,0.0328785228377065,0.020104956268221574,,
f12s5,12,5,5.0,heldout,24,792,7,True,qe,indicator,step,complete,32.0,5.8887494080177145,15015.0,15015.0,26355.0,1.747087466906383e-05,0.2623251831559934,0.2009223406721896,0.8643482381818076,0.6634258975096179,0.38983174641838253,1.0,0.0
f12s5,12,5,5.0,heldout,24,792,7,True,qe,indicator,cost,complete,16.0,0.22594597786155107,143.0,143.0,251.0,0.00021689879885455744,0.031016528236201713,0.3027271709501746,0.40312583208692016,0.1003986611367454,0.030132667800563704,1.0,0.0
f12s5,12,5,5.0,heldout,24,792,7,True,qe,surrogate,step,ring,0.5,3.9176060908879475,410.0,410.0,410.0,0.0001075749316279336,0.04410572196745277,0.0016473750561272554,0.08765364481710491,0.08600626976097765,0.07241485731476068,0.7432725694444444,0.5247395833333334
f12s5,12,5,5.0,heldout,24,792,7,True,qe,surrogate,cost,ring,0.5,3.9176060908879475,410.0,410.0,410.0,0.0001075749316279336,0.04410572196745277,0.0016473750561272554,0.08765364481710491,0.08600626976097765,0.07241485731476068,0.7432725694444444,0.5247395833333334
f12s5,12,5,5.0,heldout,24,792,7,True,qe,violation,step,complete,32.0,8.851673390820459,129558.0,129558.0,227406.0,4.797056190151421e-07,0.06214970058836378,0.014865478722586737,0.14594122472958349,0.13107574600699673,0.09314170396738101,1.0,0.0
f12s5,12,5,5.0,heldout,24,792,7,True,qe,violation,cost,ring,0.5,3.9176060908879475,350.0,350.0,1430.0,0.00011989487616443124,0.04196320665755093,0.0011689778780750572,0.08431634457932964,0.08314736670125458,0.06961310435120008,1.0,0.0
f12s5,12,5,5.0,heldout,24,792,7,True,swap,,step,,0.0,0.0,1.0,1.0,1.0,0.0,0.0,0.0,0.047619047619047616,0.047619047619047616,0.0,,
f12s5,12,5,5.0,heldout,24,792,7,True,swap,,cost,,0.0,0.0,1.0,1.0,1.0,0.0,0.0,0.0,0.047619047619047616,0.047619047619047616,0.0,,
f12s6,12,5,6.0,heldout,24,792,2,False,ctrw0,,step,complete,0.0,0.5105158491181254,17.86805471913439,17.86805471913439,17.86805471913439,0.001695800461681177,0.030300655442052626,0.001293923019689771,0.030465662188017082,0.02917173916832731,0.002422651118020025,,
f12s6,12,5,6.0,heldout,24,792,2,False,ctrw0,,cost,complete,0.0,0.1,3.5,3.5,3.5,0.007216106102469334,0.02525637135864267,0.03903722706339754,0.08658002421779998,0.04754279715440241,0.002172246353274751,,
f12s6,12,5,6.0,heldout,24,792,2,False,ctrwT,indicator,step,complete,4.0,8.851673390820459,32.467118992307256,309.80856867871603,32.467118992307256,0.019265245608939583,0.6254870216014663,0.026499505305176852,0.6304810188732719,0.6039815135680945,0.04995231825368666,1.0,0.0
f12s6,12,5,6.0,heldout,24,792,2,False,ctrwT,indicator,cost,ring,16.0,20.0,8.333346649995676,127.27272727272727,8.333346649995676,3.522655401273546e-07,2.935550858729208e-06,0.7916591400713564,0.9999967238309653,0.20833758375960862,8.076774252806048e-07,1.0,0.0
f12s6,12,5,6.0,heldout,24,792,2,False,ctrwT,surrogate,step,complete,2.0,0.7673818741681168,17.63285453956466,26.858365595884088,17.63285453956466,0.0029257636758667307,0.05158956531370007,0.002531177288958154,0.059292153795670155,0.05440739739652337,0.0045902541886639545,0.9004448784722222,0.2838541666666667
f12s6,12,5,6.0,heldout,24,792,2,False,ctrwT,surrogate,cost,complete,1.0,0.1,2.569695392610014,3.5,2.569695392610014,0.012638006164165952,0.0324758262118342,0.09039651054028615,0.1651874295578313,0.07377872354979927,0.002793035598849277,0.9004448784722222,0.2838541666666667
f12s6,12,5,6.0,heldout,24,792,2,False,ctrwT,violation,step,complete,32.0,20.0,109.4350760319764,700.0,109.4350760319764,0.004227766871654462,0.462665989044977,0.01928009142263172,0.4627178845832303,0.44343779316059845,0.036954165840840957,1.0,0.0
f12s6,12,5,6.0,heldout,24,792,2,False,ctrwT,violation,cost,complete,16.0,1.733868479521449,13.660674170842123,60.68539678325072,13.660674170842123,0.020695593898939005,0.2827157650254739,0.013549750496675781,0.29626483041331536,0.2827150799166395,0.022906799941321793,1.0,0.0
f12s6,12,5,6.0,heldout,24,792,2,False,indep,,step,,0.0,0.0,5.0,5.0,5.0,0.006060606060605678,0.03030303030302839,0.0012626262626262627,0.030303030303030314,0.029040404040404044,0.0024200336700336703,,
f12s6,12,5,6.0,heldout,24,792,2,False,indep,,cost,,0.0,0.0,5.0,5.0,5.0,0.006060606060605678,0.03030303030302839,0.0012626262626262627,0.030303030303030314,0.029040404040404044,0.0024200336700336703,,
f12s6,12,5,6.0,heldout,24,792,2,False,multi,,step,,9.0,0.0,9.0,9.0,9.0,0.0033642579557847663,0.030278321602062896,0.0015891945810583917,0.032003198265674146,0.03041400368461575,0.0024474377302081568,,
f12s6,12,5,6.0,heldout,24,792,2,False,multi,,cost,,3.0,0.0,3.0,3.0,3.0,0.009172109911919598,0.027516329735758793,0.008163265306122445,0.055959183673469366,0.04779591836734692,0.0025189504373177843,,
f12s6,12,5,6.0,heldout,24,792,2,False,qe,indicator,step,complete,32.0,5.8887494080177145,15015.0,15015.0,26355.0,3.0428948104491188e-05,0.4568906557889352,0.10831754126948849,0.8525941969304432,0.7442766556609546,0.06696912009901392,1.0,0.0
f12s6,12,5,6.0,heldout,24,792,2,False,qe,indicator,cost,complete,16.0,0.22594597786155107,143.0,143.0,251.0,0.00029817717864350293,0.04263933654602092,0.3015557097298114,0.4463062427372655,0.14475053300745408,0.0034399159195133144,1.0,0.0
f12s6,12,5,6.0,heldout,24,792,2,False,qe,surrogate,step,ring,0.5,3.9176060908879475,410.0,410.0,410.0,2.7889219156083438e-05,0.011434579853994209,0.0014794495796551616,0.039611027307277204,0.038131577727622046,0.002131344968232416,0.9004448784722222,0.2838541666666667
f12s6,12,5,6.0,heldout,24,792,2,False,qe,surrogate,cost,ring,0.5,3.9176060908879475,410.0,410.0,410.0,2.7889219156083438e-05,0.011434579853994209,0.0014794495796551616,0.039611027307277204,0.038131577727622046,0.002131344968232416,0.9004448784722222,0.2838541666666667
f12s6,12,5,6.0,heldout,24,792,2,False,qe,violation,step,complete,32.0,8.851673390820459,130988.0,130988.0,229916.0,4.5124341378036113e-07,0.05910747228426194,0.03300736289570527,0.14993168151191813,0.11692431861621283,0.01073384205378873,1.0,0.0
f12s6,12,5,6.0,heldout,24,792,2,False,qe,violation,cost,ring,0.5,3.9176060908879475,350.0,350.0,1430.0,3.357046414165264e-05,0.011749662449578424,0.0011881864947594757,0.040068778292007036,0.03888059179724755,0.002155138115842177,1.0,0.0
f12s6,12,5,6.0,heldout,24,792,2,False,swap,,step,,0.0,0.0,1.0,1.0,1.0,0.0,0.0,0.0,0.0880952380952381,0.0880952380952381,0.0,,
f12s6,12,5,6.0,heldout,24,792,2,False,swap,,cost,,0.0,0.0,1.0,1.0,1.0,0.0,0.0,0.0,0.0880952380952381,0.0880952380952381,0.0,,
f12s7,12,5,7.0,heldout,14,792,8,True,ctrw0,,step,complete,0.0,0.5105158491181254,17.86805471913439,17.86805471913439,17.86805471913439,0.0009843398042750481,0.017588237485008595,0.001293923019689771,0.017717858271215917,0.016423935251526137,0.014597347473193977,,
f12s7,12,5,7.0,heldout,14,792,8,True,ctrw0,,cost,complete,0.0,0.1,3.5,3.5,3.5,0.0025403231227038186,0.008891130929463364,0.03903722706339754,0.057233512563514166,0.018196285500116604,0.01111032804126553,,
f12s7,12,5,7.0,heldout,14,792,8,True,ctrwT,indicator,step,complete,4.0,8.851673390820459,13.12252701492626,309.80856867871603,13.12252701492626,0.03725604866297004,0.4888935050492317,0.03787749102029727,0.4956010778346222,0.45772358681432446,0.4051492132817642,1.0,0.0
f12s7,12,5,7.0,heldout,14,792,8,True,ctrwT,indicator,cost,ring,16.0,20.0,1.3825750036937547e-05,127.27272727272727,1.3825750036937547e-05,0.2338600846099698,3.2332910734345077e-06,0.9999895986604889,0.9999948956762619,5.297015772789543e-06,4.694107740728647e-06,1.0,0.0
f12s7,12,5,7.0,heldout,14,792,8,True,ctrwT,surrogate,step,complete,2.0,0.7673818741681168,17.689562962589164,26.858365595884088,17.689562962589164,0.0016606412826263757,0.0293760185272941,0.0023613989947019035,0.032103487654732185,0.028725344057656803,0.025514597132322656,0.8255600440690415,0.3380462724935733
f12s7,12,5,7.0,heldout,14,792,8,True,ctrwT,surrogate,cost,complete,1.0,0.1,2.581127296799249,3.5,2.581127296799249,0.0032932866717625057,0.008500392124671352,0.0893957588484593,0.1140458952893244,0.024268297438376347,0.01208718973958972,0.8255600440690415,0.3380462724935733
f12s7,12,5,7.0,heldout,14,792,8,True,ctrwT,violation,step,complete,32.0,20.0,48.379783084383064,700.0,48.379783084383064,0.008082311791570542,0.39102049129653427,0.03637736613430297,0.44547752488963926,0.4091001587553355,0.3550427893115407,1.0,0.0
f12s7,12,5,7.0,heldout,14,792,8,True,ctrwT,violation,cost,complete,16.0,1.733868479521449,6.9792780463347945,60.68539678325072,6.9792780463347945,0.019761504910127764,0.13792103738179196,0.04960529222840881,0.28087231136796265,0.23126701913955272,0.16454444687859096,1.0,0.0
f12s7,12,5,7.0,heldout,14,792,8,True,indep,,step,,0.0,0.0,5.0,5.0,5.0,0.0035353535353532806,0.017676767676766403,0.0012626262626262625,0.017676767676767676,0.016414141414141412,0.01461038961038961,,
f12s7,12,5,7.0,heldout,14,792,8,True,indep,,cost,,0.0,0.0,5.0,5.0,5.0,0.0035353535353532806,0.017676767676766403,0.0012626262626262625,0.017676767676767676,0.016414141414141412,0.01461038961038961,,
f12s7,12,5,7.0,heldout,14,792,8,True,multi,,step,,9.0,0.0,9.0,9.0,9.0,0.001861194900193973,0.016750754101745757,0.0015891945810583914,0.018105785713316416,0.016516591132258018,0.014474110314124012,,
f12s7,12,5,7.0,heldout,14,792,8,True,multi,,cost,,3.0,0.0,3.0,3.0,3.0,0.0029412129241585725,0.008823638772475717,0.008163265306122446,0.026815493544356507,0.018652228238234064,0.012648063306955434,,
f12s7,12,5,7.0,heldout,14,792,8,True,qe,indicator,step,complete,32.0,5.8887494080177145,15015.0,15015.0,26355.0,2.19662588099877e-05,0.3298233760319653,0.1763156467856084,0.8548343739710346,0.678518727185426,0.5631580587172051,1.0,0.0
f12s7,12,5,7.0,heldout,14,792,8,True,qe,indicator,cost,complete,16.0,0.22594597786155107,143.0,143.0,251.0,0.00013487418741078158,0.019287008799741767,0.30393383657232226,0.3600342946105576,0.05610045803823529,0.020596297855131607,1.0,0.0
f12s7,12,5,7.0,heldout,14,792,8,True,qe,surrogate,step,ring,0.5,3.9176060908879475,410.0,410.0,410.0,6.279926413362267e-05,0.025747698294785293,0.0013962055194249273,0.0533655685840325,0.05196936306460755,0.04873120261580607,0.8255600440690415,0.3380462724935733
f12s7,12,5,7.0,heldout,14,792,8,True,qe,surrogate,cost,ring,0.5,3.9176060908879475,410.0,410.0,410.0,6.279926413362267e-05,0.025747698294785293,0.0013962055194249273,0.0533655685840325,0.05196936306460755,0.04873120261580607,0.8255600440690415,0.3380462724935733
f12s7,12,5,7.0,heldout,14,792,8,True,qe,violation,step,complete,32.0,8.851673390820459,131989.0,131989.0,231673.0,3.9991951271001883e-07,0.052784976563082675,0.024010994010013186,0.12586533882071707,0.10185434481070388,0.08480867444407274,1.0,0.0
f12s7,12,5,7.0,heldout,14,792,8,True,qe,violation,cost,ring,0.5,3.9176060908879475,350.0,350.0,1430.0,7.287575004075191e-05,0.02550651251426317,0.0010482268182306297,0.051930991792284754,0.05088276497405412,0.04751281500006392,1.0,0.0
f12s7,12,5,7.0,heldout,14,792,8,True,swap,,step,,0.0,0.0,1.0,1.0,1.0,0.0,0.0,0.0,0.024489795918367346,0.024489795918367346,0.0,,
f12s7,12,5,7.0,heldout,14,792,8,True,swap,,cost,,0.0,0.0,1.0,1.0,1.0,0.0,0.0,0.0,0.024489795918367346,0.024489795918367346,0.0,,
f12s8,12,5,8.0,heldout,22,792,3,True,ctrw0,,step,complete,0.0,0.5105158491181254,17.86805471913439,17.86805471913439,17.86805471913439,0.0015443553778422866,0.02759462639707544,0.0012939230196897709,0.027853768971461922,0.026559845951772135,0.012664536194033458,,
f12s8,12,5,8.0,heldout,22,792,3,True,ctrw0,,cost,complete,0.0,0.1,3.5,3.5,3.5,0.0028017841530685,0.00980624453573975,0.039037227063397566,0.08126666245390297,0.04222943539050539,0.004894362481620451,,
f12s8,12,5,8.0,heldout,22,792,3,True,ctrwT,indicator,step,complete,4.0,8.851673390820459,38.06266212626044,309.80856867871603,38.06266212626044,0.015718156994464827,0.598274898927832,0.028404752356689596,0.6093808462617969,0.5809760939051055,0.27478637249155236,1.0,0.0
f12s8,12,5,8.0,heldout,22,792,3,True,ctrwT,indicator,cost,ring,16.0,20.0,1.8181947085745591,127.27272727272727,1.8181947085745591,1.1039204407329731e-06,2.0071423040279868e-06,0.9545363649227877,0.9999964057947587,0.04546004087197086,2.1903639792458536e-06,1.0,0.0
f12s8,12,5,8.0,heldout,22,792,3,True,ctrwT,surrogate,step,complete,2.0,0.7673818741681168,18.002456195406843,26.858365595884088,18.002456195406843,0.0021540336650091255,0.03877789669775844,0.0021573552330677774,0.046099395662580145,0.04049889647989153,0.01917019823488779,0.6717237308146399,0.509090909090909
f12s8,12,5,8.0,heldout,22,792,3,True,ctrwT,surrogate,cost,complete,1.0,0.1,2.6051161412009525,3.5,2.6051161412009525,0.002855346927907584,0.007438510370620599,0.08736323381969135,0.15187261076686698,0.06387502236811239,0.003959931839709399,0.6717237308146399,0.509090909090909
f12s8,12,5,8.0,heldout,22,792,3,True,ctrwT,violation,step,complete,32.0,20.0,117.90512941812011,700.0,117.90512941812011,0.003018535119954585,0.3559007739713861,0.028905772762276464,0.5070026295853088,0.4780968568230307,0.17183762818778445,1.0,0.0
f12s8,12,5,8.0,heldout,22,792,3,True,ctrwT,violation,cost,complete,16.0,1.733868479521449,13.741984065043038,60.68539678325072,13.741984065043038,0.00882835395841616,0.1213190994171145,0.021259613178146935,0.3149989356070924,0.2937393224289452,0.06279997737884015,1.0,0.0
f12s8,12,5,8.0,heldout,22,792,3,True,indep,,step,,0.0,0.0,5.0,5.0,5.0,0.005555555555555425,0.027777777777777124,0.001262626262626263,0.027777777777777787,0.026515151515151523,0.012741046831955927,,
f12s8,12,5,8.0,heldout,22,792,3,True,indep,,cost,,0.0,0.0,5.0,5.0,5.0,0.005555555555555425,0.027777777777777124,0.001262626262626263,0.027777777777777787,0.026515151515151523,0.012741046831955927,,
f12s8,12,5,8.0,heldout,22,792,3,True,multi,,step,,9.0,0.0,9.0,9.0,9.0,0.0028735402534142787,0.02586186228072851,0.0015891945810583917,0.02857132565839403,0.026982131077335627,0.011940699330933615,,
f12s8,12,5,8.0,heldout,22,792,3,True,multi,,cost,,3.0,0.0,3.0,3.0,3.0,0.0025391218986996846,0.007617365696099054,0.008163265306122443,0.046310098065200096,0.03814683275907763,0.004104956268221574,,
f12s8,12,5,8.0,heldout,22,792,3,True,qe,indicator,step,complete,32.0,5.8887494080177145,15015.0,15015.0,26355.0,7.003775709882544e-06,0.10516169228388639,0.20664103921335933,0.8869480109982988,0.6803069717849394,0.06442017309366646,1.0,0.0
f12s8,12,5,8.0,heldout,22,792,3,True,qe,indicator,cost,complete,16.0,0.22594597786155107,143.0,143.0,251.0,0.00016281637621335648,0.023282741798509976,0.3000383147205939,0.4577453648917031,0.1577070501711092,0.011044614595369186,1.0,0.0
f12s8,12,5,8.0,heldout,22,792,3,True,qe,surrogate,step,ring,0.5,3.9176060908879475,410.0,410.0,410.0,2.376487410866631e-05,0.009743598384553187,0.0011092468512948338,0.09961459532944984,0.09850534847815501,0.08131053681638632,0.6717237308146399,0.509090909090909
f12s8,12,5,8.0,heldout,22,792,3,True,qe,surrogate,cost,ring,0.5,3.9176060908879475,410.0,410.0,410.0,2.376487410866631e-05,0.009743598384553187,0.0011092468512948338,0.09961459532944984,0.09850534847815501,0.08131053681638632,0.6717237308146399,0.509090909090909
f12s8,12,5,8.0,heldout,22,792,3,True,qe,violation,step,complete,32.0,8.851673390820459,126555.0,126555.0,222135.0,6.135052470373172e-07,0.07764215653880768,0.016399965775284082,0.19934891928320775,0.1829489535079236,0.07098422541966015,1.0,0.0
f12s8,12,5,8.0,heldout,22,792,3,True,qe,violation,cost,ring,0.5,3.9176060908879475,350.0,350.0,1430.0,4.0217640506889915e-05,0.014076174177411471,0.0007809282523242737,0.10070296353193199,0.0999220352796077,0.08226954590822502,1.0,0.0
f12s8,12,5,8.0,heldout,22,792,3,True,swap,,step,,0.0,0.0,1.0,1.0,1.0,0.0,0.0,0.0,0.10649350649350652,0.10649350649350652,0.0,,
f12s8,12,5,8.0,heldout,22,792,3,True,swap,,cost,,0.0,0.0,1.0,1.0,1.0,0.0,0.0,0.0,0.10649350649350652,0.10649350649350652,0.0,,
f12s9,12,5,9.0,heldout,23,792,10,False,ctrw0,,step,complete,0.0,0.5105158491181254,17.86805471913439,17.86805471913439,17.86805471913439,0.0016194450284832186,0.028936332383568297,0.001293923019689771,0.029103403950677186,0.027809480930987406,0.024038825062349393,,
f12s9,12,5,9.0,heldout,23,792,10,False,ctrw0,,cost,complete,0.0,0.1,3.5,3.5,3.5,0.004693305572111672,0.016426569502390853,0.03903722706339755,0.07035201372884405,0.03131478666544648,0.019213618410513545,,
f12s9,12,5,9.0,heldout,23,792,10,False,ctrwT,indicator,step,complete,4.0,8.851673390820459,17.764149642375042,309.80856867871603,17.764149642375042,0.03449949813087627,0.6128542473837242,0.02906606584633831,0.6202066284048849,0.5911405625585462,0.5086310375838573,1.0,0.0
f12s9,12,5,9.0,heldout,23,792,10,False,ctrwT,indicator,cost,ring,16.0,20.0,1.5265641092351674e-05,127.27272727272727,1.5265641092351674e-05,0.19387139602682646,2.959571149818707e-06,0.9999884187289542,0.9999964816749606,8.062946006464282e-06,6.539832504665619e-06,1.0,0.0
f12s9,12,5,9.0,heldout,23,792,10,False,ctrwT,surrogate,step,complete,2.0,0.7673818741681168,17.757926072073662,26.858365595884088,17.757926072073662,0.002278167117374551,0.040455523250166436,0.0023057000937198053,0.0514519602544778,0.04571933753136736,0.038855803871953074,0.7690959461751569,0.5162548764629389
f12s9,12,5,9.0,heldout,23,792,10,False,ctrwT,surrogate,cost,complete,1.0,0.1,2.5862438870148776,3.5,2.5862438870148776,0.00614981707144136,0.015904926807274955,0.08896185234632378,0.13089489781993036,0.04100597529484904,0.02046402394237279,0.7690959461751569,0.5162548764629389
f12s9,12,5,9.0,heldout,23,792,10,False,ctrwT,violation,step,complete,32.0,20.0,61.823310625068984,700.0,61.823310625068984,0.008161719459947024,0.5045845174069752,0.022265026413415833,0.5081929337771759,0.48592790736375746,0.4204105574980467,1.0,0.0
f12s9,12,5,9.0,heldout,23,792,10,False,ctrwT,violation,cost,complete,16.0,1.733868479521449,8.854748850259911,60.68539678325072,8.854748850259911,0.026095776069928328,0.23107154315183798,0.02355994079432121,0.3107033811607004,0.2871434403663788,0.23511144139976975,1.0,0.0
f12s9,12,5,9.0,heldout,23,792,10,False,indep,,step,,0.0,0.0,5.0,5.0,5.0,0.005808080808080507,0.029040404040402534,0.0012626262626262632,0.02904040404040406,0.02777777777777779,0.02404479578392623,,
f12s9,12,5,9.0,heldout,23,792,10,False,indep,,cost,,0.0,0.0,5.0,5.0,5.0,0.005808080808080507,0.029040404040402534,0.0012626262626262632,0.02904040404040406,0.02777777777777779,0.02404479578392623,,
f12s9,12,5,9.0,heldout,23,792,10,False,multi,,step,,9.0,0.0,9.0,9.0,9.0,0.003105766606676793,0.027951899460091134,0.0015891945810583917,0.029698594385805993,0.028109399804747606,0.023982554859001446,,
f12s9,12,5,9.0,heldout,23,792,10,False,multi,,cost,,3.0,0.0,3.0,3.0,3.0,0.005660312894217645,0.016980938682652935,0.008163265306122441,0.04048371149702116,0.03232044619089871,0.02185524147547218,,
f12s9,12,5,9.0,heldout,23,792,10,False,qe,indicator,step,complete,32.0,5.8887494080177145,15015.0,15015.0,26355.0,1.7122278703058648e-05,0.2570910147264256,0.09053487818461746,0.862138501906497,0.7716036237218794,0.4881319459546582,1.0,0.0
f12s9,12,5,9.0,heldout,23,792,10,False,qe,indicator,cost,complete,16.0,0.22594597786155107,143.0,143.0,251.0,0.00023665022821606208,0.03384098263489688,0.30323685574481,0.39624246066604124,0.09300560492123126,0.033318751413288925,1.0,0.0
f12s9,12,5,9.0,heldout,23,792,10,False,qe,surrogate,step,ring,0.5,3.9176060908879475,410.0,410.0,410.0,0.00010755657180939278,0.044098194441851035,0.00177425775460471,0.0870751821693589,0.08530092441475418,0.07927218662731825,0.7690959461751569,0.5162548764629389
f12s9,12,5,9.0,heldout,23,792,10,False,qe,surrogate,cost,ring,0.5,3.9176060908879475,410.0,410.0,410.0,0.00010755657180939278,0.044098194441851035,0.00177425775460471,0.0870751821693589,0.08530092441475418,0.07927218662731825,0.7690959461751569,0.5162548764629389
f12s9,12,5,9.0,heldout,23,792,10,False,qe,violation,step,complete,32.0,8.851673390820459,135135.0,135135.0,237195.0,5.84193552946128e-07,0.07894499577737502,0.018094901504141198,0.1625287899517212,0.14443388844758,0.12017767846840552,1.0,0.0
f12s9,12,5,9.0,heldout,23,792,10,False,qe,violation,cost,ring,0.5,3.9176060908879475,350.0,350.0,1430.0,0.00010922805998833996,0.038229820995918984,0.0012093722452868668,0.08439455958699457,0.0831851873417077,0.07767818501819963,1.0,0.0
f12s9,12,5,9.0,heldout,23,792,10,False,swap,,step,,0.0,0.0,1.0,1.0,1.0,0.0,0.0,0.0,0.03975155279503106,0.03975155279503106,0.0,,
f12s9,12,5,9.0,heldout,23,792,10,False,swap,,cost,,0.0,0.0,1.0,1.0,1.0,0.0,0.0,0.0,0.03975155279503106,0.03975155279503106,0.0,,
f14s0,14,5,0.0,heldout,64,2002,4,True,ctrw0,,step,complete,0.0,0.5105158491181254,22.973213210315645,22.973213210315645,22.973213210315645,0.0013899059151370537,0.03193060493072242,0.0005046788190785108,0.031990678589678384,0.031485999770599744,0.010968997894973798,,
f14s0,14,5,0.0,heldout,64,2002,4,True,ctrw0,,cost,complete,0.0,0.1,4.5,4.5,4.5,0.0047742494148711335,0.0214841223669201,0.01595881755554209,0.056015488070975436,0.040056670515433344,0.008767840222231314,,
f14s0,14,5,0.0,heldout,64,2002,4,True,ctrwT,indicator,step,complete,4.0,8.851673390820459,39.60984400100744,398.32530258692066,39.60984400100744,0.016193190548695273,0.6414097515124078,0.01013997137463376,0.6432448178005378,0.6331048464259015,0.22022965874222145,1.0,0.0
f14s0,14,5,0.0,heldout,64,2002,4,True,ctrwT,indicator,cost,ring,16.0,20.0,0.6250143482347768,138.46153846153845,0.6250143482347768,2.914351183634238e-06,1.8215113055664034e-06,0.9843641038790215,0.9999967213219724,0.015632617442950896,2.5125442973265686e-06,1.0,0.0
f14s0,14,5,0.0,heldout,64,2002,4,True,ctrwT,surrogate,step,complete,2.0,0.7673818741681168,21.955020811176468,34.532184337565255,21.955020811176468,0.002134298446188131,0.04685856680332201,0.0008980978231623712,0.056735898586823964,0.05354229167646193,0.01836136346978802,0.6999645252837977,0.48142414860681115
f14s0,14,5,0.0,heldout,64,2002,4,True,ctrwT,surrogate,cost,complete,1.0,0.1,3.2532430091058218,4.5,3.2532430091058218,0.007521908062591749,0.024470594819763325,0.04791109933693623,0.11163236053577824,0.06285683591185717,0.010322802978357217,0.6999645252837977,0.48142414860681115
f14s0,14,5,0.0,heldout,64,2002,4,True,ctrwT,violation,step,complete,32.0,20.0,126.9682108720296,900.0,126.9682108720296,0.00396940221225569,0.5039878971215812,0.007876077851473127,0.5040198630111785,0.4961437851596943,0.17300806926311035,1.0,0.0
f14s0,14,5,0.0,heldout,64,2002,4,True,ctrwT,violation,cost,complete,16.0,1.733868479521449,15.053204853744898,78.0240815784652,15.053204853744898,0.019739743456878327,0.2971464020167599,0.0060597360011920565,0.32327775488700683,0.3172180188858146,0.10569855749592086,1.0,0.0
f14s0,14,5,0.0,heldout,64,2002,4,True,indep,,step,,0.0,0.0,5.0,5.0,5.0,0.006393606393605977,0.031968031968029886,0.0004995004995004995,0.03196803196803199,0.031468531468531465,0.0109734015984016,,
f14s0,14,5,0.0,heldout,64,2002,4,True,indep,,cost,,0.0,0.0,5.0,5.0,5.0,0.006393606393605977,0.031968031968029886,0.0004995004995004995,0.03196803196803199,0.031468531468531465,0.0109734015984016,,
f14s0,14,5,0.0,heldout,64,2002,4,True,multi,,step,,9.0,0.0,9.0,9.0,9.0,0.003368713259041842,0.030318419331376578,0.0007428644322191244,0.033002684952500166,0.03225982052028103,0.010775185388227627,,
f14s0,14,5,0.0,heldout,64,2002,4,True,multi,,cost,,3.0,0.0,3.0,3.0,3.0,0.006038099731613696,0.018114299194841088,0.005925925925925924,0.0483741426611797,0.04244821673525378,0.008429355281207132,,
f14s0,14,5,0.0,heldout,64,2002,4,True,qe,indicator,step,complete,32.0,5.8887494080177145,20475.0,20475.0,33705.0,2.4517777411596475e-05,0.5020014925024379,0.0444083335908209,0.7941555825092317,0.7497472489184103,0.19583340714850273,1.0,0.0
f14s0,14,5,0.0,heldout,64,2002,4,True,qe,indicator,cost,complete,16.0,0.22594597786155107,390.0,390.0,642.0,0.00012155622474035014,0.04740692764873655,0.21031178237027276,0.36697162655883364,0.15665984418856088,0.017015667215449243,1.0,0.0
f14s0,14,5,0.0,heldout,64,2002,4,True,qe,surrogate,step,ring,0.5,3.9176060908879475,636.0,636.0,636.0,2.0554045463798365e-05,0.01307237291497576,0.0005527772198991852,0.0284512654463248,0.027898488226425606,0.011170100133023572,0.6999645252837977,0.48142414860681115
f14s0,14,5,0.0,heldout,64,2002,4,True,qe,surrogate,cost,ring,0.5,3.9176060908879475,636.0,636.0,636.0,2.0554045463798365e-05,0.01307237291497576,0.0005527772198991852,0.0284512654463248,0.027898488226425606,0.011170100133023572,0.6999645252837977,0.48142414860681115
f14s0,14,5,0.0,heldout,64,2002,4,True,qe,violation,step,complete,32.0,8.851673390820459,249210.0,249210.0,410238.0,3.837156946941179e-07,0.09562578827472112,0.01084739826660918,0.1827472624481848,0.1718998641815753,0.049260278344055816,1.0,0.0
f14s0,14,5,0.0,heldout,64,2002,4,True,qe,violation,cost,ring,0.5,3.9176060908879475,451.0,451.0,1837.0,3.134354501979612e-05,0.01413593880392805,0.0006421570915263243,0.030019589266825648,0.02937743217529931,0.012049857988377242,1.0,0.0
f14s0,14,5,0.0,heldout,64,2002,4,True,swap,,step,,0.0,0.0,1.0,1.0,1.0,0.0,0.0,0.0,0.08263888888888889,0.08263888888888889,0.0,,
f14s0,14,5,0.0,heldout,64,2002,4,True,swap,,cost,,0.0,0.0,1.0,1.0,1.0,0.0,0.0,0.0,0.08263888888888889,0.08263888888888889,0.0,,
f14s1,14,5,1.0,heldout,39,2002,11,True,ctrw0,,step,complete,0.0,0.5105158491181254,22.973213210315645,22.973213210315645,22.973213210315645,0.0008470572236733498,0.019459626200785896,0.0005046788190785174,0.019499397957193937,0.018994719138115384,0.01598615768590505,,
f14s1,14,5,1.0,heldout,39,2002,11,True,ctrw0,,cost,complete,0.0,0.1,4.5,4.5,4.5,0.0030539645855578446,0.0137428406350103,0.01595881755554206,0.03990800545784531,0.023949187902303243,0.014548787780809027,,
f14s1,14,5,1.0,heldout,39,2002,11,True,ctrwT,indicator,step,complete,4.0,8.851673390820459,24.229063162554006,398.32530258692066,24.229063162554006,0.02140577450771703,0.5186418625908643,0.013638786846627754,0.5203235801621219,0.5066847933154919,0.425794483293256,1.0,0.0
f14s1,14,5,1.0,heldout,39,2002,11,True,ctrwT,indicator,cost,ring,16.0,20.0,1.454300719448887e-05,138.46153846153845,1.454300719448887e-05,0.12705275943462058,1.8477291945373508e-06,0.9999886803451427,0.999995261610164,6.581265021526034e-06,5.330181754562416e-06,1.0,0.0
f14s1,14,5,1.0,heldout,39,2002,11,True,ctrwT,surrogate,step,complete,2.0,0.7673818741681168,21.5338734372475,34.532184337565255,21.5338734372475,0.0014281458909807102,0.03075351286630368,0.000973664235212394,0.03745999845437171,0.03390151186128692,0.02845171241879152,0.7920503676998838,0.423841059602649
f14s1,14,5,1.0,heldout,39,2002,11,True,ctrwT,surrogate,cost,complete,1.0,0.1,3.2208369342530414,4.5,3.2208369342530414,0.0049829680496804,0.016049327536613478,0.04937097584195083,0.08745423648246668,0.037267184940773135,0.018216856373703152,0.7920503676998838,0.423841059602649
f14s1,14,5,1.0,heldout,39,2002,11,True,ctrwT,violation,step,complete,32.0,20.0,99.42461055381926,900.0,99.42461055381926,0.003467787792369651,0.34478345073964123,0.009226799789851962,0.35285733121528384,0.34363053142541994,0.28846872217632935,1.0,0.0
f14s1,14,5,1.0,heldout,39,2002,11,True,ctrwT,violation,cost,complete,16.0,1.733868479521449,13.564506444817685,78.0240815784652,13.564506444817685,0.011669479790364345,0.1582907338240669,0.007605123343032691,0.20935650620673377,0.20175138286370098,0.16209421104972221,1.0,0.0
f14s1,14,5,1.0,heldout,39,2002,11,True,indep,,step,,0.0,0.0,5.0,5.0,5.0,0.003896103896103642,0.01948051948051821,0.0004995004995004996,0.019480519480519504,0.018981018981018987,0.01598401598401599,,
f14s1,14,5,1.0,heldout,39,2002,11,True,indep,,cost,,0.0,0.0,5.0,5.0,5.0,0.003896103896103642,0.01948051948051821,0.0004995004995004996,0.019480519480519504,0.018981018981018987,0.01598401598401599,,
f14s1,14,5,1.0,heldout,39,2002,11,True,multi,,step,,9.0,0.0,9.0,9.0,9.0,0.0020624543300177636,0.018562088970159873,0.0007428644322191244,0.02033600329440297,0.01959313886218384,0.01607171592356441,,
f14s1,14,5,1.0,heldout,39,2002,11,True,multi,,cost,,3.0,0.0,3.0,3.0,3.0,0.003969204166434907,0.01190761249930472,0.005925925925925923,0.03157792550385143,0.025651999577925508,0.015043860574724772,,
f14s1,14,5,1.0,heldout,39,2002,11,True,qe,indicator,step,complete,32.0,5.8887494080177145,20475.0,20475.0,33705.0,1.844303283056359e-05,0.3776210972057895,0.06665866229885722,0.7441575931570624,0.6774989308582048,0.45376828314777656,1.0,0.0
f14s1,14,5,1.0,heldout,39,2002,11,True,qe,indicator,cost,complete,16.0,0.22594597786155107,390.0,390.0,642.0,7.466682180850317e-05,0.029120060505316236,0.20858488436650574,0.29856385087083326,0.08997896650432755,0.028242632330240606,1.0,0.0
f14s1,14,5,1.0,heldout,39,2002,11,True,qe,surrogate,step,ring,0.5,3.9176060908879475,583.0,583.0,583.0,1.8227241051865406e-05,0.01062648153323753,0.0012450529918938565,0.02255121893852932,0.02130616594663546,0.01713434056147381,0.7920503676998838,0.423841059602649
f14s1,14,5,1.0,heldout,39,2002,11,True,qe,surrogate,cost,ring,0.5,3.9176060908879475,583.0,583.0,583.0,1.8227241051865406e-05,0.01062648153323753,0.0012450529918938565,0.02255121893852932,0.02130616594663546,0.01713434056147381,0.7920503676998838,0.423841059602649
f14s1,14,5,1.0,heldout,39,2002,11,True,qe,violation,step,complete,32.0,8.851673390820459,250575.0,250575.0,412485.0,2.11451656400761e-07,0.05298449880262068,0.008252442933988968,0.09851274614011514,0.09026030320612599,0.0693590502665747,1.0,0.0
f14s1,14,5,1.0,heldout,39,2002,11,True,qe,violation,cost,ring,0.5,3.9176060908879475,451.0,451.0,1837.0,2.4357865083450655e-05,0.010985397152636245,0.0012728856395016156,0.02287694430405237,0.02160405866455075,0.017101861175528733,1.0,0.0
f14s1,14,5,1.0,heldout,39,2002,11,True,swap,,step,,0.0,0.0,1.0,1.0,1.0,0.0,0.0,0.0,0.04330484330484331,0.04330484330484331,0.0,,
f14s1,14,5,1.0,heldout,39,2002,11,True,swap,,cost,,0.0,0.0,1.0,1.0,1.0,0.0,0.0,0.0,0.04330484330484331,0.04330484330484331,0.0,,
f14s2,14,5,2.0,heldout,41,2002,10,True,ctrw0,,step,complete,0.0,0.5105158491181254,22.973213210315645,22.973213210315645,22.973213210315645,0.0008899115040426376,0.020444126720684186,0.0005046788190784437,0.020503802320486868,0.019999123501408374,0.016353410495300275,,
f14s2,14,5,2.0,heldout,41,2002,10,True,ctrw0,,cost,complete,0.0,0.1,4.5,4.5,4.5,0.002488851976378307,0.011199833893702382,0.015958817555542088,0.04360061226022671,0.02764179470468461,0.015354167540423153,,
f14s2,14,5,2.0,heldout,41,2002,10,True,ctrwT,indicator,step,complete,4.0,8.851673390820459,30.185126998593255,398.32530258692066,30.185126998593255,0.01759176131306056,0.5310095493636726,0.013267982587628442,0.5330452752481707,0.5197772926605398,0.4242642460945825,1.0,0.0
f14s2,14,5,2.0,heldout,41,2002,10,True,ctrwT,indicator,cost,ring,16.0,20.0,0.9756244680130854,138.46153846153845,0.9756244680130854,1.4740200464105766e-06,1.4380900236199423e-06,0.9755986836278991,0.9999953898923479,0.024396706264448797,5.330423596962147e-06,1.0,0.0
f14s2,14,5,2.0,heldout,41,2002,10,True,ctrwT,surrogate,step,complete,2.0,0.7673818741681168,21.58932577366326,34.532184337565255,21.58932577366326,0.0013841744319164388,0.029883392738219272,0.0009931600552908178,0.0402066496797614,0.037345348162279524,0.029987340943961802,0.8499148020547008,0.4813870474247833
f14s2,14,5,2.0,heldout,41,2002,10,True,ctrwT,surrogate,cost,complete,1.0,0.1,3.2252584869069043,4.5,3.2252584869069043,0.003677408613002229,0.011860593338909986,0.04924942028196865,0.09550747151314623,0.045588102012770686,0.019767688312110118,0.8499148020547008,0.4813870474247833
f14s2,14,5,2.0,heldout,41,2002,10,True,ctrwT,violation,step,complete,32.0,20.0,98.99888234497715,900.0,98.99888234497715,0.003957377432130406,0.39177594279814587,0.010163595005437901,0.4091706162697474,0.3990070212642987,0.32617215622609,1.0,0.0
f14s2,14,5,2.0,heldout,41,2002,10,True,ctrwT,violation,cost,complete,16.0,1.733868479521449,13.305090269784278,78.0240815784652,13.305090269784278,0.012766069713756394,0.16985370993188798,0.008687476053264937,0.24680685023982069,0.23811937418655565,0.18778125281354305,1.0,0.0
f14s2,14,5,2.0,heldout,41,2002,10,True,indep,,step,,0.0,0.0,5.0,5.0,5.0,0.004095904095903835,0.020479520479519175,0.0004995004995004995,0.020479520479520494,0.01998001998001998,0.016349504154382202,,
f14s2,14,5,2.0,heldout,41,2002,10,True,indep,,cost,,0.0,0.0,5.0,5.0,5.0,0.004095904095903835,0.020479520479519175,0.0004995004995004995,0.020479520479520494,0.01998001998001998,0.016349504154382202,,
f14s2,14,5,2.0,heldout,41,2002,10,True,multi,,step,,9.0,0.0,9.0,9.0,9.0,0.0021018497379360714,0.018916647641424644,0.0007428644322191244,0.02158029178775381,0.02083742735553469,0.016516369358629178,,
f14s2,14,5,2.0,heldout,41,2002,10,True,multi,,cost,,3.0,0.0,3.0,3.0,3.0,0.0024611077396538747,0.007383323218961624,0.005925925925925924,0.036009501823413295,0.030083575897487377,0.01620074274816822,,
f14s2,14,5,2.0,heldout,41,2002,10,True,qe,indicator,step,complete,32.0,5.8887494080177145,20475.0,20475.0,33705.0,1.270553388768456e-05,0.26014580635034135,0.08468559542139975,0.7660996220578462,0.6814140266364459,0.38187622551226247,1.0,0.0
f14s2,14,5,2.0,heldout,41,2002,10,True,qe,indicator,cost,complete,16.0,0.22594597786155107,390.0,390.0,642.0,6.784202559072983e-05,0.026458389980384633,0.20892384217011387,0.3237920917707914,0.1148682496006774,0.028028049586955983,1.0,0.0
f14s2,14,5,2.0,heldout,41,2002,10,True,qe,surrogate,step,ring,0.5,3.9176060908879475,583.0,583.0,583.0,1.3161769700167194e-05,0.0076733117351974744,0.0007189730568149518,0.01895229367954368,0.018233320622728724,0.015480128967319134,0.8499148020547008,0.4813870474247833
f14s2,14,5,2.0,heldout,41,2002,10,True,qe,surrogate,cost,ring,0.5,3.9176060908879475,583.0,583.0,583.0,1.3161769700167194e-05,0.0076733117351974744,0.0007189730568149518,0.01895229367954368,0.018233320622728724,0.015480128967319134,0.8499148020547008,0.4813870474247833
f14s2,14,5,2.0,heldout,41,2002,10,True,qe,violation,step,complete,32.0,8.851673390820459,256035.0,256035.0,421473.0,2.0941091286656518e-07,0.05361652307579101,0.007520257705450508,0.12585597658130518,0.11833571887585442,0.08015264608627098,1.0,0.0
f14s2,14,5,2.0,heldout,41,2002,10,True,qe,violation,cost,ring,0.5,3.9176060908879475,451.0,451.0,1837.0,1.745618397065881e-05,0.007872738970767124,0.0007159185227533111,0.019607379372713993,0.018891460849960674,0.01595896461792466,1.0,0.0
f14s2,14,5,2.0,heldout,41,2002,10,True,swap,,step,,0.0,0.0,1.0,1.0,1.0,0.0,0.0,0.0,0.058536585365853655,0.058536585365853655,0.0,,
f14s2,14,5,2.0,heldout,41,2002,10,True,swap,,cost,,0.0,0.0,1.0,1.0,1.0,0.0,0.0,0.0,0.058536585365853655,0.058536585365853655,0.0,,
f14s3,14,5,3.0,heldout,61,2002,8,True,ctrw0,,step,complete,0.0,0.5105158491181254,22.973213210315645,22.973213210315645,22.973213210315645,0.001324670255753378,0.030431932218785707,0.0005046788190785227,0.030487647212643354,0.029982968393564728,0.023938627996210427,,
f14s3,14,5,3.0,heldout,61,2002,8,True,ctrw0,,cost,complete,0.0,0.1,4.5,4.5,4.5,0.004582404019849958,0.02062081808932481,0.015958817555542102,0.05145585197846993,0.035497034422927815,0.0206616610842327,,
f14s3,14,5,3.0,heldout,61,2002,8,True,ctrwT,indicator,step,complete,4.0,8.851673390820459,29.518036445699547,398.32530258692066,29.518036445699547,0.021336850058004227,0.6298219176485953,0.01053499332136841,0.6317930566267979,0.6212580633054272,0.49514279239325437,1.0,0.0
f14s3,14,5,3.0,heldout,61,2002,8,True,ctrwT,indicator,cost,ring,16.0,20.0,1.490629855297727e-05,138.46153846153845,1.490629855297727e-05,0.20250576236731332,3.0186113525454417e-06,0.9999883173118911,0.9999966067478533,8.289435962255854e-06,6.541498709140081e-06,1.0,0.0
f14s3,14,5,3.0,heldout,61,2002,8,True,ctrwT,surrogate,step,complete,2.0,0.7673818741681168,21.922064451821182,34.532184337565255,21.922064451821182,0.0020827706950533554,0.04565863341532406,0.0009096132030793944,0.054767317231068764,0.050826507855568644,0.0399782268402597,0.7222996427395039,0.48325605358062856
f14s3,14,5,3.0,heldout,61,2002,8,True,ctrwT,surrogate,cost,complete,1.0,0.1,3.24888565123344,4.5,3.24888565123344,0.007155198662227321,0.02324642226543505,0.04809483902326332,0.1021540269788562,0.053097758820337015,0.02504882350261629,0.7222996427395039,0.48325605358062856
f14s3,14,5,3.0,heldout,61,2002,8,True,ctrwT,violation,step,complete,32.0,20.0,96.68688419654964,900.0,96.68688419654964,0.005060075725664421,0.48924295571308773,0.008022907958280204,0.4893172540240627,0.4812943460657687,0.38449629260797297,1.0,0.0
f14s3,14,5,3.0,heldout,61,2002,8,True,ctrwT,violation,cost,complete,16.0,1.733868479521449,12.966162972450325,78.0240815784652,12.966162972450325,0.021070166316311208,0.27319921031392447,0.006324314161724785,0.3013996238484318,0.2950753096867068,0.22621485512116699,1.0,0.0
f14s3,14,5,3.0,heldout,61,2002,8,True,indep,,step,,0.0,0.0,5.0,5.0,5.0,0.006093906093905676,0.030469530469528383,0.0004995004995004995,0.030469530469530503,0.029970029970029982,0.02394326984490919,,
f14s3,14,5,3.0,heldout,61,2002,8,True,indep,,cost,,0.0,0.0,5.0,5.0,5.0,0.006093906093905676,0.030469530469528383,0.0004995004995004995,0.030469530469530503,0.029970029970029982,0.02394326984490919,,
f14s3,14,5,3.0,heldout,61,2002,8,True,multi,,step,,9.0,0.0,9.0,9.0,9.0,0.003201822709629604,0.02881640438666644,0.0007428644322191244,0.0312984485230791,0.03055558409085997,0.023733811548000222,,
f14s3,14,5,3.0,heldout,61,2002,8,True,multi,,cost,,3.0,0.0,3.0,3.0,3.0,0.0057815756781745,0.0173447270345235,0.005925925925925926,0.043622298679979306,0.03769637275405339,0.02084256448312307,,
f14s3,14,5,3.0,heldout,61,2002,8,True,qe,indicator,step,complete,32.0,5.8887494080177145,20475.0,20475.0,33705.0,2.0491191032464472e-05,0.41955713638971004,0.061465078854700025,0.7929849781859637,0.7315198993312635,0.46120831077424007,1.0,0.0
f14s3,14,5,3.0,heldout,61,2002,8,True,qe,indicator,cost,complete,16.0,0.22594597786155107,390.0,390.0,642.0,0.00011764791497351084,0.04588268683966923,0.20880293336906855,0.33534809000156984,0.1265451566325011,0.03989475523527404,1.0,0.0
f14s3,14,5,3.0,heldout,61,2002,8,True,qe,surrogate,step,ring,0.5,3.9176060908879475,636.0,636.0,636.0,2.2802579664117507e-05,0.014502440666378735,0.0008769810317270927,0.03453657826665315,0.03365959723492604,0.02361414699080354,0.7222996427395039,0.48325605358062856
f14s3,14,5,3.0,heldout,61,2002,8,True,qe,surrogate,cost,ring,0.5,3.9176060908879475,636.0,636.0,636.0,2.2802579664117507e-05,0.014502440666378735,0.0008769810317270927,0.03453657826665315,0.03365959723492604,0.02361414699080354,0.7222996427395039,0.48325605358062856
f14s3,14,5,3.0,heldout,61,2002,8,True,qe,violation,step,complete,32.0,8.851673390820459,248235.0,248235.0,408633.0,3.717878629165833e-07,0.09229076015109805,0.009354351646838354,0.1708653108929728,0.16151095924613412,0.11191710370044163,1.0,0.0
f14s3,14,5,3.0,heldout,61,2002,8,True,qe,violation,cost,ring,0.5,3.9176060908879475,451.0,451.0,1837.0,3.774446536296626e-05,0.017022753878697783,0.0008173249568901317,0.03573801571569985,0.034920690758809714,0.02452619181130176,1.0,0.0
f14s3,14,5,3.0,heldout,61,2002,8,True,swap,,step,,0.0,0.0,1.0,1.0,1.0,0.0,0.0,0.0,0.05683060109289617,0.05683060109289617,0.0,,
f14s3,14,5,3.0,heldout,61,2002,8,True,swap,,cost,,0.0,0.0,1.0,1.0,1.0,0.0,0.0,0.0,0.05683060109289617,0.05683060109289617,0.0,,
f14s4,14,5,4.0,heldout,71,2002,6,True,ctrw0,,step,complete,0.0,0.5105158491181254,22.973213210315645,22.973213210315645,22.973213210315645,0.0015416949897034415,0.03541768770373255,0.0005046788190785105,0.03548018160587214,0.034975502786793504,0.025058548634717438,,
f14s4,14,5,4.0,heldout,71,2002,6,True,ctrw0,,cost,complete,0.0,0.1,4.5,4.5,4.5,0.005093151765470723,0.022919182944618255,0.015958817555542047,0.05804933074387283,0.04209051318833077,0.019371026453019153,,
f14s4,14,5,4.0,heldout,71,2002,6,True,ctrwT,indicator,step,complete,4.0,8.851673390820459,40.58512352611547,398.32530258692066,40.58512352611547,0.016376269846818864,0.6646329346301436,0.009528109129670474,0.6674976349697886,0.6579695258401154,0.47031503073918607,1.0,0.0
f14s4,14,5,4.0,heldout,71,2002,6,True,ctrwT,indicator,cost,ring,16.0,20.0,1.426502214751172e-05,138.46153846153845,1.426502214751172e-05,0.14111772032762468,2.013047405879931e-06,0.9999889892734757,0.9999970213842015,8.032110725822197e-06,4.9742774022611605e-06,1.0,0.0
f14s4,14,5,4.0,heldout,71,2002,6,True,ctrwT,surrogate,step,complete,2.0,0.7673818741681168,21.584426071003396,34.532184337565255,21.584426071003396,0.0024717899009556172,0.05335216638022933,0.0009403713994357184,0.0658249450431965,0.06085085123161658,0.04262317320508661,0.7780395474868892,0.4624546866908338
f14s4,14,5,4.0,heldout,71,2002,6,True,ctrwT,surrogate,cost,complete,1.0,0.1,3.225427705084642,4.5,3.225427705084642,0.007990089190300243,0.02577145504049172,0.04913639772102086,0.11620755626201887,0.06580859944224708,0.022467725131316726,0.7780395474868892,0.4624546866908338
f14s4,14,5,4.0,heldout,71,2002,6,True,ctrwT,violation,step,complete,32.0,20.0,111.18320489072012,900.0,111.18320489072012,0.00487051402140088,0.5415193583645392,0.008668959760430589,0.5736243658421558,0.5649554060817036,0.399163740065565,1.0,0.0
f14s4,14,5,4.0,heldout,71,2002,6,True,ctrwT,violation,cost,complete,16.0,1.733868479521449,12.699938325495015,78.0240815784652,12.699938325495015,0.02098360302596439,0.2664904642764183,0.009715901950835338,0.3832538697269163,0.37353796777608067,0.22309755158478495,1.0,0.0
f14s4,14,5,4.0,heldout,71,2002,6,True,indep,,step,,0.0,0.0,5.0,5.0,5.0,0.0070929070929067976,0.035464535464533986,0.0004995004995004992,0.03546453546453547,0.034965034965034954,0.025073518031264504,,
f14s4,14,5,4.0,heldout,71,2002,6,True,indep,,cost,,0.0,0.0,5.0,5.0,5.0,0.0070929070929067976,0.035464535464533986,0.0004995004995004992,0.03546453546453547,0.034965034965034954,0.025073518031264504,,
f14s4,14,5,4.0,heldout,71,2002,6,True,multi,,step,,9.0,0.0,9.0,9.0,9.0,0.0037113413566685813,0.03340207221001723,0.0007428644322191244,0.03619280910913068,0.03544994467691155,0.024408303188078847,,
f14s4,14,5,4.0,heldout,71,2002,6,True,multi,,cost,,3.0,0.0,3.0,3.0,3.0,0.006256137539530841,0.018768412618592523,0.005925925925925926,0.049814254525782954,0.043888328599857036,0.018312563998531654,,
f14s4,14,5,4.0,heldout,71,2002,6,True,qe,indicator,step,complete,32.0,5.8887494080177145,20475.0,20475.0,33705.0,2.0905107005212512e-05,0.42803206593172616,0.03873092074399778,0.8196989831437668,0.7809680623997686,0.4278139800465868,1.0,0.0
f14s4,14,5,4.0,heldout,71,2002,6,True,qe,indicator,cost,complete,16.0,0.22594597786155107,390.0,390.0,642.0,0.00011963805798159699,0.046658842612822826,0.21018906834769552,0.37963400584577567,0.16944493749807998,0.03838440670113033,1.0,0.0
f14s4,14,5,4.0,heldout,71,2002,6,True,qe,surrogate,step,ring,0.5,3.9176060908879475,636.0,636.0,636.0,2.5097487688028806e-05,0.01596200216958632,0.0007130453483495336,0.04281788382121017,0.042104838472860645,0.028139757011351664,0.7780395474868892,0.4624546866908338
f14s4,14,5,4.0,heldout,71,2002,6,True,qe,surrogate,cost,ring,0.5,3.9176060908879475,636.0,636.0,636.0,2.5097487688028806e-05,0.01596200216958632,0.0007130453483495336,0.04281788382121017,0.042104838472860645,0.028139757011351664,0.7780395474868892,0.4624546866908338
f14s4,14,5,4.0,heldout,71,2002,6,True,qe,violation,step,complete,32.0,8.851673390820459,252915.0,252915.0,416337.0,3.0189438839418795e-07,0.07635361924071604,0.012322637268715554,0.22210817149759285,0.20978553422887697,0.10660634799646562,1.0,0.0
f14s4,14,5,4.0,heldout,71,2002,6,True,qe,violation,cost,ring,0.5,3.9176060908879475,451.0,451.0,1837.0,4.545482233160767e-05,0.02050012487155506,0.0007639555940449247,0.044701251804812984,0.04393729621076806,0.029392012663686296,1.0,0.0
f14s4,14,5,4.0,heldout,71,2002,6,True,swap,,step,,0.0,0.0,1.0,1.0,1.0,0.0,0.0,0.0,0.08513302034428792,0.08513302034428792,0.0,,
f14s4,14,5,4.0,heldout,71,2002,6,True,swap,,cost,,0.0,0.0,1.0,1.0,1.0,0.0,0.0,0.0,0.08513302034428792,0.08513302034428792,0.0,,
f14s5,14,5,5.0,heldout,46,2002,16,True,ctrw0,,step,complete,0.0,0.5105158491181254,22.973213210315645,22.973213210315645,22.973213210315645,0.0009988324557328612,0.022946390966934183,0.0005046788190785526,0.022990943377804187,0.02248626455872554,0.02034850747315114,,
f14s5,14,5,5.0,heldout,46,2002,16,True,ctrw0,,cost,complete,0.0,0.1,4.5,4.5,4.5,0.0032522961491852323,0.014635332671333545,0.015958817555542012,0.04211177807508387,0.026152960519541846,0.01866726715141374,,
f14s5,14,5,5.0,heldout,46,2002,16,True,ctrwT,indicator,step,complete,4.0,8.851673390820459,21.27442264090728,398.32530258692066,21.27442264090728,0.02634154062063009,0.5604010681759115,0.012578916035234566,0.5621737259214235,0.5495948098861867,0.49671507371398366,1.0,0.0
f14s5,14,5,5.0,heldout,46,2002,16,True,ctrwT,indicator,cost,ring,16.0,20.0,1.546135443968951e-05,138.46153846153845,1.546135443968951e-05,0.11772336014138361,1.8201625969771484e-06,0.9999880645893771,0.9999956275410188,7.562951641785944e-06,6.750720604358508e-06,1.0,0.0
f14s5,14,5,5.0,heldout,46,2002,16,True,ctrwT,surrogate,step,complete,2.0,0.7673818741681168,21.700191322671415,34.532184337565255,21.700191322671415,0.0015365277870760202,0.033342946952150565,0.0009335657189600995,0.04236151778901222,0.03829706939260556,0.034422279933308035,0.7591357695385436,0.48261758691206547
f14s5,14,5,5.0,heldout,46,2002,16,True,ctrwT,surrogate,cost,complete,1.0,0.1,3.233565347110673,4.5,3.233565347110673,0.0049676847318138985,0.0160633332041642,0.048781589211407364,0.08826712088747989,0.03852164070463944,0.023176411496538436,0.7591357695385436,0.48261758691206547
f14s5,14,5,5.0,heldout,46,2002,16,True,ctrwT,violation,step,complete,32.0,20.0,71.72952769447265,900.0,71.72952769447265,0.006076325789942221,0.43585197903029893,0.009568590357922515,0.43793567832140484,0.4283670879634684,0.3875690269662905,1.0,0.0
f14s5,14,5,5.0,heldout,46,2002,16,True,ctrwT,violation,cost,complete,16.0,1.733868479521449,10.723860037017856,78.0240815784652,10.723860037017856,0.01821371066993339,0.19532128397910442,0.009249814427266986,0.25602781629715626,0.24677800186988919,0.21219665401885232,1.0,0.0
f14s5,14,5,5.0,heldout,46,2002,16,True,indep,,step,,0.0,0.0,5.0,5.0,5.0,0.00459540459540404,0.0229770229770202,0.0004995004995004996,0.02297702297702299,0.022477522477522476,0.02034921600138992,,
f14s5,14,5,5.0,heldout,46,2002,16,True,indep,,cost,,0.0,0.0,5.0,5.0,5.0,0.00459540459540404,0.0229770229770202,0.0004995004995004996,0.02297702297702299,0.022477522477522476,0.02034921600138992,,
f14s5,14,5,5.0,heldout,46,2002,16,True,multi,,step,,9.0,0.0,9.0,9.0,9.0,0.002402971762766665,0.021626745864899988,0.0007428644322191244,0.023618001953196844,0.022875137520977723,0.02031737105967106,,
f14s5,14,5,5.0,heldout,46,2002,16,True,multi,,cost,,3.0,0.0,3.0,3.0,3.0,0.003931827030968356,0.011795481092905069,0.005925925925925925,0.03390326236058925,0.027977336434663328,0.019480169380330408,,
f14s5,14,5,5.0,heldout,46,2002,16,True,qe,indicator,step,complete,32.0,5.8887494080177145,20475.0,20475.0,33705.0,1.9603722644337706e-05,0.4013862211428145,0.08244782423377293,0.7542079390578901,0.6717601148241169,0.5277972317624827,1.0,0.0
f14s5,14,5,5.0,heldout,46,2002,16,True,qe,indicator,cost,complete,16.0,0.22594597786155107,390.0,390.0,642.0,9.052687252056195e-05,0.035305480283019164,0.2078767651937544,0.29834899434043016,0.09047222914667571,0.03730478351149271,1.0,0.0
f14s5,14,5,5.0,heldout,46,2002,16,True,qe,surrogate,step,ring,0.5,3.9176060908879475,583.0,583.0,583.0,1.6247960457576453e-05,0.009472560946767072,0.0007082710377445608,0.025135392514281554,0.024427121476537,0.021042749564534228,0.7591357695385436,0.48261758691206547
f14s5,14,5,5.0,heldout,46,2002,16,True,qe,surrogate,cost,ring,0.5,3.9176060908879475,583.0,583.0,583.0,1.6247960457576453e-05,0.009472560946767072,0.0007082710377445608,0.025135392514281554,0.024427121476537,0.021042749564534228,0.7591357695385436,0.48261758691206547
f14s5,14,5,5.0,heldout,46,2002,16,True,qe,violation,step,complete,32.0,8.851673390820459,248235.0,248235.0,408633.0,2.880089223877244e-07,0.07149389484891677,0.012367948054232088,0.12998203260233487,0.11761408454810258,0.09001758589438556,1.0,0.0
f14s5,14,5,5.0,heldout,46,2002,16,True,qe,violation,cost,ring,0.5,3.9176060908879475,451.0,451.0,1837.0,2.4660766764799793e-05,0.011122005810924707,0.0006700273718794553,0.02671108605131974,0.026041058679440277,0.022708592623705826,1.0,0.0
f14s5,14,5,5.0,heldout,46,2002,16,True,swap,,step,,0.0,0.0,1.0,1.0,1.0,0.0,0.0,0.0,0.0357487922705314,0.0357487922705314,0.0,,
f14s5,14,5,5.0,heldout,46,2002,16,True,swap,,cost,,0.0,0.0,1.0,1.0,1.0,0.0,0.0,0.0,0.0357487922705314,0.0357487922705314,0.0,,
f14s6,14,5,6.0,heldout,64,2002,1,False,ctrw0,,step,complete,0.0,0.5105158491181254,22.973213210315645,22.973213210315645,22.973213210315645,0.0013914723381806301,0.03196659070128005,0.0005046788190784153,0.03201807873195349,0.03151339991287502,0.0,,
f14s6,14,5,6.0,heldout,64,2002,1,False,ctrw0,,cost,complete,0.0,0.1,4.5,4.5,4.5,0.0062078431759297675,0.027935294291683954,0.015958817555542154,0.06339322200717995,0.04743440445163778,0.0,,
f14s6,14,5,6.0,heldout,64,2002,1,False,ctrwT,indicator,step,complete,4.0,8.851673390820459,47.756296504851036,398.32530258692066,47.756296504851036,0.013438266765983486,0.641761852187593,0.010074956546740777,0.6432439947189439,0.6331690381722008,0.0,1.0,0.0
f14s6,14,5,6.0,heldout,64,2002,1,False,ctrwT,indicator,cost,ring,16.0,20.0,3.125013926227872,138.46153846153845,3.125013926227872,9.445255901211143e-07,2.951655622807081e-06,0.9218650393020054,0.9999967996803534,0.07813176037834804,0.0,1.0,0.0
f14s6,14,5,6.0,heldout,64,2002,1,False,ctrwT,surrogate,step,complete,2.0,0.7673818741681168,21.799244866360826,34.532184337565255,21.799244866360826,0.002646285736086806,0.05768703074731418,0.001027049269848107,0.06495125874391336,0.061149417899078566,0.0,0.891640866873065,0.2708978328173375
f14s6,14,5,6.0,heldout,64,2002,1,False,ctrwT,surrogate,cost,complete,1.0,0.1,3.2432790013236827,4.5,3.2432790013236827,0.010899731246303787,0.03535086947120869,0.04855028937173842,0.12969358936329803,0.08007233340507434,0.0,0.891640866873065,0.2708978328173375
f14s6,14,5,6.0,heldout,64,2002,1,False,ctrwT,violation,step,complete,32.0,20.0,161.1789970995809,900.0,161.1789970995809,0.0030702441763363567,0.4948588771927228,0.007732182201313682,0.49485944910909274,0.4871272669077703,0.0,1.0,0.0
f14s6,14,5,6.0,heldout,64,2002,1,False,ctrwT,violation,cost,complete,16.0,1.733868479521449,19.118771759786803,78.0240815784652,19.118771759786803,0.015391651256052661,0.2942694673707067,0.004968703501741256,0.3049258229613636,0.29995711945962217,0.0,1.0,0.0
f14s6,14,5,6.0,heldout,64,2002,1,False,indep,,step,,0.0,0.0,5.0,5.0,5.0,0.006393606393605977,0.031968031968029886,0.0004995004995004995,0.03196803196803199,0.031468531468531465,0.0,,
f14s6,14,5,6.0,heldout,64,2002,1,False,indep,,cost,,0.0,0.0,5.0,5.0,5.0,0.006393606393605977,0.031968031968029886,0.0004995004995004995,0.03196803196803199,0.031468531468531465,0.0,,
f14s6,14,5,6.0,heldout,64,2002,1,False,multi,,step,,9.0,0.0,9.0,9.0,9.0,0.0035434270979310093,0.03189084388137908,0.0007428644322191244,0.034213574178484085,0.03347070974626495,0.0,,
f14s6,14,5,6.0,heldout,64,2002,1,False,multi,,cost,,3.0,0.0,3.0,3.0,3.0,0.009225502634371682,0.027676507903115044,0.005925925925925924,0.058638203017832666,0.05271227709190673,0.0,,
f14s6,14,5,6.0,heldout,64,2002,1,False,qe,indicator,step,complete,32.0,5.8887494080177145,20475.0,20475.0,33705.0,2.0095094611267676e-05,0.4114470621657057,0.0425949700390155,0.809191795037129,0.766596824998113,0.0,1.0,0.0
f14s6,14,5,6.0,heldout,64,2002,1,False,qe,indicator,cost,complete,16.0,0.22594597786155107,390.0,390.0,642.0,0.00011228407954169412,0.04379079102126071,0.21140779861328257,0.3862003003509674,0.1747925017376848,0.0,1.0,0.0
f14s6,14,5,6.0,heldout,64,2002,1,False,qe,surrogate,step,ring,0.5,3.9176060908879475,583.0,583.0,583.0,2.034860713994936e-05,0.011863237962590478,0.0007715016589701677,0.034350334830863034,0.03357883317189286,0.0,0.891640866873065,0.2708978328173375
f14s6,14,5,6.0,heldout,64,2002,1,False,qe,surrogate,cost,ring,0.5,3.9176060908879475,583.0,583.0,583.0,2.034860713994936e-05,0.011863237962590478,0.0007715016589701677,0.034350334830863034,0.03357883317189286,0.0,0.891640866873065,0.2708978328173375
f14s6,14,5,6.0,heldout,64,2002,1,False,qe,violation,step,complete,32.0,8.851673390820459,251160.0,251160.0,413448.0,2.5726756323749467e-07,0.06461532118272917,0.014235117533696195,0.16377233243618505,0.14953721490248856,0.0,1.0,0.0
f14s6,14,5,6.0,heldout,64,2002,1,False,qe,violation,cost,ring,0.5,3.9176060908879475,451.0,451.0,1837.0,3.293832632633843e-05,0.014855185173178631,0.0008140160862246486,0.036664641516615595,0.03585062543039094,0.0,1.0,0.0
f14s6,14,5,6.0,heldout,64,2002,1,False,swap,,step,,0.0,0.0,1.0,1.0,1.0,0.0015009404624041212,0.0015009404624041212,0.0,0.10347222222222224,0.10347222222222223,0.0,,
f14s6,14,5,6.0,heldout,64,2002,1,False,swap,,cost,,0.0,0.0,1.0,1.0,1.0,0.0015009404624041212,0.0015009404624041212,0.0,0.10347222222222224,0.10347222222222223,0.0,,
f14s7,14,5,7.0,heldout,42,2002,7,True,ctrw0,,step,complete,0.0,0.5105158491181254,22.973213210315645,22.973213210315645,22.973213210315645,0.0009117089306009884,0.020944883648445378,0.0005046788190784803,0.020996940582395235,0.020492261763316675,0.01609945070545387,,
f14s7,14,5,7.0,heldout,42,2002,7,True,ctrw0,,cost,complete,0.0,0.1,4.5,4.5,4.5,0.0027517198377387223,0.01238273926982425,0.015958817555542078,0.042767542012933125,0.02680872445739104,0.013655852902354751,,
f14s7,14,5,7.0,heldout,42,2002,7,True,ctrwT,indicator,step,complete,4.0,8.851673390820459,30.053925905228994,398.32530258692066,30.053925905228994,0.01787433742606643,0.537194012608062,0.01303887891436886,0.5391640181091949,0.5261251391948234,0.41259495535751756,1.0,0.0
f14s7,14,5,7.0,heldout,42,2002,7,True,ctrwT,indicator,cost,ring,16.0,20.0,1.4575984535065943e-05,138.46153846153845,1.4575984535065943e-05,0.1705964147949635,2.4866107037890828e-06,0.9999888726512696,0.9999954671023706,6.594451101099929e-06,4.762963736154046e-06,1.0,0.0
f14s7,14,5,7.0,heldout,42,2002,7,True,ctrwT,surrogate,step,complete,2.0,0.7673818741681168,21.726443175592646,34.532184337565255,21.726443175592646,0.0014974867440049403,0.032535060649826586,0.0009454876020654097,0.03920341132077343,0.036215606162752864,0.028271884172426914,0.7816933916423713,0.4816326530612245
f14s7,14,5,7.0,heldout,42,2002,7,True,ctrwT,surrogate,cost,complete,1.0,0.1,3.234889434088547,4.5,3.234889434088547,0.004145885130927767,0.013411480004983045,0.04875156405368396,0.0921062572262912,0.04268661706340238,0.016572843658438335,0.7816933916423713,0.4816326530612245
f14s7,14,5,7.0,heldout,42,2002,7,True,ctrwT,violation,step,complete,32.0,20.0,78.17564125742538,900.0,78.17564125742538,0.006698235359674828,0.523638844535741,0.01479205283260461,0.5625150307968558,0.5477229779642288,0.42460029744525407,1.0,0.0
f14s7,14,5,7.0,heldout,42,2002,7,True,ctrwT,violation,cost,complete,16.0,1.733868479521449,9.539597306725232,78.0240815784652,9.539597306725232,0.02197900587445206,0.2096708652444209,0.021157413310524724,0.3572265823855975,0.3360691690750726,0.20335312985550014,1.0,0.0
f14s7,14,5,7.0,heldout,42,2002,7,True,indep,,step,,0.0,0.0,5.0,5.0,5.0,0.004195804195803876,0.02097902097901938,0.0004995004995004995,0.020979020979020997,0.02047952047952048,0.01610294467437325,,
f14s7,14,5,7.0,heldout,42,2002,7,True,indep,,cost,,0.0,0.0,5.0,5.0,5.0,0.004195804195803876,0.02097902097901938,0.0004995004995004995,0.020979020979020997,0.02047952047952048,0.01610294467437325,,
f14s7,14,5,7.0,heldout,42,2002,7,True,multi,,step,,9.0,0.0,9.0,9.0,9.0,0.002163754749529925,0.019473792745769325,0.0007428644322191244,0.021800064409635604,0.021057199977416483,0.015944530277329436,,
f14s7,14,5,7.0,heldout,42,2002,7,True,multi,,cost,,3.0,0.0,3.0,3.0,3.0,0.0029503436321800893,0.008851030896540268,0.005925925925925924,0.034484812855183226,0.028558886929257305,0.013651577503429355,,
f14s7,14,5,7.0,heldout,42,2002,7,True,qe,indicator,step,complete,32.0,5.8887494080177145,20475.0,20475.0,33705.0,1.88057292656174e-05,0.3850473067135163,0.0735070398838693,0.7785512828980442,0.7050442430141745,0.4103657832516816,1.0,0.0
f14s7,14,5,7.0,heldout,42,2002,7,True,qe,indicator,cost,complete,16.0,0.22594597786155107,390.0,390.0,642.0,8.029245703287256e-05,0.0313140582428203,0.20910201882484372,0.3219365585242244,0.11283453969938073,0.0276557901495983,1.0,0.0
f14s7,14,5,7.0,heldout,42,2002,7,True,qe,surrogate,step,ring,0.5,3.9176060908879475,636.0,636.0,636.0,1.5248867718400129e-05,0.009698279868902482,0.0009620964951449105,0.019336888061604024,0.018374791566459107,0.014288918934197597,0.7816933916423713,0.4816326530612245
f14s7,14,5,7.0,heldout,42,2002,7,True,qe,surrogate,cost,ring,0.5,3.9176060908879475,636.0,636.0,636.0,1.5248867718400129e-05,0.009698279868902482,0.0009620964951449105,0.019336888061604024,0.018374791566459107,0.014288918934197597,0.7816933916423713,0.4816326530612245
f14s7,14,5,7.0,heldout,42,2002,7,True,qe,violation,step,complete,32.0,8.851673390820459,251355.0,251355.0,413769.0,3.4461078663276543e-07,0.08661964427407876,0.013041342664244069,0.165617913406737,0.15257657074249267,0.09298856059159266,1.0,0.0
f14s7,14,5,7.0,heldout,42,2002,7,True,qe,violation,cost,ring,0.5,3.9176060908879475,451.0,451.0,1837.0,2.4597722183286136e-05,0.011093572704662047,0.0008588915496419044,0.02042937491866849,0.019570483369026576,0.015285606243048252,1.0,0.0
f14s7,14,5,7.0,heldout,42,2002,7,True,swap,,step,,0.0,0.0,1.0,1.0,1.0,0.0,0.0,0.0,0.058201058201058205,0.058201058201058205,0.0,,
f14s7,14,5,7.0,heldout,42,2002,7,True,swap,,cost,,0.0,0.0,1.0,1.0,1.0,0.0,0.0,0.0,0.058201058201058205,0.058201058201058205,0.0,,
f14s8,14,5,8.0,heldout,47,2002,7,True,ctrw0,,step,complete,0.0,0.5105158491181254,22.973213210315645,22.973213210315645,22.973213210315645,0.0010194687430609198,0.023420472795591007,0.0005046788190784247,0.02349320876655316,0.022988529947474683,0.015466176105126711,,
f14s8,14,5,8.0,heldout,47,2002,7,True,ctrw0,,cost,complete,0.0,0.1,4.5,4.5,4.5,0.0024896169332018214,0.011203276199408196,0.015958817555542036,0.04644577166600493,0.030486954110462886,0.012404870000589728,,
f14s8,14,5,8.0,heldout,47,2002,7,True,ctrwT,indicator,step,complete,4.0,8.851673390820459,35.76772278465567,398.32530258692066,35.76772278465567,0.01580531001495637,0.5653199471405013,0.012249515536566863,0.5675864241308008,0.5553369085942317,0.37291470783828673,1.0,0.0
f14s8,14,5,8.0,heldout,47,2002,7,True,ctrwT,indicator,cost,ring,16.0,20.0,1.7021409722462009,138.46153846153845,1.7021409722462009,9.345488206590762e-07,1.5907338382081804e-06,0.957437212939332,0.9999958848384107,0.042558671899078776,3.5441431791840146e-06,1.0,0.0
f14s8,14,5,8.0,heldout,47,2002,7,True,ctrwT,surrogate,step,complete,2.0,0.7673818741681168,21.76495170436179,34.532184337565255,21.76495170436179,0.00169285364580235,0.036844877843440926,0.0009664063333532658,0.04483310645560746,0.04171560252790875,0.027114549546460778,0.8148500843445612,0.439386189258312
f14s8,14,5,8.0,heldout,47,2002,7,True,ctrwT,surrogate,cost,complete,1.0,0.1,3.2378803408755226,4.5,3.2378803408755226,0.003347324768988901,0.010838237064034861,0.04867124947520049,0.09969762864133416,0.05042936883118052,0.015069356733759878,0.8148500843445612,0.439386189258312
f14s8,14,5,8.0,heldout,47,2002,7,True,ctrwT,violation,step,complete,32.0,20.0,126.53869996952226,900.0,126.53869996952226,0.0030664484706835553,0.3880244030038268,0.008727432712194885,0.39930920179606433,0.3905817690838573,0.2609455103690375,1.0,0.0
f14s8,14,5,8.0,heldout,47,2002,7,True,ctrwT,violation,cost,complete,16.0,1.733868479521449,16.3943905212277,78.0240815784652,16.3943905212277,0.009795640336791705,0.16059355308685364,0.006706522407242392,0.22994054707060702,0.2232340246633645,0.13645519543407883,1.0,0.0
f14s8,14,5,8.0,heldout,47,2002,7,True,indep,,step,,0.0,0.0,5.0,5.0,5.0,0.004695304695304459,0.023476523476522293,0.0004995004995004996,0.023476523476523497,0.02297702297702298,0.015473887814313345,,
f14s8,14,5,8.0,heldout,47,2002,7,True,indep,,cost,,0.0,0.0,5.0,5.0,5.0,0.004695304695304459,0.023476523476522293,0.0004995004995004996,0.023476523476523497,0.02297702297702298,0.015473887814313345,,
f14s8,14,5,8.0,heldout,47,2002,7,True,multi,,step,,9.0,0.0,9.0,9.0,9.0,0.00233579243058108,0.02102213187522972,0.0007428644322191244,0.024250394300727934,0.02350752986850881,0.015131891080914641,,
f14s8,14,5,8.0,heldout,47,2002,7,True,multi,,cost,,3.0,0.0,3.0,3.0,3.0,0.0021520352960261815,0.006456105888078545,0.005925925925925926,0.038181361818871676,0.032255435892945744,0.012036774363015494,,
f14s8,14,5,8.0,heldout,47,2002,7,True,qe,indicator,step,complete,32.0,5.8887494080177145,20475.0,20475.0,33705.0,1.7830292343312017e-05,0.36507523572931355,0.0703834515137954,0.7804209857063565,0.7100375341925605,0.31718791688493986,1.0,0.0
f14s8,14,5,8.0,heldout,47,2002,7,True,qe,indicator,cost,complete,16.0,0.22594597786155107,390.0,390.0,642.0,8.496912508368699e-05,0.03313795878263792,0.21011911397874222,0.3385618937111947,0.12844277973245247,0.024286344958980192,1.0,0.0
f14s8,14,5,8.0,heldout,47,2002,7,True,qe,surrogate,step,ring,0.5,3.9176060908879475,583.0,583.0,583.0,2.1121167279414418e-05,0.012313640523898606,0.0006987858637515916,0.029431264309521133,0.028732478445769535,0.019049712233226865,0.8148500843445612,0.439386189258312
f14s8,14,5,8.0,heldout,47,2002,7,True,qe,surrogate,cost,ring,0.5,3.9176060908879475,583.0,583.0,583.0,2.1121167279414418e-05,0.012313640523898606,0.0006987858637515916,0.029431264309521133,0.028732478445769535,0.019049712233226865,0.8148500843445612,0.439386189258312
f14s8,14,5,8.0,heldout,47,2002,7,True,qe,violation,step,complete,32.0,8.851673390820459,246675.0,246675.0,406065.0,2.358644787449722e-07,0.058181870294416016,0.01066234915759098,0.13758411707398258,0.1269217679163914,0.053723677918923046,1.0,0.0
f14s8,14,5,8.0,heldout,47,2002,7,True,qe,violation,cost,ring,0.5,3.9176060908879475,451.0,451.0,1837.0,2.772466618793726e-05,0.012503824450759704,0.0006875700264884676,0.030045909458543615,0.029358339432055142,0.0198442476501003,1.0,0.0
f14s8,14,5,8.0,heldout,47,2002,7,True,swap,,step,,0.0,0.0,1.0,1.0,1.0,0.0,0.0,0.0,0.0728132387706856,0.0728132387706856,0.0,,
f14s8,14,5,8.0,heldout,47,2002,7,True,swap,,cost,,0.0,0.0,1.0,1.0,1.0,0.0,0.0,0.0,0.0728132387706856,0.0728132387706856,0.0,,
f14s9,14,5,9.0,heldout,64,2002,10,True,ctrw0,,step,complete,0.0,0.5105158491181254,22.973213210315645,22.973213210315645,22.973213210315645,0.001390129723536872,0.031935746528809705,0.0005046788190785088,0.031986091004308485,0.03148141218522985,0.011455263478107255,,
f14s9,14,5,9.0,heldout,64,2002,10,True,ctrw0,,cost,complete,0.0,0.1,4.5,4.5,4.5,0.00494317691835665,0.022244296132604924,0.01595881755554205,0.05285893395137506,0.03690011639583299,0.009953698940808768,,
f14s9,14,5,9.0,heldout,64,2002,10,True,ctrwT,indicator,step,complete,4.0,8.851673390820459,28.747907329215973,398.32530258692066,28.747907329215973,0.022326955087522773,0.6418532357996718,0.010212109702781625,0.6432447222972516,0.6330326125944674,0.23011863593838908,1.0,0.0
f14s9,14,5,9.0,heldout,64,2002,10,True,ctrwT,indicator,cost,ring,16.0,20.0,1.2500153329175554,138.46153846153845,1.2500153329175554,2.350609940662339e-06,2.938298467536349e-06,0.9687382626557546,0.9999967711416491,0.03125850848589465,3.3763172181368134e-06,1.0,0.0
f14s9,14,5,9.0,heldout,64,2002,10,True,ctrwT,surrogate,step,complete,2.0,0.7673818741681168,21.544630798280703,34.532184337565255,21.544630798280703,0.0022066710818984345,0.047541913752744414,0.0009553123019050602,0.06030246548149884,0.055936170814715185,0.019426904710175275,0.7968669375644994,0.4762641898864809
f14s9,14,5,9.0,heldout,64,2002,10,True,ctrwT,surrogate,cost,complete,1.0,0.1,3.2236132037821505,4.5,3.2236132037821505,0.007793198523801698,0.025122257661022718,0.04925459626394184,0.10631240818723775,0.05587996016406242,0.012084499111573787,0.7968669375644994,0.4762641898864809
f14s9,14,5,9.0,heldout,64,2002,10,True,ctrwT,violation,step,complete,32.0,20.0,100.04891555130244,900.0,100.04891555130244,0.0052687181851487925,0.527129540769563,0.008267764519222915,0.528310622770827,0.5200428582515897,0.1892759414580692,1.0,0.0
f14s9,14,5,9.0,heldout,64,2002,10,True,ctrwT,violation,cost,complete,16.0,1.733868479521449,13.212942612392242,78.0240815784652,13.212942612392242,0.022034782149982106,0.2911443120242785,0.006917077379109353,0.3337679208238945,0.326850843444785,0.11457997958504168,1.0,0.0
f14s9,14,5,9.0,heldout,64,2002,10,True,indep,,step,,0.0,0.0,5.0,5.0,5.0,0.006393606393605977,0.031968031968029886,0.0004995004995004995,0.03196803196803199,0.031468531468531465,0.011457292707292708,,
f14s9,14,5,9.0,heldout,64,2002,10,True,indep,,cost,,0.0,0.0,5.0,5.0,5.0,0.006393606393605977,0.031968031968029886,0.0004995004995004995,0.03196803196803199,0.031468531468531465,0.011457292707292708,,
f14s9,14,5,9.0,heldout,64,2002,10,True,multi,,step,,9.0,0.0,9.0,9.0,9.0,0.0033938299981042994,0.030544469982938693,0.0007428644322191244,0.03279579150363863,0.0320529270714195,0.011365988799488864,,
f14s9,14,5,9.0,heldout,64,2002,10,True,multi,,cost,,3.0,0.0,3.0,3.0,3.0,0.006293161050067238,0.018879483150201715,0.005925925925925924,0.045264403292181066,0.03933847736625515,0.010104252400548696,,
f14s9,14,5,9.0,heldout,64,2002,10,True,qe,indicator,step,complete,32.0,5.8887494080177145,20475.0,20475.0,33705.0,2.2996578268677932e-05,0.47085494005118067,0.049386134970073936,0.7816673546702764,0.732281219700202,0.24342855931999588,1.0,0.0
f14s9,14,5,9.0,heldout,64,2002,10,True,qe,indicator,cost,complete,16.0,0.22594597786155107,390.0,390.0,642.0,0.00011497659953730495,0.04484087381954893,0.2087356374123973,0.33621608118931934,0.12748044377692203,0.01998001904919288,1.0,0.0
f14s9,14,5,9.0,heldout,64,2002,10,True,qe,surrogate,step,ring,0.5,3.9176060908879475,583.0,583.0,583.0,2.9361198306095292e-05,0.017117578612453554,0.0008559998300218699,0.03506893387966196,0.034212934049640084,0.01154570445760746,0.7968669375644994,0.4762641898864809
f14s9,14,5,9.0,heldout,64,2002,10,True,qe,surrogate,cost,ring,0.5,3.9176060908879475,583.0,583.0,583.0,2.9361198306095292e-05,0.017117578612453554,0.0008559998300218699,0.03506893387966196,0.034212934049640084,0.01154570445760746,0.7968669375644994,0.4762641898864809
f14s9,14,5,9.0,heldout,64,2002,10,True,qe,violation,step,complete,32.0,8.851673390820459,256035.0,256035.0,421473.0,4.203314192280955e-07,0.10761955492206543,0.008870263317862774,0.1737049408926868,0.16483467757482367,0.05469870397041655,1.0,0.0
f14s9,14,5,9.0,heldout,64,2002,10,True,qe,violation,cost,ring,0.5,3.9176060908879475,451.0,451.0,1837.0,4.033055324894023e-05,0.018189079515272044,0.0008206992889405217,0.03621335841038777,0.03539265912144725,0.012043287127141027,1.0,0.0
f14s9,14,5,9.0,heldout,64,2002,10,True,swap,,step,,0.0,0.0,1.0,1.0,1.0,0.0,0.0,0.0,0.05486111111111111,0.05486111111111111,0.0,,
f14s9,14,5,9.0,heldout,64,2002,10,True,swap,,cost,,0.0,0.0,1.0,1.0,1.0,0.0,0.0,0.0,0.05486111111111111,0.05486111111111111,0.0,,
f16s0,16,5,0.0,heldout,136,4368,10,True,ctrw0,,step,complete,0.0,0.5105158491181254,28.0783717014969,28.0783717014969,28.0783717014969,0.001108347088436809,0.03112058152340058,0.00022991669309545642,0.031143396655100273,0.030913479962004643,0.013877818283858364,,
f16s0,16,5,0.0,heldout,136,4368,10,True,ctrw0,,cost,complete,0.0,0.1,5.5,5.5,5.5,0.003991376330309215,0.021952569816700684,0.00665546895546954,0.04438891385660814,0.03773344490113857,0.011538503446520649,,
f16s0,16,5,0.0,heldout,136,4368,10,True,ctrwT,indicator,step,complete,4.0,8.851673390820459,45.97519511064803,486.8420364951252,45.97519511064803,0.013841922478794736,0.6363850866690528,0.004702145274398932,0.6369674882605644,0.6322653429861608,0.2837719409045017,1.0,0.0
f16s0,16,5,0.0,heldout,136,4368,10,True,ctrwT,indicator,cost,ring,16.0,20.0,1.7647217365731447,146.66666666666666,1.7647217365731447,1.5500830314006487e-06,2.735465219005917e-06,0.9558703905737557,0.9999966105717819,0.04412621999802629,3.4713698385576683e-06,1.0,0.0
f16s0,16,5,0.0,heldout,136,4368,10,True,ctrwT,surrogate,step,complete,2.0,0.7673818741681168,27.63551046711664,42.20600307924642,27.63551046711664,0.0016633608123532949,0.04596782514038111,0.0004266668976724851,0.057710298041438464,0.05416036927133867,0.024609641591708042,0.7404456938730123,0.46313799621928164
f16s0,16,5,0.0,heldout,136,4368,10,True,ctrwT,surrogate,cost,complete,1.0,0.1,4.073083011471666,5.5,4.073083011471666,0.006298914604374311,0.025656002065787775,0.022838918290278985,0.08239774949222095,0.0584540299120725,0.014310825492703157,0.7404456938730123,0.46313799621928164
f16s0,16,5,0.0,heldout,136,4368,10,True,ctrwT,violation,step,complete,32.0,20.0,151.67684069873528,1100.0,151.67684069873528,0.0032597094246121345,0.49442242712106077,0.0036354605671574643,0.49442253761458743,0.49078707704739,0.22042647100942747,1.0,0.0
f16s0,16,5,0.0,heldout,136,4368,10,True,ctrwT,violation,cost,complete,16.0,1.733868479521449,19.014597834688782,95.36276637367969,19.014597834688782,0.015169251943405623,0.28843722515692916,0.00240627219993578,0.30102020414760877,0.29861393194767283,0.13179803985694905,1.0,0.0
f16s0,16,5,0.0,heldout,136,4368,10,True,indep,,step,,0.0,0.0,5.0,5.0,5.0,0.006227106227105849,0.03113553113552925,0.00022893772893772894,0.031135531135531056,0.030906593406593408,0.01388103318250377,,
f16s0,16,5,0.0,heldout,136,4368,10,True,indep,,cost,,0.0,0.0,5.0,5.0,5.0,0.006227106227105849,0.03113553113552925,0.00022893772893772894,0.031135531135531056,0.030906593406593408,0.01388103318250377,,
f16s0,16,5,0.0,heldout,136,4368,10,True,multi,,step,,9.0,0.0,9.0,9.0,9.0,0.0031975127675350676,0.028777614907815607,0.00040453290693488915,0.03244353958230804,0.032039006675373134,0.01337194809429779,,
f16s0,16,5,0.0,heldout,136,4368,10,True,multi,,cost,,3.0,0.0,3.0,3.0,3.0,0.005111108831323448,0.015333326493970345,0.004628099173553716,0.048273125027621856,0.04364502585406814,0.010068679011800058,,
f16s0,16,5,0.0,heldout,136,4368,10,True,qe,indicator,step,complete,32.0,5.8887494080177145,26775.0,26775.0,41895.0,2.0044315979746095e-05,0.5366865603577017,0.020959606318291156,0.7568182603151072,0.7358586539968157,0.2802544807474755,1.0,0.0
f16s0,16,5,0.0,heldout,136,4368,10,True,qe,indicator,cost,complete,16.0,0.22594597786155107,510.0,510.0,798.0,0.000108619346181234,0.05539586655242934,0.14599094442208388,0.2980135630670558,0.15202261864497188,0.02629440175473087,1.0,0.0
f16s0,16,5,0.0,heldout,136,4368,10,True,qe,surrogate,step,ring,0.5,3.9176060908879475,792.0,792.0,792.0,2.627300751579276e-05,0.020808221952507866,0.00028180264860627616,0.034496228704935746,0.03421442605632946,0.01734259924371079,0.7404456938730123,0.46313799621928164
f16s0,16,5,0.0,heldout,136,4368,10,True,qe,surrogate,cost,ring,0.5,3.9176060908879475,792.0,792.0,792.0,2.627300751579276e-05,0.020808221952507866,0.00028180264860627616,0.034496228704935746,0.03421442605632946,0.01734259924371079,0.7404456938730123,0.46313799621928164
f16s0,16,5,0.0,heldout,136,4368,10,True,qe,violation,step,complete,32.0,8.851673390820459,322575.0,322575.0,504735.0,2.5232902513257997e-07,0.08139503528214198,0.006950873715793745,0.16684822594002707,0.15989735222423307,0.05945234742796493,1.0,0.0
f16s0,16,5,0.0,heldout,136,4368,10,True,qe,violation,cost,ring,0.5,3.9176060908879475,564.0,564.0,2292.0,3.768995955899996e-05,0.021257137191275977,0.00032458092764056347,0.035523595828599604,0.03519901490095903,0.01761022092738714,1.0,0.0
f16s0,16,5,0.0,heldout,136,4368,10,True,swap,,step,,0.0,0.0,1.0,1.0,1.0,0.0,0.0,0.0,0.07754010695187166,0.07754010695187166,0.0,,
f16s0,16,5,0.0,heldout,136,4368,10,True,swap,,cost,,0.0,0.0,1.0,1.0,1.0,0.0,0.0,0.0,0.07754010695187166,0.07754010695187166,0.0,,
f16s1,16,5,1.0,heldout,87,4368,7,True,ctrw0,,step,complete,0.0,0.5105158491181254,28.0783717014969,28.0783717014969,28.0783717014969,0.0007091327289529438,0.019911292349237608,0.0002299166930954955,0.019924717486778598,0.01969480079368299,0.011225582444577472,,
f16s1,16,5,1.0,heldout,87,4368,7,True,ctrw0,,cost,complete,0.0,0.1,5.5,5.5,5.5,0.002867764220241083,0.015772703211325956,0.0066554689554695155,0.031786530987509345,0.0251310620320398,0.010401321127156738,,
f16s1,16,5,1.0,heldout,87,4368,7,True,ctrwT,indicator,step,complete,4.0,8.851673390820459,33.886792296740836,486.8420364951252,33.886792296740836,0.015508420614551892,0.5255306282158139,0.006068291601071328,0.5259683249319861,0.519900033330911,0.296229380273389,1.0,0.0
f16s1,16,5,1.0,heldout,87,4368,7,True,ctrwT,indicator,cost,ring,16.0,20.0,0.4597874479464512,146.66666666666666,0.4597874479464512,6.194262652268675e-06,2.8480442167966302e-06,0.9884920526232687,0.9999950600269132,0.011503007403644286,5.187363099606187e-06,1.0,0.0
f16s1,16,5,1.0,heldout,87,4368,7,True,ctrwT,surrogate,step,complete,2.0,0.7673818741681168,27.226537054593578,42.20600307924642,27.226537054593578,0.0010862079742281288,0.029573681659317175,0.00045137424790527144,0.03905361716132744,0.03606942366375948,0.02062686612425714,0.8075618812878074,0.4599392665265125
f16s1,16,5,1.0,heldout,87,4368,7,True,ctrwT,surrogate,cost,complete,1.0,0.1,4.042685027147455,5.5,4.042685027147455,0.004840286933971918,0.019567755515065732,0.023479001015728907,0.06513734948738167,0.04076598440614542,0.013806785729033134,0.8075618812878074,0.4599392665265125
f16s1,16,5,1.0,heldout,87,4368,7,True,ctrwT,violation,step,complete,32.0,20.0,135.2724837885508,1100.0,135.2724837885508,0.0027868221746232347,0.3769803574382954,0.0043515093152920225,0.3777865215456,0.37343501223027187,0.2126552584480509,1.0,0.0
f16s1,16,5,1.0,heldout,87,4368,7,True,ctrwT,violation,cost,complete,16.0,1.733868479521449,18.002002494565087,95.36276637367969,18.002002494565087,0.010539595332107571,0.18973382146030704,0.0031170039663437777,0.2200096070065131,0.21689260304016908,0.11378011334028017,1.0,0.0
f16s1,16,5,1.0,heldout,87,4368,7,True,indep,,step,,0.0,0.0,5.0,5.0,5.0,0.003983516483516136,0.01991758241758068,0.00022893772893772888,0.019917582417582375,0.01968864468864467,0.011225843122394842,,
f16s1,16,5,1.0,heldout,87,4368,7,True,indep,,cost,,0.0,0.0,5.0,5.0,5.0,0.003983516483516136,0.01991758241758068,0.00022893772893772888,0.019917582417582375,0.01968864468864467,0.011225843122394842,,
f16s1,16,5,1.0,heldout,87,4368,7,True,multi,,step,,9.0,0.0,9.0,9.0,9.0,0.0021027413262942516,0.018924671936648263,0.000404532906934889,0.021095862327544224,0.02069132942060935,0.011178980194343179,,
f16s1,16,5,1.0,heldout,87,4368,7,True,multi,,cost,,3.0,0.0,3.0,3.0,3.0,0.004220225137513005,0.012660675412539013,0.004628099173553717,0.03439481160997262,0.029766712436418895,0.009948444260213993,,
f16s1,16,5,1.0,heldout,87,4368,7,True,qe,indicator,step,complete,32.0,5.8887494080177145,26775.0,26775.0,41895.0,1.9611239293459707e-05,0.5250909320823837,0.02270833995465251,0.6987626647139286,0.6760543247592757,0.34991103755789404,1.0,0.0
f16s1,16,5,1.0,heldout,87,4368,7,True,qe,indicator,cost,complete,16.0,0.22594597786155107,510.0,510.0,798.0,7.292089325546313e-05,0.037189655560286194,0.14349186412776835,0.2490847543946337,0.1055928902668653,0.022346307493631444,1.0,0.0
f16s1,16,5,1.0,heldout,87,4368,7,True,qe,surrogate,step,ring,0.5,3.9176060908879475,792.0,792.0,792.0,1.5007802900394982e-05,0.011886179897112825,0.0002859158838021761,0.021064596661733728,0.020778680777931546,0.012287952994155126,0.8075618812878074,0.4599392665265125
f16s1,16,5,1.0,heldout,87,4368,7,True,qe,surrogate,cost,ring,0.5,3.9176060908879475,792.0,792.0,792.0,1.5007802900394982e-05,0.011886179897112825,0.0002859158838021761,0.021064596661733728,0.020778680777931546,0.012287952994155126,0.8075618812878074,0.4599392665265125
f16s1,16,5,1.0,heldout,87,4368,7,True,qe,violation,step,complete,32.0,8.851673390820459,328185.0,328185.0,513513.0,1.7141718541110317e-07,0.056256548994142896,0.004820763852368777,0.10380690836486996,0.09898614451250098,0.051333119654714855,1.0,0.0
f16s1,16,5,1.0,heldout,87,4368,7,True,qe,violation,cost,ring,0.5,3.9176060908879475,564.0,564.0,2292.0,2.180085533494502e-05,0.012295682408908992,0.000327010617051736,0.021530092839466542,0.0212030822224148,0.012557142763550695,1.0,0.0
f16s1,16,5,1.0,heldout,87,4368,7,True,swap,,step,,0.0,0.0,1.0,1.0,1.0,0.0,0.0,0.0,0.0522466039707419,0.0522466039707419,0.0,,
f16s1,16,5,1.0,heldout,87,4368,7,True,swap,,cost,,0.0,0.0,1.0,1.0,1.0,0.0,0.0,0.0,0.0522466039707419,0.0522466039707419,0.0,,
f16s2,16,5,2.0,heldout,93,4368,9,True,ctrw0,,step,complete,0.0,0.5105158491181254,28.0783717014969,28.0783717014969,28.0783717014969,0.0007579150517326254,0.021281020540707907,0.00022991669309540644,0.021298868803278647,0.02106895211018316,0.01560207096772282,,
f16s2,16,5,2.0,heldout,93,4368,9,True,ctrw0,,cost,complete,0.0,0.1,5.5,5.5,5.5,0.002712470650804155,0.014918588579422853,0.0066554689554694235,0.03427196809958243,0.027616499144113023,0.01453134375708964,,
f16s2,16,5,2.0,heldout,93,4368,9,True,ctrwT,indicator,step,complete,4.0,8.851673390820459,41.24568391212732,486.8420364951252,41.24568391212732,0.013149164713850732,0.5423462914959853,0.005868253144335034,0.5429097156891142,0.5370414625447748,0.39752579338140714,1.0,0.0
f16s2,16,5,2.0,heldout,93,4368,9,True,ctrwT,indicator,cost,ring,16.0,20.0,2.580660650002542,146.66666666666666,2.580660650002542,8.253351333815679e-07,2.129909901782412e-06,0.9354726265465818,0.9999954525799548,0.06452282603337298,4.91868171442656e-06,1.0,0.0
f16s2,16,5,2.0,heldout,93,4368,9,True,ctrwT,surrogate,step,complete,2.0,0.7673818741681168,27.160152546632503,42.20600307924642,27.160152546632503,0.00134374091351498,0.03649620819421817,0.0004628897663556891,0.04281572107226571,0.04033155865051719,0.029758083444964636,0.853036533987298,0.36444444444444446
f16s2,16,5,2.0,heldout,93,4368,9,True,ctrwT,surrogate,cost,complete,1.0,0.1,4.038668867916414,5.5,4.038668867916414,0.004328403330854248,0.01748098778010676,0.023589307744558675,0.07127688620209793,0.04690168684970697,0.019488044709387052,0.853036533987298,0.36444444444444446
f16s2,16,5,2.0,heldout,93,4368,9,True,ctrwT,violation,step,complete,32.0,20.0,136.78099748893408,1100.0,136.78099748893408,0.0030652007019500585,0.4192612095165099,0.004664411987238184,0.4274424210364178,0.42277800904913926,0.3126661346321389,1.0,0.0
f16s2,16,5,2.0,heldout,93,4368,9,True,ctrwT,violation,cost,complete,16.0,1.733868479521449,17.675939051242686,95.36276637367969,17.675939051242686,0.010849971246360878,0.1917834304584105,0.0034789442266597954,0.25121377229921477,0.24773482807255467,0.17618458290630123,1.0,0.0
f16s2,16,5,2.0,heldout,93,4368,9,True,indep,,step,,0.0,0.0,5.0,5.0,5.0,0.004258241758241477,0.021291208791207383,0.0002289377289377289,0.021291208791208743,0.02106227106227105,0.015602229311906721,,
f16s2,16,5,2.0,heldout,93,4368,9,True,indep,,cost,,0.0,0.0,5.0,5.0,5.0,0.004258241758241477,0.021291208791207383,0.0002289377289377289,0.021291208791208743,0.02106227106227105,0.015602229311906721,,
f16s2,16,5,2.0,heldout,93,4368,9,True,multi,,step,,9.0,0.0,9.0,9.0,9.0,0.002187506171163552,0.019687555540471968,0.00040453290693488904,0.022562012765792887,0.022157479858858003,0.015567510393780713,,
f16s2,16,5,2.0,heldout,93,4368,9,True,multi,,cost,,3.0,0.0,3.0,3.0,3.0,0.0033624244304868434,0.01008727329146053,0.004628099173553717,0.037701590686927924,0.03307349151337421,0.013917516944976283,,
f16s2,16,5,2.0,heldout,93,4368,9,True,qe,indicator,step,complete,32.0,5.8887494080177145,26775.0,26775.0,41895.0,1.381361061935741e-05,0.36985942433329466,0.031190025543188605,0.7156047548903981,0.684414729347209,0.3898704665116875,1.0,0.0
f16s2,16,5,2.0,heldout,93,4368,9,True,qe,indicator,cost,complete,16.0,0.22594597786155107,510.0,510.0,798.0,7.03205729664196e-05,0.03586349221287399,0.14544329311513302,0.2674672156236863,0.12202392250855318,0.029738550248686442,1.0,0.0
f16s2,16,5,2.0,heldout,93,4368,9,True,qe,surrogate,step,ring,0.5,3.9176060908879475,792.0,792.0,792.0,1.2453365661361832e-05,0.009863065603798571,0.00019105550737774253,0.01966565017872996,0.01947459467135221,0.016426327752796184,0.853036533987298,0.36444444444444446
f16s2,16,5,2.0,heldout,93,4368,9,True,qe,surrogate,cost,ring,0.5,3.9176060908879475,792.0,792.0,792.0,1.2453365661361832e-05,0.009863065603798571,0.00019105550737774253,0.01966565017872996,0.01947459467135221,0.016426327752796184,0.853036533987298,0.36444444444444446
f16s2,16,5,2.0,heldout,93,4368,9,True,qe,violation,step,complete,32.0,8.851673390820459,323850.0,323850.0,506730.0,1.511152537247588e-07,0.048938674918763136,0.008473958895993101,0.12893700109014183,0.12046304219414858,0.06447524703202667,1.0,0.0
f16s2,16,5,2.0,heldout,93,4368,9,True,qe,violation,cost,ring,0.5,3.9176060908879475,564.0,564.0,2292.0,1.7211356107867026e-05,0.009707204844837003,0.0002398447170272982,0.020351339525897752,0.02011149480887045,0.016699329286697092,1.0,0.0
f16s2,16,5,2.0,heldout,93,4368,9,True,swap,,step,,0.0,0.0,1.0,1.0,1.0,0.0,0.0,0.0,0.06764418377321603,0.06764418377321603,0.0,,
f16s2,16,5,2.0,heldout,93,4368,9,True,swap,,cost,,0.0,0.0,1.0,1.0,1.0,0.0,0.0,0.0,0.06764418377321603,0.06764418377321603,0.0,,
f16s3,16,5,3.0,heldout,126,4368,8,True,ctrw0,,step,complete,0.0,0.5105158491181254,28.0783717014969,28.0783717014969,28.0783717014969,0.001026938849666359,0.02883477073563967,0.00022991669309545943,0.028852411513492656,0.028622494820397047,0.01724088651354888,,
f16s3,16,5,3.0,heldout,126,4368,8,True,ctrw0,,cost,complete,0.0,0.1,5.5,5.5,5.5,0.003945190676943372,0.02169854872318855,0.006655468955469447,0.040553091643684216,0.03389762268821481,0.015296139445790015,,
f16s3,16,5,3.0,heldout,126,4368,8,True,ctrwT,indicator,step,complete,4.0,8.851673390820459,38.9854222309107,486.8420364951252,38.9854222309107,0.0158535597084546,0.6180577190970561,0.004928740512422746,0.6185722214038419,0.6136434808914151,0.36950948295485925,1.0,0.0
f16s3,16,5,3.0,heldout,126,4368,8,True,ctrwT,indicator,cost,ring,16.0,20.0,6.9841433106586805,146.66666666666666,6.9841433106586805,4.015868094447375e-07,2.8047398288322256e-06,0.8253859126873707,0.9999964310058265,0.1746105183184556,5.315955520369164e-06,1.0,0.0
f16s3,16,5,3.0,heldout,126,4368,8,True,ctrwT,surrogate,step,complete,2.0,0.7673818741681168,27.5880585375161,42.20600307924642,27.5880585375161,0.0015345879401134585,0.042336301922816344,0.0004259992336265771,0.05337947310518264,0.04973703656491534,0.0304542970998021,0.735522701930057,0.4651107967939651
f16s3,16,5,3.0,heldout,126,4368,8,True,ctrwT,surrogate,cost,complete,1.0,0.1,4.070328799003341,5.5,4.070328799003341,0.00630964229590788,0.0256823187484434,0.02289248946917865,0.07557958076486423,0.05158856048739241,0.019513212080788357,0.735522701930057,0.4651107967939651
f16s3,16,5,3.0,heldout,126,4368,8,True,ctrwT,violation,step,complete,32.0,20.0,132.06687530225577,1100.0,132.06687530225577,0.0035979054170205273,0.4751641260589605,0.0037711874194414153,0.4751669995833658,0.47139581216388265,0.2840339784685301,1.0,0.0
f16s3,16,5,3.0,heldout,126,4368,8,True,ctrwT,violation,cost,complete,16.0,1.733868479521449,17.243223561380375,95.36276637367969,17.243223561380375,0.015660653463939953,0.27004014879602256,0.00258977905436557,0.29028818530550854,0.28769840625114285,0.16755526400652598,1.0,0.0
f16s3,16,5,3.0,heldout,126,4368,8,True,indep,,step,,0.0,0.0,5.0,5.0,5.0,0.005769230769230416,0.02884615384615208,0.0002289377289377289,0.028846153846153782,0.02861721611721613,0.01724300831443688,,
f16s3,16,5,3.0,heldout,126,4368,8,True,indep,,cost,,0.0,0.0,5.0,5.0,5.0,0.005769230769230416,0.02884615384615208,0.0002289377289377289,0.028846153846153782,0.02861721611721613,0.01724300831443688,,
f16s3,16,5,3.0,heldout,126,4368,8,True,multi,,step,,9.0,0.0,9.0,9.0,9.0,0.003005773120391803,0.02705195808352623,0.00040453290693488904,0.029895200754382078,0.029490667847447187,0.01690540495041201,,
f16s3,16,5,3.0,heldout,126,4368,8,True,multi,,cost,,3.0,0.0,3.0,3.0,3.0,0.005578430227162312,0.016735290681486936,0.004628099173553713,0.043320382097241594,0.038692282923687864,0.014234052448928478,,
f16s3,16,5,3.0,heldout,126,4368,8,True,qe,indicator,step,complete,32.0,5.8887494080177145,26775.0,26775.0,41895.0,1.902118222318242e-05,0.5092921540257093,0.01980381276418064,0.737720388426041,0.71791657566186,0.3939342944807484,1.0,0.0
f16s3,16,5,3.0,heldout,126,4368,8,True,qe,indicator,cost,complete,16.0,0.22594597786155107,510.0,510.0,798.0,0.00010191892832055765,0.0519786534434844,0.14439860282356906,0.2784232727915688,0.1340246699679997,0.034051341970511156,1.0,0.0
f16s3,16,5,3.0,heldout,126,4368,8,True,qe,surrogate,step,ring,0.5,3.9176060908879475,792.0,792.0,792.0,2.467614337211776e-05,0.019543505550717266,0.00030445761662749386,0.03189948844161382,0.031595030824986325,0.02114504234692188,0.735522701930057,0.4651107967939651
f16s3,16,5,3.0,heldout,126,4368,8,True,qe,surrogate,cost,ring,0.5,3.9176060908879475,792.0,792.0,792.0,2.467614337211776e-05,0.019543505550717266,0.00030445761662749386,0.03189948844161382,0.031595030824986325,0.02114504234692188,0.735522701930057,0.4651107967939651
f16s3,16,5,3.0,heldout,126,4368,8,True,qe,violation,step,complete,32.0,8.851673390820459,321045.0,321045.0,502341.0,2.546945164415004e-07,0.0817684010309615,0.005696741904500286,0.15575416510302162,0.15005742319852108,0.07432321295143633,1.0,0.0
f16s3,16,5,3.0,heldout,126,4368,8,True,qe,violation,cost,ring,0.5,3.9176060908879475,564.0,564.0,2292.0,3.718707425770892e-05,0.02097350988134783,0.0003641133165913392,0.033011467497230246,0.03264735418063889,0.02136996380171373,1.0,0.0
f16s3,16,5,3.0,heldout,126,4368,8,True,swap,,step,,0.0,0.0,1.0,1.0,1.0,0.0,0.0,0.0,0.06291486291486292,0.06291486291486291,0.0,,
f16s3,16,5,3.0,heldout,126,4368,8,True,swap,,cost,,0.0,0.0,1.0,1.0,1.0,0.0,0.0,0.0,0.06291486291486292,0.06291486291486291,0.0,,
f16s4,16,5,4.0,heldout,110,4368,5,True,ctrw0,,step,complete,0.0,0.5105158491181254,28.0783717014969,28.0783717014969,28.0783717014969,0.0008965117933351911,0.025172591368041064,0.00022991669309548044,0.025187944115987248,0.024958027422891667,0.012761824834398843,,
f16s4,16,5,4.0,heldout,110,4368,5,True,ctrw0,,cost,complete,0.0,0.1,5.5,5.5,5.5,0.0033362913221792745,0.01834960227198601,0.006655468955469452,0.03694003099038717,0.03028456203491772,0.01157249307026122,,
f16s4,16,5,4.0,heldout,110,4368,5,True,ctrwT,indicator,step,complete,4.0,8.851673390820459,46.360880990330884,486.8420364951252,46.360880990330884,0.012608318592659222,0.5845327577624504,0.005338229384596537,0.5851438028290985,0.579805573444498,0.2962975577602616,1.0,0.0
f16s4,16,5,4.0,heldout,110,4368,5,True,ctrwT,indicator,cost,ring,16.0,20.0,3.6363784910067,146.66666666666666,3.6363784910067,4.4581135085786684e-07,1.6211388073061883e-06,0.9090803599385121,0.9999959446433546,0.09091558470484265,3.2905676985115315e-06,1.0,0.0
f16s4,16,5,4.0,heldout,110,4368,5,True,ctrwT,surrogate,step,complete,2.0,0.7673818741681168,27.444671908014556,42.20600307924642,27.444671908014556,0.0014283634463510574,0.03920096615050572,0.00043485936507705166,0.04755974889618312,0.04427410125605481,0.02148502581567989,0.7711238737777019,0.4556129638327853
f16s4,16,5,4.0,heldout,110,4368,5,True,ctrwT,surrogate,cost,complete,1.0,0.1,4.060343545016276,5.5,4.060343545016276,0.00509475510209872,0.02068645599224528,0.023105001768041884,0.0724930222138389,0.048464932468622546,0.014297803535103055,0.7711238737777019,0.4556129638327853
f16s4,16,5,4.0,heldout,110,4368,5,True,ctrwT,violation,step,complete,32.0,20.0,139.16002056034418,1100.0,139.16002056034418,0.003481814373761099,0.4845293598398964,0.004522625352028796,0.4907918625608416,0.4862692372087604,0.24799398231792338,1.0,0.0
f16s4,16,5,4.0,heldout,110,4368,5,True,ctrwT,violation,cost,complete,16.0,1.733868479521449,16.537892726033938,95.36276637367969,16.537892726033938,0.014365980448124165,0.2375830435553784,0.00391268940058473,0.2970976871989102,0.29318499779832535,0.13648715367202433,1.0,0.0
f16s4,16,5,4.0,heldout,110,4368,5,True,indep,,step,,0.0,0.0,5.0,5.0,5.0,0.005036630036629619,0.025183150183148095,0.0002289377289377289,0.02518315018315013,0.02495421245421246,0.012762237762237756,,
f16s4,16,5,4.0,heldout,110,4368,5,True,indep,,cost,,0.0,0.0,5.0,5.0,5.0,0.005036630036629619,0.025183150183148095,0.0002289377289377289,0.02518315018315013,0.02495421245421246,0.012762237762237756,,
f16s4,16,5,4.0,heldout,110,4368,5,True,multi,,step,,9.0,0.0,9.0,9.0,9.0,0.0026128591185016945,0.02351573206651525,0.00040453290693488904,0.026005432017619554,0.025600899110684663,0.012685952311620157,,
f16s4,16,5,4.0,heldout,110,4368,5,True,multi,,cost,,3.0,0.0,3.0,3.0,3.0,0.00436571358641713,0.013097140759251391,0.004628099173553716,0.03931370808004918,0.034685608906495455,0.010705279694009969,,
f16s4,16,5,4.0,heldout,110,4368,5,True,qe,indicator,step,complete,32.0,5.8887494080177145,26775.0,26775.0,41895.0,1.831465624785397e-05,0.49037492103629,0.02290710247339107,0.7430670117637053,0.7201599092903137,0.2925499913491057,1.0,0.0
f16s4,16,5,4.0,heldout,110,4368,5,True,qe,indicator,cost,complete,16.0,0.22594597786155107,510.0,510.0,798.0,7.658474218364093e-05,0.03905821851365687,0.14707707844967663,0.2888276402476659,0.1417505617979892,0.023235389658129983,1.0,0.0
f16s4,16,5,4.0,heldout,110,4368,5,True,qe,surrogate,step,ring,0.5,3.9176060908879475,792.0,792.0,792.0,2.1456153974027497e-05,0.016993273947429777,0.000257127242997902,0.027336663558819287,0.02707953631582138,0.01505652867479496,0.7711238737777019,0.4556129638327853
f16s4,16,5,4.0,heldout,110,4368,5,True,qe,surrogate,cost,ring,0.5,3.9176060908879475,792.0,792.0,792.0,2.1456153974027497e-05,0.016993273947429777,0.000257127242997902,0.027336663558819287,0.02707953631582138,0.01505652867479496,0.7711238737777019,0.4556129638327853
f16s4,16,5,4.0,heldout,110,4368,5,True,qe,violation,step,complete,32.0,8.851673390820459,334305.0,334305.0,523089.0,1.7033846265184086e-07,0.056944999756823655,0.004902751917329272,0.1617251436855231,0.1568223917681936,0.05535047193980209,1.0,0.0
f16s4,16,5,4.0,heldout,110,4368,5,True,qe,violation,cost,ring,0.5,3.9176060908879475,564.0,564.0,2292.0,3.1301585555510035e-05,0.01765409425330766,0.000293653703263239,0.028343331986806847,0.0280496782835436,0.015646422263129477,1.0,0.0
f16s4,16,5,4.0,heldout,110,4368,5,True,swap,,step,,0.0,0.0,1.0,1.0,1.0,0.0,0.0,0.0,0.07834710743801657,0.07834710743801657,0.0,,
f16s4,16,5,4.0,heldout,110,4368,5,True,swap,,cost,,0.0,0.0,1.0,1.0,1.0,0.0,0.0,0.0,0.07834710743801657,0.07834710743801657,0.0,,
f16s5,16,5,5.0,heldout,86,4368,22,True,ctrw0,,step,complete,0.0,0.5105158491181254,28.0783717014969,28.0783717014969,28.0783717014969,0.0007009305541622305,0.01968098863670331,0.00022991669309547962,0.019692670836523256,0.01946275414342767,0.017516821337366862,,
f16s5,16,5,5.0,heldout,86,4368,22,True,ctrw0,,cost,complete,0.0,0.1,5.5,5.5,5.5,0.0027004076527523883,0.014852242090138135,0.0066554689554695875,0.028775239285063058,0.022119770329593443,0.016983337200864985,,
f16s5,16,5,5.0,heldout,86,4368,22,True,ctrwT,indicator,step,complete,4.0,8.851673390820459,23.46676601293296,486.8420364951252,23.46676601293296,0.02227340108538967,0.5226846915830464,0.006140839405264088,0.5230268319648546,0.5168859925595871,0.46508174007823827,1.0,0.0
f16s5,16,5,5.0,heldout,86,4368,22,True,ctrwT,indicator,cost,ring,16.0,20.0,1.5807266402426167e-05,146.66666666666666,1.5807266402426167e-05,0.14202217098004777,2.2449822917325335e-06,0.999987594734683,0.9999950333735517,7.438638868326667e-06,6.436129321927308e-06,1.0,0.0
f16s5,16,5,5.0,heldout,86,4368,22,True,ctrwT,surrogate,step,complete,2.0,0.7673818741681168,27.566154709799104,42.20600307924642,27.566154709799104,0.0010380542825756773,0.02861516495065064,0.0004271505239661068,0.03653015185762757,0.03401015732654977,0.030528441999713957,0.7451038962449626,0.46964035497431106
f16s5,16,5,5.0,heldout,86,4368,22,True,ctrwT,surrogate,cost,complete,1.0,0.1,4.0700812915721185,5.5,4.0700812915721185,0.004349768905103874,0.017703913043325414,0.022902320319268064,0.05643802234698074,0.03282616435072988,0.022253970895553147,0.7451038962449626,0.46964035497431106
f16s5,16,5,5.0,heldout,86,4368,22,True,ctrwT,violation,step,complete,32.0,20.0,92.8774586983522,1100.0,92.8774586983522,0.004212456961424647,0.39124229745330386,0.004551201435541311,0.39132056831163303,0.3867693668760534,0.3481395630137458,1.0,0.0
f16s5,16,5,5.0,heldout,86,4368,22,True,ctrwT,violation,cost,complete,16.0,1.733868479521449,14.574700442243989,95.36276637367969,14.574700442243989,0.013411855587612983,0.19547377756409545,0.0031436978752946805,0.2173080536211388,0.21416435574584397,0.19012484238617505,1.0,0.0
f16s5,16,5,5.0,heldout,86,4368,22,True,indep,,step,,0.0,0.0,5.0,5.0,5.0,0.0039377289377285464,0.01968864468864273,0.00022893772893772888,0.019688644688644646,0.019459706959706946,0.017516398330351807,,
f16s5,16,5,5.0,heldout,86,4368,22,True,indep,,cost,,0.0,0.0,5.0,5.0,5.0,0.0039377289377285464,0.01968864468864273,0.00022893772893772888,0.019688644688644646,0.019459706959706946,0.017516398330351807,,
f16s5,16,5,5.0,heldout,86,4368,22,True,multi,,step,,9.0,0.0,9.0,9.0,9.0,0.002053546361006532,0.018481917249058788,0.00040453290693488904,0.02036451460701354,0.01995998170007866,0.017580402236389264,,
f16s5,16,5,5.0,heldout,86,4368,22,True,multi,,cost,,3.0,0.0,3.0,3.0,3.0,0.003820611286934672,0.011461833860804016,0.004628099173553717,0.029369070291614983,0.024740971118061252,0.017102860237974585,,
f16s5,16,5,5.0,heldout,86,4368,22,True,qe,indicator,step,complete,32.0,5.8887494080177145,26775.0,26775.0,41895.0,1.8287241212589988e-05,0.4896408834670969,0.023700342772472238,0.7036089371978583,0.6799085944253856,0.5727146981478786,1.0,0.0
f16s5,16,5,5.0,heldout,86,4368,22,True,qe,indicator,cost,complete,16.0,0.22594597786155107,510.0,510.0,798.0,7.339799074494087e-05,0.037432975279919845,0.1409678102670749,0.2222504296831325,0.08128261941605766,0.03840703202305743,1.0,0.0
f16s5,16,5,5.0,heldout,86,4368,22,True,qe,surrogate,step,ring,0.5,3.9176060908879475,792.0,792.0,792.0,1.4606136147743953e-05,0.01156805982901321,0.00030818111705429674,0.02087344894093072,0.02056526782387642,0.019087484660845862,0.7451038962449626,0.46964035497431106
f16s5,16,5,5.0,heldout,86,4368,22,True,qe,surrogate,cost,ring,0.5,3.9176060908879475,792.0,792.0,792.0,1.4606136147743953e-05,0.01156805982901321,0.00030818111705429674,0.02087344894093072,0.02056526782387642,0.019087484660845862,0.7451038962449626,0.46964035497431106
f16s5,16,5,5.0,heldout,86,4368,22,True,qe,violation,step,complete,32.0,8.851673390820459,332265.0,332265.0,519897.0,1.767875306701471e-07,0.05874030887811643,0.005477114971475923,0.10272064221362893,0.09724352724215285,0.07850900508281006,1.0,0.0
f16s5,16,5,5.0,heldout,86,4368,22,True,qe,violation,cost,ring,0.5,3.9176060908879475,564.0,564.0,2292.0,2.2154400841493957e-05,0.012495082074602593,0.00033382943049085244,0.021371767717325935,0.021037938286835076,0.019516516480413408,1.0,0.0
f16s5,16,5,5.0,heldout,86,4368,22,True,swap,,step,,0.0,0.0,1.0,1.0,1.0,0.0,0.0,0.0,0.03044397463002114,0.03044397463002114,0.0,,
f16s5,16,5,5.0,heldout,86,4368,22,True,swap,,cost,,0.0,0.0,1.0,1.0,1.0,0.0,0.0,0.0,0.03044397463002114,0.03044397463002114,0.0,,
f16s6,16,5,6.0,heldout,136,4368,1,False,ctrw0,,step,complete,0.0,0.5105158491181254,28.0783717014969,28.0783717014969,28.0783717014969,0.0011088340914619296,0.031134255775359665,0.000229916693095537,0.03115042208717564,0.030920505394079985,0.0,,
f16s6,16,5,6.0,heldout,136,4368,1,False,ctrw0,,cost,complete,0.0,0.1,5.5,5.5,5.5,0.00514075480975014,0.028274151453625773,0.006655468955469618,0.049275393235152544,0.04261992427968292,0.0,,
f16s6,16,5,6.0,heldout,136,4368,1,False,ctrwT,indicator,step,complete,4.0,8.851673390820459,57.09270676295223,486.8420364951252,57.09270676295223,0.011149956430681934,0.6365811929166172,0.0046865157430677745,0.6369671974166278,0.6322806816735556,0.0,1.0,0.0
f16s6,16,5,6.0,heldout,136,4368,1,False,ctrwT,indicator,cost,ring,16.0,20.0,2.6470738502850955,146.66666666666666,2.6470738502850955,7.617574043315256e-07,2.016428105267032e-06,0.9338123986166331,0.9999967573208357,0.06618435870420247,0.0,1.0,0.0
f16s6,16,5,6.0,heldout,136,4368,1,False,ctrwT,surrogate,step,complete,2.0,0.7673818741681168,27.227554429935402,42.20600307924642,27.227554429935402,0.002004230444524839,0.05457029351843368,0.00047400594095237217,0.0641340407577369,0.06123013875396177,0.0,0.8949895057266763,0.33482986767485823
f16s6,16,5,6.0,heldout,136,4368,1,False,ctrwT,surrogate,cost,complete,1.0,0.1,4.037878196623386,5.5,4.037878196623386,0.009287785023884328,0.03750294464286774,0.02361345373950923,0.09738769756555075,0.07279382764077282,0.0,0.8949895057266763,0.33482986767485823
f16s6,16,5,6.0,heldout,136,4368,1,False,ctrwT,violation,step,complete,32.0,20.0,198.01602836673987,1100.0,198.01602836673987,0.0024675486261842685,0.4886141787588141,0.0035927520643806517,0.48861425391721686,0.4850215018528014,0.0,1.0,0.0
f16s6,16,5,6.0,heldout,136,4368,1,False,ctrwT,violation,cost,complete,16.0,1.733868479521449,23.90708745808362,95.36276637367969,23.90708745808362,0.012444071161133803,0.29750149758384203,0.002273450044744012,0.30283441258862004,0.30056096254387593,0.0,1.0,0.0
f16s6,16,5,6.0,heldout,136,4368,1,False,indep,,step,,0.0,0.0,5.0,5.0,5.0,0.006227106227105849,0.03113553113552925,0.00022893772893772894,0.031135531135531056,0.030906593406593408,0.0,,
f16s6,16,5,6.0,heldout,136,4368,1,False,indep,,cost,,0.0,0.0,5.0,5.0,5.0,0.006227106227105849,0.03113553113552925,0.00022893772893772894,0.031135531135531056,0.030906593406593408,0.0,,
f16s6,16,5,6.0,heldout,136,4368,1,False,multi,,step,,9.0,0.0,9.0,9.0,9.0,0.0034346416806986615,0.030911775126287955,0.00040453290693488915,0.03356252843611205,0.033157995529177156,0.0,,
f16s6,16,5,6.0,heldout,136,4368,1,False,multi,,cost,,3.0,0.0,3.0,3.0,3.0,0.008497664858557,0.025492994575671002,0.004628099173553716,0.05679895699827637,0.052170857824722666,0.0,,
f16s6,16,5,6.0,heldout,136,4368,1,False,qe,indicator,step,complete,32.0,5.8887494080177145,26775.0,26775.0,41895.0,1.9575743085607513e-05,0.5241405211171412,0.0179036024240345,0.7679174857533163,0.7500138833292814,0.0,1.0,0.0
f16s6,16,5,6.0,heldout,136,4368,1,False,qe,indicator,cost,complete,16.0,0.22594597786155107,510.0,510.0,798.0,9.933373922600778e-05,0.05066020700526397,0.14845674867300301,0.32995715279758786,0.1815004041245848,0.0,1.0,0.0
f16s6,16,5,6.0,heldout,136,4368,1,False,qe,surrogate,step,ring,0.5,3.9176060908879475,792.0,792.0,792.0,2.256376798221163e-05,0.01787050424191161,0.000288498863509061,0.03325010424720375,0.032961605383694685,0.0,0.8949895057266763,0.33482986767485823
f16s6,16,5,6.0,heldout,136,4368,1,False,qe,surrogate,cost,ring,0.5,3.9176060908879475,792.0,792.0,792.0,2.256376798221163e-05,0.01787050424191161,0.000288498863509061,0.03325010424720375,0.032961605383694685,0.0,0.8949895057266763,0.33482986767485823
f16s6,16,5,6.0,heldout,136,4368,1,False,qe,violation,step,complete,32.0,8.851673390820459,323085.0,323085.0,505533.0,2.859000662188985e-07,0.09237002289433283,0.00700314049064138,0.17620222787779613,0.16919908738715447,0.0,1.0,0.0
f16s6,16,5,6.0,heldout,136,4368,1,False,qe,violation,cost,ring,0.5,3.9176060908879475,564.0,564.0,2292.0,3.371429580896509e-05,0.019014862836256308,0.00033123281495079206,0.03421908266884752,0.03388784985389672,0.0,1.0,0.0
f16s6,16,5,6.0,heldout,136,4368,1,False,swap,,step,,0.0,0.0,1.0,1.0,1.0,0.001293681197401364,0.001293681197401364,0.0,0.10080213903743318,0.10080213903743317,0.0,,
f16s6,16,5,6.0,heldout,136,4368,1,False,swap,,cost,,0.0,0.0,1.0,1.0,1.0,0.001293681197401364,0.001293681197401364,0.0,0.10080213903743318,0.10080213903743317,0.0,,
f16s7,16,5,7.0,heldout,70,4368,13,True,ctrw0,,step,complete,0.0,0.5105158491181254,28.0783717014969,28.0783717014969,28.0783717014969,0.0005705208703740949,0.016019297061825366,0.00022991669309548363,0.01602990791727707,0.015799991224181492,0.010975297640431805,,
f16s7,16,5,7.0,heldout,70,4368,13,True,ctrw0,,cost,complete,0.0,0.1,5.5,5.5,5.5,0.0020742098346709825,0.011408154090690403,0.006655468955469449,0.0262150112432503,0.019559542287780854,0.009991382600707208,,
f16s7,16,5,7.0,heldout,70,4368,13,True,ctrwT,indicator,step,complete,4.0,8.851673390820459,31.7579240518393,486.8420364951252,31.7579240518393,0.014809149479404584,0.4703078444392663,0.006770882739460436,0.47068197034759995,0.46391108760813576,0.3221614698800355,1.0,0.0
f16s7,16,5,7.0,heldout,70,4368,13,True,ctrwT,indicator,cost,ring,16.0,20.0,4.000015562007019,146.66666666666666,4.000015562007019,4.987365900555953e-07,1.994954121564696e-06,0.8999891628031459,0.9999942975411019,0.10000513473795587,4.310609305544715e-06,1.0,0.0
f16s7,16,5,7.0,heldout,70,4368,13,True,ctrwT,surrogate,step,complete,2.0,0.7673818741681168,27.470407236670507,42.20600307924642,27.470407236670507,0.0009373135354893854,0.025748384528336832,0.0004359917723494352,0.03035560362725115,0.028516276282255375,0.019863901391280282,0.7765040218041614,0.46323871568171243
f16s7,16,5,7.0,heldout,70,4368,13,True,ctrwT,surrogate,cost,complete,1.0,0.1,4.0623076072452,5.5,4.0623076072452,0.0032207857345958706,0.013083822390955624,0.02307305126580682,0.05501533436896496,0.03141591851098492,0.012907598216263947,0.7765040218041614,0.46323871568171243
f16s7,16,5,7.0,heldout,70,4368,13,True,ctrwT,violation,step,complete,32.0,20.0,102.6226587866016,1100.0,102.6226587866016,0.004189216267407791,0.42990851159347054,0.006178241365357759,0.4311367941002181,0.42495855273481764,0.2950921673612527,1.0,0.0
f16s7,16,5,7.0,heldout,70,4368,13,True,ctrwT,violation,cost,complete,16.0,1.733868479521449,13.31621934619925,95.36276637367969,13.31621934619925,0.014782421604689682,0.19684596855604253,0.00627206709528881,0.2546938752330807,0.2484218081377917,0.15800059239060207,1.0,0.0
f16s7,16,5,7.0,heldout,70,4368,13,True,indep,,step,,0.0,0.0,5.0,5.0,5.0,0.003205128205127905,0.016025641025639525,0.0002289377289377289,0.016025641025640996,0.01579670329670329,0.010975928833071686,,
f16s7,16,5,7.0,heldout,70,4368,13,True,indep,,cost,,0.0,0.0,5.0,5.0,5.0,0.003205128205127905,0.016025641025639525,0.0002289377289377289,0.016025641025640996,0.01579670329670329,0.010975928833071686,,
f16s7,16,5,7.0,heldout,70,4368,13,True,multi,,step,,9.0,0.0,9.0,9.0,9.0,0.001668426160907319,0.01501583544816587,0.000404532906934889,0.016748191581709867,0.016343658674774986,0.010871435718223034,,
f16s7,16,5,7.0,heldout,70,4368,13,True,multi,,cost,,3.0,0.0,3.0,3.0,3.0,0.002518335422302879,0.007555006266908637,0.004628099173553717,0.027333433508640127,0.0227053343350864,0.009423805946119995,,
f16s7,16,5,7.0,heldout,70,4368,13,True,qe,indicator,step,complete,32.0,5.8887494080177145,26775.0,26775.0,41895.0,1.6725054542621382e-05,0.4478133353786875,0.03497901842583575,0.6926828559638116,0.6577038375379755,0.39835265634300526,1.0,0.0
f16s7,16,5,7.0,heldout,70,4368,13,True,qe,indicator,cost,complete,16.0,0.22594597786155107,510.0,510.0,798.0,5.4338898998152573e-05,0.02771283848905781,0.1439093872057595,0.23146341614142998,0.08755402893567055,0.02314251225134569,1.0,0.0
f16s7,16,5,7.0,heldout,70,4368,13,True,qe,surrogate,step,ring,0.5,3.9176060908879475,792.0,792.0,792.0,1.0505749294705846e-05,0.00832055344140703,0.0002453405013759281,0.01699994769539302,0.01675460719401708,0.012818821692269014,0.7765040218041614,0.46323871568171243
f16s7,16,5,7.0,heldout,70,4368,13,True,qe,surrogate,cost,ring,0.5,3.9176060908879475,792.0,792.0,792.0,1.0505749294705846e-05,0.00832055344140703,0.0002453405013759281,0.01699994769539302,0.01675460719401708,0.012818821692269014,0.7765040218041614,0.46323871568171243
f16s7,16,5,7.0,heldout,70,4368,13,True,qe,violation,step,complete,32.0,8.851673390820459,341445.0,341445.0,534261.0,1.443893733142735e-07,0.04930102957129212,0.005503915557874639,0.11517078364275313,0.1096668680848783,0.05610903706227151,1.0,0.0
f16s7,16,5,7.0,heldout,70,4368,13,True,qe,violation,cost,ring,0.5,3.9176060908879475,564.0,564.0,2292.0,1.6503853871067688e-05,0.009308173583282175,0.0003064913041331815,0.01782892980860913,0.01752243850447594,0.013152113082122495,1.0,0.0
f16s7,16,5,7.0,heldout,70,4368,13,True,swap,,step,,0.0,0.0,1.0,1.0,1.0,0.0,0.0,0.0,0.0477922077922078,0.0477922077922078,0.0,,
f16s7,16,5,7.0,heldout,70,4368,13,True,swap,,cost,,0.0,0.0,1.0,1.0,1.0,0.0,0.0,0.0,0.0477922077922078,0.0477922077922078,0.0,,
f16s8,16,5,8.0,heldout,98,4368,8,True,ctrw0,,step,complete,0.0,0.5105158491181254,28.0783717014969,28.0783717014969,28.0783717014969,0.0007987550494412526,0.022427741176659022,0.00022991669309550234,0.022441740711822006,0.022211824018726414,0.008690033137796914,,
f16s8,16,5,8.0,heldout,98,4368,8,True,ctrw0,,cost,complete,0.0,0.1,5.5,5.5,5.5,0.0030746171843725393,0.016910394514048965,0.006655468955469469,0.03380295696670622,0.027147488011236738,0.008131616121081242,,
f16s8,16,5,8.0,heldout,98,4368,8,True,ctrwT,indicator,step,complete,4.0,8.851673390820459,36.75884836440289,486.8420364951252,36.75884836440289,0.015118889010263986,0.5557529485665311,0.005701829296018598,0.5561617916199618,0.5504599623239393,0.21530139953511454,1.0,0.0
f16s8,16,5,8.0,heldout,98,4368,8,True,ctrwT,indicator,cost,ring,16.0,20.0,0.8163423774021544,146.66666666666666,0.8163423774021544,3.1080074045009233e-06,2.537198153573783e-06,0.979579598954506,0.9999954909692055,0.020415892014699493,2.613752853320134e-06,1.0,0.0
f16s8,16,5,8.0,heldout,98,4368,8,True,ctrwT,surrogate,step,complete,2.0,0.7673818741681168,27.614241479287934,42.20600307924642,27.614241479287934,0.001227744190157948,0.03390322454181438,0.000428869675662885,0.041804347768988705,0.039315266265318165,0.014812340759428113,0.749792094823878,0.46182669789227165
f16s8,16,5,8.0,heldout,98,4368,8,True,ctrwT,surrogate,cost,complete,1.0,0.1,4.073105579272606,5.5,4.073105579272606,0.0049382770283315286,0.020114123716090893,0.022851801017022597,0.06640100836756334,0.042865123963502436,0.010492850042875876,0.749792094823878,0.46182669789227165
f16s8,16,5,8.0,heldout,98,4368,8,True,ctrwT,violation,step,complete,32.0,20.0,141.50059054821483,1100.0,141.50059054821483,0.0028510300967496205,0.4034224423608054,0.004117275498343724,0.4034598980210059,0.3993426225226268,0.15627556032893505,1.0,0.0
f16s8,16,5,8.0,heldout,98,4368,8,True,ctrwT,violation,cost,complete,16.0,1.733868479521449,18.904323252412972,95.36276637367969,18.904323252412972,0.011121072793545246,0.2102363550027947,0.0027568262565730965,0.23289358913489788,0.23013676287832457,0.08926681123650049,1.0,0.0
f16s8,16,5,8.0,heldout,98,4368,8,True,indep,,step,,0.0,0.0,5.0,5.0,5.0,0.004487179487179138,0.02243589743589569,0.00022893772893772894,0.022435897435897387,0.02220695970695971,0.0086902893025342,,
f16s8,16,5,8.0,heldout,98,4368,8,True,indep,,cost,,0.0,0.0,5.0,5.0,5.0,0.004487179487179138,0.02243589743589569,0.00022893772893772894,0.022435897435897387,0.02220695970695971,0.0086902893025342,,
f16s8,16,5,8.0,heldout,98,4368,8,True,multi,,step,,9.0,0.0,9.0,9.0,9.0,0.0023494799246905774,0.021145319322215195,0.0004045329069348891,0.02341192779647768,0.023007394889542787,0.00864793909425345,,
f16s8,16,5,8.0,heldout,98,4368,8,True,multi,,cost,,3.0,0.0,3.0,3.0,3.0,0.004207694123162242,0.012623082369486727,0.004628099173553717,0.0359788405219338,0.03135074134838006,0.0079270151336267,,
f16s8,16,5,8.0,heldout,98,4368,8,True,qe,indicator,step,complete,32.0,5.8887494080177145,26775.0,26775.0,41895.0,1.616812970885938e-05,0.43290167295470994,0.027319786630702583,0.7127406455209011,0.685420858890198,0.24102295222225306,1.0,0.0
f16s8,16,5,8.0,heldout,98,4368,8,True,qe,indicator,cost,complete,16.0,0.22594597786155107,510.0,510.0,798.0,7.459050800114102e-05,0.03804115908058192,0.1442407979686086,0.26114287627153904,0.11690207830293045,0.017738494409888225,1.0,0.0
f16s8,16,5,8.0,heldout,98,4368,8,True,qe,surrogate,step,ring,0.5,3.9176060908879475,792.0,792.0,792.0,1.7038303980460976e-05,0.013494336752525093,0.00022404033955826627,0.02403274328431687,0.023808702944758592,0.010114418856323281,0.749792094823878,0.46182669789227165
f16s8,16,5,8.0,heldout,98,4368,8,True,qe,surrogate,cost,ring,0.5,3.9176060908879475,792.0,792.0,792.0,1.7038303980460976e-05,0.013494336752525093,0.00022404033955826627,0.02403274328431687,0.023808702944758592,0.010114418856323281,0.749792094823878,0.46182669789227165
f16s8,16,5,8.0,heldout,98,4368,8,True,qe,violation,step,complete,32.0,8.851673390820459,324615.0,324615.0,507927.0,1.7874387860235142e-07,0.05802294415250231,0.003758077546936296,0.12320465968334535,0.11944658213640888,0.03697967829339966,1.0,0.0
f16s8,16,5,8.0,heldout,98,4368,8,True,qe,violation,cost,ring,0.5,3.9176060908879475,564.0,564.0,2292.0,2.575118987145601e-05,0.014523671087501189,0.0002762656804498515,0.02433007193746564,0.024053806257015788,0.010304600296325192,1.0,0.0
f16s8,16,5,8.0,heldout,98,4368,8,True,swap,,step,,0.0,0.0,1.0,1.0,1.0,0.0,0.0,0.0,0.05825602968460112,0.05825602968460112,0.0,,
f16s8,16,5,8.0,heldout,98,4368,8,True,swap,,cost,,0.0,0.0,1.0,1.0,1.0,0.0,0.0,0.0,0.05825602968460112,0.05825602968460112,0.0,,
f16s9,16,5,9.0,heldout,117,4368,8,True,ctrw0,,step,complete,0.0,0.5105158491181254,28.0783717014969,28.0783717014969,28.0783717014969,0.0009536285112229227,0.02677633580326233,0.00022991669309548884,0.02679148333991189,0.026561566646816234,0.013930084306657636,,
f16s9,16,5,9.0,heldout,117,4368,8,True,ctrw0,,cost,complete,0.0,0.1,5.5,5.5,5.5,0.00370115519146315,0.020356353553047324,0.006655468955469568,0.037929250221384526,0.03127378126591492,0.012134750962994247,,
f16s9,16,5,9.0,heldout,117,4368,8,True,ctrwT,indicator,step,complete,4.0,8.851673390820459,35.059740601056895,486.8420364951252,35.059740601056895,0.01711222652510925,0.5999502230768554,0.005153631295178813,0.6004318699432892,0.5952782386481065,0.3120888621747224,1.0,0.0
f16s9,16,5,9.0,heldout,117,4368,8,True,ctrwT,indicator,cost,ring,16.0,20.0,0.3418970394071208,146.66666666666666,0.3418970394071208,8.489433711520727e-06,2.9025122522119418e-06,0.9914397548719979,0.9999961125107071,0.0085563576387091,4.634395791877394e-06,1.0,0.0
f16s9,16,5,9.0,heldout,117,4368,8,True,ctrwT,surrogate,step,complete,2.0,0.7673818741681168,27.240209625878638,42.20600307924642,27.240209625878638,0.0015141518036826506,0.04124581253771764,0.00044682942794752674,0.051981151402174956,0.04855500644298079,0.025535474589638747,0.8089036868147665,0.4580098800282287
f16s9,16,5,9.0,heldout,117,4368,8,True,ctrwT,surrogate,cost,complete,1.0,0.1,4.047416230942209,5.5,4.047416230942209,0.0059641646749112095,0.024139456909247792,0.023384365471274284,0.07303784105243015,0.048561414305423475,0.015482000983305485,0.8089036868147665,0.4580098800282287
f16s9,16,5,9.0,heldout,117,4368,8,True,ctrwT,violation,step,complete,32.0,20.0,125.51447658411931,1100.0,125.51447658411931,0.00372729061438549,0.4678289305414952,0.003998732217555965,0.46784048682969387,0.4638417546120953,0.2433324252701954,1.0,0.0
f16s9,16,5,9.0,heldout,117,4368,8,True,ctrwT,violation,cost,complete,16.0,1.733868479521449,16.923462994897246,95.36276637367969,16.923462994897246,0.015653591423211443,0.26491297518795975,0.0028068338575256394,0.2824505048067506,0.2796436709492249,0.1414863701957592,1.0,0.0
f16s9,16,5,9.0,heldout,117,4368,8,True,indep,,step,,0.0,0.0,5.0,5.0,5.0,0.005357142857142505,0.026785714285712525,0.00022893772893772894,0.02678571428571424,0.026556776556776553,0.01393193700886008,,
f16s9,16,5,9.0,heldout,117,4368,8,True,indep,,cost,,0.0,0.0,5.0,5.0,5.0,0.005357142857142505,0.026785714285712525,0.00022893772893772894,0.02678571428571424,0.026556776556776553,0.01393193700886008,,
f16s9,16,5,9.0,heldout,117,4368,8,True,multi,,step,,9.0,0.0,9.0,9.0,9.0,0.0028114080470700176,0.025302672423630157,0.0004045329069348891,0.02775286513779228,0.027348332230857385,0.013632847596961782,,
f16s9,16,5,9.0,heldout,117,4368,8,True,multi,,cost,,3.0,0.0,3.0,3.0,3.0,0.005134288306122577,0.015402864918367731,0.004628099173553714,0.04026667180386189,0.03563857263030815,0.010960719721050295,,
f16s9,16,5,9.0,heldout,117,4368,8,True,qe,indicator,step,complete,32.0,5.8887494080177145,26775.0,26775.0,41895.0,1.966412976294619e-05,0.5265070744028842,0.021474237152854098,0.7272742258595395,0.7057999887066849,0.3280928855242427,1.0,0.0
f16s9,16,5,9.0,heldout,117,4368,8,True,qe,indicator,cost,complete,16.0,0.22594597786155107,510.0,510.0,798.0,9.280584027585212e-05,0.047330978540684576,0.14329496103642755,0.26775462737443284,0.12445966633800523,0.026840541131159693,1.0,0.0
f16s9,16,5,9.0,heldout,117,4368,8,True,qe,surrogate,step,ring,0.5,3.9176060908879475,792.0,792.0,792.0,2.2052269472996765e-05,0.017465397422613438,0.0003009493617374985,0.02843117412403064,0.02813022476229314,0.01721070919230122,0.8089036868147665,0.4580098800282287
f16s9,16,5,9.0,heldout,117,4368,8,True,qe,surrogate,cost,ring,0.5,3.9176060908879475,792.0,792.0,792.0,2.2052269472996765e-05,0.017465397422613438,0.0003009493617374985,0.02843117412403064,0.02813022476229314,0.01721070919230122,0.8089036868147665,0.4580098800282287
f16s9,16,5,9.0,heldout,117,4368,8,True,qe,violation,step,complete,32.0,8.851673390820459,327675.0,327675.0,512715.0,2.413624099458645e-07,0.07908842767901114,0.0036579452723301915,0.14100530103362477,0.13734735576129437,0.062239742124185524,1.0,0.0
f16s9,16,5,9.0,heldout,117,4368,8,True,qe,violation,cost,ring,0.5,3.9176060908879475,564.0,564.0,2292.0,3.1256001705438186e-05,0.01762838496186714,0.00034154613248506445,0.029178748996261477,0.02883720286377641,0.017685821959856265,1.0,0.0
f16s9,16,5,9.0,heldout,117,4368,8,True,swap,,step,,0.0,0.0,1.0,1.0,1.0,0.0,0.0,0.0,0.05470085470085472,0.054700854700854715,0.0,,
f16s9,16,5,9.0,heldout,117,4368,8,True,swap,,cost,,0.0,0.0,1.0,1.0,1.0,0.0,0.0,0.0,0.05470085470085472,0.054700854700854715,0.0,,
island_instance,16,5,,extra,55,4368,2,True,ctrw0,,step,complete,0.0,0.5105158491181254,28.0783717014969,28.0783717014969,28.0783717014969,0.00044854801449058983,0.012594497876835198,0.00022991669309543848,0.012603553085108632,0.0123736363920131,0.006279206267006468,,
island_instance,16,5,,extra,55,4368,2,True,ctrw0,,cost,complete,0.0,0.1,5.5,5.5,5.5,0.0025179085374688755,0.013848496956078815,0.0066554689554694044,0.02988624872286806,0.02323077976739863,0.007175374690207662,,
island_instance,16,5,,extra,55,4368,2,True,ctrwT,indicator,step,complete,4.0,8.851673390820459,49.99469253143934,486.8420364951252,49.99469253143934,0.008199184445773262,0.4099157053749941,0.007473048049190712,0.41046436403295783,0.4029913159837636,0.2043482581701246,1.0,0.0
island_instance,16,5,,extra,55,4368,2,True,ctrwT,indicator,cost,ring,16.0,20.0,0.7272881139002528,146.66666666666666,0.7272881139002528,2.4512281905338335e-06,1.7827491274324814e-06,0.981806283054156,0.9999939530644618,0.018187670010305693,1.9007591648696275e-06,1.0,0.0
island_instance,16,5,,extra,55,4368,2,True,ctrwT,surrogate,step,complete,2.0,0.7673818741681168,27.900692063527,42.20600307924642,27.900692063527,0.0007716916515295563,0.021530731137320736,0.00046642333547896475,0.025537673596051302,0.023448497484476753,0.011378279283829413,0.8360558986573362,0.3932297704613958
island_instance,16,5,,extra,55,4368,2,True,ctrwT,surrogate,cost,complete,1.0,0.1,4.120722986029257,5.5,4.120722986029257,0.004952241834857576,0.020406816761273316,0.022050842996203735,0.06519442202709494,0.04230500721300203,0.010653571654993173,0.8360558986573362,0.3932297704613958
island_instance,16,5,,extra,55,4368,2,True,ctrwT,violation,step,complete,32.0,20.0,162.92638423177584,1100.0,162.92638423177584,0.0027410726148160394,0.4465930500487165,0.008207370860467333,0.4489936466375616,0.4407862757770506,0.22263412789587197,1.0,0.0
island_instance,16,5,,extra,55,4368,2,True,ctrwT,violation,cost,complete,16.0,1.733868479521449,19.559816079001543,95.36276637367969,19.559816079001543,0.010315487540315913,0.20176903905381127,0.005368167406602115,0.2446636521649658,0.2392954847583635,0.10068832821712506,1.0,0.0
island_instance,16,5,,extra,55,4368,2,True,indep,,step,,0.0,0.0,5.0,5.0,5.0,0.002518315018314743,0.012591575091573715,0.00022893772893772886,0.012591575091575073,0.012362637362637353,0.0062770562770562725,,
island_instance,16,5,,extra,55,4368,2,True,indep,,cost,,0.0,0.0,5.0,5.0,5.0,0.002518315018314743,0.012591575091573715,0.00022893772893772886,0.012591575091575073,0.012362637362637353,0.0062770562770562725,,
island_instance,16,5,,extra,55,4368,2,True,multi,,step,,9.0,0.0,9.0,9.0,9.0,0.001450616716169516,0.013055550445525643,0.00040453290693488904,0.014571494768309531,0.014166961861374651,0.006616246912444656,,
island_instance,16,5,,extra,55,4368,2,True,multi,,cost,,3.0,0.0,3.0,3.0,3.0,0.005043824456168282,0.015131473368504844,0.004628099173553717,0.036861525852059276,0.03223342667850556,0.008131466429888667,,
island_instance,16,5,,extra,55,4368,2,True,qe,indicator,step,complete,32.0,5.8887494080177145,26775.0,26775.0,41895.0,1.6204379685036777e-05,0.4338722660668597,0.0329872555451114,0.7060202902957479,0.673033034750636,0.2482351369202404,1.0,0.0
island_instance,16,5,,extra,55,4368,2,True,qe,indicator,cost,complete,16.0,0.22594597786155107,510.0,510.0,798.0,5.287258354805508e-05,0.02696501760950809,0.1478806115351334,0.2705803118465979,0.12269970031146452,0.013564082832156554,1.0,0.0
island_instance,16,5,,extra,55,4368,2,True,qe,surrogate,step,ring,0.5,3.9176060908879475,792.0,792.0,792.0,7.701735691397782e-06,0.0060997746675870435,0.00030334128667291424,0.011962182551707806,0.011658841265034886,0.0060564698377007535,0.8360558986573362,0.3932297704613958
island_instance,16,5,,extra,55,4368,2,True,qe,surrogate,cost,ring,0.5,3.9176060908879475,792.0,792.0,792.0,7.701735691397782e-06,0.0060997746675870435,0.00030334128667291424,0.011962182551707806,0.011658841265034886,0.0060564698377007535,0.8360558986573362,0.3932297704613958
island_instance,16,5,,extra,55,4368,2,True,qe,violation,step,complete,32.0,8.851673390820459,329460.0,329460.0,515508.0,1.3361023448498938e-07,0.0440192278534246,0.009417249030928077,0.11351818278410444,0.10410093375317618,0.0347369281761068,1.0,0.0
island_instance,16,5,,extra,55,4368,2,True,qe,violation,cost,ring,0.5,3.9176060908879475,564.0,564.0,2292.0,1.2153252481978559e-05,0.006854434399835907,0.00038384465009978124,0.012948787104032982,0.012564942453933196,0.006478814659059153,1.0,0.0
island_instance,16,5,,extra,55,4368,2,True,swap,,step,,0.0,0.0,1.0,1.0,1.0,0.0,0.0,0.0,0.08595041322314052,0.08595041322314052,0.0,,
island_instance,16,5,,extra,55,4368,2,True,swap,,cost,,0.0,0.0,1.0,1.0,1.0,0.0,0.0,0.0,0.08595041322314052,0.08595041322314052,0.0,,
p0_instance,12,4,,extra,120,495,1,False,ctrw0,,step,complete,0.0,0.5105158491181254,16.336507171780013,16.336507171780013,16.336507171780013,0.014828951717868305,0.2422532760889351,0.0020702760194539465,0.24320500978503207,0.24113473376557779,0.0,,
p0_instance,12,4,,extra,120,495,1,False,ctrw0,,cost,complete,0.0,0.1,3.2,3.2,3.2,0.06215863862384336,0.19890764359629876,0.05147017996819546,0.3733119956235618,0.3218418156553661,0.0,,
p0_instance,12,4,,extra,120,495,1,False,ctrwT,indicator,step,complete,4.0,8.851673390820459,141.75872012838445,283.2535485062547,141.75872012838445,0.00667233927151279,0.9458622753920102,0.007882185628266758,0.9458622753920106,0.9379800897637443,0.0,1.0,0.0
p0_instance,12,4,,extra,120,495,1,False,ctrwT,indicator,cost,ring,16.0,20.0,45.33334102323693,116.36363636363637,45.33334102323693,5.999891552756162e-08,2.719951298635337e-06,0.09454036623562351,0.9999996483321244,0.9054592820964954,0.0,1.0,0.0
p0_instance,12,4,,extra,120,495,1,False,ctrwT,surrogate,step,complete,2.0,0.7673818741681168,16.425762086847445,24.556219973379736,16.425762086847445,0.0022215239327097037,0.036490223588927284,0.0031973361305557267,0.37100872721447203,0.26491840882228834,0.0,0.8362111111111111,0.6426666666666667
p0_instance,12,4,,extra,120,495,1,False,ctrwT,surrogate,cost,complete,1.0,0.1,2.386289379255526,3.2,2.386289379255526,0.04718846301180684,0.1126053281084669,0.10637379576151798,0.5214171315055093,0.3447544804246015,0.0,0.8362111111111111,0.6426666666666667
p0_instance,12,4,,extra,120,495,1,False,ctrwT,violation,step,complete,32.0,20.0,325.5326322506613,640.0,325.5326322506613,0.0029272976148258262,0.9529308979353337,0.00794109081612779,0.952930897935337,0.9449898071192068,0.0,1.0,0.0
p0_instance,12,4,,extra,120,495,1,False,ctrwT,violation,cost,complete,16.0,1.733868479521449,29.177013164746697,55.48379134468637,29.177013164746697,0.03102185909900046,0.9051251913264535,0.007552989845023201,0.9055853989788495,0.8980324091338261,0.0,1.0,0.0
p0_instance,12,4,,extra,120,495,1,False,indep,,step,,0.0,0.0,4.0,4.0,4.0,0.06060606060606011,0.24242424242424043,0.0020202020202020198,0.24242424242424312,0.24040404040404037,0.0,,
p0_instance,12,4,,extra,120,495,1,False,indep,,cost,,0.0,0.0,4.0,4.0,4.0,0.06060606060606011,0.24242424242424043,0.0020202020202020198,0.24242424242424312,0.24040404040404037,0.0,,
p0_instance,12,4,,extra,120,495,1,False,multi,,step,,9.0,0.0,9.0,9.0,9.0,0.026810758486957305,0.24129682638261574,0.0023466743296012282,0.24761754623723392,0.2452708719076327,0.0,,
p0_instance,12,4,,extra,120,495,1,False,multi,,cost,,3.0,0.0,3.0,3.0,3.0,0.07253297253927375,0.21759891761782124,0.009765625,0.332611083984375,0.322845458984375,0.0,,
p0_instance,12,4,,extra,120,495,1,False,qe,indicator,step,complete,32.0,5.8887494080177145,14586.0,14586.0,25602.0,3.8414037464064005e-05,0.5603071504508376,0.04437330558529642,0.9600809610302511,0.9157076554449546,0.0,1.0,0.0
p0_instance,12,4,,extra,120,495,1,False,qe,indicator,cost,complete,16.0,0.22594597786155107,143.0,143.0,251.0,0.0017393252567626952,0.24872351171706542,0.3379404590690449,0.7748260593912891,0.43688560032224416,0.0,1.0,0.0
p0_instance,12,4,,extra,120,495,1,False,qe,surrogate,step,ring,0.5,3.9176060908879475,369.0,369.0,369.0,0.0004228129414560392,0.15601797539727846,0.004077130683360952,0.2500941208132146,0.2460169901298536,0.0,0.8362111111111111,0.6426666666666667
p0_instance,12,4,,extra,120,495,1,False,qe,surrogate,cost,ring,0.5,3.9176060908879475,369.0,369.0,369.0,0.0004228129414560392,0.15601797539727846,0.004077130683360952,0.2500941208132146,0.2460169901298536,0.0,0.8362111111111111,0.6426666666666667
p0_instance,12,4,,extra,120,495,1,False,qe,violation,step,complete,32.0,8.851673390820459,178607.0,178607.0,313499.0,3.0439157136809716e-06,0.5436646538734173,0.016372264296494066,0.7255066164459317,0.7091343521494375,0.0,1.0,0.0
p0_instance,12,4,,extra,120,495,1,False,qe,violation,cost,ring,0.5,3.9176060908879475,315.0,315.0,1287.0,0.00045308354695945197,0.14272131729222737,0.0037578754521118336,0.25685190172913264,0.25309402627702077,0.0,1.0,0.0
p0_instance,12,4,,extra,120,495,1,False,swap,,step,,0.0,0.0,1.0,1.0,1.0,0.13167508814360784,0.13167508814360784,0.0,0.49114583333333334,0.49114583333333334,0.0,,
p0_instance,12,4,,extra,120,495,1,False,swap,,cost,,0.0,0.0,1.0,1.0,1.0,0.13167508814360784,0.13167508814360784,0.0,0.49114583333333334,0.49114583333333334,0.0,,
