part,case,P_F,method,m0,knob,q,qnof,e50,e25,e75,e90,e95,rms,reps
bench,bench,1.0,classical,,100.0,100.0,,0.03512734405182916,0.01852952539451394,0.05799763737406756,0.08500995571933789,0.0946071948646318,0.05060341215722181,240
bench,bench,1.0,classical,,170.0,170.0,,0.024911587268566654,0.009534087194270263,0.04556041784302654,0.06492243454486019,0.07422731730512051,0.03816334567990128,240
bench,bench,1.0,classical,,289.0,289.0,,0.02108903682130228,0.00928147939017504,0.03644239056138368,0.052295016196617986,0.05771271063033071,0.030469079970145578,240
bench,bench,1.0,classical,,492.0,492.0,,0.01497072721329018,0.006506508365776112,0.024616259027014212,0.034456447442717454,0.04046962762637816,0.021563729067470398,240
bench,bench,1.0,classical,,838.0,838.0,,0.01139335492882404,0.004782831584891095,0.020073033373948695,0.02826086956521737,0.03313471425599575,0.016996660065045823,240
bench,bench,1.0,classical,,1425.0,1425.0,,0.00817632024725845,0.00399528960741774,0.014682828613034576,0.020780706707480178,0.026980370887693533,0.012931487737717828,240
bench,bench,1.0,classical,,2424.0,2424.0,,0.0059028500104015,0.0028789860025558167,0.010839846652203639,0.015506404350797951,0.017972673779309927,0.009295923377964888,240
bench,bench,1.0,classical,,4125.0,4125.0,,0.005393919581562601,0.002784258076020091,0.008837558322684208,0.012372581651757876,0.01540350381883564,0.007862489717906157,240
bench,bench,1.0,classical,,7017.0,7017.0,,0.0036776724419744777,0.00190756040298376,0.006313337692056192,0.009236530060328707,0.010733974263722577,0.005545146432664424,240
bench,bench,1.0,classical,,11938.0,11938.0,,0.002819548872180444,0.0013113316889060145,0.005206321138815431,0.007460845790365217,0.008420012481797393,0.0043845408762790035,240
bench,bench,1.0,classical,,20309.0,20309.0,,0.002399774138904548,0.0011571666319949853,0.004316621593509443,0.00579809206811494,0.006610523343932913,0.0035243947244678595,240
bench,bench,1.0,classical,,34551.0,34551.0,,0.0019948586882225228,0.0009249903414663141,0.003228179143510951,0.00468884662248506,0.005434411126630814,0.002881515443191996,240
bench,bench,1.0,classical,,58780.0,58780.0,,0.0014042022051175274,0.0007132455645041391,0.002357053701447301,0.0034354661356949803,0.004250497785966895,0.0021196383806531367,240
bench,bench,1.0,classical,,100000.0,100000.0,,0.0010661535261077826,0.0004123450919789329,0.0018722696068233652,0.002558025498528882,0.0032203780201491465,0.001592823376008463,240
bench,bench,1.0,old,,0.25,2000.0,,0.007626526791286531,0.0024016315492288304,0.010327201402716257,0.012853279443668462,0.01426936907486105,0.008753566228794684,24
bench,bench,1.0,old,,0.18,3250.0,,0.006879847840946252,0.002178742310321266,0.010327201402716257,0.010595411453534992,0.012693170673719842,0.007568140175257945,24
bench,bench,1.0,old,,0.12,4700.0,,0.0066123807542571855,0.0037909744717525146,0.010254762400071324,0.010899283782578966,0.012744435198668582,0.008184897585921223,24
bench,bench,1.0,old,,0.08,4500.0,,0.002994145442658025,0.002059868049570604,0.007522511813129684,0.010298225801658284,0.010327201402716257,0.006017492143316443,24
bench,bench,1.0,old,,0.05,7050.0,,0.0025520817854914057,0.0016345210853220271,0.0056093791791732295,0.010230616065856346,0.010350604772801546,0.0056241920467644925,24
bench,bench,1.0,old,,0.03,14900.0,,0.0010178608576777992,0.0004624951707331709,0.0018722696068234068,0.0028760141460370254,0.003082558174091368,0.0017853208000679196,24
bench,bench,1.0,old,,0.02,15150.0,,0.0008432642872002183,0.0004940711462450842,0.0014784986180866877,0.0024064608160718035,0.004532824155249788,0.0017834750378102465,24
bench,bench,1.0,old,,0.0125,32950.0,,0.00035662278225206956,0.0002228892389075504,0.0006148028173199593,0.001252637522660421,0.0014042022051175551,0.0006546890556268273,24
bench,bench,1.0,hybrid,5,0.15,5.0,5.0,0.025517103034265465,0.015557668875746694,0.062254821837201685,0.07821629171743585,0.1412597699783053,0.06197797939650568,24
bench,bench,1.0,hybrid,5,0.1,205.0,205.0,0.014825849208000258,0.006307765461083525,0.02848710214270854,0.040178757169603854,0.04495230170287379,0.024284632610383015,24
bench,bench,1.0,hybrid,5,0.07,305.0,305.0,0.012117744955273568,0.005360486195726488,0.023375508930428834,0.039779785431959376,0.0512719545900324,0.023120608257019337,24
bench,bench,1.0,hybrid,5,0.05,405.0,405.0,0.008740972985824241,0.005250898986596919,0.02264926149365508,0.04288091770929301,0.0508310053790603,0.022824035974568137,24
bench,bench,1.0,hybrid,5,0.035,805.0,805.0,0.0043314808761033,0.00046435258105734234,0.00825433148087612,0.013812446135100607,0.014461053820321557,0.018232391526517653,24
bench,bench,1.0,hybrid,5,0.025,1555.0,1555.0,0.006608665933608759,0.0013800558709025634,0.018262058307824874,0.022547475407887325,0.04064645308924483,0.018739964354867484,24
bench,bench,1.0,hybrid,5,0.015,2005.0,2005.0,0.003551368539926908,0.0017961157835299918,0.007854988261166748,0.01091934381408064,0.012414187643020548,0.006352503160003527,24
bench,bench,1.0,hybrid,5,0.01,4305.0,4305.0,0.0036628131593806623,0.0008172605426609997,0.009155175488127443,0.014520490950696895,0.03377923563850332,0.030143170716119296,24
bench,bench,1.0,hybrid,10,0.15,10.0,10.0,0.04799919759873994,0.02441008648102469,0.07219939671312667,0.14341956670331957,0.2081324853636065,0.08675218734243162,24
bench,bench,1.0,hybrid,10,0.1,110.0,110.0,0.015297631430354508,0.0051097358019554645,0.024053463698772606,0.060454991233023246,0.07653236351748938,0.040040164389129815,24
bench,bench,1.0,hybrid,10,0.07,210.0,210.0,0.008135457220125375,0.004197747332758794,0.015947725043834904,0.04044250943564444,0.044078204404291346,0.020781830619516044,24
bench,bench,1.0,hybrid,10,0.05,310.0,310.0,0.014970727213290125,0.009922285952034232,0.02245980564058364,0.030929596719070404,0.03189396415941042,0.022130663564276915,24
bench,bench,1.0,hybrid,10,0.035,860.0,860.0,0.008607239442479708,0.0033897738417189294,0.019079318850485916,0.02622960563463996,0.04366177300959905,0.019057018521440615,24
bench,bench,1.0,hybrid,10,0.025,1610.0,1610.0,0.003417634996582375,0.0011627388629676938,0.006168459686766312,0.007163660138488515,0.0096589051680585,0.0068787129418420466,24
bench,bench,1.0,hybrid,10,0.015,2160.0,2160.0,0.0033099051977770744,0.002082156973461341,0.0066662456536598635,0.043224910101340254,0.05792854171000622,0.023128327323701414,24
bench,bench,1.0,hybrid,10,0.01,3810.0,3810.0,0.00131133168890607,0.0005813694314838469,0.0033359089423162375,0.005549942048797889,0.007944515438794597,0.005668958514474999,24
bench,bench,1.0,hybrid,20,0.15,20.0,20.0,0.05439611875538647,0.026339935807899173,0.07069117952985231,0.1324266694403994,0.14308931914767148,0.07397529569158323,24
bench,bench,1.0,hybrid,20,0.1,220.0,220.0,0.010338345864661619,0.005152456239412767,0.022756991292460393,0.033365033136200206,0.06870152159053755,0.05757599596278934,24
bench,bench,1.0,hybrid,20,0.07,320.0,320.0,0.014075455437011497,0.007455645041457404,0.022355790662426808,0.028881244613510063,0.03064689886772267,0.017700718433693682,24
bench,bench,1.0,hybrid,20,0.05,320.0,320.0,0.011972866949983646,0.004976002258610945,0.02016590389016018,0.040566584445302964,0.07168898035602839,0.027426019906587478,24
bench,bench,1.0,hybrid,20,0.035,670.0,670.0,0.004405777289072488,0.0019075604029837323,0.008380635382923676,0.013862967695919623,0.02681617581503159,0.010168875680363372,24
bench,bench,1.0,hybrid,20,0.025,1520.0,1520.0,0.0044689292400962866,0.0016865285744004643,0.006502793545127644,0.01280944456001662,0.021379535796011765,0.011285737523774816,24
bench,bench,1.0,hybrid,20,0.015,2070.0,2070.0,0.0030275788284941374,0.0012073167107492233,0.005594519896579386,0.008996552646438205,0.01192568872774822,0.005655949344454912,24
bench,bench,1.0,hybrid,20,0.01,3920.0,3920.0,0.0020171476121132736,0.0007689678742310024,0.003668385390353343,0.00903147196053374,0.011193497577936933,0.00476456969497356,24
bench,bench,1.0,hybrid,40,0.15,40.0,40.0,0.04856385033730573,0.03946625456922942,0.08006367202591458,0.12381645814140092,0.16923014056881322,0.08058545176173648,24
bench,bench,1.0,hybrid,40,0.1,140.0,140.0,0.02221462747778541,0.011229902820291862,0.03740081428868615,0.05028678415406104,0.08652634550803881,0.040054480308353325,24
bench,bench,1.0,hybrid,40,0.07,340.0,340.0,0.013781984605783254,0.0044522125471782165,0.02290929893904721,0.029599690926922027,0.030873874409343537,0.025935181869691532,24
bench,bench,1.0,hybrid,40,0.05,440.0,440.0,0.010739546494695218,0.004886846563047928,0.01485742518351213,0.01849683497280755,0.020136928289102213,0.01233980181667022,24
bench,bench,1.0,hybrid,40,0.035,940.0,940.0,0.004966715206989797,0.0030758714969241208,0.009136601384885173,0.015430622009569366,0.01799236232874675,0.008584122105228286,24
bench,bench,1.0,hybrid,40,0.025,1540.0,1540.0,0.004844126125590653,0.0009417070343843564,0.008245044429254958,0.012926832892507949,0.016228194002793524,0.007955242810873987,24
bench,bench,1.0,hybrid,40,0.015,2140.0,2140.0,0.003417634996582347,0.0022140331064815777,0.005503506790692156,0.0071993224167137375,0.00939106659930456,0.00615115673012595,24
bench,bench,1.0,hybrid,40,0.01,3590.0,3590.0,0.001965140123034864,0.0012110315313976772,0.004325908645130633,0.0060202383428927695,0.0065313976641207605,0.0034457709971596534,24
bench,bench,1.0,hybrid,80,0.15,80.0,80.0,0.043359386608814554,0.011083167404677699,0.0622993996849832,0.0761159321227971,0.10610939403845573,0.053969491750042495,24
bench,bench,1.0,hybrid,80,0.1,180.0,180.0,0.013577669470118015,0.0064414990044280585,0.02941580730482332,0.041629766114891956,0.1176316532437812,0.05068532424205831,24
bench,bench,1.0,hybrid,80,0.07,180.0,180.0,0.0070358703081815355,0.0042999049005914,0.019844571904068492,0.0551821748046004,0.06420881749829116,0.03532495428494434,24
bench,bench,1.0,hybrid,80,0.05,380.0,380.0,0.008358346459032967,0.0048738446907783395,0.014014160896311911,0.02702309132515081,0.03804979345597191,0.019971153528949213,24
bench,bench,1.0,hybrid,80,0.035,880.0,880.0,0.0041605991262742,0.002416490831822632,0.00704144253915423,0.010583524027459944,0.015522378079586317,0.00766940129913519,24
bench,bench,1.0,hybrid,80,0.025,1580.0,1580.0,0.003514220333442314,0.002254896133614681,0.007884706826354448,0.017066629023150787,0.022205340426164188,0.010925285211407464,24
bench,bench,1.0,hybrid,80,0.015,2280.0,2280.0,0.003250468067401674,0.0014394930012778945,0.005397634402211082,0.008858361318315543,0.012042705578174665,0.009795694430083877,24
bench,bench,1.0,hybrid,80,0.01,3230.0,3230.0,0.0007838271568248456,0.00040305804035778436,0.002916134209040383,0.005483075277125635,0.006942256827840386,0.0033636075313870557,24
bench,bench,1.0,hybrid,160,0.15,160.0,160.0,0.023893726410888882,0.017268343784362095,0.0469349014829564,0.08627670956046242,0.0940024220630628,0.04623456046287559,24
bench,bench,1.0,hybrid,160,0.1,260.0,260.0,0.008744687806472695,0.0053920621712384015,0.01573598026687273,0.024809058218669192,0.03369156587119971,0.015546309600705051,24
bench,bench,1.0,hybrid,160,0.07,260.0,260.0,0.010405212636333927,0.004938854052126393,0.023067178816606748,0.031020238342892813,0.033784436387411194,0.020319458120412387,24
bench,bench,1.0,hybrid,160,0.05,310.0,310.0,0.011627388629676938,0.006051442836339849,0.021289637136319012,0.05070655888733693,0.055329653184344275,0.026951014118556025,24
bench,bench,1.0,hybrid,160,0.035,1110.0,1110.0,0.005497934559719447,0.0013559095366875995,0.009879565514576957,0.01431617581503165,0.016968186275966576,0.008562532797164034,24
bench,bench,1.0,hybrid,160,0.025,1660.0,1660.0,0.003714820648459072,0.0017292490118576698,0.006001292757585638,0.013916461113257428,0.014636764836993698,0.007191460390043282,24
bench,bench,1.0,hybrid,160,0.015,1960.0,1960.0,0.002407203780201511,0.0009639959582750934,0.005198891497518496,0.010584266991589627,0.012656393949300127,0.005561581136430009,24
bench,bench,1.0,hybrid,160,0.01,3310.0,3310.0,0.0012073167107491956,0.0004754970430027594,0.0026505245326755994,0.00417545840886806,0.004678816606734215,0.0023153064854778234,24
med,esg0.3_carb0.7,0.3596826290324742,classical_shared,,100.0,100.0,,0.05975,0.029125000000000012,0.09050000000000005,0.12015,0.14742499999999994,0.07834601404453621,240
med,esg0.3_carb0.7,0.3596826290324742,classical_shared,,200.0,200.0,,0.036250000000000004,0.016750000000000043,0.06225000000000003,0.08984999999999999,0.10254999999999985,0.05419265402247799,240
med,esg0.3_carb0.7,0.3596826290324742,classical_shared,,398.0,398.0,,0.02375000000000005,0.011249999999999982,0.04225000000000001,0.06279999999999997,0.07127499999999998,0.03597664172765434,240
med,esg0.3_carb0.7,0.3596826290324742,classical_shared,,794.0,794.0,,0.017000000000000015,0.00824999999999998,0.028749999999999998,0.04435000000000001,0.05227500000000001,0.025889186931999236,240
med,esg0.3_carb0.7,0.3596826290324742,classical_shared,,1585.0,1585.0,,0.013249999999999984,0.006749999999999978,0.024249999999999994,0.0343,0.042275,0.020559770588862773,240
med,esg0.3_carb0.7,0.3596826290324742,classical_shared,,3162.0,3162.0,,0.00849999999999998,0.0047499999999999765,0.01575,0.023749999999999993,0.02675000000000005,0.013644825026360729,240
med,esg0.3_carb0.7,0.3596826290324742,classical_shared,,6310.0,6310.0,,0.006749999999999978,0.003249999999999975,0.011749999999999983,0.017800000000000035,0.022274999999999982,0.010628773839598493,240
med,esg0.3_carb0.7,0.3596826290324742,classical_shared,,12589.0,12589.0,,0.005249999999999977,0.0022499999999999742,0.009750000000000036,0.012749999999999989,0.016775000000000033,0.008472873381169655,240
med,esg0.3_carb0.7,0.3596826290324742,classical_shared,,25119.0,25119.0,,0.003249999999999975,0.0017500000000000293,0.006749999999999978,0.009299999999999984,0.011749999999999986,0.005744562646538023,240
med,esg0.3_carb0.7,0.3596826290324742,classical_shared,,50119.0,50119.0,,0.0027499999999999747,0.0012499999999999734,0.004750000000000032,0.006249999999999978,0.007249999999999979,0.003923486969520857,240
med,esg0.3_carb0.7,0.3596826290324742,classical_shared,,100000.0,100000.0,,0.0017500000000000293,0.0007500000000000284,0.003249999999999975,0.004249999999999976,0.005249999999999977,0.002675116819879076,240
med,esg0.3_carb0.7,0.3596826290324742,classical_shared,,199526.0,199526.0,,0.0012499999999999734,0.0007499999999999729,0.0022499999999999742,0.00275000000000003,0.003249999999999975,0.0017332532032760344,240
med,esg0.3_carb0.7,0.3596826290324742,classical_shared,,398107.0,398107.0,,0.0007500000000000284,0.0006249999999999728,0.0012499999999999734,0.0022499999999999742,0.0027499999999999747,0.0013738631664033981,240
med,esg0.3_carb0.7,0.3596826290324742,classical_shared,,794328.0,794328.0,,0.0007499999999999729,0.00024999999999997247,0.0007500000000000284,0.0017499999999999738,0.0017500000000000293,0.000879156792993519,240
med,esg0.3_carb0.7,0.3596826290324742,classical_shared,,1584893.0,1584893.0,,0.00024999999999997247,0.00024999999999997247,0.0007500000000000284,0.0012499999999999734,0.0012499999999999734,0.0006846531968814429,240
med,esg0.3_carb0.7,0.3596826290324742,classical_shared,,3162278.0,3162278.0,,0.00024999999999997247,0.00024999999999997247,0.0007499999999999729,0.0007500000000000284,0.0007500000000000284,0.0005103103630798179,240
med,esg0.3_carb0.7,0.3596826290324742,classical_shared,,6309573.0,6309573.0,,0.00024999999999997247,0.00024999999999997247,0.00024999999999997247,0.0007499999999999729,0.0007500000000000284,0.0003535533905932564,240
med,esg0.3_carb0.7,0.3596826290324742,classical_shared,,12589254.0,12589254.0,,0.00024999999999997247,0.00024999999999997247,0.00024999999999997247,0.00024999999999997247,0.00024999999999997247,0.0002813657169355441,240
med,esg0.3_carb0.7,0.3596826290324742,classical_shared,,25118864.0,25118864.0,,0.00024999999999997247,0.00024999999999997247,0.00024999999999997247,0.00024999999999997247,0.00024999999999997247,0.00024999999999997247,240
med,esg0.3_carb0.7,0.3596826290324742,classical_shared,,50118723.0,50118723.0,,0.00024999999999997247,0.00024999999999997247,0.00024999999999997247,0.00024999999999997247,0.00024999999999997247,0.00024999999999997247,240
med,esg0.3_carb0.7,0.3596826290324742,classical_shared,,100000000.0,100000000.0,,0.00024999999999997247,0.00024999999999997247,0.00024999999999997247,0.00024999999999997247,0.00024999999999997247,0.00024999999999997247,240
med,esg0.3_carb0.7,0.3596826290324742,classical_shared,,199526231.0,199526231.0,,0.00024999999999997247,0.00024999999999997247,0.00024999999999997247,0.00024999999999997247,0.00024999999999997247,0.00024999999999997247,240
med,esg0.3_carb0.7,0.3596826290324742,old,,0.25,1700.0,,0.020810820881618675,0.010917762790177754,0.03454186384469207,0.05722323657636844,0.06348884003428103,0.04238764993073273,24
med,esg0.3_carb0.7,0.3596826290324742,old,,0.18,3500.0,,0.016507061146924018,0.013479524537019755,0.027499347915191694,0.03451205425345605,0.04201848194656632,0.023929460597711474,24
med,esg0.3_carb0.7,0.3596826290324742,old,,0.12,7200.0,,0.012911279204083942,0.005701084323881181,0.01857510153892014,0.03442635167865264,0.035620598427544045,0.02018328407849594,24
med,esg0.3_carb0.7,0.3596826290324742,old,,0.08,8300.0,,0.0075828147706524796,0.0034187874948764935,0.014476282743972835,0.016548049334873482,0.024587323471326847,0.01188828757680334,24
med,esg0.3_carb0.7,0.3596826290324742,old,,0.05,19300.0,,0.00540298841152137,0.002440660282445911,0.020652457428177548,0.030267913701233367,0.04627752729440691,0.019776359697437473,24
med,esg0.3_carb0.7,0.3596826290324742,old,,0.03,41450.0,,0.001509110556321469,0.0010619666877818013,0.005207362969035248,0.011994634273577548,0.018828483064425992,0.007775548338592593,24
med,esg0.3_carb0.7,0.3596826290324742,old,,0.02,46550.0,,0.002738756194805708,0.000996758206953094,0.005449565897827649,0.006841301188657478,0.00869694824309718,0.005246193852471321,24
med,esg0.3_carb0.7,0.3596826290324742,old,,0.0125,85550.0,,0.001509110556321469,0.000698662294593283,0.00259902373588701,0.0033349480195252745,0.004918582553936681,0.002370899284657488,24
med,esg0.3_carb0.7,0.3596826290324742,hybrid_mlae_m0_20,,0.15,117.5,87.5,0.0662890785110109,0.012687707269814053,0.10839512613183293,0.30108805008011325,0.32768752095986886,0.16375405039478758,24
med,esg0.3_carb0.7,0.3596826290324742,hybrid_mlae_m0_20,,0.1,272.0,242.0,0.0555203636770131,0.023223534672280804,0.07946119163840967,0.22050527257144975,0.2896355777471401,0.11375386647967041,24
med,esg0.3_carb0.7,0.3596826290324742,hybrid_mlae_m0_20,,0.07,420.5,343.0,0.030051794164772522,0.01604128628386181,0.0454223646458248,0.052360547005999174,0.08281290755300512,0.04639709699804481,24
med,esg0.3_carb0.7,0.3596826290324742,hybrid_mlae_m0_20,,0.05,540.0,437.5,0.02910161344412565,0.00969743264895484,0.04430450497447558,0.06812236837202368,0.07125423855125386,0.04337341141720995,24
med,esg0.3_carb0.7,0.3596826290324742,hybrid_mlae_m0_20,,0.035,1100.5,905.0,0.013023065171218817,0.008057905130975929,0.024797853709431023,0.033576778328427204,0.035022543503372236,0.020106074619781186,24
med,esg0.3_carb0.7,0.3596826290324742,hybrid_mlae_m0_20,,0.025,1461.5,1251.5,0.006204121175988397,0.003912508849722385,0.016488430152401534,0.033021574691657014,0.03954242277452768,0.01859414945483151,24
med,esg0.3_carb0.7,0.3596826290324742,hybrid_mlae_m0_20,,0.015,2885.0,2435.0,0.0077132317323098665,0.004899951559414209,0.013535417520587234,0.028434623840220604,0.03784513917352911,0.016861417168949105,24
med,esg0.3_carb0.7,0.3596826290324742,hybrid_mlae_m0_20,,0.01,4027.5,3097.5,0.004527331668964463,0.0021053023810411187,0.009278235272198787,0.01388381711815779,0.022237955062041206,0.012883953505970299,24
med,esg0.3_carb0.7,0.3596826290324742,hybrid,5,0.15,511.0,412.5,0.03646085628050827,0.019003614412937353,0.05463539143719491,0.07573499273391213,0.08079144464731529,0.05322246021964933,24
med,esg0.3_carb0.7,0.3596826290324742,hybrid,5,0.1,610.5,510.5,0.01699146700450871,0.007564183776129968,0.03230614450199355,0.05613518649625516,0.09963110630845466,0.04186696632439379,24
med,esg0.3_carb0.7,0.3596826290324742,hybrid,5,0.07,859.5,613.0,0.018109326675857962,0.009054663337928995,0.032650817900659546,0.05825166747400974,0.09387226590155373,0.03848323509020322,24
med,esg0.3_carb0.7,0.3596826290324742,hybrid,5,0.05,2564.5,1909.0,0.009483176211946193,0.006418377612996989,0.02986548421954764,0.038215895964526604,0.04103662853523125,0.02544989987360542,24
med,esg0.3_carb0.7,0.3596826290324742,hybrid,5,0.035,3261.5,2559.5,0.008216268584417041,0.005514774378656315,0.013106904646570008,0.01730074151358202,0.02737079405298653,0.013403745702498733,24
med,esg0.3_carb0.7,0.3596826290324742,hybrid,5,0.025,3812.0,3110.0,0.006688527033573061,0.004424861199090788,0.010833923314826535,0.016153072250996766,0.021433096098669696,0.011373567280302728,24
med,esg0.3_carb0.7,0.3596826290324742,hybrid,5,0.015,9412.0,6160.5,0.003707567909975007,0.0022543503372209894,0.00841189402690315,0.012538659313634157,0.01404776986995567,0.007499787223261273,24
med,esg0.3_carb0.7,0.3596826290324742,hybrid,5,0.01,16612.5,13114.0,0.0030927450907329568,0.0007918172672057161,0.009213026791370135,0.01573946417259756,0.019216007750493747,0.009560496246115015,24
med,esg0.3_carb0.7,0.3596826290324742,hybrid,10,0.15,434.0,427.5,0.03778365689160487,0.01751313485113834,0.047890971420054426,0.059611730074151326,0.0775384730036889,0.06700833273562586,24
med,esg0.3_carb0.7,0.3596826290324742,hybrid,10,0.1,529.5,426.5,0.022953385251704733,0.01624622722360919,0.038007228825874706,0.050821626858441715,0.06034020195998061,0.03184130717078628,24
med,esg0.3_carb0.7,0.3596826290324742,hybrid,10,0.07,734.0,627.5,0.02714535901926446,0.01769944479636326,0.03861273614785554,0.07011588478592985,0.07691060848828109,0.03939228499935565,24
med,esg0.3_carb0.7,0.3596826290324742,hybrid,10,0.05,2281.0,1729.0,0.010619666877817957,0.00555203636770131,0.01595744680851062,0.019011066810746335,0.03291351492342655,0.01750692341811761,24
med,esg0.3_carb0.7,0.3596826290324742,hybrid,10,0.035,2880.5,2181.0,0.007545552781607456,0.005253940455341527,0.011886574505347136,0.02504005663822337,0.03268621679025223,0.018021157903027343,24
med,esg0.3_carb0.7,0.3596826290324742,hybrid,10,0.025,4237.0,3529.0,0.006818943995230475,0.0030927450907329707,0.010451987927115533,0.015515892238327708,0.017580206431419273,0.014838426309456927,24
med,esg0.3_carb0.7,0.3596826290324742,hybrid,10,0.015,9878.5,7378.5,0.002310243320788441,0.0010805976823042712,0.004462123188135783,0.005697358124976731,0.007685285240526181,0.004468073489510596,24
med,esg0.3_carb0.7,0.3596826290324742,hybrid,10,0.01,14680.0,11318.5,0.0019748854193836762,0.0009315497261243866,0.008076536125498412,0.011178596713492571,0.012266646793605835,0.008306282986506635,24
med,esg0.3_carb0.7,0.3596826290324742,hybrid,20,0.15,259.5,243.5,0.03336811118977534,0.016134441256474272,0.09468271416328201,0.12264783694153593,0.13807616350560792,0.07029283707065322,24
med,esg0.3_carb0.7,0.3596826290324742,hybrid,20,0.1,560.0,453.5,0.019748854193836873,0.0066233185527443394,0.030964712896374397,0.04504974475537505,0.07476804411819497,0.0324633375942475,24
med,esg0.3_carb0.7,0.3596826290324742,hybrid,20,0.07,763.0,507.0,0.0319894175951112,0.011551216603942316,0.04213399411260575,0.06201885456645674,0.07357938666766027,0.03790043155775045,24
med,esg0.3_carb0.7,0.3596826290324742,hybrid,20,0.05,2260.0,1648.5,0.013861459924730757,0.008085851622759627,0.023307374147631982,0.03691545254685695,0.040902485374669256,0.022264033257441952,24
med,esg0.3_carb0.7,0.3596826290324742,hybrid,20,0.035,3007.5,2403.0,0.008719305436524188,0.004275813242910917,0.015473040950925998,0.033241420427022376,0.038208443566717536,0.028748681049860968,24
med,esg0.3_carb0.7,0.3596826290324742,hybrid,20,0.025,3660.5,2993.5,0.009352759250288778,0.0034374184893989773,0.01671200208667141,0.03240675187241492,0.03692663114357044,0.01690937676758705,24
med,esg0.3_carb0.7,0.3596826290324742,hybrid,20,0.015,9198.0,6144.5,0.00299959011812051,0.0012762231247904071,0.003977717330551078,0.0061705853858479145,0.011431978238998398,0.008120399699384223,24
med,esg0.3_carb0.7,0.3596826290324742,hybrid,20,0.01,15160.5,11855.5,0.0031672690688228644,0.0015091105563214968,0.006818943995230448,0.012833029027089448,0.033610314118567616,0.013008593010234725,24
med,esg0.3_carb0.7,0.3596826290324742,hybrid,40,0.15,317.0,305.5,0.03340537317882028,0.021276595744680854,0.0428792338935052,0.0914483735141782,0.10792376197041398,0.050989815558448545,24
med,esg0.3_carb0.7,0.3596826290324742,hybrid,40,0.1,426.0,316.5,0.01837016059917279,0.004872005067630497,0.04857100272012521,0.0870998993926296,0.09482989902000967,0.048114051875917926,24
med,esg0.3_carb0.7,0.3596826290324742,hybrid,40,0.07,907.0,807.0,0.0203077840295115,0.011513954614897348,0.03127212430599549,0.05483101687968101,0.05924469948205833,0.029560218359511566,24
med,esg0.3_carb0.7,0.3596826290324742,hybrid,40,0.05,2421.5,1755.0,0.008365316540596968,0.0036423594291463413,0.013703096471289644,0.024909639676565936,0.03012072884450571,0.0143617820174287,24
med,esg0.3_carb0.7,0.3596826290324742,hybrid,40,0.035,3114.0,2411.5,0.0038379848716324494,0.0024965532660133627,0.00961359317360358,0.019577449044229995,0.03386369564407344,0.014147849425955221,24
med,esg0.3_carb0.7,0.3596826290324742,hybrid,40,0.025,3720.0,2870.5,0.007880910683012249,0.0046111711443156955,0.01315348213287626,0.01534076088981629,0.015597868614226584,0.011530598934846651,24
med,esg0.3_carb0.7,0.3596826290324742,hybrid,40,0.015,8589.5,5661.5,0.0028505421619405835,0.0018910459440325128,0.00734061184186012,0.017159145955211074,0.026601333979207806,0.011344404252339959,24
med,esg0.3_carb0.7,0.3596826290324742,hybrid,40,0.01,16464.5,13009.5,0.0013228006110966306,0.0005682453329358683,0.003577150948317634,0.004646570033908398,0.013328613481387612,0.004849441852875598,24
med,esg0.3_carb0.7,0.3596826290324742,hybrid,80,0.15,445.0,415.5,0.020587248947348785,0.011383537653239933,0.05566009613593176,0.06536498118269554,0.09385363490703126,0.04317803357070655,24
med,esg0.3_carb0.7,0.3596826290324742,hybrid,80,0.1,520.5,417.5,0.03284644334314568,0.010945709281961466,0.05736483213473935,0.07978164474419645,0.08454000074523976,0.05177330569820144,24
med,esg0.3_carb0.7,0.3596826290324742,hybrid,80,0.07,812.5,439.0,0.020736296903528684,0.010116630025710768,0.03419719044602604,0.05634757983381154,0.07758691358944735,0.03786348159112355,24
med,esg0.3_carb0.7,0.3596826290324742,hybrid,80,0.05,3271.0,2607.0,0.009036032343406497,0.003688936915452523,0.01510973655773748,0.021667846629653105,0.0271099601296717,0.013561794277308376,24
med,esg0.3_carb0.7,0.3596826290324742,hybrid,80,0.035,3435.0,2832.5,0.006520848082870678,0.0038566158661549055,0.013880090919253282,0.017852218951447618,0.021015761821366,0.011308655577877873,24
med,esg0.3_carb0.7,0.3596826290324742,hybrid,80,0.025,3737.5,2835.5,0.005104892499161601,0.003083429593471715,0.008104482617282083,0.014837724037709133,0.017477735961545653,0.009168859909469924,24
med,esg0.3_carb0.7,0.3596826290324742,hybrid,80,0.015,9198.0,6364.0,0.002887804150985579,0.0013041696165741468,0.005142154488206582,0.011092894138689111,0.014140924842568084,0.008755523499110482,24
med,esg0.3_carb0.7,0.3596826290324742,hybrid,80,0.01,16227.5,12827.5,0.0024592912769683395,0.0009501807206468565,0.0045273316689644905,0.007109587509781255,0.009067705034094722,0.0044144843150824824,24
med,esg0.3_carb0.7,0.3596826290324742,hybrid,160,0.15,646.5,624.5,0.04059693706450054,0.018957036926631143,0.06003837984871632,0.07500093154972612,0.09214330960986693,0.05124727140376788,24
med,esg0.3_carb0.7,0.3596826290324742,hybrid,160,0.1,717.5,640.0,0.03226888251294857,0.014616015202891519,0.05475649290159107,0.06643067406938181,0.07413086410552595,0.04328364981498735,24
med,esg0.3_carb0.7,0.3596826290324742,hybrid,160,0.07,761.5,652.0,0.017326824905913446,0.010610351380556701,0.03231545999925477,0.05406714610425901,0.06838506539479075,0.03269371852243321,24
med,esg0.3_carb0.7,0.3596826290324742,hybrid,160,0.05,2229.0,1588.0,0.008458471513209359,0.004108134292208465,0.021313857733725808,0.028471885829265582,0.032185043037597325,0.018790630327244477,24
med,esg0.3_carb0.7,0.3596826290324742,hybrid,160,0.035,3469.5,2849.0,0.005347095427953974,0.0022264038454372637,0.01033088646271943,0.018127957670380456,0.01873346499236128,0.009612293248890263,24
med,esg0.3_carb0.7,0.3596826290324742,hybrid,160,0.025,3679.5,2920.0,0.010135261020233238,0.004024294816857288,0.013898721913775752,0.019633342027797446,0.02490032417930469,0.013200740020818568,24
med,esg0.3_carb0.7,0.3596826290324742,hybrid,160,0.015,8934.5,5789.0,0.004080187800424795,0.002682863211238215,0.005440250400566393,0.007992696650147178,0.011182322912397047,0.005934169176324521,24
med,esg0.3_carb0.7,0.3596826290324742,hybrid,160,0.01,15197.5,11920.5,0.0021053023810411187,0.0011458061631330063,0.0031579535715616364,0.004266497745649655,0.005978686142266234,0.0029510577874023256,24
med,esg0.5_carb0.4,0.09734228619677536,classical_shared,,100.0,100.0,,0.11900000000000002,0.05375000000000002,0.204875,0.27775,0.31675,0.1681485578290816,240
med,esg0.5_carb0.4,0.09734228619677536,classical_shared,,200.0,200.0,,0.07899999999999999,0.04312500000000001,0.12774999999999997,0.1839,0.2405499999999999,0.115501632383847,240
med,esg0.5_carb0.4,0.09734228619677536,classical_shared,,398.0,398.0,,0.05449999999999999,0.025750000000000037,0.09762499999999996,0.13854999999999998,0.16039999999999996,0.08340023980780871,240
med,esg0.5_carb0.4,0.09734228619677536,classical_shared,,794.0,794.0,,0.035,0.017624999999999988,0.05725000000000002,0.08084999999999998,0.10294999999999994,0.05228382079254219,240
med,esg0.5_carb0.4,0.09734228619677536,classical_shared,,1585.0,1585.0,,0.028750000000000053,0.014249999999999985,0.048875000000000016,0.06684999999999997,0.07924999999999999,0.04053581235566068,240
med,esg0.5_carb0.4,0.09734228619677536,classical_shared,,3162.0,3162.0,,0.02175000000000002,0.007750000000000035,0.035375000000000004,0.04784999999999996,0.05577500000000001,0.029751435539594837,240
med,esg0.5_carb0.4,0.09734228619677536,classical_shared,,6310.0,6310.0,,0.013249999999999984,0.006249999999999978,0.022749999999999992,0.030800000000000046,0.03877499999999995,0.019516499429969508,240
med,esg0.5_carb0.4,0.09734228619677536,classical_shared,,12589.0,12589.0,,0.009750000000000009,0.00412499999999999,0.015374999999999986,0.02334999999999999,0.02679999999999998,0.013949088978615532,240
med,esg0.5_carb0.4,0.09734228619677536,classical_shared,,25119.0,25119.0,,0.007249999999999979,0.0037499999999999756,0.011750000000000038,0.016249999999999987,0.01824999999999999,0.009918627257169544,240
med,esg0.5_carb0.4,0.09734228619677536,classical_shared,,50119.0,50119.0,,0.0050000000000000044,0.0027499999999999747,0.00874999999999998,0.011249999999999982,0.013749999999999988,0.0072988298148858495,240
med,esg0.5_carb0.4,0.09734228619677536,classical_shared,,100000.0,100000.0,,0.0037499999999999756,0.0017499999999999738,0.005750000000000033,0.00824999999999998,0.00924999999999998,0.004987902030580254,240
med,esg0.5_carb0.4,0.09734228619677536,classical_shared,,199526.0,199526.0,,0.0022499999999999742,0.0012499999999999734,0.004249999999999976,0.005800000000000025,0.007249999999999979,0.0035519947447408525,240
med,esg0.5_carb0.4,0.09734228619677536,classical_shared,,398107.0,398107.0,,0.0017499999999999738,0.0011249999999999871,0.00275000000000003,0.004249999999999976,0.004750000000000032,0.002575930252678948,240
med,esg0.5_carb0.4,0.09734228619677536,classical_shared,,794328.0,794328.0,,0.0012499999999999734,0.00024999999999997247,0.0017500000000000293,0.0028000000000000217,0.0037499999999999756,0.0017618645426554884,240
med,esg0.5_carb0.4,0.09734228619677536,classical_shared,,1584893.0,1584893.0,,0.0007500000000000284,0.00024999999999997247,0.0012499999999999734,0.0017500000000000293,0.0022499999999999742,0.0012837120653272026,240
med,esg0.5_carb0.4,0.09734228619677536,classical_shared,,3162278.0,3162278.0,,0.0007499999999999729,0.00024999999999997247,0.0012499999999999734,0.0017499999999999738,0.0017500000000000293,0.0009013878188659866,240
med,esg0.5_carb0.4,0.09734228619677536,classical_shared,,6309573.0,6309573.0,,0.00024999999999997247,0.00024999999999997247,0.0007500000000000284,0.0012499999999999734,0.0012499999999999734,0.0006241661103691222,240
med,esg0.5_carb0.4,0.09734228619677536,classical_shared,,12589254.0,12589254.0,,0.00024999999999997247,0.00024999999999997247,0.00024999999999997247,0.0007500000000000284,0.0007500000000000284,0.000472140515807161,240
med,esg0.5_carb0.4,0.09734228619677536,classical_shared,,25118864.0,25118864.0,,0.00024999999999997247,0.00024999999999997247,0.00024999999999997247,0.00024999999999997247,0.00024999999999997247,0.00029930474993444155,240
med,esg0.5_carb0.4,0.09734228619677536,classical_shared,,50118723.0,50118723.0,,0.00024999999999997247,0.00024999999999997247,0.00024999999999997247,0.00024999999999997247,0.00024999999999997247,0.00026614532371116185,240
med,esg0.5_carb0.4,0.09734228619677536,classical_shared,,100000000.0,100000000.0,,0.00024999999999997247,0.00024999999999997247,0.00024999999999997247,0.00024999999999997247,0.00024999999999997247,0.00024999999999997247,240
med,esg0.5_carb0.4,0.09734228619677536,classical_shared,,199526231.0,199526231.0,,0.00024999999999997247,0.00024999999999997247,0.00024999999999997247,0.00024999999999997247,0.00024999999999997247,0.00024999999999997247,240
med,esg0.5_carb0.4,0.09734228619677536,old,,0.25,2000.0,,0.02891367203634862,0.02020514938730554,0.06712102437009501,0.08989398320253342,0.11197852127220148,0.06498358963611484,24
med,esg0.5_carb0.4,0.09734228619677536,old,,0.18,9150.0,,0.013906099407958145,0.008708522649043093,0.03407682775712517,0.0888751204736335,0.0888751204736335,0.04428586385487879,24
med,esg0.5_carb0.4,0.09734228619677536,old,,0.12,23150.0,,0.006953049703979086,0.003476524851989557,0.014181467713066234,0.02336500068842075,0.02602918904034141,0.013021043946038369,24
med,esg0.5_carb0.4,0.09734228619677536,old,,0.08,22350.0,,0.009982101060168003,0.0029257882417734055,0.018002202946440865,0.030056450502547193,0.04180779292303454,0.018773786629030086,24
med,esg0.5_carb0.4,0.09734228619677536,old,,0.05,51900.0,,0.0038551562715131438,0.002547156822249777,0.00815778603882697,0.014305383450364858,0.02013630731102848,0.01950795444761773,24
med,esg0.5_carb0.4,0.09734228619677536,old,,0.03,85600.0,,0.0022717885171416596,0.0014112625636789056,0.003820735233374617,0.0055486713479278305,0.009575932810133535,0.009519144164914558,24
med,esg0.5_carb0.4,0.09734228619677536,old,,0.02,82000.0,,0.003510945890128042,0.0015145256780944444,0.005713892330992676,0.009445132865207217,0.04175271926201286,0.014460878559036898,24
med,esg0.5_carb0.4,0.09734228619677536,old,,0.0125,177550.0,,0.0031667355087429683,0.0005851576483546783,0.003820735233374617,0.036665289825141126,0.04343935013079997,0.016390872851672195,24
med,esg0.5_carb0.4,0.09734228619677536,hybrid_mlae_m0_20,,0.15,497.5,407.5,0.05321492496213687,0.022993253476524866,0.097342695855707,0.1550185873605948,0.1861076690072972,0.09894131276714191,24
med,esg0.5_carb0.4,0.09734228619677536,hybrid_mlae_m0_20,,0.1,723.0,633.0,0.0448850337326174,0.01679746661159301,0.0648492358529533,0.09312956078755336,0.10336637752994626,0.05964158484278179,24
med,esg0.5_carb0.4,0.09734228619677536,hybrid_mlae_m0_20,,0.07,1103.5,893.5,0.021478727798430408,0.01507641470466746,0.05156271513148837,0.09867823213548119,0.11352058378080683,0.056579615686699385,24
med,esg0.5_carb0.4,0.09734228619677536,hybrid_mlae_m0_20,,0.05,1748.5,1337.5,0.02815640919730139,0.015799256505576204,0.03954977282114833,0.05453669282665564,0.07080407545091558,0.036027455564559996,24
med,esg0.5_carb0.4,0.09734228619677536,hybrid_mlae_m0_20,,0.035,2673.0,2223.0,0.013561889026573043,0.00623020790307037,0.02196062233236956,0.036183395291201986,0.04289549772821146,0.04404704119885112,24
med,esg0.5_carb0.4,0.09734228619677536,hybrid_mlae_m0_20,,0.025,3349.0,2589.0,0.008880627839735644,0.005679471292854163,0.018380834365964493,0.03490293267244941,0.04130524576621232,0.01886612044912374,24
med,esg0.5_carb0.4,0.09734228619677536,hybrid_mlae_m0_20,,0.015,6351.0,5110.5,0.005300839873330632,0.002822525127357811,0.011083574280600292,0.01833952912019828,0.0201500757262839,0.015571351274901538,24
med,esg0.5_carb0.4,0.09734228619677536,hybrid_mlae_m0_20,,0.01,10258.5,8368.5,0.005645050254715678,0.0034076827757125033,0.014215888751204747,0.023654137408784266,0.024376979209693003,0.012531464164968855,24
med,esg0.5_carb0.4,0.09734228619677536,hybrid,5,0.15,1579.5,1453.0,0.06175134242048741,0.03820735233374642,0.07414291615035111,0.10282252512735784,0.10841250172105188,0.08625747330533785,24
med,esg0.5_carb0.4,0.09734228619677536,hybrid,5,0.1,2652.5,1851.5,0.017210519069255137,0.005369681949607574,0.03335398595621647,0.05578961861489741,0.06689384551838085,0.03090009907701072,24
med,esg0.5_carb0.4,0.09734228619677536,hybrid,5,0.07,3185.5,2432.5,0.014319151865620272,0.0054385240258846,0.021134517417045334,0.035852953325072275,0.03866859424480242,0.0206167939247199,24
med,esg0.5_carb0.4,0.09734228619677536,hybrid,5,0.05,6279.0,4977.0,0.008123365000688443,0.005128734682638025,0.017451466336224672,0.027881040892193298,0.03526091146908992,0.016844142896766615,24
med,esg0.5_carb0.4,0.09734228619677536,hybrid,5,0.035,8730.0,6114.0,0.00894946991601267,0.0016522098306484823,0.013252099683326454,0.022800495662949182,0.04118133002891362,0.024438322986378477,24
med,esg0.5_carb0.4,0.09734228619677536,hybrid,5,0.025,10046.5,7979.5,0.005989260636100807,0.0022717885171416596,0.0104639955941071,0.017141676992978125,0.023179127082472807,0.02932287274775541,24
med,esg0.5_carb0.4,0.09734228619677536,hybrid,5,0.015,14639.5,11084.0,0.003786314195236118,0.0008605259534627818,0.00760704942861079,0.011923447611179997,0.02264215888751202,0.009462217544431585,24
med,esg0.5_carb0.4,0.09734228619677536,hybrid,5,0.01,31287.5,26720.0,0.002684840974803815,0.0018243150213410608,0.00650557620817846,0.013465510119785227,0.024197989811372687,0.012989096973780253,24
med,esg0.5_carb0.4,0.09734228619677536,hybrid,10,0.15,1452.5,1352.5,0.04034145669833403,0.023543990086741004,0.06743081371334159,0.09793473771168938,0.10586534489880217,0.056158708730953306,24
med,esg0.5_carb0.4,0.09734228619677536,hybrid,10,0.1,2612.0,1862.0,0.019895360044058924,0.009844416907613923,0.035522511358942604,0.07674514663362243,0.08747762632520999,0.03870704535096339,24
med,esg0.5_carb0.4,0.09734228619677536,hybrid,10,0.07,2755.5,2032.0,0.021203359493322332,0.003889577309651615,0.036142090045435754,0.06900729726008535,0.07704116756161368,0.04659369513041965,24
med,esg0.5_carb0.4,0.09734228619677536,hybrid,10,0.05,5682.0,4499.0,0.012804626187525842,0.005610629216577151,0.019619991738950876,0.02657304144292991,0.030593418697507913,0.016001254308502737,24
med,esg0.5_carb0.4,0.09734228619677536,hybrid,10,0.035,8657.0,7112.5,0.0074349442379182396,0.00292578824177335,0.012563678920556237,0.01784386617100369,0.019255128734682624,0.013699688492002364,24
med,esg0.5_carb0.4,0.09734228619677536,hybrid,10,0.025,11071.5,8433.0,0.008742943687181592,0.00457799807242186,0.01924136031942726,0.0316811235026848,0.039687456973702295,0.019307062729082343,24
med,esg0.5_carb0.4,0.09734228619677536,hybrid,10,0.015,15670.0,12070.0,0.00516315572077658,0.002684840974803815,0.0077791546193032995,0.010037174721189623,0.011173068979760453,0.0064939403546272825,24
med,esg0.5_carb0.4,0.09734228619677536,hybrid,10,0.01,28333.0,24484.5,0.002547156822249763,0.000963789067878279,0.005679471292854205,0.00919730139060994,0.017527192620129358,0.007399802724375755,24
med,esg0.5_carb0.4,0.09734228619677536,hybrid,20,0.15,918.0,818.0,0.07166460140437836,0.052905135618890264,0.10790995456422967,0.11634310890816468,0.2187250447473493,0.1007975264994134,24
med,esg0.5_carb0.4,0.09734228619677536,hybrid,20,0.1,2357.5,1522.0,0.015282940933498551,0.005610629216577151,0.03008398733305795,0.055885997521685236,0.0640782045986507,0.03342451182047318,24
med,esg0.5_carb0.4,0.09734228619677536,hybrid,20,0.07,2734.0,2230.5,0.02368167423929507,0.01638441415393084,0.036004405892881716,0.08305108082059752,0.08920556243976319,0.04332440671304879,24
med,esg0.5_carb0.4,0.09734228619677536,hybrid,20,0.05,5528.5,4482.0,0.01080820597549223,0.0050598926063609995,0.02134104364587637,0.03410436458763595,0.04220019275781358,0.02286534750718812,24
med,esg0.5_carb0.4,0.09734228619677536,hybrid,20,0.035,8269.0,6709.5,0.007021891780256084,0.005231997797053564,0.01015420625086054,0.0267382624259948,0.03282390196888336,0.015831282855627262,24
med,esg0.5_carb0.4,0.09734228619677536,hybrid,20,0.025,11015.0,8064.0,0.005369681949607602,0.002891367203634851,0.010945890128046282,0.021864243425581707,0.04221396117306898,0.016333668186006567,24
med,esg0.5_carb0.4,0.09734228619677536,hybrid,20,0.015,15726.0,11434.0,0.003510945890128042,0.0013079994492634084,0.007882417733718852,0.013231447060443349,0.016673550874294382,0.007467064898541635,24
med,esg0.5_carb0.4,0.09734228619677536,hybrid,20,0.01,32685.0,28795.5,0.002547156822249763,0.0013768415255403788,0.004681261186837385,0.009252375051631553,0.017671760980311105,0.006834114873099664,24
med,esg0.5_carb0.4,0.09734228619677536,hybrid,40,0.15,1077.5,977.5,0.07317912708247282,0.0399972463169489,0.10883932259396945,0.15592730276745148,0.18188076552388815,0.10365096133155167,24
med,esg0.5_carb0.4,0.09734228619677536,hybrid,40,0.1,1806.5,1017.5,0.022993253476524866,0.008123365000688387,0.03803524714305381,0.11330028913672034,0.11803662398457934,0.05332974568553429,24
med,esg0.5_carb0.4,0.09734228619677536,hybrid,40,0.07,2876.0,2278.0,0.017417045298086214,0.0073661021616412,0.027536830510808186,0.045477075588599744,0.050268484097480325,0.032640970342136325,24
med,esg0.5_carb0.4,0.09734228619677536,hybrid,40,0.05,5788.0,4163.0,0.009155996144843748,0.004577998072421846,0.021100096378906752,0.030111524163568777,0.037863141952361276,0.021602668399009754,24
med,esg0.5_carb0.4,0.09734228619677536,hybrid,40,0.035,8526.5,5725.5,0.005094313644499526,0.0023750516315572123,0.01135894258570841,0.018435908026986116,0.02003992840424072,0.010065549676145414,24
med,esg0.5_carb0.4,0.09734228619677536,hybrid,40,0.025,10012.0,6896.5,0.006953049703979058,0.003648630042682094,0.0104639955941071,0.017857634586259084,0.030985818532286893,0.012901049176677778,24
med,esg0.5_carb0.4,0.09734228619677536,hybrid,40,0.015,15480.0,10880.0,0.003373261737574018,0.0024783147459727373,0.0072972600853642156,0.010877048051769228,0.01775437147184353,0.028542907791345804,24
med,esg0.5_carb0.4,0.09734228619677536,hybrid,40,0.01,29983.0,25419.5,0.0020652622883106098,0.0008949469916013086,0.004784524301252924,0.005713892330992731,0.007118270687043961,0.0041203770283195825,24
med,esg0.5_carb0.4,0.09734228619677536,hybrid,80,0.15,1517.0,1417.0,0.026779567671760957,0.009534627564367376,0.062336500068842074,0.09380421313506815,0.12058378080682908,0.05644939714527177,24
med,esg0.5_carb0.4,0.09734228619677536,hybrid,80,0.1,2302.5,1460.0,0.020721464959383207,0.012288310615448203,0.031564091973013936,0.05954839597962278,0.07156133828996282,0.0343847621962687,24
med,esg0.5_carb0.4,0.09734228619677536,hybrid,80,0.07,2332.0,1549.5,0.022511358942585713,0.01149662673826242,0.03373261737574006,0.05208591491119372,0.07706870439212439,0.03516734201901623,24
med,esg0.5_carb0.4,0.09734228619677536,hybrid,80,0.05,7168.5,6410.0,0.011496626738262433,0.006023681674239292,0.02423241084951125,0.039184909816880074,0.06500757262839041,0.02674902259579984,24
med,esg0.5_carb0.4,0.09734228619677536,hybrid,80,0.035,9583.5,7160.0,0.0059204185598237535,0.0030978934324659146,0.01621230896323833,0.037890678782872084,0.038875120473633486,0.027139004069701197,24
med,esg0.5_carb0.4,0.09734228619677536,hybrid,80,0.025,12012.5,9418.0,0.0048189453393914505,0.0027881040892193537,0.007779154619303313,0.012749552526504181,0.01369268897149937,0.008502484153726128,24
med,esg0.5_carb0.4,0.09734228619677536,hybrid,80,0.015,15205.5,10903.5,0.002822525127357839,0.0011703152967093011,0.005094313644499554,0.007545091559961407,0.011372711000963785,0.005334409570559167,24
med,esg0.5_carb0.4,0.09734228619677536,hybrid,80,0.01,29284.0,24606.5,0.0021341043645876356,0.0011703152967093566,0.004130524576621233,0.0063472394327413134,0.009486438110973404,0.004343238535819079,24
med,esg0.5_carb0.4,0.09734228619677536,hybrid,160,0.15,2399.5,2299.5,0.06223323695442656,0.03022167148561203,0.09317775024094727,0.11460828858598371,0.1672380558997658,0.082504961892432,24
med,esg0.5_carb0.4,0.09734228619677536,hybrid,160,0.1,3062.0,2357.0,0.02140988572215341,0.01390609940795813,0.030393776676304524,0.04469227591904172,0.05576208178438661,0.028079213715182662,24
med,esg0.5_carb0.4,0.09734228619677536,hybrid,160,0.07,2957.5,2299.0,0.02299325347652484,0.013458625912157518,0.0430262976731378,0.04810684290238193,0.04892606361007844,0.03232072552533017,24
med,esg0.5_carb0.4,0.09734228619677536,hybrid,160,0.05,5133.0,4492.5,0.01266694203497179,0.003889577309651643,0.025712515489467153,0.03497177474872641,0.046998485474321894,0.030451499570652248,24
med,esg0.5_carb0.4,0.09734228619677536,hybrid,160,0.035,10191.5,7920.0,0.00729726008536416,0.002099683326449109,0.01301115241635685,0.017499655789618596,0.01876634999311574,0.010237351446640054,24
med,esg0.5_carb0.4,0.09734228619677536,hybrid,160,0.025,12067.5,8246.0,0.004268208729175271,0.0012391573729863825,0.009672311716921372,0.015227867272476926,0.02163018036623983,0.008976788532791076,24
med,esg0.5_carb0.4,0.09734228619677536,hybrid,160,0.015,15848.5,12198.5,0.0028913672036348648,0.0016522098306484823,0.005438524025884656,0.00976180641608152,0.010195511496626735,0.005489265311647971,24
med,esg0.5_carb0.4,0.09734228619677536,hybrid,160,0.01,34581.0,30161.5,0.002684840974803815,0.0009982101060168058,0.004027261462205653,0.0047087980173482254,0.011654963513699537,0.024412387753787533,24
med,esg0.6_carb0.3,0.03401552008363154,classical_shared,,100.0,100.0,,0.18949999999999997,0.087625,0.31024999999999997,0.40599999999999997,0.4530249999999999,0.2506639230997353,240
med,esg0.6_carb0.3,0.03401552008363154,classical_shared,,200.0,200.0,,0.14575,0.07112500000000002,0.23725000000000002,0.33909999999999996,0.37192499999999995,0.19856038124459774,240
med,esg0.6_carb0.3,0.03401552008363154,classical_shared,,398.0,398.0,,0.09225,0.05212500000000002,0.15075,0.21289999999999995,0.25224999999999986,0.13148603379573562,240
med,esg0.6_carb0.3,0.03401552008363154,classical_shared,,794.0,794.0,,0.06675000000000003,0.036500000000000005,0.11887500000000001,0.15575,0.19534999999999994,0.09796591669215031,240
med,esg0.6_carb0.3,0.03401552008363154,classical_shared,,1585.0,1585.0,,0.04349999999999998,0.02012499999999999,0.07387499999999998,0.11330000000000001,0.12624999999999997,0.06458550533982063,240
med,esg0.6_carb0.3,0.03401552008363154,classical_shared,,3162.0,3162.0,,0.031749999999999945,0.016125,0.05612499999999998,0.07689999999999998,0.09147499999999997,0.04708339233034652,240
med,esg0.6_carb0.3,0.03401552008363154,classical_shared,,6310.0,6310.0,,0.02400000000000002,0.010749999999999982,0.04287500000000001,0.05640000000000001,0.06524999999999997,0.0355594279575286,240
med,esg0.6_carb0.3,0.03401552008363154,classical_shared,,12589.0,12589.0,,0.01475000000000004,0.006249999999999978,0.026249999999999996,0.03779999999999995,0.048250000000000015,0.02289778009618691,240
med,esg0.6_carb0.3,0.03401552008363154,classical_shared,,25119.0,25119.0,,0.011249999999999982,0.005750000000000019,0.01887500000000003,0.028750000000000053,0.034774999999999945,0.01706739093515272,240
med,esg0.6_carb0.3,0.03401552008363154,classical_shared,,50119.0,50119.0,,0.007749999999999979,0.003750000000000017,0.013249999999999984,0.018749999999999996,0.02377500000000004,0.011719641632746285,240
med,esg0.6_carb0.3,0.03401552008363154,classical_shared,,100000.0,100000.0,,0.005749999999999977,0.003249999999999975,0.008875000000000022,0.013800000000000031,0.016749999999999987,0.008474471468278512,240
med,esg0.6_carb0.3,0.03401552008363154,classical_shared,,199526.0,199526.0,,0.003750000000000031,0.0017499999999999738,0.006750000000000034,0.009749999999999986,0.011249999999999982,0.005790977177184055,240
med,esg0.6_carb0.3,0.03401552008363154,classical_shared,,398107.0,398107.0,,0.0027499999999999747,0.0017499999999999738,0.004249999999999976,0.006249999999999978,0.007249999999999979,0.003781258608805621,240
med,esg0.6_carb0.3,0.03401552008363154,classical_shared,,794328.0,794328.0,,0.0017500000000000293,0.0007499999999999729,0.0037499999999999756,0.004750000000000032,0.005749999999999977,0.0029612075239672,240
med,esg0.6_carb0.3,0.03401552008363154,classical_shared,,1584893.0,1584893.0,,0.0017499999999999738,0.0007499999999999729,0.0027499999999999747,0.0037499999999999756,0.003750000000000031,0.002172268399622839,240
med,esg0.6_carb0.3,0.03401552008363154,classical_shared,,3162278.0,3162278.0,,0.0012499999999999734,0.00024999999999997247,0.0017500000000000293,0.0027499999999999747,0.003249999999999975,0.0016124515496597003,240
med,esg0.6_carb0.3,0.03401552008363154,classical_shared,,6309573.0,6309573.0,,0.0007500000000000007,0.00024999999999997247,0.0012499999999999734,0.0017500000000000293,0.0022499999999999742,0.0011609981337911929,240
med,esg0.6_carb0.3,0.03401552008363154,classical_shared,,12589254.0,12589254.0,,0.0007499999999999729,0.00024999999999997247,0.0012499999999999734,0.0012499999999999734,0.0017499999999999738,0.0008612007121842388,240
med,esg0.6_carb0.3,0.03401552008363154,classical_shared,,25118864.0,25118864.0,,0.00024999999999997247,0.00024999999999997247,0.0007499999999999729,0.0007500000000000284,0.0012499999999999734,0.00056273143387112,240
med,esg0.6_carb0.3,0.03401552008363154,classical_shared,,50118723.0,50118723.0,,0.00024999999999997247,0.00024999999999997247,0.00024999999999997247,0.0007499999999999729,0.0007499999999999729,0.0003899786318932312,240
med,esg0.6_carb0.3,0.03401552008363154,classical_shared,,100000000.0,100000000.0,,0.00024999999999997247,0.00024999999999997247,0.00024999999999997247,0.00024999999999997247,0.00024999999999997247,0.000292261298612478,240
med,esg0.6_carb0.3,0.03401552008363154,classical_shared,,199526231.0,199526231.0,,0.00024999999999997247,0.00024999999999997247,0.00024999999999997247,0.00024999999999997247,0.00024999999999997247,0.00026220221204251105,240
med,esg0.6_carb0.3,0.03401552008363154,old,,0.25,4250.0,,0.039992119779353824,0.019996059889676898,0.08412135539795115,0.10303388494877855,0.12224192277383764,0.07004850573640481,24
med,esg0.6_carb0.3,0.03401552008363154,old,,0.18,19250.0,,0.0193065405831363,0.01250985027580774,0.02817178881008671,0.03353033884948781,0.042257683215130015,0.02738813642326761,24
med,esg0.6_carb0.3,0.03401552008363154,old,,0.12,49200.0,,0.01201733648542161,0.008077226162332515,0.020784081954294736,0.02312844759653268,0.03798266351457837,0.020088445532353807,24
med,esg0.6_carb0.3,0.03401552008363154,old,,0.08,52100.0,,0.009653270291568178,0.003940110323089052,0.013494877856580004,0.0193065405831363,0.0193065405831363,0.012763109467089064,24
med,esg0.6_carb0.3,0.03401552008363154,old,,0.05,99400.0,,0.003940110323089052,0.002265563435776205,0.005122143420015726,0.008944050433412148,0.00973207249802991,0.005106333321741773,24
med,esg0.6_carb0.3,0.03401552008363154,old,,0.03,160000.0,,0.0033490937746256666,0.0013790386130811683,0.004038613081166265,0.005122143420015768,0.006461780929865995,0.005538390022386579,24
med,esg0.6_carb0.3,0.03401552008363154,old,,0.02,158550.0,,0.0033490937746256666,0.0015760441292356209,0.005122143420015768,0.0070133963750984565,0.01250985027580772,0.007993100771135917,24
med,esg0.6_carb0.3,0.03401552008363154,old,,0.0125,326400.0,,0.0011820330969267157,0.0006895193065405841,0.0015760441292356209,0.003309692671394748,0.004885736800630413,0.006896600104103344,24
med,esg0.6_carb0.3,0.03401552008363154,hybrid_mlae_m0_20,,0.15,1047.0,931.5,0.11012608353033884,0.05988967691095354,0.1438140267927502,0.2663514578408195,0.3713553979511424,0.16911878455655832,24
med,esg0.6_carb0.3,0.03401552008363154,hybrid_mlae_m0_20,,0.1,1691.0,1481.0,0.051418439716312075,0.029649330181245076,0.06550433412135538,0.08443656422379824,0.088849487785658,0.0719214500226679,24
med,esg0.6_carb0.3,0.03401552008363154,hybrid_mlae_m0_20,,0.07,2550.5,2100.5,0.019897557131599686,0.008668242710795915,0.03250591016548464,0.04377462568951932,0.052364066193853434,0.027842207227189615,24
med,esg0.6_carb0.3,0.03401552008363154,hybrid_mlae_m0_20,,0.05,3130.0,2561.5,0.01812450748620964,0.013396375098502777,0.027186761229314405,0.03869188337273444,0.0481087470449172,0.02569544087577678,24
med,esg0.6_carb0.3,0.03401552008363154,hybrid_mlae_m0_20,,0.035,5483.5,4553.5,0.01654846335697402,0.00827423167848701,0.0267927501970055,0.03881008668242711,0.042750197005516154,0.027275008764652484,24
med,esg0.6_carb0.3,0.03401552008363154,hybrid_mlae_m0_20,,0.025,6683.0,5481.5,0.010244286840031508,0.004137115839243491,0.017927501970055174,0.028644602048857354,0.03613081166272653,0.01810951173251599,24
med,esg0.6_carb0.3,0.03401552008363154,hybrid_mlae_m0_20,,0.015,10714.5,8590.5,0.010638297872340441,0.0063041765169424835,0.013987391646966121,0.019345941686367205,0.022892040977147334,0.01547946110216932,24
med,esg0.6_carb0.3,0.03401552008363154,hybrid_mlae_m0_20,,0.01,16352.0,12542.0,0.006698187549251389,0.003447596532702879,0.011032308904649332,0.020527974783293917,0.026930654058313654,0.012965248185201332,24
med,esg0.6_carb0.3,0.03401552008363154,hybrid,5,0.15,3019.0,2534.0,0.031717888100866815,0.017730496453900735,0.061761229314420796,0.08262411347517731,0.11708037825059095,0.09777052507651689,24
med,esg0.6_carb0.3,0.03401552008363154,hybrid,5,0.1,5069.0,4269.0,0.020685579196217496,0.013002364066193872,0.03152088258471236,0.04066193853427896,0.050748620961386916,0.028408441343753758,24
med,esg0.6_carb0.3,0.03401552008363154,hybrid,5,0.07,5937.0,4482.0,0.016351457840819567,0.012411347517730514,0.030831363278171778,0.04267139479905437,0.05395981087470449,0.02668037105761031,24
med,esg0.6_carb0.3,0.03401552008363154,hybrid,5,0.05,12898.5,9637.0,0.011820330969267129,0.007683215130023596,0.021375098502758066,0.05445232466509058,0.07113869188337271,0.03280570731846026,24
med,esg0.6_carb0.3,0.03401552008363154,hybrid,5,0.035,16975.0,12803.5,0.0053191489361702204,0.002265563435776205,0.01083530338849488,0.015681639085894372,0.01615445232466506,0.010488269755304154,24
med,esg0.6_carb0.3,0.03401552008363154,hybrid,5,0.025,18301.0,12811.0,0.010047281323877083,0.007289204097714691,0.017927501970055132,0.02549251379038613,0.03364854215918043,0.01672633682011371,24
med,esg0.6_carb0.3,0.03401552008363154,hybrid,5,0.015,26366.0,21332.5,0.0037431048069345996,0.0021670606776989787,0.005417651694247447,0.011465721040189124,0.013494877856579952,0.0071629861949163995,24
med,esg0.6_carb0.3,0.03401552008363154,hybrid,5,0.01,56311.5,47567.0,0.003940110323088997,0.0018715524034672582,0.006895193065405841,0.01958234830575254,0.027265563435776175,0.014726738842419818,24
med,esg0.6_carb0.3,0.03401552008363154,hybrid,10,0.15,3016.0,2629.5,0.036249014972419225,0.02078408195429471,0.06767139479905436,0.09251379038613083,0.10187155240346726,0.05713012778553756,24
med,esg0.6_carb0.3,0.03401552008363154,hybrid,10,0.1,4346.5,3109.5,0.016154452324665114,0.010145784081954295,0.021670606776989773,0.03707643814026792,0.05502364066193852,0.024571782341796182,24
med,esg0.6_carb0.3,0.03401552008363154,hybrid,10,0.07,4958.5,4108.5,0.010244286840031536,0.007781717888100864,0.024921197793538213,0.036012608353033895,0.05701339637509843,0.02491009916166075,24
med,esg0.6_carb0.3,0.03401552008363154,hybrid,10,0.05,11414.0,8177.0,0.014578408195429493,0.008471237194641448,0.01891252955082745,0.022852639873916447,0.024862096138691905,0.01726076396249262,24
med,esg0.6_carb0.3,0.03401552008363154,hybrid,10,0.035,16203.5,12403.5,0.006107171000788031,0.0030535855003940016,0.01438140267927504,0.03187549251379036,0.03993301812450748,0.01958033982995177,24
med,esg0.6_carb0.3,0.03401552008363154,hybrid,10,0.025,20205.5,14913.0,0.007486209613869144,0.003841607565011812,0.010736800630417667,0.014066193853427916,0.014184397163120588,0.023594512130006594,24
med,esg0.6_carb0.3,0.03401552008363154,hybrid,10,0.015,31146.0,20060.0,0.004728132387706807,0.001970055161544526,0.008766745468873127,0.01757289204097713,0.022537431048069313,0.010020204866847524,24
med,esg0.6_carb0.3,0.03401552008363154,hybrid,10,0.01,61983.5,39222.5,0.0027580772261623365,0.0015760441292356209,0.008766745468873141,0.015090622537431066,0.032565011820330975,0.011934697581450725,24
med,esg0.6_carb0.3,0.03401552008363154,hybrid,20,0.15,2049.5,1721.0,0.047675334909377476,0.0316193853427896,0.1092395587076438,0.14377462568951932,0.14594168636721833,0.08315208209738115,24
med,esg0.6_carb0.3,0.03401552008363154,hybrid,20,0.1,4171.0,3354.5,0.03309692671394798,0.010441292356185988,0.05131993695823481,0.06560283687943262,0.10439322301024419,0.07080450606170481,24
med,esg0.6_carb0.3,0.03401552008363154,hybrid,20,0.07,5377.0,4282.5,0.019503546099290753,0.007092198581560294,0.03289992119779353,0.04854215918045707,0.055614657210401854,0.030969576264489172,24
med,esg0.6_carb0.3,0.03401552008363154,hybrid,20,0.05,11058.5,8266.5,0.011229314420803799,0.0053191489361702204,0.018223010244286852,0.022773837667454666,0.03295902285263984,0.016635790946749687,24
med,esg0.6_carb0.3,0.03401552008363154,hybrid,20,0.035,17000.0,12718.5,0.00433412135539793,0.0026595744680850686,0.009850275807722575,0.015681639085894424,0.01800630417651697,0.008836746056739871,24
med,esg0.6_carb0.3,0.03401552008363154,hybrid,20,0.025,19942.0,16281.5,0.005713159968479098,0.0018715524034672998,0.009259259259259217,0.013396375098502774,0.02763987391646962,0.01280409563188947,24
med,esg0.6_carb0.3,0.03401552008363154,hybrid,20,0.015,28579.0,22348.5,0.0035460992907800915,0.0023640661938534313,0.0063041765169424835,0.015011820330969289,0.01838061465721042,0.00981672774097793,24
med,esg0.6_carb0.3,0.03401552008363154,hybrid,20,0.01,70729.5,52271.5,0.001970055161544526,0.0010835303388494893,0.0036446020488573316,0.004885736800630386,0.0071315996847911714,0.004806826939675622,24
med,esg0.6_carb0.3,0.03401552008363154,hybrid,40,0.15,2664.5,2365.5,0.03447596532702915,0.014085894405043348,0.06018518518518516,0.086327817178881,0.12220252167060672,0.05596482549780059,24
med,esg0.6_carb0.3,0.03401552008363154,hybrid,40,0.1,3338.0,2421.0,0.0386130811662726,0.017237982663514603,0.06373128447596531,0.09893617021276595,0.1058510638297872,0.056954018734685384,24
med,esg0.6_carb0.3,0.03401552008363154,hybrid,40,0.07,5298.5,4013.0,0.020685579196217496,0.013987391646966135,0.026300236406619368,0.04609929078014181,0.05833333333333328,0.03299621859654759,24
med,esg0.6_carb0.3,0.03401552008363154,hybrid,40,0.05,11411.5,8534.0,0.007880220646178049,0.0042356185973206895,0.016646966115051245,0.03258471237194639,0.056698187549251315,0.021691938542129002,24
med,esg0.6_carb0.3,0.03401552008363154,hybrid,40,0.035,17350.0,12413.5,0.008668242710795887,0.0035460992907800915,0.013888888888888909,0.022104018912529545,0.02312844759653268,0.01234445639984508,24
med,esg0.6_carb0.3,0.03401552008363154,hybrid,40,0.025,19089.0,15390.5,0.003940110323088997,0.0018715524034672582,0.006008668242710805,0.011465721040189124,0.051674546887312725,0.01810969032642561,24
med,esg0.6_carb0.3,0.03401552008363154,hybrid,40,0.015,25882.0,20047.5,0.003546099290780147,0.0018715524034672998,0.008963750985027594,0.032505910165484625,0.062450748620961366,0.028050869164556232,24
med,esg0.6_carb0.3,0.03401552008363154,hybrid,40,0.01,53652.5,37829.0,0.002561071710007856,0.0013790386130811683,0.00640267927501971,0.008313632781717883,0.009003152088258484,0.005559955000658024,24
med,esg0.6_carb0.3,0.03401552008363154,hybrid,80,0.15,4020.0,3656.5,0.023049645390070927,0.014085894405043362,0.04353821907013397,0.0889282899921198,0.10295508274231674,0.05245953943303326,24
med,esg0.6_carb0.3,0.03401552008363154,hybrid,80,0.1,4777.0,3560.5,0.014972419227738398,0.005122143420015754,0.030338849487785646,0.06024428684003148,0.0941489361702127,0.03679232951672602,24
med,esg0.6_carb0.3,0.03401552008363154,hybrid,80,0.07,4765.5,3583.0,0.02836879432624112,0.01644996059889678,0.04550827423167848,0.052797478329393244,0.05732860520094565,0.03646385311184591,24
med,esg0.6_carb0.3,0.03401552008363154,hybrid,80,0.05,15491.0,13413.5,0.008274231678486954,0.0018715524034672998,0.022951142631993673,0.032939322301024476,0.0392434988179669,0.02089280419610395,24
med,esg0.6_carb0.3,0.03401552008363154,hybrid,80,0.035,17634.5,13511.5,0.0049251379038612875,0.0026595744680851102,0.008372734436564236,0.009613869188337247,0.013199369582348307,0.007771528442459581,24
med,esg0.6_carb0.3,0.03401552008363154,hybrid,80,0.025,21176.0,15846.0,0.005516154452324645,0.0036446020488573594,0.009259259259259259,0.010677698975571314,0.011702127659574483,0.008052361994205047,24
med,esg0.6_carb0.3,0.03401552008363154,hybrid,80,0.015,34156.0,22657.0,0.004137115839243477,0.001970055161544526,0.008668242710795915,0.011111111111111125,0.013829787234042568,0.006878756348188833,24
med,esg0.6_carb0.3,0.03401552008363154,hybrid,80,0.01,55930.5,43940.0,0.0017730496453900735,0.0007880220646178104,0.005713159968479126,0.010756501182033093,0.012825059101654863,0.005809714605391305,24
med,esg0.6_carb0.3,0.03401552008363154,hybrid,160,0.15,6142.0,5746.5,0.03506698187549251,0.01595744680851066,0.05604806934594171,0.09862096138691881,0.11414499605988966,0.05444996301856782,24
med,esg0.6_carb0.3,0.03401552008363154,hybrid,160,0.1,6765.0,5883.0,0.03171788810086684,0.017730496453900693,0.052698975571315976,0.10126083530338849,0.10612687155240344,0.05328474202223713,24
med,esg0.6_carb0.3,0.03401552008363154,hybrid,160,0.07,6955.0,5670.0,0.01654846335697402,0.010441292356185974,0.03181639085894404,0.039992119779353824,0.04661150512214342,0.02592500774819363,24
med,esg0.6_carb0.3,0.03401552008363154,hybrid,160,0.05,12440.0,10355.0,0.013199369582348325,0.005516154452324673,0.016646966115051245,0.026950354609929075,0.06487391646966105,0.025449956133698277,24
med,esg0.6_carb0.3,0.03401552008363154,hybrid,160,0.035,21245.5,16464.0,0.006304176516942456,0.0032505910165484264,0.01438140267927504,0.016942474389282907,0.020961386918833702,0.010591680541777261,24
med,esg0.6_carb0.3,0.03401552008363154,hybrid,160,0.025,23998.0,18447.5,0.00512214342001574,0.002758077226162281,0.007486209613869144,0.009219858156028382,0.012805358550039411,0.0065679996367886675,24
med,esg0.6_carb0.3,0.03401552008363154,hybrid,160,0.015,32096.0,24492.0,0.0027580772261623365,0.001970055161544526,0.004826635145784089,0.008392434988179662,0.009791174152876295,0.005584912385347547,24
med,esg0.6_carb0.3,0.03401552008363154,hybrid,160,0.01,58344.0,43593.0,0.0017730496453900457,0.0007880220646178104,0.0068951930654058274,0.008037825059101627,0.00860914105594957,0.004640445313273541,24
med,esg0.75_carb0.25,0.007223942208462332,classical_shared,,100.0,100.0,,0.4100185528756957,0.21335807050092764,0.5,0.5,0.5,0.3850544856152017,240
med,esg0.75_carb0.25,0.007223942208462332,classical_shared,,200.0,200.0,,0.3042671614100185,0.15584415584415584,0.5,0.5,0.5,0.3435076020177343,240
med,esg0.75_carb0.25,0.007223942208462332,classical_shared,,398.0,398.0,,0.20500927643784786,0.08673469387755103,0.3344155844155844,0.44174397031539886,0.49911873840445264,0.2635524804566904,240
med,esg0.75_carb0.25,0.007223942208462332,classical_shared,,794.0,794.0,,0.14100185528756953,0.061224489795918324,0.24536178107606682,0.3211502782931354,0.36753246753246743,0.19594580236499906,240
med,esg0.75_carb0.25,0.007223942208462332,classical_shared,,1585.0,1585.0,,0.08441558441558442,0.04452690166975881,0.1410018552875696,0.2179962894248608,0.2784786641929498,0.13062869284893647,240
med,esg0.75_carb0.25,0.007223942208462332,classical_shared,,3162.0,3162.0,,0.07421150278293134,0.03525046382189238,0.11873840445269014,0.15955473098330242,0.17625231910946199,0.09549385779634903,240
med,esg0.75_carb0.25,0.007223942208462332,classical_shared,,6310.0,6310.0,,0.04823747680890536,0.024118738404452666,0.08024118738404448,0.12096474953617807,0.1395176252319108,0.07112695235178843,240
med,esg0.75_carb0.25,0.007223942208462332,classical_shared,,12589.0,12589.0,,0.033395176252319136,0.01855287569573283,0.05565862708719849,0.08181818181818179,0.09656771799628941,0.05075915571313497,240
med,esg0.75_carb0.25,0.007223942208462332,classical_shared,,25119.0,25119.0,,0.02782931354359927,0.011131725417439717,0.04267161410018555,0.0575139146567718,0.07421150278293132,0.037154034757878526,240
med,esg0.75_carb0.25,0.007223942208462332,classical_shared,,50119.0,50119.0,,0.01855287569573283,0.00927643784786647,0.03525046382189234,0.04638218923933207,0.0520408163265306,0.028556767234765277,240
med,esg0.75_carb0.25,0.007223942208462332,classical_shared,,100000.0,100000.0,,0.01113172541743973,0.005565862708719838,0.02087198515769946,0.029870129870129877,0.03525046382189234,0.018189073811331714,240
med,esg0.75_carb0.25,0.007223942208462332,classical_shared,,199526.0,199526.0,,0.009276437847866414,0.003710575139146577,0.012987012987012991,0.020408163265306145,0.025974025974025983,0.013339483220225662,240
med,esg0.75_carb0.25,0.007223942208462332,classical_shared,,398107.0,398107.0,,0.007421150278293154,0.003710575139146577,0.01113172541743973,0.016697588126159513,0.01855287569573283,0.009695245987926966,240
med,esg0.75_carb0.25,0.007223942208462332,classical_shared,,794328.0,794328.0,,0.003710575139146577,0.0018552875695733162,0.007421150278293154,0.011131725417439675,0.012987012987012991,0.0068241216202146,240
med,esg0.75_carb0.25,0.007223942208462332,classical_shared,,1584893.0,1584893.0,,0.0037105751391465214,0.0018552875695732607,0.005565862708719838,0.007421150278293154,0.007513914656771785,0.00434938659607475,240
med,esg0.75_carb0.25,0.007223942208462332,classical_shared,,3162278.0,3162278.0,,0.0018552875695733162,0.0018552875695732607,0.003710575139146577,0.005565862708719838,0.005565862708719838,0.0033446672314137137,240
med,esg0.75_carb0.25,0.007223942208462332,classical_shared,,6309573.0,6309573.0,,0.0018552875695732607,0.0,0.0018552875695733162,0.003710575139146577,0.003710575139146577,0.002316015251833515,240
med,esg0.75_carb0.25,0.007223942208462332,classical_shared,,12589254.0,12589254.0,,0.0018552875695732607,0.0,0.0018552875695733162,0.0037105751391465214,0.003710575139146577,0.0018043406878039763,240
med,esg0.75_carb0.25,0.007223942208462332,classical_shared,,25118864.0,25118864.0,,0.0,0.0,0.0018552875695732607,0.0018552875695733162,0.0018552875695733162,0.0012445647370128733,240
med,esg0.75_carb0.25,0.007223942208462332,classical_shared,,50118723.0,50118723.0,,0.0,0.0,0.0018552875695732607,0.0018552875695733162,0.0018552875695733162,0.00100910135263332,240
med,esg0.75_carb0.25,0.007223942208462332,classical_shared,,100000000.0,100000000.0,,0.0,0.0,0.0,0.0018552875695732607,0.0018552875695733162,0.0006879590433298403,240
med,esg0.75_carb0.25,0.007223942208462332,classical_shared,,199526231.0,199526231.0,,0.0,0.0,0.0,0.0,0.0,0.0002074274561688132,240
med,esg0.75_carb0.25,0.007223942208462332,old,,0.25,17750.0,,0.03710575139146566,0.0185528756957328,0.05287569573283857,0.09369202226345086,0.13784786641929492,0.10939512439839741,24
med,esg0.75_carb0.25,0.007223942208462332,old,,0.18,79150.0,,0.010204081632653073,0.004638218923933235,0.022263450834879406,0.028200371057513905,0.0287569573283859,0.01647275275431936,24
med,esg0.75_carb0.25,0.007223942208462332,old,,0.12,124200.0,,0.00649350649350644,0.004174397031539906,0.010667903525046388,0.012059369202226389,0.013636363636363657,0.01576994434137292,24
med,esg0.75_carb0.25,0.007223942208462332,old,,0.08,118550.0,,0.006493506493506468,0.004638218923933235,0.012059369202226347,0.01391465677179965,0.017068645640074185,0.009714457682377867,24
med,esg0.75_carb0.25,0.007223942208462332,old,,0.05,293450.0,,0.003710575139146577,0.0009276437847866026,0.006957328385899811,0.012801484230055634,0.02495361781076061,0.0158425336517619,24
med,esg0.75_carb0.25,0.007223942208462332,old,,0.03,480700.0,,0.0009276437847866026,0.0009276437847866026,0.002782931354359919,0.004638218923933235,0.004638218923933235,0.003213452333151909,24
med,esg0.75_carb0.25,0.007223942208462332,old,,0.02,453000.0,,0.0009276437847866026,0.0009276437847866026,0.002782931354359919,0.004081632653061239,0.006215213358070503,0.0033015084267258234,24
med,esg0.75_carb0.25,0.007223942208462332,old,,0.0125,794300.0,,0.0009276437847866581,0.0009276437847866026,0.002782931354359919,0.009090909090909097,0.011781076066790387,0.00935342205457896,24
med,esg0.75_carb0.25,0.007223942208462332,hybrid_mlae_m0_20,,0.15,3947.5,3497.5,0.04452690166975881,0.02597402597402597,0.0904452690166976,0.11539888682745829,0.16641929499072344,0.07664718170064429,24
med,esg0.75_carb0.25,0.007223942208462332,hybrid_mlae_m0_20,,0.1,5224.5,4647.0,0.054730983302411884,0.03014842300556589,0.12244897959183675,0.18849721706864567,0.19573283858998147,0.10472245148046251,24
med,esg0.75_carb0.25,0.007223942208462332,hybrid_mlae_m0_20,,0.07,7347.0,6417.0,0.020408163265306117,0.012987012987013005,0.04174397031539889,0.2074211502782931,0.22662337662337664,0.09996195764767492,24
med,esg0.75_carb0.25,0.007223942208462332,hybrid_mlae_m0_20,,0.05,8783.5,7108.0,0.01391465677179965,0.010204081632653073,0.040352504638218906,0.04675324675324675,0.05046382189239326,0.02783446664308673,24
med,esg0.75_carb0.25,0.007223942208462332,hybrid_mlae_m0_20,,0.035,12187.0,10297.0,0.012987012987012991,0.006493506493506482,0.0269016697588126,0.03005565862708722,0.03376623376623375,0.0686519076514968,24
med,esg0.75_carb0.25,0.007223942208462332,hybrid_mlae_m0_20,,0.025,15300.0,11961.0,0.01391465677179965,0.00649350649350644,0.02504638218923938,0.04434137291280149,0.05176252319109459,0.027293333794195872,24
med,esg0.75_carb0.25,0.007223942208462332,hybrid_mlae_m0_20,,0.015,28967.0,24013.5,0.009276437847866414,0.004174397031539906,0.014378478664192965,0.024489795918367384,0.036085343228200346,0.02223121764751848,24
med,esg0.75_carb0.25,0.007223942208462332,hybrid_mlae_m0_20,,0.01,42146.0,34496.0,0.010204081632653073,0.004638218923933235,0.018089053803339486,0.03784786641929499,0.04174397031539889,0.06852016813587898,24
med,esg0.75_carb0.25,0.007223942208462332,hybrid,5,0.15,8448.0,7166.0,0.026901669758812613,0.013914656771799636,0.03617810760667903,0.09944341372912799,0.11382189239332101,0.05055162157259753,24
med,esg0.75_carb0.25,0.007223942208462332,hybrid,5,0.1,13036.0,9636.0,0.01391465677179965,0.010204081632653073,0.037569573283859015,0.04935064935064931,0.08098330241187376,0.03436875363274337,24
med,esg0.75_carb0.25,0.007223942208462332,hybrid,5,0.07,19767.0,15123.0,0.013914656771799622,0.010204081632653073,0.021335807050092748,0.035435992578849704,0.04146567717996289,0.0209148875362843,24
med,esg0.75_carb0.25,0.007223942208462332,hybrid,5,0.05,20474.0,13550.5,0.010204081632653073,0.006029684601113139,0.013914656771799608,0.03654916512059367,0.04146567717996289,0.025132128356482496,24
med,esg0.75_carb0.25,0.007223942208462332,hybrid,5,0.035,24898.5,20553.0,0.010204081632653073,0.006493506493506482,0.021335807050092748,0.03376623376623376,0.04063079777365491,0.01866847105519305,24
med,esg0.75_carb0.25,0.007223942208462332,hybrid,5,0.025,64716.0,48022.0,0.006493506493506496,0.006029684601113139,0.010204081632653073,0.03358070500927647,0.041187384044526903,0.0176252319109462,24
med,esg0.75_carb0.25,0.007223942208462332,hybrid,5,0.015,95580.0,64166.5,0.010204081632653073,0.006029684601113139,0.01391465677179965,0.02504638218923938,0.028200371057513916,0.026183009437249907,24
med,esg0.75_carb0.25,0.007223942208462332,hybrid,5,0.01,90243.5,65466.0,0.0009276437847866026,0.0009276437847866026,0.006493506493506496,0.01335807050092767,0.020222634508348766,0.011987799613469474,24
med,esg0.75_carb0.25,0.007223942208462332,hybrid,10,0.15,10070.5,8553.0,0.02597402597402601,0.013450834879406293,0.08209647495361783,0.1024118738404453,0.1108534322820037,0.060754176410682204,24
med,esg0.75_carb0.25,0.007223942208462332,hybrid,10,0.1,13703.5,10779.0,0.010204081632653073,0.007884972170686441,0.02922077922077923,0.04489795918367349,0.04860853432282005,0.0280244652080945,24
med,esg0.75_carb0.25,0.007223942208462332,hybrid,10,0.07,18309.5,14609.5,0.012059369202226389,0.00649350649350644,0.01484230055658628,0.02504638218923938,0.02977736549165123,0.016568247773183456,24
med,esg0.75_carb0.25,0.007223942208462332,hybrid,10,0.05,23379.5,16962.5,0.006493506493506496,0.0009276437847866026,0.01252319109461969,0.015213358070500931,0.02050092764378476,0.01115746354524967,24
med,esg0.75_carb0.25,0.007223942208462332,hybrid,10,0.035,37468.0,31242.5,0.010204081632653073,0.006493506493506482,0.012987012987013019,0.02523191094619663,0.039517625231910915,0.019531987257085662,24
med,esg0.75_carb0.25,0.007223942208462332,hybrid,10,0.025,57696.0,41261.0,0.010204081632653073,0.0037105751391465908,0.010667903525046402,0.01391465677179965,0.021799628942486084,0.011461813848392488,24
med,esg0.75_carb0.25,0.007223942208462332,hybrid,10,0.015,79864.0,60946.5,0.005565862708719838,0.0009276437847866026,0.006957328385899811,0.013914656771799632,0.02653061224489793,0.01452979607232,24
med,esg0.75_carb0.25,0.007223942208462332,hybrid,10,0.01,92286.5,69029.5,0.0009276437847866303,0.0009276437847866026,0.005102040816326536,0.007792207792207777,0.011502782931354386,0.00505260811328639,24
med,esg0.75_carb0.25,0.007223942208462332,hybrid,20,0.15,7742.5,6201.5,0.04638218923933213,0.022727272727272735,0.09601113172541739,0.11131725417439706,0.12987012987012986,0.07163908933694925,24
med,esg0.75_carb0.25,0.007223942208462332,hybrid,20,0.1,15868.0,12318.5,0.01391465677179965,0.007884972170686427,0.02504638218923938,0.05064935064935063,0.08126159554730976,0.037620120679544664,24
med,esg0.75_carb0.25,0.007223942208462332,hybrid,20,0.07,19758.0,14190.0,0.012059369202226389,0.006493506493506482,0.021799628942486077,0.028200371057513923,0.0429499072356215,0.028606946094822405,24
med,esg0.75_carb0.25,0.007223942208462332,hybrid,20,0.05,21261.5,15843.0,0.007421150278293126,0.00649350649350644,0.01716141001855287,0.030241187384044504,0.03246753246753242,0.016654586282616228,24
med,esg0.75_carb0.25,0.007223942208462332,hybrid,20,0.035,29999.0,23032.0,0.009276437847866414,0.00649350649350644,0.012059369202226389,0.018367346938775474,0.021057513914656746,0.01115746354524966,24
med,esg0.75_carb0.25,0.007223942208462332,hybrid,20,0.025,61436.0,42385.5,0.00649350649350644,0.003710575139146577,0.008348794063079756,0.009647495361781076,0.014935064935064923,0.012387894634514592,24
med,esg0.75_carb0.25,0.007223942208462332,hybrid,20,0.015,86974.5,59059.5,0.004638218923933235,0.0009276437847866026,0.00649350649350644,0.010204081632653073,0.010204081632653073,0.005667997148986812,24
med,esg0.75_carb0.25,0.007223942208462332,hybrid,20,0.01,96114.0,75620.0,0.00649350649350644,0.0009276437847866026,0.010204081632653073,0.01335807050092763,0.015491651205936909,0.011118834011357577,24
med,esg0.75_carb0.25,0.007223942208462332,hybrid,40,0.15,10254.0,8854.0,0.04359925788497218,0.01113172541743973,0.07189239332096473,0.09128014842300555,0.10760667903525041,0.06599106014262786,24
med,esg0.75_carb0.25,0.007223942208462332,hybrid,40,0.1,12145.0,10247.5,0.0176252319109462,0.006029684601113139,0.06725417439703153,0.12745825602968458,0.15371057513914654,0.06547833522942853,24
med,esg0.75_carb0.25,0.007223942208462332,hybrid,40,0.07,22001.0,16399.0,0.012059369202226361,0.00649350649350644,0.01762523191094617,0.031910946196660496,0.046660482374768074,0.020082291751551663,24
med,esg0.75_carb0.25,0.007223942208462332,hybrid,40,0.05,23541.5,15983.0,0.010204081632653073,0.00649350649350644,0.012523191094619704,0.02152133580705011,0.042115027829313464,0.016749044605999804,24
med,esg0.75_carb0.25,0.007223942208462332,hybrid,40,0.035,28913.0,21101.0,0.010204081632653073,0.00649350649350644,0.012059369202226347,0.013914656771799632,0.015491651205936917,0.010684695450322194,24
med,esg0.75_carb0.25,0.007223942208462332,hybrid,40,0.025,56953.5,40922.0,0.007421150278293126,0.004638218923933235,0.010667903525046402,0.01335807050092767,0.01864564007421145,0.010412775658925628,24
med,esg0.75_carb0.25,0.007223942208462332,hybrid,40,0.015,86921.0,63047.0,0.004638218923933235,0.0009276437847866026,0.006493506493506496,0.010204081632653073,0.013358070500927608,0.008816683629797923,24
med,esg0.75_carb0.25,0.007223942208462332,hybrid,40,0.01,103867.0,81360.0,0.005565862708719838,0.0009276437847866026,0.010667903525046402,0.01391465677179965,0.020222634508348766,0.009699682833245595,24
med,esg0.75_carb0.25,0.007223942208462332,hybrid,80,0.15,14200.0,13100.0,0.025974025974025983,0.011595547309833018,0.05194805194805195,0.06901669758812616,0.07272727272727272,0.043668283101817515,24
med,esg0.75_carb0.25,0.007223942208462332,hybrid,80,0.1,17871.5,15147.5,0.012987012987013019,0.007884972170686427,0.029684601113172532,0.05862708719851574,0.07532467532467525,0.03345096007421046,24
med,esg0.75_carb0.25,0.007223942208462332,hybrid,80,0.07,19306.5,15871.5,0.026901669758812585,0.013914656771799636,0.051020408163265266,0.06623376623376623,0.09165120593692012,0.048085603646361545,24
med,esg0.75_carb0.25,0.007223942208462332,hybrid,80,0.05,27501.0,20590.5,0.009276437847866414,0.004638218923933235,0.016233766233766225,0.022634508348794068,0.023191094619666064,0.012853809332607621,24
med,esg0.75_carb0.25,0.007223942208462332,hybrid,80,0.035,36894.5,23609.5,0.006493506493506468,0.004638218923933235,0.011131725417439717,0.01576994434137291,0.017346938775510176,0.01330341667550956,24
med,esg0.75_carb0.25,0.007223942208462332,hybrid,80,0.025,65293.5,46560.0,0.005565862708719865,0.0009276437847866026,0.010667903525046388,0.012059369202226389,0.013636363636363657,0.008262454678965619,24
med,esg0.75_carb0.25,0.007223942208462332,hybrid,80,0.015,87170.5,67177.5,0.0009276437847866303,0.0009276437847866026,0.00649350649350644,0.01391465677179965,0.017068645640074234,0.009183204950474646,24
med,esg0.75_carb0.25,0.007223942208462332,hybrid,80,0.01,101372.5,76079.0,0.0009276437847866581,0.0009276437847866026,0.004638218923933235,0.007792207792207777,0.009925788497217071,0.010778246789074448,24
med,esg0.75_carb0.25,0.007223942208462332,hybrid,160,0.15,26205.5,24439.5,0.045454545454545414,0.023191094619666064,0.06586270871985159,0.09684601113172539,0.10371057513914654,0.05840473557958141,24
med,esg0.75_carb0.25,0.007223942208462332,hybrid,160,0.1,30015.0,26308.5,0.019480519480519487,0.008348794063079756,0.029220779220779217,0.03821892393320962,0.04146567717996289,0.025584588241728632,24
med,esg0.75_carb0.25,0.007223942208462332,hybrid,160,0.07,32859.5,28662.0,0.012987012987012991,0.004638218923933235,0.031076066790352533,0.06066790352504637,0.06873840445269015,0.04641928016028499,24
med,esg0.75_carb0.25,0.007223942208462332,hybrid,160,0.05,32813.5,26519.0,0.012987012987012991,0.004638218923933235,0.023191094619666036,0.03692022263450838,0.05538033395176246,0.025841165634849946,24
med,esg0.75_carb0.25,0.007223942208462332,hybrid,160,0.035,48136.0,41823.0,0.008348794063079756,0.004638218923933235,0.01484230055658628,0.02411873840445267,0.0379406307977736,0.018106884319056712,24
med,esg0.75_carb0.25,0.007223942208462332,hybrid,160,0.025,70411.0,58424.5,0.00649350649350644,0.004638218923933235,0.006493506493506496,0.010204081632653073,0.013358070500927655,0.008122402929229252,24
med,esg0.75_carb0.25,0.007223942208462332,hybrid,160,0.015,95554.5,73990.5,0.002782931354359919,0.0009276437847866026,0.00649350649350644,0.006493506493506496,0.017532467532467462,0.013485443715124622,24
med,esg0.75_carb0.25,0.007223942208462332,hybrid,160,0.01,111075.5,89916.5,0.002782931354359919,0.0009276437847866442,0.00649350649350644,0.006493506493506496,0.009647495361781078,0.005164902006335824,24
med,esg0.8_carb0.2,0.00227842333105491,classical_shared,,100.0,100.0,,0.5,0.5,0.5,0.5,0.5,0.46894397178510255,240
med,esg0.8_carb0.2,0.00227842333105491,classical_shared,,200.0,200.0,,0.5,0.27941176470588236,0.5,0.5,0.5,0.4261669811796203,240
med,esg0.8_carb0.2,0.00227842333105491,classical_shared,,398.0,398.0,,0.38823529411764707,0.20735294117647057,0.5,0.5,0.5,0.3787962879165146,240
med,esg0.8_carb0.2,0.00227842333105491,classical_shared,,794.0,794.0,,0.29117647058823526,0.12058823529411766,0.42205882352941176,0.5,0.5,0.3209016501808802,240
med,esg0.8_carb0.2,0.00227842333105491,classical_shared,,1585.0,1585.0,,0.17352941176470588,0.0852941176470588,0.28088235294117647,0.38529411764705884,0.4323529411764706,0.2326215405801202,240
med,esg0.8_carb0.2,0.00227842333105491,classical_shared,,3162.0,3162.0,,0.1264705882352941,0.061764705882352944,0.21029411764705885,0.29705882352941176,0.33235294117647063,0.17935228843796616,240
med,esg0.8_carb0.2,0.00227842333105491,classical_shared,,6310.0,6310.0,,0.0911764705882353,0.044117647058823525,0.15588235294117647,0.20882352941176469,0.25,0.1291686665023592,240
med,esg0.8_carb0.2,0.00227842333105491,classical_shared,,12589.0,12589.0,,0.0676470588235294,0.032352941176470584,0.10294117647058826,0.1264705882352941,0.14411764705882357,0.08399621016331217,240
med,esg0.8_carb0.2,0.00227842333105491,classical_shared,,25119.0,25119.0,,0.038235294117647034,0.02058823529411763,0.07941176470588235,0.09764705882352936,0.11470588235294116,0.06316343386139349,240
med,esg0.8_carb0.2,0.00227842333105491,classical_shared,,50119.0,50119.0,,0.026470588235294135,0.014705882352941124,0.050000000000000044,0.0735294117647059,0.09705882352941175,0.045555016360121464,240
med,esg0.8_carb0.2,0.00227842333105491,classical_shared,,100000.0,100000.0,,0.020588235294117685,0.00882352941176473,0.038235294117647034,0.050000000000000044,0.061764705882352944,0.03186802369548597,240
med,esg0.8_carb0.2,0.00227842333105491,classical_shared,,199526.0,199526.0,,0.01470588235294118,0.008823529411764675,0.026470588235294135,0.038235294117647034,0.04411764705882354,0.023639448585188374,240
med,esg0.8_carb0.2,0.00227842333105491,classical_shared,,398107.0,398107.0,,0.00882352941176473,0.002941176470588225,0.01470588235294118,0.026470588235294135,0.026470588235294135,0.015140632560274998,240
med,esg0.8_carb0.2,0.00227842333105491,classical_shared,,794328.0,794328.0,,0.008823529411764675,0.002941176470588225,0.014705882352941124,0.02058823529411763,0.020588235294117685,0.011276640889812235,240
med,esg0.8_carb0.2,0.00227842333105491,classical_shared,,1584893.0,1584893.0,,0.008823529411764675,0.002941176470588225,0.00882352941176473,0.014705882352941124,0.01470588235294118,0.00835349349181991,240
med,esg0.8_carb0.2,0.00227842333105491,classical_shared,,3162278.0,3162278.0,,0.002941176470588225,0.002941176470588225,0.008823529411764675,0.00882352941176473,0.00882352941176473,0.006051489945886644,240
med,esg0.8_carb0.2,0.00227842333105491,classical_shared,,6309573.0,6309573.0,,0.002941176470588225,0.002941176470588225,0.002941176470588225,0.008823529411764675,0.00882352941176473,0.004556450995538131,240
med,esg0.8_carb0.2,0.00227842333105491,classical_shared,,12589254.0,12589254.0,,0.002941176470588225,0.002941176470588225,0.002941176470588225,0.002941176470588225,0.002941176470588225,0.0032218973970892044,240
med,esg0.8_carb0.2,0.00227842333105491,classical_shared,,25118864.0,25118864.0,,0.002941176470588225,0.002941176470588225,0.002941176470588225,0.002941176470588225,0.002941176470588225,0.0029411764705882244,240
med,esg0.8_carb0.2,0.00227842333105491,classical_shared,,50118723.0,50118723.0,,0.002941176470588225,0.002941176470588225,0.002941176470588225,0.002941176470588225,0.002941176470588225,0.0029411764705882244,240
med,esg0.8_carb0.2,0.00227842333105491,classical_shared,,100000000.0,100000000.0,,0.002941176470588225,0.002941176470588225,0.002941176470588225,0.002941176470588225,0.002941176470588225,0.0029411764705882244,240
med,esg0.8_carb0.2,0.00227842333105491,classical_shared,,199526231.0,199526231.0,,0.002941176470588225,0.002941176470588225,0.002941176470588225,0.002941176470588225,0.002941176470588225,0.0029411764705882244,240
med,esg0.8_carb0.2,0.00227842333105491,old,,0.25,40300.0,,0.02352941176470591,0.017647058823529446,0.05294117647058823,0.06882352941176471,0.07058823529411767,0.041663783060540756,24
med,esg0.8_carb0.2,0.00227842333105491,old,,0.18,121300.0,,0.011764705882352927,0.00588235294117645,0.01764705882352942,0.02352941176470591,0.02352941176470591,0.015092945410137898,24
med,esg0.8_carb0.2,0.00227842333105491,old,,0.12,231900.0,,0.017647058823529405,0.00588235294117645,0.02352941176470591,0.03176470588235293,0.03529411764705881,0.02027065992954445,24
med,esg0.8_carb0.2,0.00227842333105491,old,,0.08,245400.0,,0.00588235294117645,0.0,0.019117647058823573,0.02764705882352942,0.03441176470588233,0.016064676086445035,24
med,esg0.8_carb0.2,0.00227842333105491,old,,0.05,542200.0,,0.0,0.0,0.0,0.00588235294117645,0.00588235294117645,0.10208325977447154,24
med,esg0.8_carb0.2,0.00227842333105491,old,,0.03,841350.0,,0.0,0.0,0.0,0.00588235294117645,0.00588235294117645,0.0026849144975743338,24
med,esg0.8_carb0.2,0.00227842333105491,old,,0.02,921400.0,,0.0,0.0,0.0,0.00588235294117645,0.015882352941176438,0.014997116216449372,24
med,esg0.8_carb0.2,0.00227842333105491,old,,0.0125,1781600.0,,0.0,0.0,0.0,0.0,0.0,0.0,24
med,esg0.8_carb0.2,0.00227842333105491,hybrid_mlae_m0_20,,0.15,11310.5,10380.5,0.02941176470588236,0.01617647058823528,0.07058823529411762,0.13176470588235295,0.14029411764705885,0.07205382135499114,24
med,esg0.8_carb0.2,0.00227842333105491,hybrid_mlae_m0_20,,0.1,13659.5,12729.5,0.041176470588235314,0.022058823529411797,0.08529411764705885,0.11176470588235299,0.19676470588235276,0.09215947013416179,24
med,esg0.8_carb0.2,0.00227842333105491,hybrid_mlae_m0_20,,0.07,18453.0,16563.0,0.020588235294117685,0.0117647058823529,0.03676470588235292,0.052941176470588255,0.06294117647058821,0.032707504544337795,24
med,esg0.8_carb0.2,0.00227842333105491,hybrid_mlae_m0_20,,0.05,19301.0,16849.5,0.014705882352941207,0.00588235294117645,0.04117647058823527,0.06882352941176467,0.1055882352941176,0.05074417370434327,24
med,esg0.8_carb0.2,0.00227842333105491,hybrid_mlae_m0_20,,0.035,27126.0,23316.0,0.01764705882352946,0.00588235294117645,0.02352941176470591,0.03941176470588232,0.04117647058823526,0.0228454513681001,24
med,esg0.8_carb0.2,0.00227842333105491,hybrid_mlae_m0_20,,0.025,34579.5,27833.0,0.01764705882352946,0.00588235294117645,0.025000000000000022,0.0411764705882353,0.046176470588235284,0.023621144712072085,24
med,esg0.8_carb0.2,0.00227842333105491,hybrid_mlae_m0_20,,0.015,59744.5,50827.0,0.0117647058823529,0.0,0.026470588235294135,0.04117647058823526,0.051176470588235295,0.034236608020067096,24
med,esg0.8_carb0.2,0.00227842333105491,hybrid_mlae_m0_20,,0.01,67768.5,52438.5,0.00588235294117645,0.0,0.013235294117647081,0.045294117647058846,0.05205882352941179,0.02343731978016063,24
med,esg0.8_carb0.2,0.00227842333105491,hybrid,5,0.15,19849.0,14687.5,0.02941176470588236,0.0,0.055882352941176494,0.11470588235294116,0.12852941176470586,0.05745967945918668,24
med,esg0.8_carb0.2,0.00227842333105491,hybrid,5,0.1,27405.0,21943.5,0.01470588235294118,0.0,0.03676470588235292,0.06529411764705884,0.10558823529411761,0.043176230164421174,24
med,esg0.8_carb0.2,0.00227842333105491,hybrid,5,0.07,31027.5,25377.5,0.008823529411764675,0.0,0.02352941176470591,0.02764705882352942,0.02941176470588236,0.01628749777042761,24
med,esg0.8_carb0.2,0.00227842333105491,hybrid,5,0.05,38875.0,31608.5,0.002941176470588225,0.0,0.019117647058823573,0.02764705882352942,0.03441176470588233,0.01828897853546827,24
med,esg0.8_carb0.2,0.00227842333105491,hybrid,5,0.035,83277.0,58935.5,0.002941176470588225,0.0,0.019117647058823573,0.02764705882352942,0.03441176470588233,0.01887095740678447,24
med,esg0.8_carb0.2,0.00227842333105491,hybrid,5,0.025,91715.0,60339.0,0.0,0.0,0.00588235294117645,0.0117647058823529,0.016764705882352963,0.008574929257125437,24
med,esg0.8_carb0.2,0.00227842333105491,hybrid,5,0.015,116655.5,88600.5,0.0,0.0,0.00588235294117645,0.00588235294117645,0.015882352941176438,0.01188662318919817,24
med,esg0.8_carb0.2,0.00227842333105491,hybrid,5,0.01,204472.5,171464.5,0.0,0.0,0.00588235294117645,0.00588235294117645,0.00588235294117645,0.0037970424962817675,24
med,esg0.8_carb0.2,0.00227842333105491,hybrid,10,0.15,23068.0,17692.0,0.020588235294117685,0.0,0.052941176470588214,0.09411764705882353,0.11911764705882347,0.056510912890018035,24
med,esg0.8_carb0.2,0.00227842333105491,hybrid,10,0.1,25741.5,19041.5,0.01764705882352946,0.00588235294117645,0.06470588235294117,0.08941176470588232,0.11999999999999995,0.05586945155512409,24
med,esg0.8_carb0.2,0.00227842333105491,hybrid,10,0.07,28449.0,22825.5,0.00588235294117645,0.0,0.019117647058823573,0.02764705882352942,0.0394117647058823,0.017728569921593263,24
med,esg0.8_carb0.2,0.00227842333105491,hybrid,10,0.05,38187.0,30684.5,0.0117647058823529,0.0,0.01764705882352946,0.02352941176470591,0.02352941176470591,0.0244312466556414,24
med,esg0.8_carb0.2,0.00227842333105491,hybrid,10,0.035,73854.5,58168.0,0.0,0.0,0.011764705882352913,0.015882352941176466,0.017647058823529453,0.008658589084635149,24
med,esg0.8_carb0.2,0.00227842333105491,hybrid,10,0.025,102301.5,79520.0,0.0,0.0,0.00588235294117645,0.015882352941176504,0.02264705882352943,0.009222984177562153,24
med,esg0.8_carb0.2,0.00227842333105491,hybrid,10,0.015,119581.5,93799.0,0.0,0.0,0.00588235294117645,0.0117647058823529,0.016764705882352963,0.006897670235034454,24
med,esg0.8_carb0.2,0.00227842333105491,hybrid,10,0.01,184367.0,148978.5,0.0,0.0,0.0014705882352941124,0.00588235294117645,0.00588235294117645,0.0036021907982105505,24
med,esg0.8_carb0.2,0.00227842333105491,hybrid,20,0.15,18930.5,14309.5,0.04117647058823526,0.02352941176470591,0.06911764705882353,0.09823529411764703,0.09999999999999998,0.06688617265378698,24
med,esg0.8_carb0.2,0.00227842333105491,hybrid,20,0.1,28486.5,22812.0,0.017647058823529432,0.00588235294117645,0.02941176470588236,0.052941176470588255,0.06294117647058821,0.04403587192446217,24
med,esg0.8_carb0.2,0.00227842333105491,hybrid,20,0.07,32396.0,25820.0,0.020588235294117685,0.0,0.03529411764705881,0.04117647058823526,0.04117647058823531,0.025186730546402213,24
med,esg0.8_carb0.2,0.00227842333105491,hybrid,20,0.05,36729.5,31097.5,0.017647058823529432,0.004411764705882337,0.02352941176470591,0.03529411764705881,0.04029411764705878,0.02187834667100137,24
med,esg0.8_carb0.2,0.00227842333105491,hybrid,20,0.035,86829.0,62205.5,0.0,0.0,0.007352941176470576,0.015882352941176504,0.01764705882352946,0.007873714904024038,24
med,esg0.8_carb0.2,0.00227842333105491,hybrid,20,0.025,106573.5,79823.5,0.0,0.0,0.00588235294117645,0.00999999999999996,0.031764705882352876,0.013584712216226489,24
med,esg0.8_carb0.2,0.00227842333105491,hybrid,20,0.015,111671.5,86671.5,0.0,0.0,0.0014705882352941124,0.011764705882352938,0.016764705882352925,0.007964743533956821,24
med,esg0.8_carb0.2,0.00227842333105491,hybrid,20,0.01,206653.5,157178.5,0.0,0.0,0.00588235294117645,0.00588235294117645,0.00588235294117645,0.003982371766978398,24
med,esg0.8_carb0.2,0.00227842333105491,hybrid,40,0.15,27120.5,23843.5,0.02941176470588236,0.010294117647058829,0.04852941176470589,0.06117647058823529,0.07470588235294111,0.051756906720845146,24
med,esg0.8_carb0.2,0.00227842333105491,hybrid,40,0.1,29057.5,23743.5,0.02352941176470591,0.010294117647058787,0.03970588235294116,0.06294117647058822,0.08970588235294111,0.041956890052020905,24
med,esg0.8_carb0.2,0.00227842333105491,hybrid,40,0.07,37572.5,31772.5,0.02352941176470591,0.00588235294117645,0.030882352941176472,0.052941176470588255,0.06294117647058821,0.034299717028501764,24
med,esg0.8_carb0.2,0.00227842333105491,hybrid,40,0.05,42483.5,36733.5,0.008823529411764675,0.0,0.02352941176470591,0.02352941176470591,0.03352941176470585,0.01917412472118427,24
med,esg0.8_carb0.2,0.00227842333105491,hybrid,40,0.035,81029.5,63342.0,0.00588235294117645,0.0,0.0117647058823529,0.015882352941176448,0.022647058823529423,0.009828400811648727,24
med,esg0.8_carb0.2,0.00227842333105491,hybrid,40,0.025,108078.5,79257.5,0.0,0.0,0.00588235294117645,0.014117647058823549,0.02264705882352943,0.008823529411764711,24
med,esg0.8_carb0.2,0.00227842333105491,hybrid,40,0.015,133887.5,106987.5,0.0,0.0,0.0014705882352941124,0.00588235294117645,0.01088235294117642,0.00689767023503445,24
med,esg0.8_carb0.2,0.00227842333105491,hybrid,40,0.01,173071.0,146171.0,0.0,0.0,0.00588235294117645,0.00588235294117645,0.020882352941176453,0.009065314710248493,24
med,esg0.8_carb0.2,0.00227842333105491,hybrid,80,0.15,47227.5,42341.0,0.026470588235294135,0.016176470588235334,0.06617647058823528,0.17823529411764702,0.1941176470588235,0.09856964352752917,24
med,esg0.8_carb0.2,0.00227842333105491,hybrid,80,0.1,46590.0,40739.5,0.01764705882352946,0.0117647058823529,0.030882352941176472,0.045294117647058825,0.07705882352941172,0.03842336851424594,24
med,esg0.8_carb0.2,0.00227842333105491,hybrid,80,0.07,46251.5,40507.5,0.0117647058823529,0.004411764705882337,0.030882352941176472,0.045294117647058825,0.05205882352941178,0.03259711778146333,24
med,esg0.8_carb0.2,0.00227842333105491,hybrid,80,0.05,58788.5,52588.5,0.011764705882352927,0.0,0.019117647058823573,0.02352941176470591,0.02852941176470588,0.018640346413560344,24
med,esg0.8_carb0.2,0.00227842333105491,hybrid,80,0.035,91579.0,76493.0,0.0117647058823529,0.00588235294117645,0.011764705882352955,0.02176470588235297,0.02352941176470591,0.10268876617703582,24
med,esg0.8_carb0.2,0.00227842333105491,hybrid,80,0.025,132513.0,103463.0,0.0,0.0,0.00588235294117645,0.015882352941176448,0.017647058823529453,0.007781621503131151,24
med,esg0.8_carb0.2,0.00227842333105491,hybrid,80,0.015,145978.0,116453.5,0.0,0.0,0.00588235294117645,0.00999999999999996,0.016764705882352918,0.007781621503131144,24
med,esg0.8_carb0.2,0.00227842333105491,hybrid,80,0.01,202154.5,176204.5,0.002941176470588225,0.0,0.00588235294117645,0.009999999999999998,0.011764705882352955,0.007781621503131145,24
med,esg0.8_carb0.2,0.00227842333105491,hybrid,160,0.15,81309.0,77081.5,0.01764705882352946,0.010294117647058787,0.03529411764705881,0.04941176470588238,0.05794117647058824,0.03199444876878573,24
med,esg0.8_carb0.2,0.00227842333105491,hybrid,160,0.1,79772.5,73491.5,0.00588235294117645,0.00588235294117645,0.01911764705882353,0.03941176470588232,0.04117647058823531,0.020341660707104338,24
med,esg0.8_carb0.2,0.00227842333105491,hybrid,160,0.07,84755.0,78848.0,0.01470588235294118,0.00588235294117645,0.02352941176470591,0.03352941176470587,0.04029411764705878,0.020482923937035474,24
med,esg0.8_carb0.2,0.00227842333105491,hybrid,160,0.05,85053.5,78610.0,0.01764705882352946,0.010294117647058787,0.02352941176470591,0.02352941176470591,0.02852941176470588,0.0172337214031833,24
med,esg0.8_carb0.2,0.00227842333105491,hybrid,160,0.035,155028.0,130125.0,0.00588235294117645,0.0,0.01323529411764704,0.02176470588235297,0.02852941176470588,0.012362274718547547,24
med,esg0.8_carb0.2,0.00227842333105491,hybrid,160,0.025,163386.0,138276.0,0.00588235294117645,0.0,0.011764705882352913,0.01764705882352946,0.01764705882352946,0.06542602820929425,24
med,esg0.8_carb0.2,0.00227842333105491,hybrid,160,0.015,181426.5,154276.5,0.00588235294117645,0.0,0.00588235294117645,0.00588235294117645,0.015882352941176483,0.006466130371702413,24
med,esg0.8_carb0.2,0.00227842333105491,hybrid,160,0.01,277533.5,245529.5,0.0,0.0,0.00588235294117645,0.00588235294117645,0.010882352941176466,0.005233861888250645,24
med,esg0.8_carb0.17,0.0010721992146140752,classical_shared,,100.0,100.0,,0.5,0.5,0.5,0.5,0.5,0.48336605268204,240
med,esg0.8_carb0.17,0.0010721992146140752,classical_shared,,200.0,200.0,,0.5,0.5,0.5,0.5,0.5,0.46956387677822914,240
med,esg0.8_carb0.17,0.0010721992146140752,classical_shared,,398.0,398.0,,0.5,0.315625,0.5,0.5,0.5,0.42805086036883516,240
med,esg0.8_carb0.17,0.0010721992146140752,classical_shared,,794.0,794.0,,0.3875,0.19374999999999998,0.5,0.5,0.5,0.38099910631183465,240
med,esg0.8_carb0.17,0.0010721992146140752,classical_shared,,1585.0,1585.0,,0.26875000000000004,0.13124999999999998,0.40625,0.5,0.5,0.3116472740735911,240
med,esg0.8_carb0.17,0.0010721992146140752,classical_shared,,3162.0,3162.0,,0.19999999999999998,0.09375,0.29375,0.39375,0.44375,0.24654117725713354,240
med,esg0.8_carb0.17,0.0010721992146140752,classical_shared,,6310.0,6310.0,,0.125,0.05625000000000002,0.23125,0.30625,0.33125000000000004,0.18347414100266737,240
med,esg0.8_carb0.17,0.0010721992146140752,classical_shared,,12589.0,12589.0,,0.08125000000000004,0.04375000000000001,0.14375000000000004,0.21875,0.26875,0.13157202558548178,240
med,esg0.8_carb0.17,0.0010721992146140752,classical_shared,,25119.0,25119.0,,0.05625000000000002,0.03125,0.10624999999999997,0.15625,0.18125000000000002,0.0943108225496947,240
med,esg0.8_carb0.17,0.0010721992146140752,classical_shared,,50119.0,50119.0,,0.04375000000000001,0.03125,0.08124999999999999,0.10625000000000001,0.14375000000000004,0.06961576090704365,240
med,esg0.8_carb0.17,0.0010721992146140752,classical_shared,,100000.0,100000.0,,0.03125,0.01874999999999999,0.05625000000000002,0.08125000000000004,0.09375,0.0504407655902776,240
med,esg0.8_carb0.17,0.0010721992146140752,classical_shared,,199526.0,199526.0,,0.018750000000000044,0.006249999999999978,0.043749999999999956,0.05625000000000002,0.06874999999999998,0.03537374850554197,240
med,esg0.8_carb0.17,0.0010721992146140752,classical_shared,,398107.0,398107.0,,0.01874999999999999,0.006249999999999978,0.03125,0.03125,0.0443749999999998,0.024286699034656814,240
med,esg0.8_carb0.17,0.0010721992146140752,classical_shared,,794328.0,794328.0,,0.006249999999999978,0.006249999999999978,0.01874999999999999,0.01999999999999997,0.03125,0.01500867804527323,240
med,esg0.8_carb0.17,0.0010721992146140752,classical_shared,,1584893.0,1584893.0,,0.006249999999999978,0.006249999999999978,0.01874999999999999,0.018750000000000044,0.018750000000000044,0.012289901003127187,240
med,esg0.8_carb0.17,0.0010721992146140752,classical_shared,,3162278.0,3162278.0,,0.006249999999999978,0.006249999999999978,0.006249999999999978,0.01874999999999999,0.018750000000000044,0.009340213238108281,240
med,esg0.8_carb0.17,0.0010721992146140752,classical_shared,,6309573.0,6309573.0,,0.006249999999999978,0.006249999999999978,0.006249999999999978,0.006249999999999978,0.006249999999999978,0.007034142923389203,240
med,esg0.8_carb0.17,0.0010721992146140752,classical_shared,,12589254.0,12589254.0,,0.006249999999999978,0.006249999999999978,0.006249999999999978,0.006249999999999978,0.006249999999999978,0.006353312784157022,240
med,esg0.8_carb0.17,0.0010721992146140752,classical_shared,,25118864.0,25118864.0,,0.006249999999999978,0.006249999999999978,0.006249999999999978,0.006249999999999978,0.006249999999999978,0.006249999999999977,240
med,esg0.8_carb0.17,0.0010721992146140752,classical_shared,,50118723.0,50118723.0,,0.006249999999999978,0.006249999999999978,0.006249999999999978,0.006249999999999978,0.006249999999999978,0.006249999999999977,240
med,esg0.8_carb0.17,0.0010721992146140752,classical_shared,,100000000.0,100000000.0,,0.006249999999999978,0.006249999999999978,0.006249999999999978,0.006249999999999978,0.006249999999999978,0.006249999999999977,240
med,esg0.8_carb0.17,0.0010721992146140752,classical_shared,,199526231.0,199526231.0,,0.006249999999999978,0.006249999999999978,0.006249999999999978,0.006249999999999978,0.006249999999999978,0.006249999999999977,240
med,esg0.8_carb0.17,0.0010721992146140752,old,,0.25,98850.0,,0.012499999999999956,0.0,0.012500000000000011,0.025000000000000022,0.046249999999999944,0.019598841377319556,24
med,esg0.8_carb0.17,0.0010721992146140752,old,,0.18,171700.0,,0.012500000000000011,0.012499999999999956,0.025000000000000022,0.03749999999999998,0.03749999999999998,0.021499757750573216,24
med,esg0.8_carb0.17,0.0010721992146140752,old,,0.12,456100.0,,0.012499999999999956,0.0,0.012500000000000011,0.025000000000000022,0.025000000000000022,0.01301041249666333,24
med,esg0.8_carb0.17,0.0010721992146140752,old,,0.08,453100.0,,0.012499999999999956,0.0,0.012500000000000011,0.012500000000000011,0.012500000000000011,0.010520317644127154,24
med,esg0.8_carb0.17,0.0010721992146140752,old,,0.05,706900.0,,0.0,0.0,0.012499999999999956,0.012499999999999956,0.012500000000000002,0.006750771560841505,24
med,esg0.8_carb0.17,0.0010721992146140752,old,,0.03,1331450.0,,0.0,0.0,0.01249999999999997,0.012500000000000011,0.012500000000000011,0.008462540004829116,24
med,esg0.8_carb0.17,0.0010721992146140752,old,,0.02,1429950.0,,0.0,0.0,0.0,0.012499999999999994,0.012500000000000011,0.005705443307345476,24
med,esg0.8_carb0.17,0.0010721992146140752,old,,0.0125,2467050.0,,0.0,0.0,0.012499999999999956,0.012500000000000011,0.012500000000000011,0.061608221177588525,24
med,esg0.8_carb0.17,0.0010721992146140752,hybrid_mlae_m0_20,,0.15,22873.5,21943.5,0.08750000000000002,0.03749999999999998,0.13749999999999996,0.17999999999999997,0.19812499999999994,0.10777097630314635,24
med,esg0.8_carb0.17,0.0010721992146140752,hybrid_mlae_m0_20,,0.1,29940.5,28050.5,0.06875,0.03749999999999998,0.10312499999999998,0.1425,0.17124999999999999,0.095436224342053,24
med,esg0.8_carb0.17,0.0010721992146140752,hybrid_mlae_m0_20,,0.07,30118.0,27864.5,0.04374999999999998,0.02187500000000002,0.07500000000000001,0.09999999999999998,0.11062499999999996,0.08361930100162282,24
med,esg0.8_carb0.17,0.0010721992146140752,hybrid_mlae_m0_20,,0.05,41409.0,37599.0,0.025000000000000022,0.012499999999999956,0.05312499999999999,0.07500000000000001,0.07500000000000001,0.04337638086178545,24
med,esg0.8_carb0.17,0.0010721992146140752,hybrid_mlae_m0_20,,0.035,47058.5,39638.5,0.025000000000000022,0.012499999999999956,0.04999999999999999,0.07125,0.09624999999999993,0.044706799445572785,24
med,esg0.8_carb0.17,0.0010721992146140752,hybrid_mlae_m0_20,,0.025,77045.0,69395.0,0.03125,0.012499999999999997,0.05312499999999999,0.07500000000000001,0.08562499999999999,0.07043392293490404,24
med,esg0.8_carb0.17,0.0010721992146140752,hybrid_mlae_m0_20,,0.015,89975.0,74645.0,0.04374999999999998,0.012500000000000011,0.07500000000000001,0.12125000000000001,0.125,0.06668294072199676,24
med,esg0.8_carb0.17,0.0010721992146140752,hybrid_mlae_m0_20,,0.01,113574.5,94293.5,0.025000000000000022,0.0,0.04062499999999998,0.07500000000000001,0.07500000000000001,0.041614550740496206,24
med,esg0.8_carb0.17,0.0010721992146140752,hybrid,5,0.15,26175.5,19998.0,0.012499999999999956,0.012499999999999956,0.04999999999999999,0.11250000000000004,0.13374999999999992,0.06043462376816786,24
med,esg0.8_carb0.17,0.0010721992146140752,hybrid,5,0.1,36381.5,29301.0,0.012499999999999956,0.0,0.025000000000000022,0.05874999999999999,0.08374999999999996,0.03297331623196753,24
med,esg0.8_carb0.17,0.0010721992146140752,hybrid,5,0.07,33225.5,27065.5,0.012499999999999983,0.0,0.025000000000000022,0.03374999999999998,0.04812499999999996,0.06160822117758851,24
med,esg0.8_carb0.17,0.0010721992146140752,hybrid,5,0.05,76877.5,64563.0,0.012499999999999956,0.009374999999999967,0.012500000000000011,0.04624999999999998,0.04999999999999999,0.02818281095514308,24
med,esg0.8_carb0.17,0.0010721992146140752,hybrid,5,0.035,112773.0,77452.5,0.0,0.0,0.012499999999999956,0.012500000000000011,0.012500000000000011,0.008838834764831839,24
med,esg0.8_carb0.17,0.0010721992146140752,hybrid,5,0.025,123987.5,92109.0,0.0,0.0,0.012499999999999956,0.012500000000000011,0.012500000000000011,0.008838834764831835,24
med,esg0.8_carb0.17,0.0010721992146140752,hybrid,5,0.015,157187.0,123468.0,0.0,0.0,0.012499999999999956,0.012500000000000011,0.012500000000000011,0.008068715304598783,24
med,esg0.8_carb0.17,0.0010721992146140752,hybrid,5,0.01,404739.0,267767.5,0.0,0.0,0.012500000000000011,0.021250000000000012,0.035624999999999955,0.025642778385606614,24
med,esg0.8_carb0.17,0.0010721992146140752,hybrid,10,0.15,30505.5,24627.0,0.012500000000000011,0.012499999999999956,0.02812500000000001,0.08750000000000002,0.08750000000000002,0.042081270576508664,24
med,esg0.8_carb0.17,0.0010721992146140752,hybrid,10,0.1,35668.5,28659.5,0.012499999999999983,0.0,0.04062499999999998,0.04999999999999999,0.08187499999999993,0.03451675317871019,24
med,esg0.8_carb0.17,0.0010721992146140752,hybrid,10,0.07,38004.5,30582.0,0.012499999999999956,0.0,0.012500000000000011,0.025000000000000022,0.035624999999999955,0.017305466381079312,24
med,esg0.8_carb0.17,0.0010721992146140752,hybrid,10,0.05,68966.0,60850.0,0.012500000000000011,0.012499999999999956,0.02812500000000001,0.04624999999999998,0.04999999999999999,0.024869450804819414,24
med,esg0.8_carb0.17,0.0010721992146140752,hybrid,10,0.035,117576.0,87776.0,0.012499999999999956,0.0,0.025000000000000022,0.03749999999999998,0.04812499999999996,0.025642778385606607,24
med,esg0.8_carb0.17,0.0010721992146140752,hybrid,10,0.025,130227.5,102254.0,0.0,0.0,0.012499999999999956,0.012499999999999994,0.012500000000000011,0.007654655446197416,24
med,esg0.8_carb0.17,0.0010721992146140752,hybrid,10,0.015,152962.0,123729.5,0.0,0.0,0.01249999999999997,0.012500000000000011,0.012500000000000011,0.014433756729740642,24
med,esg0.8_carb0.17,0.0010721992146140752,hybrid,10,0.01,372961.0,270479.5,0.0,0.0,0.012499999999999956,0.012499999999999956,0.012500000000000002,0.007216878364870304,24
med,esg0.8_carb0.17,0.0010721992146140752,hybrid,20,0.15,30745.5,23240.5,0.04374999999999998,0.021875000000000006,0.07499999999999997,0.11749999999999998,0.1568749999999999,0.07359800721939871,24
med,esg0.8_carb0.17,0.0010721992146140752,hybrid,20,0.1,40745.0,32706.5,0.012499999999999983,0.012499999999999956,0.025000000000000022,0.025000000000000022,0.035624999999999955,0.01909406539564933,24
med,esg0.8_carb0.17,0.0010721992146140752,hybrid,20,0.07,44552.5,36482.5,0.012499999999999956,0.0,0.012500000000000011,0.03374999999999998,0.03749999999999998,0.017492557941402764,24
med,esg0.8_carb0.17,0.0010721992146140752,hybrid,20,0.05,80390.5,72035.0,0.012499999999999956,0.0,0.012500000000000011,0.025000000000000022,0.025000000000000022,0.02165063509461097,24
med,esg0.8_carb0.17,0.0010721992146140752,hybrid,20,0.035,112310.0,88432.0,0.012499999999999956,0.0,0.012500000000000011,0.012500000000000011,0.023124999999999993,0.018575577604298954,24
med,esg0.8_carb0.17,0.0010721992146140752,hybrid,20,0.025,135555.5,107447.0,0.0,0.0,0.012499999999999956,0.012500000000000011,0.012500000000000011,0.01196783884695422,24
med,esg0.8_carb0.17,0.0010721992146140752,hybrid,20,0.015,155259.5,124832.0,0.0,0.0,0.0,0.012500000000000011,0.012500000000000011,0.009199750902424838,24
med,esg0.8_carb0.17,0.0010721992146140752,hybrid,20,0.01,363961.5,288243.5,0.0,0.0,0.012499999999999956,0.012499999999999956,0.012500000000000002,0.008462540004829112,24
med,esg0.8_carb0.17,0.0010721992146140752,hybrid,40,0.15,51811.5,45221.5,0.012500000000000011,0.012499999999999956,0.04062499999999998,0.08,0.09812499999999996,0.042158554885100126,24
med,esg0.8_carb0.17,0.0010721992146140752,hybrid,40,0.1,51303.0,44553.0,0.025000000000000022,0.012500000000000011,0.05,0.0625,0.0625,0.03784562942621865,24
med,esg0.8_carb0.17,0.0010721992146140752,hybrid,40,0.07,59476.0,53028.5,0.012499999999999956,0.009374999999999967,0.02812500000000001,0.04624999999999998,0.06062499999999997,0.030935921676911442,24
med,esg0.8_carb0.17,0.0010721992146140752,hybrid,40,0.05,105207.0,85361.5,0.012499999999999956,0.0,0.015625000000000014,0.025000000000000022,0.025000000000000022,0.015095184110614,24
med,esg0.8_carb0.17,0.0010721992146140752,hybrid,40,0.035,123201.0,95149.5,0.012499999999999956,0.0,0.012500000000000011,0.021250000000000012,0.025000000000000022,0.01420643926769359,24
med,esg0.8_carb0.17,0.0010721992146140752,hybrid,40,0.025,157837.5,132002.5,0.012499999999999956,0.0,0.012500000000000011,0.03749999999999998,0.03749999999999998,0.01711632992203643,24
med,esg0.8_carb0.17,0.0010721992146140752,hybrid,40,0.015,177981.5,145855.0,0.0,0.0,0.0,0.00874999999999996,0.012500000000000002,0.004419417382415919,24
med,esg0.8_carb0.17,0.0010721992146140752,hybrid,40,0.01,442951.5,334952.0,0.0,0.0,0.012499999999999956,0.012499999999999956,0.012500000000000002,0.006750771560841506,24
med,esg0.8_carb0.17,0.0010721992146140752,hybrid,80,0.15,89882.0,83880.5,0.025000000000000022,0.012500000000000011,0.04999999999999999,0.058750000000000004,0.0625,0.035903516540862684,24
med,esg0.8_carb0.17,0.0010721992146140752,hybrid,80,0.1,88812.0,80862.0,0.025000000000000022,0.012500000000000011,0.025000000000000022,0.03749999999999998,0.03749999999999998,0.02589542269720011,24
med,esg0.8_carb0.17,0.0010721992146140752,hybrid,80,0.07,87993.0,81511.5,0.025000000000000022,0.012499999999999956,0.03749999999999998,0.0625,0.07312499999999994,0.036443449342783124,24
med,esg0.8_carb0.17,0.0010721992146140752,hybrid,80,0.05,158111.0,140975.0,0.012500000000000011,0.012499999999999956,0.025000000000000022,0.03374999999999998,0.04812499999999996,0.026269833776913522,24
med,esg0.8_carb0.17,0.0010721992146140752,hybrid,80,0.035,180308.5,151547.0,0.012499999999999956,0.0,0.01249999999999997,0.025000000000000022,0.025000000000000022,0.01509518411061399,24
med,esg0.8_carb0.17,0.0010721992146140752,hybrid,80,0.025,214627.0,178883.5,0.0,0.0,0.012499999999999956,0.012499999999999994,0.012500000000000011,0.008838834764831832,24
med,esg0.8_carb0.17,0.0010721992146140752,hybrid,80,0.015,232206.0,203490.0,0.012499999999999956,0.0,0.012499999999999956,0.021250000000000012,0.035624999999999955,0.017677669529663678,24
med,esg0.8_carb0.17,0.0010721992146140752,hybrid,80,0.01,441055.0,337432.0,0.0,0.0,0.012499999999999956,0.012500000000000011,0.023124999999999993,0.011692679333668557,24
med,esg0.8_carb0.17,0.0010721992146140752,hybrid,160,0.15,163016.0,156196.0,0.025000000000000022,0.012499999999999956,0.03749999999999998,0.03749999999999998,0.06937499999999988,0.0325760328564831,24
med,esg0.8_carb0.17,0.0010721992146140752,hybrid,160,0.1,161645.5,153345.5,0.018750000000000017,0.0,0.03749999999999998,0.04625000000000001,0.06062499999999998,0.029315098498896436,24
med,esg0.8_carb0.17,0.0010721992146140752,hybrid,160,0.07,163888.0,156435.5,0.012500000000000011,0.012499999999999956,0.02812500000000001,0.04624999999999998,0.05000000000000004,0.025642778385606607,24
med,esg0.8_carb0.17,0.0010721992146140752,hybrid,160,0.05,200766.0,188565.5,0.012499999999999956,0.0,0.025000000000000022,0.025000000000000022,0.025000000000000022,0.017492557941402778,24
med,esg0.8_carb0.17,0.0010721992146140752,hybrid,160,0.035,259019.5,232893.5,0.0,0.0,0.012499999999999956,0.021249999999999995,0.025000000000000022,0.011410886614690951,24
med,esg0.8_carb0.17,0.0010721992146140752,hybrid,160,0.025,266163.5,232124.5,0.0,0.0,0.012499999999999956,0.012499999999999956,0.012500000000000002,0.061608221177588525,24
med,esg0.8_carb0.17,0.0010721992146140752,hybrid,160,0.015,290041.5,263675.0,0.0,0.0,0.012499999999999956,0.012499999999999956,0.012499999999999956,0.012499999999999992,24
med,esg0.8_carb0.17,0.0010721992146140752,hybrid,160,0.01,538697.5,421541.5,0.012499999999999956,0.0,0.012499999999999956,0.012499999999999956,0.012499999999999956,0.009882117688026151,24
