n,bits,p2,gamma_G,gamma_F,f_iter_G,f_iter_F,Q,rmse_quantum_crb,rmse_classical,advantage,cfg
6,4,0.01,12.594917938710047,8.946008183696765,1.1486647094285302e-11,1.696664689481942e-08,100.0,39727.884291717135,0.15811388300841897,3.979922057953238e-06,"(0, 0, 0.85)"
6,4,0.01,12.594917938710047,8.946008183696765,1.1486647094285302e-11,1.696664689481942e-08,177.82794100389228,28968.382930341024,0.11856868528308276,4.093037763557585e-06,"(0, 0, 0.9)"
6,4,0.01,12.594917938710047,8.946008183696765,1.1486647094285302e-11,1.696664689481942e-08,316.22776601683796,21178.92591602565,0.08891397050194613,4.198228505755657e-06,"(0, 0, 0.95)"
6,4,0.01,12.594917938710047,8.946008183696765,1.1486647094285302e-11,1.696664689481942e-08,562.341325190349,15881.953904308717,0.0666760716081662,4.198228505755657e-06,"(0, 0, 0.95)"
6,4,0.01,12.594917938710047,8.946008183696765,1.1486647094285302e-11,1.696664689481942e-08,1000.0,11909.785265726094,0.05,4.198228505755657e-06,"(0, 0, 0.95)"
6,4,0.01,12.594917938710047,8.946008183696765,1.1486647094285302e-11,1.696664689481942e-08,1778.2794100389228,8931.079005161,0.03749471046662279,4.198228505755658e-06,"(0, 0, 0.95)"
6,4,0.01,12.594917938710047,8.946008183696765,1.1486647094285302e-11,1.696664689481942e-08,3162.2776601683795,6697.364429060905,0.028117066259517452,4.198228505755657e-06,"(0, 0, 0.95)"
6,4,0.01,12.594917938710047,8.946008183696765,1.1486647094285302e-11,1.696664689481942e-08,5623.413251903491,5022.314803141941,0.021084825171429112,4.198228505755658e-06,"(0, 0, 0.95)"
6,4,0.01,12.594917938710047,8.946008183696765,1.1486647094285302e-11,1.696664689481942e-08,10000.0,3766.204788320815,0.015811388300841896,4.198228505755657e-06,"(0, 0, 0.95)"
6,4,0.01,12.594917938710047,8.946008183696765,1.1486647094285302e-11,1.696664689481942e-08,17782.794100389227,2824.2551619219466,0.011856868528308277,4.198228505755658e-06,"(0, 0, 0.95)"
6,4,0.01,12.594917938710047,8.946008183696765,1.1486647094285302e-11,1.696664689481942e-08,31622.776601683792,2117.892591602565,0.008891397050194615,4.198228505755658e-06,"(0, 0, 0.95)"
6,4,0.01,12.594917938710047,8.946008183696765,1.1486647094285302e-11,1.696664689481942e-08,56234.13251903491,1588.1953904308714,0.00666760716081662,4.198228505755658e-06,"(0, 0, 0.95)"
6,4,0.01,12.594917938710047,8.946008183696765,1.1486647094285302e-11,1.696664689481942e-08,100000.0,1190.9785265726093,0.005,4.198228505755657e-06,"(0, 0, 0.95)"
6,4,0.01,12.594917938710047,8.946008183696765,1.1486647094285302e-11,1.696664689481942e-08,177827.94100389228,893.1079005161001,0.003749471046662279,4.198228505755657e-06,"(0, 0, 0.95)"
6,4,0.01,12.594917938710047,8.946008183696765,1.1486647094285302e-11,1.696664689481942e-08,316227.7660168379,669.7364429060905,0.0028117066259517455,4.198228505755658e-06,"(0, 0, 0.95)"
6,4,0.01,12.594917938710047,8.946008183696765,1.1486647094285302e-11,1.696664689481942e-08,562341.3251903491,502.2314803141942,0.002108482517142911,4.198228505755657e-06,"(0, 0, 0.95)"
6,4,0.01,12.594917938710047,8.946008183696765,1.1486647094285302e-11,1.696664689481942e-08,1000000.0,376.62047883208146,0.0015811388300841897,4.198228505755658e-06,"(0, 0, 0.95)"
6,4,0.01,12.594917938710047,8.946008183696765,1.1486647094285302e-11,1.696664689481942e-08,1778279.410038923,282.42551619219466,0.0011856868528308275,4.198228505755657e-06,"(0, 0, 0.95)"
6,4,0.01,12.594917938710047,8.946008183696765,1.1486647094285302e-11,1.696664689481942e-08,3162277.6601683795,211.7892591602565,0.0008891397050194614,4.198228505755658e-06,"(0, 0, 0.95)"
6,4,0.01,12.594917938710047,8.946008183696765,1.1486647094285302e-11,1.696664689481942e-08,5623413.251903491,158.81953904308713,0.000666760716081662,4.198228505755658e-06,"(0, 0, 0.95)"
6,4,0.01,12.594917938710047,8.946008183696765,1.1486647094285302e-11,1.696664689481942e-08,10000000.0,119.09785265726093,0.0005,4.198228505755658e-06,"(0, 0, 0.95)"
6,4,0.01,12.594917938710047,8.946008183696765,1.1486647094285302e-11,1.696664689481942e-08,17782794.100389227,89.31079005161001,0.0003749471046662279,4.198228505755657e-06,"(0, 0, 0.95)"
6,4,0.01,12.594917938710047,8.946008183696765,1.1486647094285302e-11,1.696664689481942e-08,31622776.60168379,66.97364429060906,0.00028117066259517455,4.198228505755657e-06,"(0, 0, 0.95)"
6,4,0.01,12.594917938710047,8.946008183696765,1.1486647094285302e-11,1.696664689481942e-08,56234132.51903491,50.22314803141942,0.00021084825171429112,4.198228505755657e-06,"(0, 0, 0.95)"
6,4,0.01,12.594917938710047,8.946008183696765,1.1486647094285302e-11,1.696664689481942e-08,100000000.0,37.662047883208146,0.00015811388300841897,4.198228505755658e-06,"(0, 0, 0.95)"
6,4,0.01,12.594917938710047,8.946008183696765,1.1486647094285302e-11,1.696664689481942e-08,177827941.00389227,28.24255161921947,0.00011856868528308277,4.198228505755657e-06,"(0, 0, 0.95)"
6,4,0.01,12.594917938710047,8.946008183696765,1.1486647094285302e-11,1.696664689481942e-08,316227766.01683795,21.178925916025655,8.891397050194613e-05,4.198228505755656e-06,"(0, 0, 0.95)"
6,4,0.01,12.594917938710047,8.946008183696765,1.1486647094285302e-11,1.696664689481942e-08,562341325.1903491,15.881953904308714,6.66760716081662e-05,4.198228505755657e-06,"(0, 0, 0.95)"
6,4,0.01,12.594917938710047,8.946008183696765,1.1486647094285302e-11,1.696664689481942e-08,1000000000.0,11.909785265726095,5e-05,4.198228505755657e-06,"(0, 0, 0.95)"
6,4,0.01,12.594917938710047,8.946008183696765,1.1486647094285302e-11,1.696664689481942e-08,1778279410.0389228,8.931079005161003,3.7494710466622786e-05,4.198228505755656e-06,"(0, 0, 0.95)"
6,4,0.01,12.594917938710047,8.946008183696765,1.1486647094285302e-11,1.696664689481942e-08,3162277660.1683793,6.6973644290609045,2.8117066259517454e-05,4.198228505755658e-06,"(0, 0, 0.95)"
6,4,0.01,12.594917938710047,8.946008183696765,1.1486647094285302e-11,1.696664689481942e-08,5623413251.903491,5.022314803141942,2.108482517142911e-05,4.198228505755657e-06,"(0, 0, 0.95)"
6,4,0.01,12.594917938710047,8.946008183696765,1.1486647094285302e-11,1.696664689481942e-08,10000000000.0,3.766204788320815,1.5811388300841898e-05,4.198228505755658e-06,"(0, 0, 0.95)"
6,4,0.01,12.594917938710047,8.946008183696765,1.1486647094285302e-11,1.696664689481942e-08,17782794100.38923,2.824255161921947,1.1856868528308275e-05,4.198228505755657e-06,"(0, 0, 0.95)"
6,4,0.01,12.594917938710047,8.946008183696765,1.1486647094285302e-11,1.696664689481942e-08,31622776601.683792,2.1178925916025655,8.891397050194615e-06,4.198228505755657e-06,"(0, 0, 0.95)"
6,4,0.01,12.594917938710047,8.946008183696765,1.1486647094285302e-11,1.696664689481942e-08,56234132519.034904,1.5881953904308714,6.6676071608166194e-06,4.198228505755657e-06,"(0, 0, 0.95)"
6,4,0.01,12.594917938710047,8.946008183696765,1.1486647094285302e-11,1.696664689481942e-08,100000000000.0,1.1909785265726094,5e-06,4.198228505755657e-06,"(0, 0, 0.95)"
6,4,0.01,12.594917938710047,8.946008183696765,1.1486647094285302e-11,1.696664689481942e-08,177827941003.89227,0.8931079005161001,3.749471046662279e-06,4.198228505755657e-06,"(0, 0, 0.95)"
6,4,0.01,12.594917938710047,8.946008183696765,1.1486647094285302e-11,1.696664689481942e-08,316227766016.83795,0.6697364429060906,2.8117066259517456e-06,4.198228505755657e-06,"(0, 0, 0.95)"
6,4,0.01,12.594917938710047,8.946008183696765,1.1486647094285302e-11,1.696664689481942e-08,562341325190.3491,0.5022314803141942,2.108482517142911e-06,4.198228505755657e-06,"(0, 0, 0.95)"
6,4,0.01,12.594917938710047,8.946008183696765,1.1486647094285302e-11,1.696664689481942e-08,1000000000000.0,0.3766204788320815,1.5811388300841896e-06,4.198228505755657e-06,"(0, 0, 0.95)"
6,4,0.001,1.2539604984272081,0.8906824749780522,0.0814373719186746,0.1684081216593195,100.0,0.8399312111352742,0.15811388300841897,0.18824622887237144,"(0, 0, 0.65)"
6,4,0.001,1.2539604984272081,0.8906824749780522,0.0814373719186746,0.1684081216593195,177.82794100389228,0.6298595514679385,0.11856868528308276,0.18824622887237144,"(0, 0, 0.65)"
6,4,0.001,1.2539604984272081,0.8906824749780522,0.0814373719186746,0.1684081216593195,316.22776601683796,0.4723280303385449,0.08891397050194613,0.18824622887237144,"(0, 0, 0.65)"
6,4,0.001,1.2539604984272081,0.8906824749780522,0.0814373719186746,0.1684081216593195,562.341325190349,0.3541960548562794,0.0666760716081662,0.18824622887237144,"(0, 0, 0.65)"
6,4,0.001,1.2539604984272081,0.8906824749780522,0.0814373719186746,0.1684081216593195,1000.0,0.2656095705051248,0.05,0.18824622887237144,"(0, 0, 0.65)"
6,4,0.001,1.2539604984272081,0.8906824749780522,0.0814373719186746,0.1684081216593195,1778.2794100389228,0.19917907886507374,0.03749471046662279,0.1882462288723714,"(0, 0, 0.65)"
6,4,0.001,1.2539604984272081,0.8906824749780522,0.0814373719186746,0.1684081216593195,3162.2776601683795,0.14936323786109132,0.028117066259517452,0.18824622887237144,"(0, 0, 0.65)"
6,4,0.001,1.2539604984272081,0.8906824749780522,0.0814373719186746,0.1684081216593195,5623.413251903491,0.11200662715917861,0.021084825171429112,0.18824622887237144,"(0, 0, 0.65)"
6,4,0.001,1.2539604984272081,0.8906824749780522,0.0814373719186746,0.1684081216593195,10000.0,0.08399312111352741,0.015811388300841896,0.18824622887237144,"(0, 0, 0.65)"
6,4,0.001,1.2539604984272081,0.8906824749780522,0.0814373719186746,0.1684081216593195,17782.794100389227,0.06298595514679385,0.011856868528308277,0.18824622887237144,"(0, 0, 0.65)"
6,4,0.001,1.2539604984272081,0.8906824749780522,0.0814373719186746,0.1684081216593195,31622.776601683792,0.0472328030338545,0.008891397050194615,0.18824622887237144,"(0, 0, 0.65)"
6,4,0.001,1.2539604984272081,0.8906824749780522,0.0814373719186746,0.1684081216593195,56234.13251903491,0.03541960548562794,0.00666760716081662,0.18824622887237144,"(0, 0, 0.65)"
6,4,0.001,1.2539604984272081,0.8906824749780522,0.0814373719186746,0.1684081216593195,100000.0,0.02656095705051248,0.005,0.18824622887237144,"(0, 0, 0.65)"
6,4,0.001,1.2539604984272081,0.8906824749780522,0.0814373719186746,0.1684081216593195,177827.94100389228,0.019917907886507373,0.003749471046662279,0.18824622887237144,"(0, 0, 0.65)"
6,4,0.001,1.2539604984272081,0.8906824749780522,0.0814373719186746,0.1684081216593195,316227.7660168379,0.014936323786109132,0.0028117066259517455,0.18824622887237147,"(0, 0, 0.65)"
6,4,0.001,1.2539604984272081,0.8906824749780522,0.0814373719186746,0.1684081216593195,562341.3251903491,0.01120066271591786,0.002108482517142911,0.18824622887237144,"(0, 0, 0.65)"
6,4,0.001,1.2539604984272081,0.8906824749780522,0.0814373719186746,0.1684081216593195,1000000.0,0.00839931211135274,0.0015811388300841897,0.18824622887237147,"(0, 0, 0.65)"
6,4,0.001,1.2539604984272081,0.8906824749780522,0.0814373719186746,0.1684081216593195,1778279.410038923,0.006298595514679384,0.0011856868528308275,0.18824622887237144,"(0, 0, 0.65)"
6,4,0.001,1.2539604984272081,0.8906824749780522,0.0814373719186746,0.1684081216593195,3162277.6601683795,0.004723280303385449,0.0008891397050194614,0.18824622887237144,"(0, 0, 0.65)"
6,4,0.001,1.2539604984272081,0.8906824749780522,0.0814373719186746,0.1684081216593195,5623413.251903491,0.003541960548562794,0.000666760716081662,0.18824622887237144,"(0, 0, 0.65)"
6,4,0.001,1.2539604984272081,0.8906824749780522,0.0814373719186746,0.1684081216593195,10000000.0,0.0026560957050512477,0.0005,0.18824622887237147,"(0, 0, 0.65)"
6,4,0.001,1.2539604984272081,0.8906824749780522,0.0814373719186746,0.1684081216593195,17782794.100389227,0.0019917907886507374,0.0003749471046662279,0.1882462288723714,"(0, 0, 0.65)"
6,4,0.001,1.2539604984272081,0.8906824749780522,0.0814373719186746,0.1684081216593195,31622776.60168379,0.0014936323786109132,0.00028117066259517455,0.18824622887237147,"(0, 0, 0.65)"
6,4,0.001,1.2539604984272081,0.8906824749780522,0.0814373719186746,0.1684081216593195,56234132.51903491,0.0011200662715917862,0.00021084825171429112,0.1882462288723714,"(0, 0, 0.65)"
6,4,0.001,1.2539604984272081,0.8906824749780522,0.0814373719186746,0.1684081216593195,100000000.0,0.0008399312111352741,0.00015811388300841897,0.18824622887237147,"(0, 0, 0.65)"
6,4,0.001,1.2539604984272081,0.8906824749780522,0.0814373719186746,0.1684081216593195,177827941.00389227,0.0006298595514679385,0.00011856868528308277,0.18824622887237144,"(0, 0, 0.65)"
6,4,0.001,1.2539604984272081,0.8906824749780522,0.0814373719186746,0.1684081216593195,316227766.01683795,0.00047232803033854493,8.891397050194613e-05,0.18824622887237144,"(0, 0, 0.65)"
6,4,0.001,1.2539604984272081,0.8906824749780522,0.0814373719186746,0.1684081216593195,562341325.1903491,0.00035419605485627933,6.66760716081662e-05,0.18824622887237147,"(0, 0, 0.65)"
6,4,0.001,1.2539604984272081,0.8906824749780522,0.0814373719186746,0.1684081216593195,1000000000.0,0.0002656095705051248,5e-05,0.18824622887237144,"(0, 0, 0.65)"
6,4,0.001,1.2539604984272081,0.8906824749780522,0.0814373719186746,0.1684081216593195,1778279410.0389228,0.00019917907886507372,3.7494710466622786e-05,0.18824622887237144,"(0, 0, 0.65)"
6,4,0.001,1.2539604984272081,0.8906824749780522,0.0814373719186746,0.1684081216593195,3162277660.1683793,0.00014936323786109132,2.8117066259517454e-05,0.18824622887237144,"(0, 0, 0.65)"
6,4,0.001,1.2539604984272081,0.8906824749780522,0.0814373719186746,0.1684081216593195,5623413251.903491,0.0001120066271591786,2.108482517142911e-05,0.18824622887237144,"(0, 0, 0.65)"
6,4,0.001,1.2539604984272081,0.8906824749780522,0.0814373719186746,0.1684081216593195,10000000000.0,8.399312111352742e-05,1.5811388300841898e-05,0.18824622887237147,"(0, 0, 0.65)"
6,4,0.001,1.2539604984272081,0.8906824749780522,0.0814373719186746,0.1684081216593195,17782794100.38923,6.298595514679385e-05,1.1856868528308275e-05,0.1882462288723714,"(0, 0, 0.65)"
6,4,0.001,1.2539604984272081,0.8906824749780522,0.0814373719186746,0.1684081216593195,31622776601.683792,4.72328030338545e-05,8.891397050194615e-06,0.18824622887237144,"(0, 0, 0.65)"
6,4,0.001,1.2539604984272081,0.8906824749780522,0.0814373719186746,0.1684081216593195,56234132519.034904,3.541960548562794e-05,6.6676071608166194e-06,0.18824622887237144,"(0, 0, 0.65)"
6,4,0.001,1.2539604984272081,0.8906824749780522,0.0814373719186746,0.1684081216593195,100000000000.0,2.6560957050512475e-05,5e-06,0.18824622887237147,"(0, 0, 0.65)"
6,4,0.001,1.2539604984272081,0.8906824749780522,0.0814373719186746,0.1684081216593195,177827941003.89227,1.9917907886507373e-05,3.749471046662279e-06,0.18824622887237144,"(0, 0, 0.65)"
6,4,0.001,1.2539604984272081,0.8906824749780522,0.0814373719186746,0.1684081216593195,316227766016.83795,1.4936323786109133e-05,2.8117066259517456e-06,0.18824622887237147,"(0, 0, 0.65)"
6,4,0.001,1.2539604984272081,0.8906824749780522,0.0814373719186746,0.1684081216593195,562341325190.3491,1.120066271591786e-05,2.108482517142911e-06,0.18824622887237147,"(0, 0, 0.65)"
6,4,0.001,1.2539604984272081,0.8906824749780522,0.0814373719186746,0.1684081216593195,1000000000000.0,8.399312111352742e-06,1.5811388300841896e-06,0.1882462288723714,"(0, 0, 0.65)"
6,4,0.0001,0.12534110133062304,0.08902932216226146,0.7782696642905345,0.836893343004838,100.0,0.30695989265456336,0.15811388300841897,0.5150962285041977,"(1, 1, 0.6)"
6,4,0.0001,0.12534110133062304,0.08902932216226146,0.7782696642905345,0.836893343004838,177.82794100389228,0.23018744599896931,0.11856868528308276,0.5150962285041977,"(1, 1, 0.6)"
6,4,0.0001,0.12534110133062304,0.08902932216226146,0.7782696642905345,0.836893343004838,316.22776601683796,0.17261623281565444,0.08891397050194613,0.5150962285041977,"(1, 1, 0.6)"
6,4,0.0001,0.12534110133062304,0.08902932216226146,0.7782696642905345,0.836893343004838,562.341325190349,0.1294439134252423,0.0666760716081662,0.5150962285041978,"(1, 1, 0.6)"
6,4,0.0001,0.12534110133062304,0.08902932216226146,0.7782696642905345,0.836893343004838,1000.0,0.09706924111092094,0.05,0.5150962285041978,"(1, 1, 0.6)"
6,4,0.0001,0.12534110133062304,0.08902932216226146,0.7782696642905345,0.836893343004838,1778.2794100389228,0.07279166181337558,0.03749471046662279,0.5150962285041977,"(1, 1, 0.6)"
6,4,0.0001,0.12534110133062304,0.08902932216226146,0.7782696642905345,0.836893343004838,3162.2776601683795,0.0545860456815368,0.028117066259517452,0.5150962285041977,"(1, 1, 0.6)"
6,4,0.0001,0.12534110133062304,0.08902932216226146,0.7782696642905345,0.836893343004838,5623.413251903491,0.040933759566941355,0.021084825171429112,0.5150962285041977,"(1, 1, 0.6)"
6,4,0.0001,0.12534110133062304,0.08902932216226146,0.7782696642905345,0.836893343004838,10000.0,0.030695989265456337,0.015811388300841896,0.5150962285041977,"(1, 1, 0.6)"
6,4,0.0001,0.12534110133062304,0.08902932216226146,0.7782696642905345,0.836893343004838,17782.794100389227,0.02301874459989693,0.011856868528308277,0.5150962285041977,"(1, 1, 0.6)"
6,4,0.0001,0.12534110133062304,0.08902932216226146,0.7782696642905345,0.836893343004838,31622.776601683792,0.01726162328156545,0.008891397050194615,0.5150962285041977,"(1, 1, 0.6)"
6,4,0.0001,0.12534110133062304,0.08902932216226146,0.7782696642905345,0.836893343004838,56234.13251903491,0.01294439134252423,0.00666760716081662,0.5150962285041978,"(1, 1, 0.6)"
6,4,0.0001,0.12534110133062304,0.08902932216226146,0.7782696642905345,0.836893343004838,100000.0,0.009706924111092094,0.005,0.5150962285041978,"(1, 1, 0.6)"
6,4,0.0001,0.12534110133062304,0.08902932216226146,0.7782696642905345,0.836893343004838,177827.94100389228,0.007279166181337558,0.003749471046662279,0.5150962285041977,"(1, 1, 0.6)"
6,4,0.0001,0.12534110133062304,0.08902932216226146,0.7782696642905345,0.836893343004838,316227.7660168379,0.00545860456815368,0.0028117066259517455,0.5150962285041977,"(1, 1, 0.6)"
6,4,0.0001,0.12534110133062304,0.08902932216226146,0.7782696642905345,0.836893343004838,562341.3251903491,0.004093375956694135,0.002108482517142911,0.5150962285041977,"(1, 1, 0.6)"
6,4,0.0001,0.12534110133062304,0.08902932216226146,0.7782696642905345,0.836893343004838,1000000.0,0.003069598926545634,0.0015811388300841897,0.5150962285041977,"(1, 1, 0.6)"
6,4,0.0001,0.12534110133062304,0.08902932216226146,0.7782696642905345,0.836893343004838,1778279.410038923,0.002301874459989693,0.0011856868528308275,0.5150962285041977,"(1, 1, 0.6)"
6,4,0.0001,0.12534110133062304,0.08902932216226146,0.7782696642905345,0.836893343004838,3162277.6601683795,0.0017261623281565445,0.0008891397050194614,0.5150962285041977,"(1, 1, 0.6)"
6,4,0.0001,0.12534110133062304,0.08902932216226146,0.7782696642905345,0.836893343004838,5623413.251903491,0.001294439134252423,0.000666760716081662,0.5150962285041978,"(1, 1, 0.6)"
6,4,0.0001,0.12534110133062304,0.08902932216226146,0.7782696642905345,0.836893343004838,10000000.0,0.0009706924111092095,0.0005,0.5150962285041977,"(1, 1, 0.6)"
6,4,0.0001,0.12534110133062304,0.08902932216226146,0.7782696642905345,0.836893343004838,17782794.100389227,0.0007279166181337558,0.0003749471046662279,0.5150962285041977,"(1, 1, 0.6)"
6,4,0.0001,0.12534110133062304,0.08902932216226146,0.7782696642905345,0.836893343004838,31622776.60168379,0.000545860456815368,0.00028117066259517455,0.5150962285041978,"(1, 1, 0.6)"
6,4,0.0001,0.12534110133062304,0.08902932216226146,0.7782696642905345,0.836893343004838,56234132.51903491,0.00040933759566941355,0.00021084825171429112,0.5150962285041977,"(1, 1, 0.6)"
6,4,0.0001,0.12534110133062304,0.08902932216226146,0.7782696642905345,0.836893343004838,100000000.0,0.00030695989265456337,0.00015811388300841897,0.5150962285041977,"(1, 1, 0.6)"
6,4,0.0001,0.12534110133062304,0.08902932216226146,0.7782696642905345,0.836893343004838,177827941.00389227,0.0002301874459989693,0.00011856868528308277,0.5150962285041977,"(1, 1, 0.6)"
6,4,0.0001,0.12534110133062304,0.08902932216226146,0.7782696642905345,0.836893343004838,316227766.01683795,0.00017261623281565445,8.891397050194613e-05,0.5150962285041977,"(1, 1, 0.6)"
6,4,0.0001,0.12534110133062304,0.08902932216226146,0.7782696642905345,0.836893343004838,562341325.1903491,0.00012944391342524232,6.66760716081662e-05,0.5150962285041977,"(1, 1, 0.6)"
6,4,0.0001,0.12534110133062304,0.08902932216226146,0.7782696642905345,0.836893343004838,1000000000.0,9.706924111092096e-05,5e-05,0.5150962285041977,"(1, 1, 0.6)"
6,4,0.0001,0.12534110133062304,0.08902932216226146,0.7782696642905345,0.836893343004838,1778279410.0389228,7.279166181337557e-05,3.7494710466622786e-05,0.5150962285041977,"(1, 1, 0.6)"
6,4,0.0001,0.12534110133062304,0.08902932216226146,0.7782696642905345,0.836893343004838,3162277660.1683793,5.4586045681536796e-05,2.8117066259517454e-05,0.5150962285041978,"(1, 1, 0.6)"
6,4,0.0001,0.12534110133062304,0.08902932216226146,0.7782696642905345,0.836893343004838,5623413251.903491,4.093375956694135e-05,2.108482517142911e-05,0.5150962285041977,"(1, 1, 0.6)"
6,4,0.0001,0.12534110133062304,0.08902932216226146,0.7782696642905345,0.836893343004838,10000000000.0,3.069598926545634e-05,1.5811388300841898e-05,0.5150962285041977,"(1, 1, 0.6)"
6,4,0.0001,0.12534110133062304,0.08902932216226146,0.7782696642905345,0.836893343004838,17782794100.38923,2.301874459989693e-05,1.1856868528308275e-05,0.5150962285041977,"(1, 1, 0.6)"
6,4,0.0001,0.12534110133062304,0.08902932216226146,0.7782696642905345,0.836893343004838,31622776601.683792,1.7261623281565445e-05,8.891397050194615e-06,0.5150962285041978,"(1, 1, 0.6)"
6,4,0.0001,0.12534110133062304,0.08902932216226146,0.7782696642905345,0.836893343004838,56234132519.034904,1.2944391342524233e-05,6.6676071608166194e-06,0.5150962285041976,"(1, 1, 0.6)"
6,4,0.0001,0.12534110133062304,0.08902932216226146,0.7782696642905345,0.836893343004838,100000000000.0,9.706924111092095e-06,5e-06,0.5150962285041978,"(1, 1, 0.6)"
6,4,0.0001,0.12534110133062304,0.08902932216226146,0.7782696642905345,0.836893343004838,177827941003.89227,7.2791661813375585e-06,3.749471046662279e-06,0.5150962285041977,"(1, 1, 0.6)"
6,4,0.0001,0.12534110133062304,0.08902932216226146,0.7782696642905345,0.836893343004838,316227766016.83795,5.45860456815368e-06,2.8117066259517456e-06,0.5150962285041978,"(1, 1, 0.6)"
6,4,0.0001,0.12534110133062304,0.08902932216226146,0.7782696642905345,0.836893343004838,562341325190.3491,4.093375956694135e-06,2.108482517142911e-06,0.5150962285041977,"(1, 1, 0.6)"
6,4,0.0001,0.12534110133062304,0.08902932216226146,0.7782696642905345,0.836893343004838,1000000000000.0,3.0695989265456336e-06,1.5811388300841896e-06,0.5150962285041977,"(1, 1, 0.6)"
6,4,1e-05,0.01253356100961091,0.008902543219006355,0.9752444494546849,0.9823524875215606,100.0,0.24023623276333453,0.15811388300841897,0.658160016870489,"(1, 1, 0.6)"
6,4,1e-05,0.01253356100961091,0.008902543219006355,0.9752444494546849,0.9823524875215606,177.82794100389228,0.18015175982106857,0.11856868528308276,0.658160016870489,"(1, 1, 0.6)"
6,4,1e-05,0.01253356100961091,0.008902543219006355,0.9752444494546849,0.9823524875215606,316.22776601683796,0.13509476149087069,0.08891397050194613,0.658160016870489,"(1, 1, 0.6)"
6,4,1e-05,0.01253356100961091,0.008902543219006355,0.9752444494546849,0.9823524875215606,562.341325190349,0.07372362990762296,0.0666760716081662,0.9044057067145571,"(4, 4, 0.6)"
6,4,1e-05,0.01253356100961091,0.008902543219006355,0.9752444494546849,0.9823524875215606,1000.0,0.04051313704036877,0.05,1.2341675726117722,"(8, 8, 0.6)"
6,4,1e-05,0.01253356100961091,0.008902543219006355,0.9752444494546849,0.9823524875215606,1778.2794100389228,0.030153400073645337,0.03749471046662279,1.2434654259568527,"(16, 16, 0.6)"
6,4,1e-05,0.01253356100961091,0.008902543219006355,0.9752444494546849,0.9823524875215606,3162.2776601683795,0.02076869827264954,0.028117066259517452,1.3538193819564048,"(32, 32, 0.5499999999999999)"
6,4,1e-05,0.01253356100961091,0.008902543219006355,0.9752444494546849,0.9823524875215606,5623.413251903491,0.01421102467461523,0.021084825171429112,1.4836949237793082,"(64, 64, 0.49999999999999994)"
6,4,1e-05,0.01253356100961091,0.008902543219006355,0.9752444494546849,0.9823524875215606,10000.0,0.010179390413713803,0.015811388300841896,1.5532745732534823,"(64, 64, 0.65)"
6,4,1e-05,0.01253356100961091,0.008902543219006355,0.9752444494546849,0.9823524875215606,17782.794100389227,0.007633465925778293,0.011856868528308277,1.5532745732534823,"(64, 64, 0.65)"
6,4,1e-05,0.01253356100961091,0.008902543219006355,0.9752444494546849,0.9823524875215606,31622.776601683792,0.005724291894877756,0.008891397050194615,1.5532745732534823,"(64, 64, 0.65)"
6,4,1e-05,0.01253356100961091,0.008902543219006355,0.9752444494546849,0.9823524875215606,56234.13251903491,0.0042926133444975405,0.00666760716081662,1.5532745732534823,"(64, 64, 0.65)"
6,4,1e-05,0.01253356100961091,0.008902543219006355,0.9752444494546849,0.9823524875215606,100000.0,0.003219005889941932,0.005,1.5532745732534823,"(64, 64, 0.65)"
6,4,1e-05,0.01253356100961091,0.008902543219006355,0.9752444494546849,0.9823524875215606,177827.94100389228,0.0024139138766745235,0.003749471046662279,1.553274573253482,"(64, 64, 0.65)"
6,4,1e-05,0.01253356100961091,0.008902543219006355,0.9752444494546849,0.9823524875215606,316227.7660168379,0.0018101800379454849,0.0028117066259517455,1.5532745732534823,"(64, 64, 0.65)"
6,4,1e-05,0.01253356100961091,0.008902543219006355,0.9752444494546849,0.9823524875215606,562341.3251903491,0.0013574435283045243,0.002108482517142911,1.553274573253482,"(64, 64, 0.65)"
6,4,1e-05,0.01253356100961091,0.008902543219006355,0.9752444494546849,0.9823524875215606,1000000.0,0.0010179390413713803,0.0015811388300841897,1.5532745732534823,"(64, 64, 0.65)"
6,4,1e-05,0.01253356100961091,0.008902543219006355,0.9752444494546849,0.9823524875215606,1778279.410038923,0.0007633465925778294,0.0011856868528308275,1.5532745732534818,"(64, 64, 0.65)"
6,4,1e-05,0.01253356100961091,0.008902543219006355,0.9752444494546849,0.9823524875215606,3162277.6601683795,0.0005724291894877756,0.0008891397050194614,1.5532745732534823,"(64, 64, 0.65)"
6,4,1e-05,0.01253356100961091,0.008902543219006355,0.9752444494546849,0.9823524875215606,5623413.251903491,0.00042926133444975403,0.000666760716081662,1.5532745732534823,"(64, 64, 0.65)"
6,4,1e-05,0.01253356100961091,0.008902543219006355,0.9752444494546849,0.9823524875215606,10000000.0,0.00032190058899419317,0.0005,1.5532745732534823,"(64, 64, 0.65)"
6,4,1e-05,0.01253356100961091,0.008902543219006355,0.9752444494546849,0.9823524875215606,17782794.100389227,0.00024139138766745235,0.0003749471046662279,1.553274573253482,"(64, 64, 0.65)"
6,4,1e-05,0.01253356100961091,0.008902543219006355,0.9752444494546849,0.9823524875215606,31622776.60168379,0.0001810180037945485,0.00028117066259517455,1.5532745732534823,"(64, 64, 0.65)"
6,4,1e-05,0.01253356100961091,0.008902543219006355,0.9752444494546849,0.9823524875215606,56234132.51903491,0.00013574435283045244,0.00021084825171429112,1.553274573253482,"(64, 64, 0.65)"
6,4,1e-05,0.01253356100961091,0.008902543219006355,0.9752444494546849,0.9823524875215606,100000000.0,0.00010179390413713805,0.00015811388300841897,1.553274573253482,"(64, 64, 0.65)"
6,4,1e-05,0.01253356100961091,0.008902543219006355,0.9752444494546849,0.9823524875215606,177827941.00389227,7.633465925778293e-05,0.00011856868528308277,1.5532745732534823,"(64, 64, 0.65)"
6,4,1e-05,0.01253356100961091,0.008902543219006355,0.9752444494546849,0.9823524875215606,316227766.01683795,5.724291894877756e-05,8.891397050194613e-05,1.5532745732534823,"(64, 64, 0.65)"
6,4,1e-05,0.01253356100961091,0.008902543219006355,0.9752444494546849,0.9823524875215606,562341325.1903491,4.29261334449754e-05,6.66760716081662e-05,1.5532745732534823,"(64, 64, 0.65)"
6,4,1e-05,0.01253356100961091,0.008902543219006355,0.9752444494546849,0.9823524875215606,1000000000.0,3.219005889941931e-05,5e-05,1.5532745732534825,"(64, 64, 0.65)"
6,4,1e-05,0.01253356100961091,0.008902543219006355,0.9752444494546849,0.9823524875215606,1778279410.0389228,2.4139138766745233e-05,3.7494710466622786e-05,1.553274573253482,"(64, 64, 0.65)"
6,4,1e-05,0.01253356100961091,0.008902543219006355,0.9752444494546849,0.9823524875215606,3162277660.1683793,1.810180037945485e-05,2.8117066259517454e-05,1.5532745732534823,"(64, 64, 0.65)"
6,4,1e-05,0.01253356100961091,0.008902543219006355,0.9752444494546849,0.9823524875215606,5623413251.903491,1.3574435283045244e-05,2.108482517142911e-05,1.553274573253482,"(64, 64, 0.65)"
6,4,1e-05,0.01253356100961091,0.008902543219006355,0.9752444494546849,0.9823524875215606,10000000000.0,1.0179390413713804e-05,1.5811388300841898e-05,1.5532745732534823,"(64, 64, 0.65)"
6,4,1e-05,0.01253356100961091,0.008902543219006355,0.9752444494546849,0.9823524875215606,17782794100.38923,7.633465925778293e-06,1.1856868528308275e-05,1.553274573253482,"(64, 64, 0.65)"
6,4,1e-05,0.01253356100961091,0.008902543219006355,0.9752444494546849,0.9823524875215606,31622776601.683792,5.7242918948777565e-06,8.891397050194615e-06,1.5532745732534823,"(64, 64, 0.65)"
6,4,1e-05,0.01253356100961091,0.008902543219006355,0.9752444494546849,0.9823524875215606,56234132519.034904,4.29261334449754e-06,6.6676071608166194e-06,1.5532745732534823,"(64, 64, 0.65)"
6,4,1e-05,0.01253356100961091,0.008902543219006355,0.9752444494546849,0.9823524875215606,100000000000.0,3.2190058899419316e-06,5e-06,1.5532745732534825,"(64, 64, 0.65)"
6,4,1e-05,0.01253356100961091,0.008902543219006355,0.9752444494546849,0.9823524875215606,177827941003.89227,2.4139138766745235e-06,3.749471046662279e-06,1.553274573253482,"(64, 64, 0.65)"
6,4,1e-05,0.01253356100961091,0.008902543219006355,0.9752444494546849,0.9823524875215606,316227766016.83795,1.8101800379454848e-06,2.8117066259517456e-06,1.5532745732534825,"(64, 64, 0.65)"
6,4,1e-05,0.01253356100961091,0.008902543219006355,0.9752444494546849,0.9823524875215606,562341325190.3491,1.3574435283045243e-06,2.108482517142911e-06,1.5532745732534823,"(64, 64, 0.65)"
6,4,1e-05,0.01253356100961091,0.008902543219006355,0.9752444494546849,0.9823524875215606,1000000000000.0,1.0179390413713804e-06,1.5811388300841896e-06,1.553274573253482,"(64, 64, 0.65)"
6,4,0.0,0.0,0.0,1.0,1.0,100.0,0.23273733406281566,0.15811388300841897,0.6793662204867575,"(1, 1, 0.6)"
6,4,0.0,0.0,0.0,1.0,1.0,177.82794100389228,0.1745283791091788,0.11856868528308276,0.6793662204867575,"(1, 1, 0.6)"
6,4,0.0,0.0,0.0,1.0,1.0,316.22776601683796,0.10493570682402392,0.08891397050194613,0.8473185457363329,"(2, 2, 0.6)"
6,4,0.0,0.0,0.0,1.0,1.0,562.341325190349,0.06112844068286734,0.0666760716081662,1.0907536796837305,"(4, 4, 0.6)"
6,4,0.0,0.0,0.0,1.0,1.0,1000.0,0.03420917259613175,0.05,1.461596297294072,"(8, 8, 0.6)"
6,4,0.0,0.0,0.0,1.0,1.0,1778.2794100389228,0.018617236564177686,0.03749471046662279,2.0139783010958863,"(16, 16, 0.6)"
6,4,0.0,0.0,0.0,1.0,1.0,3162.2776601683795,0.010014172293723735,0.028117066259517452,2.807727432165262,"(32, 32, 0.5499999999999999)"
6,4,0.0,0.0,0.0,1.0,1.0,5623.413251903491,0.005401057040592784,0.021084825171429112,3.9038330854426566,"(64, 64, 0.49999999999999994)"
6,4,0.0,0.0,0.0,1.0,1.0,10000.0,0.003983371444143202,0.015811388300841896,3.9693482073055395,"(64, 64, 0.6)"
6,4,0.0,0.0,0.0,1.0,1.0,17782.794100389227,0.002114323804606055,0.011856868528308277,5.607877328192629,"(128, 128, 0.6)"
6,4,0.0,0.0,0.0,1.0,1.0,31622.776601683792,0.0011211534628495462,0.008891397050194615,7.9305798401550325,"(256, 256, 0.6)"
6,4,0.0,0.0,0.0,1.0,1.0,56234.13251903491,0.0005943575167148698,0.00666760716081662,11.218175884558152,"(512, 512, 0.6)"
6,4,0.0,0.0,0.0,1.0,1.0,100000.0,0.00031618504618879457,0.005,15.813524580838312,"(1024, 1024, 0.5499999999999999)"
6,4,0.0,0.0,0.0,1.0,1.0,177827.94100389228,0.0001698486102898734,0.003749471046662279,22.075370768493283,"(2048, 2048, 0.49999999999999994)"
6,4,0.0,0.0,0.0,1.0,1.0,316227.7660168379,0.0001252662393622551,0.0028117066259517455,22.445845267379852,"(2048, 2048, 0.6)"
6,4,0.0,0.0,0.0,1.0,1.0,562341.3251903491,6.64149995988131e-05,0.002108482517142911,31.747083187223144,"(4096, 4096, 0.6)"
6,4,0.0,0.0,0.0,1.0,1.0,1000000.0,3.521422119278334e-05,0.0015811388300841897,44.900576429849366,"(8192, 8192, 0.6)"
6,4,0.0,0.0,0.0,1.0,1.0,1778279.410038923,1.8671672585217438e-05,0.0011856868528308275,63.50190897035911,"(16384, 16384, 0.6)"
6,4,0.0,0.0,0.0,1.0,1.0,3162277.6601683795,9.935045487104562e-06,0.0008891397050194614,89.49528275170378,"(32768, 32768, 0.5499999999999999)"
6,4,0.0,0.0,0.0,1.0,1.0,5623413.251903491,5.337808233866262e-06,0.000666760716081662,124.91282692610265,"(65536, 65536, 0.49999999999999994)"
6,4,0.0,0.0,0.0,1.0,1.0,10000000.0,3.936724373264849e-06,0.0005,127.00914582580603,"(65536, 65536, 0.6)"
6,4,0.0,0.0,0.0,1.0,1.0,17782794.100389227,2.0874509719564523e-06,0.0003749471046662279,179.6195981143503,"(131072, 131072, 0.6)"
6,4,0.0,0.0,0.0,1.0,1.0,31622776.60168379,1.1068766230867677e-06,0.00028117066259517455,254.0216829325283,"(262144, 262144, 0.6)"
6,4,0.0,0.0,0.0,1.0,1.0,56234132.51903491,5.86925635115495e-07,0.00021084825171429112,359.2418512658771,"(524288, 524288, 0.6)"
6,4,0.0,0.0,0.0,1.0,1.0,100000000.0,3.123062580638445e-07,0.00015811388300841897,506.27830511195157,"(1048576, 1048576, 0.5499999999999999)"
6,4,0.0,0.0,0.0,1.0,1.0,177827941.00389227,2.3338205493325508e-07,0.00011856868528308277,508.0454249877619,"(1048576, 1048576, 0.6)"
6,4,0.0,0.0,0.0,1.0,1.0,316227766.01683795,1.750118515565571e-07,8.891397050194613e-05,508.0454249877618,"(1048576, 1048576, 0.6)"
6,4,0.0,0.0,0.0,1.0,1.0,562341325.1903491,1.312403740468135e-07,6.66760716081662e-05,508.04542498776186,"(1048576, 1048576, 0.6)"
6,4,0.0,0.0,0.0,1.0,1.0,1000000000.0,9.841639652833097e-08,5e-05,508.0454249877619,"(1048576, 1048576, 0.6)"
6,4,0.0,0.0,0.0,1.0,1.0,1778279410.0389228,7.38018858599622e-08,3.7494710466622786e-05,508.04542498776186,"(1048576, 1048576, 0.6)"
6,4,0.0,0.0,0.0,1.0,1.0,3162277660.1683793,5.534360684420051e-08,2.8117066259517454e-05,508.04542498776186,"(1048576, 1048576, 0.6)"
6,4,0.0,0.0,0.0,1.0,1.0,5623413251.903491,4.150185029603803e-08,2.108482517142911e-05,508.04542498776186,"(1048576, 1048576, 0.6)"
6,4,0.0,0.0,0.0,1.0,1.0,10000000000.0,3.1121997213581384e-08,1.5811388300841898e-05,508.045424987762,"(1048576, 1048576, 0.6)"
6,4,0.0,0.0,0.0,1.0,1.0,17782794100.38923,2.3338205493325507e-08,1.1856868528308275e-05,508.04542498776186,"(1048576, 1048576, 0.6)"
6,4,0.0,0.0,0.0,1.0,1.0,31622776601.683792,1.750118515565571e-08,8.891397050194615e-06,508.04542498776186,"(1048576, 1048576, 0.6)"
6,4,0.0,0.0,0.0,1.0,1.0,56234132519.034904,1.3124037404681352e-08,6.6676071608166194e-06,508.04542498776175,"(1048576, 1048576, 0.6)"
6,4,0.0,0.0,0.0,1.0,1.0,100000000000.0,9.841639652833097e-09,5e-06,508.0454249877619,"(1048576, 1048576, 0.6)"
6,4,0.0,0.0,0.0,1.0,1.0,177827941003.89227,7.3801885859962205e-09,3.749471046662279e-06,508.04542498776186,"(1048576, 1048576, 0.6)"
6,4,0.0,0.0,0.0,1.0,1.0,316227766016.83795,5.534360684420051e-09,2.8117066259517456e-06,508.0454249877619,"(1048576, 1048576, 0.6)"
6,4,0.0,0.0,0.0,1.0,1.0,562341325190.3491,4.150185029603803e-09,2.108482517142911e-06,508.04542498776186,"(1048576, 1048576, 0.6)"
6,4,0.0,0.0,0.0,1.0,1.0,1000000000000.0,3.112199721358139e-09,1.5811388300841896e-06,508.04542498776186,"(1048576, 1048576, 0.6)"
8,4,0.01,20.560790121629626,15.314058295980278,1.3839634261215845e-18,4.9931886313020666e-14,100.0,227306710.35911992,0.0,0.0,"(0, 0, 0.85)"
8,4,0.01,20.560790121629626,15.314058295980278,1.3839634261215845e-18,4.9931886313020666e-14,177.82794100389228,165661093.26669767,0.0,0.0,"(0, 0, 0.9)"
8,4,0.01,20.560790121629626,15.314058295980278,1.3839634261215845e-18,4.9931886313020666e-14,316.22776601683796,120931694.60887967,0.0,0.0,"(0, 0, 0.95)"
8,4,0.01,20.560790121629626,15.314058295980278,1.3839634261215845e-18,4.9931886313020666e-14,562.341325190349,90685977.51195985,0.0,0.0,"(0, 0, 0.95)"
8,4,0.01,20.560790121629626,15.314058295980278,1.3839634261215845e-18,4.9931886313020666e-14,1000.0,68004889.403872,0.0,0.0,"(0, 0, 0.95)"
8,4,0.01,20.560790121629626,15.314058295980278,1.3839634261215845e-18,4.9931886313020666e-14,1778.2794100389228,50996472.77025769,0.0,0.0,"(0, 0, 0.95)"
8,4,0.01,20.560790121629626,15.314058295980278,1.3839634261215845e-18,4.9931886313020666e-14,3162.2776601683795,38241959.62679651,0.0,0.0,"(0, 0, 0.95)"
8,4,0.01,20.560790121629626,15.314058295980278,1.3839634261215845e-18,4.9931886313020666e-14,5623.413251903491,28677424.077660263,0.0,0.0,"(0, 0, 0.95)"
8,4,0.01,20.560790121629626,15.314058295980278,1.3839634261215845e-18,4.9931886313020666e-14,10000.0,21505034.254408576,0.0,0.0,"(0, 0, 0.95)"
8,4,0.01,20.560790121629626,15.314058295980278,1.3839634261215845e-18,4.9931886313020666e-14,17782.794100389227,16126500.658877097,0.0,0.0,"(0, 0, 0.95)"
8,4,0.01,20.560790121629626,15.314058295980278,1.3839634261215845e-18,4.9931886313020666e-14,31622.776601683792,12093169.460887969,0.0,0.0,"(0, 0, 0.95)"
8,4,0.01,20.560790121629626,15.314058295980278,1.3839634261215845e-18,4.9931886313020666e-14,56234.13251903491,9068597.751195984,0.0,0.0,"(0, 0, 0.95)"
8,4,0.01,20.560790121629626,15.314058295980278,1.3839634261215845e-18,4.9931886313020666e-14,100000.0,6800488.940387199,0.0,0.0,"(0, 0, 0.95)"
8,4,0.01,20.560790121629626,15.314058295980278,1.3839634261215845e-18,4.9931886313020666e-14,177827.94100389228,5099647.277025769,0.0,0.0,"(0, 0, 0.95)"
8,4,0.01,20.560790121629626,15.314058295980278,1.3839634261215845e-18,4.9931886313020666e-14,316227.7660168379,3824195.962679651,0.0,0.0,"(0, 0, 0.95)"
8,4,0.01,20.560790121629626,15.314058295980278,1.3839634261215845e-18,4.9931886313020666e-14,562341.3251903491,2867742.4077660264,0.0,0.0,"(0, 0, 0.95)"
8,4,0.01,20.560790121629626,15.314058295980278,1.3839634261215845e-18,4.9931886313020666e-14,1000000.0,2150503.4254408577,0.0,0.0,"(0, 0, 0.95)"
8,4,0.01,20.560790121629626,15.314058295980278,1.3839634261215845e-18,4.9931886313020666e-14,1778279.410038923,1612650.0658877096,0.0,0.0,"(0, 0, 0.95)"
8,4,0.01,20.560790121629626,15.314058295980278,1.3839634261215845e-18,4.9931886313020666e-14,3162277.6601683795,1209316.9460887967,0.0,0.0,"(0, 0, 0.95)"
8,4,0.01,20.560790121629626,15.314058295980278,1.3839634261215845e-18,4.9931886313020666e-14,5623413.251903491,906859.7751195984,0.0,0.0,"(0, 0, 0.95)"
8,4,0.01,20.560790121629626,15.314058295980278,1.3839634261215845e-18,4.9931886313020666e-14,10000000.0,680048.8940387199,0.0,0.0,"(0, 0, 0.95)"
8,4,0.01,20.560790121629626,15.314058295980278,1.3839634261215845e-18,4.9931886313020666e-14,17782794.100389227,509964.7277025769,0.0,0.0,"(0, 0, 0.95)"
8,4,0.01,20.560790121629626,15.314058295980278,1.3839634261215845e-18,4.9931886313020666e-14,31622776.60168379,382419.5962679651,0.0,0.0,"(0, 0, 0.95)"
8,4,0.01,20.560790121629626,15.314058295980278,1.3839634261215845e-18,4.9931886313020666e-14,56234132.51903491,286774.24077660264,0.0,0.0,"(0, 0, 0.95)"
8,4,0.01,20.560790121629626,15.314058295980278,1.3839634261215845e-18,4.9931886313020666e-14,100000000.0,215050.34254408575,0.0,0.0,"(0, 0, 0.95)"
8,4,0.01,20.560790121629626,15.314058295980278,1.3839634261215845e-18,4.9931886313020666e-14,177827941.00389227,161265.00658877098,0.0,0.0,"(0, 0, 0.95)"
8,4,0.01,20.560790121629626,15.314058295980278,1.3839634261215845e-18,4.9931886313020666e-14,316227766.01683795,120931.69460887968,0.0,0.0,"(0, 0, 0.95)"
8,4,0.01,20.560790121629626,15.314058295980278,1.3839634261215845e-18,4.9931886313020666e-14,562341325.1903491,90685.97751195983,0.0,0.0,"(0, 0, 0.95)"
8,4,0.01,20.560790121629626,15.314058295980278,1.3839634261215845e-18,4.9931886313020666e-14,1000000000.0,68004.889403872,0.0,0.0,"(0, 0, 0.95)"
8,4,0.01,20.560790121629626,15.314058295980278,1.3839634261215845e-18,4.9931886313020666e-14,1778279410.0389228,50996.4727702577,0.0,0.0,"(0, 0, 0.95)"
8,4,0.01,20.560790121629626,15.314058295980278,1.3839634261215845e-18,4.9931886313020666e-14,3162277660.1683793,38241.95962679651,0.0,0.0,"(0, 0, 0.95)"
8,4,0.01,20.560790121629626,15.314058295980278,1.3839634261215845e-18,4.9931886313020666e-14,5623413251.903491,28677.424077660264,0.0,0.0,"(0, 0, 0.95)"
8,4,0.01,20.560790121629626,15.314058295980278,1.3839634261215845e-18,4.9931886313020666e-14,10000000000.0,21505.034254408576,0.0,0.0,"(0, 0, 0.95)"
8,4,0.01,20.560790121629626,15.314058295980278,1.3839634261215845e-18,4.9931886313020666e-14,17782794100.38923,16126.500658877096,0.0,0.0,"(0, 0, 0.95)"
8,4,0.01,20.560790121629626,15.314058295980278,1.3839634261215845e-18,4.9931886313020666e-14,31622776601.683792,12093.16946088797,0.0,0.0,"(0, 0, 0.95)"
8,4,0.01,20.560790121629626,15.314058295980278,1.3839634261215845e-18,4.9931886313020666e-14,56234132519.034904,9068.597751195985,0.0,0.0,"(0, 0, 0.95)"
8,4,0.01,20.560790121629626,15.314058295980278,1.3839634261215845e-18,4.9931886313020666e-14,100000000000.0,6800.488940387199,0.0,0.0,"(0, 0, 0.95)"
8,4,0.01,20.560790121629626,15.314058295980278,1.3839634261215845e-18,4.9931886313020666e-14,177827941003.89227,5099.64727702577,0.0,0.0,"(0, 0, 0.95)"
8,4,0.01,20.560790121629626,15.314058295980278,1.3839634261215845e-18,4.9931886313020666e-14,316227766016.83795,3824.1959626796506,0.0,0.0,"(0, 0, 0.95)"
8,4,0.01,20.560790121629626,15.314058295980278,1.3839634261215845e-18,4.9931886313020666e-14,562341325190.3491,2867.742407766026,0.0,0.0,"(0, 0, 0.95)"
8,4,0.01,20.560790121629626,15.314058295980278,1.3839634261215845e-18,4.9931886313020666e-14,1000000000000.0,2150.5034254408574,0.0,0.0,"(0, 0, 0.95)"
8,4,0.001,2.0470468903621994,1.524691115194262,0.01667084688243351,0.047388190334336396,100.0,3.809035989132223,0.0,0.0,"(0, 0, 0.6)"
8,4,0.001,2.0470468903621994,1.524691115194262,0.01667084688243351,0.047388190334336396,177.82794100389228,2.8563740313891772,0.0,0.0,"(0, 0, 0.6)"
8,4,0.001,2.0470468903621994,1.524691115194262,0.01667084688243351,0.047388190334336396,316.22776601683796,2.141978345826346,0.0,0.0,"(0, 0, 0.6)"
8,4,0.001,2.0470468903621994,1.524691115194262,0.01667084688243351,0.047388190334336396,562.341325190349,1.6062571580506897,0.0,0.0,"(0, 0, 0.6)"
8,4,0.001,2.0470468903621994,1.524691115194262,0.01667084688243351,0.047388190334336396,1000.0,1.2045229415210192,0.0,0.0,"(0, 0, 0.6)"
8,4,0.001,2.0470468903621994,1.524691115194262,0.01667084688243351,0.047388190334336396,1778.2794100389228,0.9032647788547088,0.0,0.0,"(0, 0, 0.6)"
8,4,0.001,2.0470468903621994,1.524691115194262,0.01667084688243351,0.047388190334336396,3162.2776601683795,0.6773530271571074,0.0,0.0,"(0, 0, 0.6)"
8,4,0.001,2.0470468903621994,1.524691115194262,0.01667084688243351,0.047388190334336396,5623.413251903491,0.5079431127389245,0.0,0.0,"(0, 0, 0.6)"
8,4,0.001,2.0470468903621994,1.524691115194262,0.01667084688243351,0.047388190334336396,10000.0,0.38090359891322223,0.0,0.0,"(0, 0, 0.6)"
8,4,0.001,2.0470468903621994,1.524691115194262,0.01667084688243351,0.047388190334336396,17782.794100389227,0.2856374031389177,0.0,0.0,"(0, 0, 0.6)"
8,4,0.001,2.0470468903621994,1.524691115194262,0.01667084688243351,0.047388190334336396,31622.776601683792,0.2141978345826346,0.0,0.0,"(0, 0, 0.6)"
8,4,0.001,2.0470468903621994,1.524691115194262,0.01667084688243351,0.047388190334336396,56234.13251903491,0.16062571580506896,0.0,0.0,"(0, 0, 0.6)"
8,4,0.001,2.0470468903621994,1.524691115194262,0.01667084688243351,0.047388190334336396,100000.0,0.12045229415210194,0.0,0.0,"(0, 0, 0.6)"
8,4,0.001,2.0470468903621994,1.524691115194262,0.01667084688243351,0.047388190334336396,177827.94100389228,0.09032647788547088,0.0,0.0,"(0, 0, 0.6)"
8,4,0.001,2.0470468903621994,1.524691115194262,0.01667084688243351,0.047388190334336396,316227.7660168379,0.06773530271571074,0.0,0.0,"(0, 0, 0.6)"
8,4,0.001,2.0470468903621994,1.524691115194262,0.01667084688243351,0.047388190334336396,562341.3251903491,0.050794311273892445,0.0,0.0,"(0, 0, 0.6)"
8,4,0.001,2.0470468903621994,1.524691115194262,0.01667084688243351,0.047388190334336396,1000000.0,0.03809035989132223,0.0,0.0,"(0, 0, 0.6)"
8,4,0.001,2.0470468903621994,1.524691115194262,0.01667084688243351,0.047388190334336396,1778279.410038923,0.02856374031389177,0.0,0.0,"(0, 0, 0.6)"
8,4,0.001,2.0470468903621994,1.524691115194262,0.01667084688243351,0.047388190334336396,3162277.6601683795,0.021419783458263463,0.0,0.0,"(0, 0, 0.6)"
8,4,0.001,2.0470468903621994,1.524691115194262,0.01667084688243351,0.047388190334336396,5623413.251903491,0.016062571580506894,0.0,0.0,"(0, 0, 0.6)"
8,4,0.001,2.0470468903621994,1.524691115194262,0.01667084688243351,0.047388190334336396,10000000.0,0.012045229415210194,0.0,0.0,"(0, 0, 0.6)"
8,4,0.001,2.0470468903621994,1.524691115194262,0.01667084688243351,0.047388190334336396,17782794.100389227,0.009032647788547088,0.0,0.0,"(0, 0, 0.6)"
8,4,0.001,2.0470468903621994,1.524691115194262,0.01667084688243351,0.047388190334336396,31622776.60168379,0.0067735302715710745,0.0,0.0,"(0, 0, 0.6)"
8,4,0.001,2.0470468903621994,1.524691115194262,0.01667084688243351,0.047388190334336396,56234132.51903491,0.0050794311273892456,0.0,0.0,"(0, 0, 0.6)"
8,4,0.001,2.0470468903621994,1.524691115194262,0.01667084688243351,0.047388190334336396,100000000.0,0.003809035989132223,0.0,0.0,"(0, 0, 0.6)"
8,4,0.001,2.0470468903621994,1.524691115194262,0.01667084688243351,0.047388190334336396,177827941.00389227,0.002856374031389177,0.0,0.0,"(0, 0, 0.6)"
8,4,0.001,2.0470468903621994,1.524691115194262,0.01667084688243351,0.047388190334336396,316227766.01683795,0.0021419783458263464,0.0,0.0,"(0, 0, 0.6)"
8,4,0.001,2.0470468903621994,1.524691115194262,0.01667084688243351,0.047388190334336396,562341325.1903491,0.0016062571580506895,0.0,0.0,"(0, 0, 0.6)"
8,4,0.001,2.0470468903621994,1.524691115194262,0.01667084688243351,0.047388190334336396,1000000000.0,0.0012045229415210193,0.0,0.0,"(0, 0, 0.6)"
8,4,0.001,2.0470468903621994,1.524691115194262,0.01667084688243351,0.047388190334336396,1778279410.0389228,0.0009032647788547088,0.0,0.0,"(0, 0, 0.6)"
8,4,0.001,2.0470468903621994,1.524691115194262,0.01667084688243351,0.047388190334336396,3162277660.1683793,0.0006773530271571074,0.0,0.0,"(0, 0, 0.6)"
8,4,0.001,2.0470468903621994,1.524691115194262,0.01667084688243351,0.047388190334336396,5623413251.903491,0.0005079431127389245,0.0,0.0,"(0, 0, 0.6)"
8,4,0.001,2.0470468903621994,1.524691115194262,0.01667084688243351,0.047388190334336396,10000000000.0,0.0003809035989132223,0.0,0.0,"(0, 0, 0.6)"
8,4,0.001,2.0470468903621994,1.524691115194262,0.01667084688243351,0.047388190334336396,17782794100.38923,0.0002856374031389177,0.0,0.0,"(0, 0, 0.6)"
8,4,0.001,2.0470468903621994,1.524691115194262,0.01667084688243351,0.047388190334336396,31622776601.683792,0.00021419783458263462,0.0,0.0,"(0, 0, 0.6)"
8,4,0.001,2.0470468903621994,1.524691115194262,0.01667084688243351,0.047388190334336396,56234132519.034904,0.00016062571580506896,0.0,0.0,"(0, 0, 0.6)"
8,4,0.001,2.0470468903621994,1.524691115194262,0.01667084688243351,0.047388190334336396,100000000000.0,0.00012045229415210193,0.0,0.0,"(0, 0, 0.6)"
8,4,0.001,2.0470468903621994,1.524691115194262,0.01667084688243351,0.047388190334336396,177827941003.89227,9.032647788547088e-05,0.0,0.0,"(0, 0, 0.6)"
8,4,0.001,2.0470468903621994,1.524691115194262,0.01667084688243351,0.047388190334336396,316227766016.83795,6.773530271571074e-05,0.0,0.0,"(0, 0, 0.6)"
8,4,0.001,2.0470468903621994,1.524691115194262,0.01667084688243351,0.047388190334336396,562341325190.3491,5.079431127389245e-05,0.0,0.0,"(0, 0, 0.6)"
8,4,0.001,2.0470468903621994,1.524691115194262,0.01667084688243351,0.047388190334336396,1000000000000.0,3.8090359891322225e-05,0.0,0.0,"(0, 0, 0.6)"
8,4,0.0001,0.2046149629373658,0.15240240671732388,0.6641615068496952,0.7372672650136174,100.0,0.9100474636858753,0.0,0.0,"(1, 1, 0.49999999999999994)"
8,4,0.0001,0.2046149629373658,0.15240240671732388,0.6641615068496952,0.7372672650136174,177.82794100389228,0.6824393232357263,0.0,0.0,"(1, 1, 0.49999999999999994)"
8,4,0.0001,0.2046149629373658,0.15240240671732388,0.6641615068496952,0.7372672650136174,316.22776601683796,0.5117572967152312,0.0,0.0,"(1, 1, 0.49999999999999994)"
8,4,0.0001,0.2046149629373658,0.15240240671732388,0.6641615068496952,0.7372672650136174,562.341325190349,0.38376383339038334,0.0,0.0,"(1, 1, 0.49999999999999994)"
8,4,0.0001,0.2046149629373658,0.15240240671732388,0.6641615068496952,0.7372672650136174,1000.0,0.2877822764106738,0.0,0.0,"(1, 1, 0.49999999999999994)"
8,4,0.0001,0.2046149629373658,0.15240240671732388,0.6641615068496952,0.7372672650136174,1778.2794100389228,0.21580626262887648,0.0,0.0,"(1, 1, 0.49999999999999994)"
8,4,0.0001,0.2046149629373658,0.15240240671732388,0.6641615068496952,0.7372672650136174,3162.2776601683795,0.16183186668307364,0.0,0.0,"(1, 1, 0.49999999999999994)"
8,4,0.0001,0.2046149629373658,0.15240240671732388,0.6641615068496952,0.7372672650136174,5623.413251903491,0.1213567797110989,0.0,0.0,"(1, 1, 0.49999999999999994)"
8,4,0.0001,0.2046149629373658,0.15240240671732388,0.6641615068496952,0.7372672650136174,10000.0,0.09100474636858752,0.0,0.0,"(1, 1, 0.49999999999999994)"
8,4,0.0001,0.2046149629373658,0.15240240671732388,0.6641615068496952,0.7372672650136174,17782.794100389227,0.06824393232357263,0.0,0.0,"(1, 1, 0.49999999999999994)"
8,4,0.0001,0.2046149629373658,0.15240240671732388,0.6641615068496952,0.7372672650136174,31622.776601683792,0.05117572967152312,0.0,0.0,"(1, 1, 0.49999999999999994)"
8,4,0.0001,0.2046149629373658,0.15240240671732388,0.6641615068496952,0.7372672650136174,56234.13251903491,0.03837638333903833,0.0,0.0,"(1, 1, 0.49999999999999994)"
8,4,0.0001,0.2046149629373658,0.15240240671732388,0.6641615068496952,0.7372672650136174,100000.0,0.02877822764106738,0.0,0.0,"(1, 1, 0.49999999999999994)"
8,4,0.0001,0.2046149629373658,0.15240240671732388,0.6641615068496952,0.7372672650136174,177827.94100389228,0.021580626262887648,0.0,0.0,"(1, 1, 0.49999999999999994)"
8,4,0.0001,0.2046149629373658,0.15240240671732388,0.6641615068496952,0.7372672650136174,316227.7660168379,0.016183186668307363,0.0,0.0,"(1, 1, 0.49999999999999994)"
8,4,0.0001,0.2046149629373658,0.15240240671732388,0.6641615068496952,0.7372672650136174,562341.3251903491,0.01213567797110989,0.0,0.0,"(1, 1, 0.49999999999999994)"
8,4,0.0001,0.2046149629373658,0.15240240671732388,0.6641615068496952,0.7372672650136174,1000000.0,0.009100474636858752,0.0,0.0,"(1, 1, 0.49999999999999994)"
8,4,0.0001,0.2046149629373658,0.15240240671732388,0.6641615068496952,0.7372672650136174,1778279.410038923,0.0068243932323572625,0.0,0.0,"(1, 1, 0.49999999999999994)"
8,4,0.0001,0.2046149629373658,0.15240240671732388,0.6641615068496952,0.7372672650136174,3162277.6601683795,0.005117572967152311,0.0,0.0,"(1, 1, 0.49999999999999994)"
8,4,0.0001,0.2046149629373658,0.15240240671732388,0.6641615068496952,0.7372672650136174,5623413.251903491,0.003837638333903833,0.0,0.0,"(1, 1, 0.49999999999999994)"
8,4,0.0001,0.2046149629373658,0.15240240671732388,0.6641615068496952,0.7372672650136174,10000000.0,0.002877822764106738,0.0,0.0,"(1, 1, 0.49999999999999994)"
8,4,0.0001,0.2046149629373658,0.15240240671732388,0.6641615068496952,0.7372672650136174,17782794.100389227,0.002158062626288765,0.0,0.0,"(1, 1, 0.49999999999999994)"
8,4,0.0001,0.2046149629373658,0.15240240671732388,0.6641615068496952,0.7372672650136174,31622776.60168379,0.0016183186668307363,0.0,0.0,"(1, 1, 0.49999999999999994)"
8,4,0.0001,0.2046149629373658,0.15240240671732388,0.6641615068496952,0.7372672650136174,56234132.51903491,0.001213567797110989,0.0,0.0,"(1, 1, 0.49999999999999994)"
8,4,0.0001,0.2046149629373658,0.15240240671732388,0.6641615068496952,0.7372672650136174,100000000.0,0.0009100474636858754,0.0,0.0,"(1, 1, 0.49999999999999994)"
8,4,0.0001,0.2046149629373658,0.15240240671732388,0.6641615068496952,0.7372672650136174,177827941.00389227,0.0006824393232357263,0.0,0.0,"(1, 1, 0.49999999999999994)"
8,4,0.0001,0.2046149629373658,0.15240240671732388,0.6641615068496952,0.7372672650136174,316227766.01683795,0.0005117572967152312,0.0,0.0,"(1, 1, 0.49999999999999994)"
8,4,0.0001,0.2046149629373658,0.15240240671732388,0.6641615068496952,0.7372672650136174,562341325.1903491,0.0003837638333903833,0.0,0.0,"(1, 1, 0.49999999999999994)"
8,4,0.0001,0.2046149629373658,0.15240240671732388,0.6641615068496952,0.7372672650136174,1000000000.0,0.0002877822764106738,0.0,0.0,"(1, 1, 0.49999999999999994)"
8,4,0.0001,0.2046149629373658,0.15240240671732388,0.6641615068496952,0.7372672650136174,1778279410.0389228,0.00021580626262887646,0.0,0.0,"(1, 1, 0.49999999999999994)"
8,4,0.0001,0.2046149629373658,0.15240240671732388,0.6641615068496952,0.7372672650136174,3162277660.1683793,0.00016183186668307365,0.0,0.0,"(1, 1, 0.49999999999999994)"
8,4,0.0001,0.2046149629373658,0.15240240671732388,0.6641615068496952,0.7372672650136174,5623413251.903491,0.0001213567797110989,0.0,0.0,"(1, 1, 0.49999999999999994)"
8,4,0.0001,0.2046149629373658,0.15240240671732388,0.6641615068496952,0.7372672650136174,10000000000.0,9.100474636858754e-05,0.0,0.0,"(1, 1, 0.49999999999999994)"
8,4,0.0001,0.2046149629373658,0.15240240671732388,0.6641615068496952,0.7372672650136174,17782794100.38923,6.824393232357264e-05,0.0,0.0,"(1, 1, 0.49999999999999994)"
8,4,0.0001,0.2046149629373658,0.15240240671732388,0.6641615068496952,0.7372672650136174,31622776601.683792,5.1175729671523124e-05,0.0,0.0,"(1, 1, 0.49999999999999994)"
8,4,0.0001,0.2046149629373658,0.15240240671732388,0.6641615068496952,0.7372672650136174,56234132519.034904,3.8376383339038335e-05,0.0,0.0,"(1, 1, 0.49999999999999994)"
8,4,0.0001,0.2046149629373658,0.15240240671732388,0.6641615068496952,0.7372672650136174,100000000000.0,2.8778227641067378e-05,0.0,0.0,"(1, 1, 0.49999999999999994)"
8,4,0.0001,0.2046149629373658,0.15240240671732388,0.6641615068496952,0.7372672650136174,177827941003.89227,2.158062626288765e-05,0.0,0.0,"(1, 1, 0.49999999999999994)"
8,4,0.0001,0.2046149629373658,0.15240240671732388,0.6641615068496952,0.7372672650136174,316227766016.83795,1.6183186668307362e-05,0.0,0.0,"(1, 1, 0.49999999999999994)"
8,4,0.0001,0.2046149629373658,0.15240240671732388,0.6641615068496952,0.7372672650136174,562341325190.3491,1.213567797110989e-05,0.0,0.0,"(1, 1, 0.49999999999999994)"
8,4,0.0001,0.2046149629373658,0.15240240671732388,0.6641615068496952,0.7372672650136174,1000000000000.0,9.100474636858753e-06,0.0,0.0,"(1, 1, 0.49999999999999994)"
8,4,1e-05,0.020460599623339022,0.015239574062688752,0.9599047681864351,0.9699806577714,100.0,0.680766028627454,0.0,0.0,"(1, 1, 0.49999999999999994)"
8,4,1e-05,0.020460599623339022,0.015239574062688752,0.9599047681864351,0.9699806577714,177.82794100389228,0.5105025027779806,0.0,0.0,"(1, 1, 0.49999999999999994)"
8,4,1e-05,0.020460599623339022,0.015239574062688752,0.9599047681864351,0.9699806577714,316.22776601683796,0.32602023237039895,0.0,0.0,"(2, 2, 0.49999999999999994)"
8,4,1e-05,0.020460599623339022,0.015239574062688752,0.9599047681864351,0.9699806577714,562.341325190349,0.24448068437978385,0.0,0.0,"(2, 2, 0.49999999999999994)"
8,4,1e-05,0.020460599623339022,0.015239574062688752,0.9599047681864351,0.9699806577714,1000.0,0.1388748704129971,0.0,0.0,"(8, 8, 0.49999999999999994)"
8,4,1e-05,0.020460599623339022,0.015239574062688752,0.9599047681864351,0.9699806577714,1778.2794100389228,0.10414146114450172,0.0,0.0,"(8, 8, 0.49999999999999994)"
8,4,1e-05,0.020460599623339022,0.015239574062688752,0.9599047681864351,0.9699806577714,3162.2776601683795,0.06388226892560213,0.0,0.0,"(32, 32, 0.5499999999999999)"
8,4,1e-05,0.020460599623339022,0.015239574062688752,0.9599047681864351,0.9699806577714,5623.413251903491,0.04790494354632773,0.0,0.0,"(32, 32, 0.5499999999999999)"
8,4,1e-05,0.020460599623339022,0.015239574062688752,0.9599047681864351,0.9699806577714,10000.0,0.035923639763789365,0.0,0.0,"(32, 32, 0.5499999999999999)"
8,4,1e-05,0.020460599623339022,0.015239574062688752,0.9599047681864351,0.9699806577714,17782.794100389227,0.026938929437010796,0.0,0.0,"(32, 32, 0.5499999999999999)"
8,4,1e-05,0.020460599623339022,0.015239574062688752,0.9599047681864351,0.9699806577714,31622.776601683792,0.02020134719043003,0.0,0.0,"(32, 32, 0.5499999999999999)"
8,4,1e-05,0.020460599623339022,0.015239574062688752,0.9599047681864351,0.9699806577714,56234.13251903491,0.015148873278817955,0.0,0.0,"(32, 32, 0.5499999999999999)"
8,4,1e-05,0.020460599623339022,0.015239574062688752,0.9599047681864351,0.9699806577714,100000.0,0.011360052349696758,0.0,0.0,"(32, 32, 0.5499999999999999)"
8,4,1e-05,0.020460599623339022,0.015239574062688752,0.9599047681864351,0.9699806577714,177827.94100389228,0.008518837474751156,0.0,0.0,"(32, 32, 0.5499999999999999)"
8,4,1e-05,0.020460599623339022,0.015239574062688752,0.9599047681864351,0.9699806577714,316227.7660168379,0.0063882268925602136,0.0,0.0,"(32, 32, 0.5499999999999999)"
8,4,1e-05,0.020460599623339022,0.015239574062688752,0.9599047681864351,0.9699806577714,562341.3251903491,0.004790494354632773,0.0,0.0,"(32, 32, 0.5499999999999999)"
8,4,1e-05,0.020460599623339022,0.015239574062688752,0.9599047681864351,0.9699806577714,1000000.0,0.003592363976378936,0.0,0.0,"(32, 32, 0.5499999999999999)"
8,4,1e-05,0.020460599623339022,0.015239574062688752,0.9599047681864351,0.9699806577714,1778279.410038923,0.0026938929437010793,0.0,0.0,"(32, 32, 0.5499999999999999)"
8,4,1e-05,0.020460599623339022,0.015239574062688752,0.9599047681864351,0.9699806577714,3162277.6601683795,0.002020134719043003,0.0,0.0,"(32, 32, 0.5499999999999999)"
8,4,1e-05,0.020460599623339022,0.015239574062688752,0.9599047681864351,0.9699806577714,5623413.251903491,0.0015148873278817954,0.0,0.0,"(32, 32, 0.5499999999999999)"
8,4,1e-05,0.020460599623339022,0.015239574062688752,0.9599047681864351,0.9699806577714,10000000.0,0.0011360052349696757,0.0,0.0,"(32, 32, 0.5499999999999999)"
8,4,1e-05,0.020460599623339022,0.015239574062688752,0.9599047681864351,0.9699806577714,17782794.100389227,0.0008518837474751158,0.0,0.0,"(32, 32, 0.5499999999999999)"
8,4,1e-05,0.020460599623339022,0.015239574062688752,0.9599047681864351,0.9699806577714,31622776.60168379,0.0006388226892560214,0.0,0.0,"(32, 32, 0.5499999999999999)"
8,4,1e-05,0.020460599623339022,0.015239574062688752,0.9599047681864351,0.9699806577714,56234132.51903491,0.00047904943546327725,0.0,0.0,"(32, 32, 0.5499999999999999)"
8,4,1e-05,0.020460599623339022,0.015239574062688752,0.9599047681864351,0.9699806577714,100000000.0,0.00035923639763789367,0.0,0.0,"(32, 32, 0.5499999999999999)"
8,4,1e-05,0.020460599623339022,0.015239574062688752,0.9599047681864351,0.9699806577714,177827941.00389227,0.0002693892943701079,0.0,0.0,"(32, 32, 0.5499999999999999)"
8,4,1e-05,0.020460599623339022,0.015239574062688752,0.9599047681864351,0.9699806577714,316227766.01683795,0.00020201347190430027,0.0,0.0,"(32, 32, 0.5499999999999999)"
8,4,1e-05,0.020460599623339022,0.015239574062688752,0.9599047681864351,0.9699806577714,562341325.1903491,0.00015148873278817953,0.0,0.0,"(32, 32, 0.5499999999999999)"
8,4,1e-05,0.020460599623339022,0.015239574062688752,0.9599047681864351,0.9699806577714,1000000000.0,0.00011360052349696759,0.0,0.0,"(32, 32, 0.5499999999999999)"
8,4,1e-05,0.020460599623339022,0.015239574062688752,0.9599047681864351,0.9699806577714,1778279410.0389228,8.518837474751157e-05,0.0,0.0,"(32, 32, 0.5499999999999999)"
8,4,1e-05,0.020460599623339022,0.015239574062688752,0.9599047681864351,0.9699806577714,3162277660.1683793,6.388226892560213e-05,0.0,0.0,"(32, 32, 0.5499999999999999)"
8,4,1e-05,0.020460599623339022,0.015239574062688752,0.9599047681864351,0.9699806577714,5623413251.903491,4.790494354632773e-05,0.0,0.0,"(32, 32, 0.5499999999999999)"
8,4,1e-05,0.020460599623339022,0.015239574062688752,0.9599047681864351,0.9699806577714,10000000000.0,3.5923639763789364e-05,0.0,0.0,"(32, 32, 0.5499999999999999)"
8,4,1e-05,0.020460599623339022,0.015239574062688752,0.9599047681864351,0.9699806577714,17782794100.38923,2.6938929437010793e-05,0.0,0.0,"(32, 32, 0.5499999999999999)"
8,4,1e-05,0.020460599623339022,0.015239574062688752,0.9599047681864351,0.9699806577714,31622776601.683792,2.020134719043003e-05,0.0,0.0,"(32, 32, 0.5499999999999999)"
8,4,1e-05,0.020460599623339022,0.015239574062688752,0.9599047681864351,0.9699806577714,56234132519.034904,1.5148873278817955e-05,0.0,0.0,"(32, 32, 0.5499999999999999)"
8,4,1e-05,0.020460599623339022,0.015239574062688752,0.9599047681864351,0.9699806577714,100000000000.0,1.1360052349696758e-05,0.0,0.0,"(32, 32, 0.5499999999999999)"
8,4,1e-05,0.020460599623339022,0.015239574062688752,0.9599047681864351,0.9699806577714,177827941003.89227,8.518837474751157e-06,0.0,0.0,"(32, 32, 0.5499999999999999)"
8,4,1e-05,0.020460599623339022,0.015239574062688752,0.9599047681864351,0.9699806577714,316227766016.83795,6.388226892560213e-06,0.0,0.0,"(32, 32, 0.5499999999999999)"
8,4,1e-05,0.020460599623339022,0.015239574062688752,0.9599047681864351,0.9699806577714,562341325190.3491,4.790494354632772e-06,0.0,0.0,"(32, 32, 0.5499999999999999)"
8,4,1e-05,0.020460599623339022,0.015239574062688752,0.9599047681864351,0.9699806577714,1000000000000.0,3.5923639763789366e-06,0.0,0.0,"(32, 32, 0.5499999999999999)"
8,4,0.0,0.0,0.0,1.0,1.0,100.0,0.6572670690061995,0.0,0.0,"(1, 1, 0.49999999999999994)"
8,4,0.0,0.0,0.0,1.0,1.0,177.82794100389228,0.4928807690326646,0.0,0.0,"(1, 1, 0.49999999999999994)"
8,4,0.0,0.0,0.0,1.0,1.0,316.22776601683796,0.2963460277486277,0.0,0.0,"(2, 2, 0.49999999999999994)"
8,4,0.0,0.0,0.0,1.0,1.0,562.341325190349,0.1726311388859673,0.0,0.0,"(4, 4, 0.49999999999999994)"
8,4,0.0,0.0,0.0,1.0,1.0,1000.0,0.09660917830792962,0.0,0.0,"(8, 8, 0.49999999999999994)"
8,4,0.0,0.0,0.0,1.0,1.0,1778.2794100389228,0.05257642293964534,0.0,0.0,"(16, 16, 0.49999999999999994)"
8,4,0.0,0.0,0.0,1.0,1.0,3162.2776601683795,0.028182378928841376,0.0,0.0,"(32, 32, 0.49999999999999994)"
8,4,0.0,0.0,0.0,1.0,1.0,5623.413251903491,0.015001221504596563,0.0,0.0,"(64, 64, 0.49999999999999994)"
8,4,0.0,0.0,0.0,1.0,1.0,10000.0,0.011249329139210472,0.0,0.0,"(64, 64, 0.49999999999999994)"
8,4,0.0,0.0,0.0,1.0,1.0,17782.794100389227,0.005971003387056009,0.0,0.0,"(128, 128, 0.49999999999999994)"
8,4,0.0,0.0,0.0,1.0,1.0,31622.776601683792,0.003166218490044164,0.0,0.0,"(256, 256, 0.49999999999999994)"
8,4,0.0,0.0,0.0,1.0,1.0,56234.13251903491,0.0016785086265856646,0.0,0.0,"(512, 512, 0.49999999999999994)"
8,4,0.0,0.0,0.0,1.0,1.0,100000.0,0.0008898235941986528,0.0,0.0,"(1024, 1024, 0.49999999999999994)"
8,4,0.0,0.0,0.0,1.0,1.0,177827.94100389228,0.00047174777197439945,0.0,0.0,"(2048, 2048, 0.49999999999999994)"
8,4,0.0,0.0,0.0,1.0,1.0,316227.7660168379,0.00035376092246909,0.0,0.0,"(2048, 2048, 0.49999999999999994)"
8,4,0.0,0.0,0.0,1.0,1.0,562341.3251903491,0.0001875607637259351,0.0,0.0,"(4096, 4096, 0.49999999999999994)"
8,4,0.0,0.0,0.0,1.0,1.0,1000000.0,9.944750825610917e-05,0.0,0.0,"(8192, 8192, 0.49999999999999994)"
8,4,0.0,0.0,0.0,1.0,1.0,1778279.410038923,5.273015420128939e-05,0.0,0.0,"(16384, 16384, 0.49999999999999994)"
8,4,0.0,0.0,0.0,1.0,1.0,3162277.6601683795,2.7959696356366715e-05,0.0,0.0,"(32768, 32768, 0.49999999999999994)"
8,4,0.0,0.0,0.0,1.0,1.0,5623413.251903491,1.4825550454934424e-05,0.0,0.0,"(65536, 65536, 0.49999999999999994)"
8,4,0.0,0.0,0.0,1.0,1.0,10000000.0,1.1117594436321483e-05,0.0,0.0,"(65536, 65536, 0.49999999999999994)"
8,4,0.0,0.0,0.0,1.0,1.0,17782794.100389227,5.895112563511852e-06,0.0,0.0,"(131072, 131072, 0.49999999999999994)"
8,4,0.0,0.0,0.0,1.0,1.0,31622776.60168379,3.1258996616819716e-06,0.0,0.0,"(262144, 262144, 0.49999999999999994)"
8,4,0.0,0.0,0.0,1.0,1.0,56234132.51903491,1.6575204552821981e-06,0.0,0.0,"(524288, 524288, 0.49999999999999994)"
8,4,0.0,0.0,0.0,1.0,1.0,100000000.0,8.789077168284839e-07,0.0,0.0,"(1048576, 1048576, 0.49999999999999994)"
8,4,0.0,0.0,0.0,1.0,1.0,177827941.00389227,6.590878073872899e-07,0.0,0.0,"(1048576, 1048576, 0.49999999999999994)"
8,4,0.0,0.0,0.0,1.0,1.0,316227766.01683795,4.942461302013536e-07,0.0,0.0,"(1048576, 1048576, 0.49999999999999994)"
8,4,0.0,0.0,0.0,1.0,1.0,562341325.1903491,3.706323110229701e-07,0.0,0.0,"(1048576, 1048576, 0.49999999999999994)"
8,4,0.0,0.0,0.0,1.0,1.0,1000000000.0,2.7793502382763103e-07,0.0,0.0,"(1048576, 1048576, 0.49999999999999994)"
8,4,0.0,0.0,0.0,1.0,1.0,1778279410.0389228,2.0842186493901863e-07,0.0,0.0,"(1048576, 1048576, 0.49999999999999994)"
8,4,0.0,0.0,0.0,1.0,1.0,3162277660.1683793,1.5629434961604127e-07,0.0,0.0,"(1048576, 1048576, 0.49999999999999994)"
8,4,0.0,0.0,0.0,1.0,1.0,5623413251.903491,1.172042277284517e-07,0.0,0.0,"(1048576, 1048576, 0.49999999999999994)"
8,4,0.0,0.0,0.0,1.0,1.0,10000000000.0,8.789077168284837e-08,0.0,0.0,"(1048576, 1048576, 0.49999999999999994)"
8,4,0.0,0.0,0.0,1.0,1.0,17782794100.38923,6.590878073872898e-08,0.0,0.0,"(1048576, 1048576, 0.49999999999999994)"
8,4,0.0,0.0,0.0,1.0,1.0,31622776601.683792,4.942461302013536e-08,0.0,0.0,"(1048576, 1048576, 0.49999999999999994)"
8,4,0.0,0.0,0.0,1.0,1.0,56234132519.034904,3.706323110229701e-08,0.0,0.0,"(1048576, 1048576, 0.49999999999999994)"
8,4,0.0,0.0,0.0,1.0,1.0,100000000000.0,2.7793502382763105e-08,0.0,0.0,"(1048576, 1048576, 0.49999999999999994)"
8,4,0.0,0.0,0.0,1.0,1.0,177827941003.89227,2.0842186493901866e-08,0.0,0.0,"(1048576, 1048576, 0.49999999999999994)"
8,4,0.0,0.0,0.0,1.0,1.0,316227766016.83795,1.5629434961604126e-08,0.0,0.0,"(1048576, 1048576, 0.49999999999999994)"
8,4,0.0,0.0,0.0,1.0,1.0,562341325190.3491,1.1720422772845168e-08,0.0,0.0,"(1048576, 1048576, 0.49999999999999994)"
8,4,0.0,0.0,0.0,1.0,1.0,1000000000000.0,8.789077168284838e-09,0.0,0.0,"(1048576, 1048576, 0.49999999999999994)"
10,4,0.01,27.51244288612614,19.108221929433835,1.267639436625731e-24,2.52818770021502e-17,100.0,161923995438.34677,0.194592564003457,1.2017524856440992e-12,"(0, 0, 0.85)"
10,4,0.01,27.51244288612614,19.108221929433835,1.267639436625731e-24,2.52818770021502e-17,177.82794100389228,118004738239.56361,0.1459238369253477,1.236593030943427e-12,"(0, 0, 0.9)"
10,4,0.01,27.51244288612614,19.108221929433835,1.267639436625731e-24,2.52818770021502e-17,316.22776601683796,86130898337.25008,0.10942744031389184,1.2704783350270298e-12,"(0, 0, 0.95)"
10,4,0.01,27.51244288612614,19.108221929433835,1.267639436625731e-24,2.52818770021502e-17,562.341325190349,64589061907.70628,0.08205900383346043,1.2704783350270298e-12,"(0, 0, 0.95)"
10,4,0.01,27.51244288612614,19.108221929433835,1.267639436625731e-24,2.52818770021502e-17,1000.0,48434963510.80444,0.06153557179830177,1.2704783350270298e-12,"(0, 0, 0.95)"
10,4,0.01,27.51244288612614,19.108221929433835,1.267639436625731e-24,2.52818770021502e-17,1778.2794100389228,36321098665.98105,0.046145168959508064,1.2704783350270296e-12,"(0, 0, 0.95)"
10,4,0.01,27.51244288612614,19.108221929433835,1.267639436625731e-24,2.52818770021502e-17,3162.2776601683795,27236981566.21197,0.03460399499140289,1.2704783350270298e-12,"(0, 0, 0.95)"
10,4,0.01,27.51244288612614,19.108221929433835,1.267639436625731e-24,2.52818770021502e-17,5623.413251903491,20424854756.1972,0.025949335463822328,1.2704783350270298e-12,"(0, 0, 0.95)"
10,4,0.01,27.51244288612614,19.108221929433835,1.267639436625731e-24,2.52818770021502e-17,10000.0,15316480308.128752,0.019459256400345702,1.2704783350270296e-12,"(0, 0, 0.95)"
10,4,0.01,27.51244288612614,19.108221929433835,1.267639436625731e-24,2.52818770021502e-17,17782.794100389227,11485739890.420338,0.014592383692534771,1.27047833502703e-12,"(0, 0, 0.95)"
10,4,0.01,27.51244288612614,19.108221929433835,1.267639436625731e-24,2.52818770021502e-17,31622.776601683792,8613089833.725008,0.010942744031389184,1.2704783350270296e-12,"(0, 0, 0.95)"
10,4,0.01,27.51244288612614,19.108221929433835,1.267639436625731e-24,2.52818770021502e-17,56234.13251903491,6458906190.770628,0.008205900383346043,1.2704783350270298e-12,"(0, 0, 0.95)"
10,4,0.01,27.51244288612614,19.108221929433835,1.267639436625731e-24,2.52818770021502e-17,100000.0,4843496351.080444,0.006153557179830176,1.2704783350270296e-12,"(0, 0, 0.95)"
10,4,0.01,27.51244288612614,19.108221929433835,1.267639436625731e-24,2.52818770021502e-17,177827.94100389228,3632109866.5981045,0.004614516895950807,1.27047833502703e-12,"(0, 0, 0.95)"
10,4,0.01,27.51244288612614,19.108221929433835,1.267639436625731e-24,2.52818770021502e-17,316227.7660168379,2723698156.6211977,0.003460399499140289,1.2704783350270296e-12,"(0, 0, 0.95)"
10,4,0.01,27.51244288612614,19.108221929433835,1.267639436625731e-24,2.52818770021502e-17,562341.3251903491,2042485475.61972,0.0025949335463822326,1.2704783350270298e-12,"(0, 0, 0.95)"
10,4,0.01,27.51244288612614,19.108221929433835,1.267639436625731e-24,2.52818770021502e-17,1000000.0,1531648030.8128753,0.00194592564003457,1.2704783350270294e-12,"(0, 0, 0.95)"
10,4,0.01,27.51244288612614,19.108221929433835,1.267639436625731e-24,2.52818770021502e-17,1778279.410038923,1148573989.042034,0.0014592383692534768,1.2704783350270294e-12,"(0, 0, 0.95)"
10,4,0.01,27.51244288612614,19.108221929433835,1.267639436625731e-24,2.52818770021502e-17,3162277.6601683795,861308983.3725008,0.0010942744031389184,1.2704783350270298e-12,"(0, 0, 0.95)"
10,4,0.01,27.51244288612614,19.108221929433835,1.267639436625731e-24,2.52818770021502e-17,5623413.251903491,645890619.0770627,0.0008205900383346042,1.2704783350270298e-12,"(0, 0, 0.95)"
10,4,0.01,27.51244288612614,19.108221929433835,1.267639436625731e-24,2.52818770021502e-17,10000000.0,484349635.10804445,0.0006153557179830176,1.2704783350270296e-12,"(0, 0, 0.95)"
10,4,0.01,27.51244288612614,19.108221929433835,1.267639436625731e-24,2.52818770021502e-17,17782794.100389227,363210986.6598105,0.00046145168959508073,1.2704783350270298e-12,"(0, 0, 0.95)"
10,4,0.01,27.51244288612614,19.108221929433835,1.267639436625731e-24,2.52818770021502e-17,31622776.60168379,272369815.66211975,0.00034603994991402886,1.2704783350270296e-12,"(0, 0, 0.95)"
10,4,0.01,27.51244288612614,19.108221929433835,1.267639436625731e-24,2.52818770021502e-17,56234132.51903491,204248547.56197202,0.00025949335463822326,1.2704783350270296e-12,"(0, 0, 0.95)"
10,4,0.01,27.51244288612614,19.108221929433835,1.267639436625731e-24,2.52818770021502e-17,100000000.0,153164803.0812875,0.00019459256400345703,1.2704783350270298e-12,"(0, 0, 0.95)"
10,4,0.01,27.51244288612614,19.108221929433835,1.267639436625731e-24,2.52818770021502e-17,177827941.00389227,114857398.90420339,0.00014592383692534772,1.2704783350270298e-12,"(0, 0, 0.95)"
10,4,0.01,27.51244288612614,19.108221929433835,1.267639436625731e-24,2.52818770021502e-17,316227766.01683795,86130898.33725008,0.00010942744031389183,1.2704783350270296e-12,"(0, 0, 0.95)"
10,4,0.01,27.51244288612614,19.108221929433835,1.267639436625731e-24,2.52818770021502e-17,562341325.1903491,64589061.907706276,8.205900383346041e-05,1.2704783350270296e-12,"(0, 0, 0.95)"
10,4,0.01,27.51244288612614,19.108221929433835,1.267639436625731e-24,2.52818770021502e-17,1000000000.0,48434963.51080444,6.153557179830177e-05,1.27047833502703e-12,"(0, 0, 0.95)"
10,4,0.01,27.51244288612614,19.108221929433835,1.267639436625731e-24,2.52818770021502e-17,1778279410.0389228,36321098.66598105,4.6145168959508066e-05,1.2704783350270296e-12,"(0, 0, 0.95)"
10,4,0.01,27.51244288612614,19.108221929433835,1.267639436625731e-24,2.52818770021502e-17,3162277660.1683793,27236981.566211972,3.460399499140289e-05,1.2704783350270298e-12,"(0, 0, 0.95)"
10,4,0.01,27.51244288612614,19.108221929433835,1.267639436625731e-24,2.52818770021502e-17,5623413251.903491,20424854.756197203,2.5949335463822328e-05,1.2704783350270296e-12,"(0, 0, 0.95)"
10,4,0.01,27.51244288612614,19.108221929433835,1.267639436625731e-24,2.52818770021502e-17,10000000000.0,15316480.308128752,1.9459256400345703e-05,1.2704783350270296e-12,"(0, 0, 0.95)"
10,4,0.01,27.51244288612614,19.108221929433835,1.267639436625731e-24,2.52818770021502e-17,17782794100.38923,11485739.890420338,1.459238369253477e-05,1.2704783350270298e-12,"(0, 0, 0.95)"
10,4,0.01,27.51244288612614,19.108221929433835,1.267639436625731e-24,2.52818770021502e-17,31622776601.683792,8613089.833725007,1.0942744031389184e-05,1.2704783350270298e-12,"(0, 0, 0.95)"
10,4,0.01,27.51244288612614,19.108221929433835,1.267639436625731e-24,2.52818770021502e-17,56234132519.034904,6458906.190770628,8.205900383346042e-06,1.2704783350270296e-12,"(0, 0, 0.95)"
10,4,0.01,27.51244288612614,19.108221929433835,1.267639436625731e-24,2.52818770021502e-17,100000000000.0,4843496.351080445,6.153557179830177e-06,1.2704783350270296e-12,"(0, 0, 0.95)"
10,4,0.01,27.51244288612614,19.108221929433835,1.267639436625731e-24,2.52818770021502e-17,177827941003.89227,3632109.866598105,4.614516895950807e-06,1.2704783350270296e-12,"(0, 0, 0.95)"
10,4,0.01,27.51244288612614,19.108221929433835,1.267639436625731e-24,2.52818770021502e-17,316227766016.83795,2723698.1566211972,3.4603994991402885e-06,1.2704783350270296e-12,"(0, 0, 0.95)"
10,4,0.01,27.51244288612614,19.108221929433835,1.267639436625731e-24,2.52818770021502e-17,562341325190.3491,2042485.4756197203,2.5949335463822328e-06,1.2704783350270296e-12,"(0, 0, 0.95)"
10,4,0.01,27.51244288612614,19.108221929433835,1.267639436625731e-24,2.52818770021502e-17,1000000000000.0,1531648.0308128751,1.94592564003457e-06,1.2704783350270296e-12,"(0, 0, 0.95)"
10,4,0.001,2.739181402614837,1.9024716650127533,0.00417616129348161,0.022260458629936083,100.0,4.107587036090749,0.194592564003457,0.04737393566921314,"(0, 0, 0.7)"
10,4,0.001,2.739181402614837,1.9024716650127533,0.00417616129348161,0.022260458629936083,177.82794100389228,3.0802557326935176,0.1459238369253477,0.04737393566921314,"(0, 0, 0.7)"
10,4,0.001,2.739181402614837,1.9024716650127533,0.00417616129348161,0.022260458629936083,316.22776601683796,2.3098659372099695,0.10942744031389184,0.047373935669213156,"(0, 0, 0.7)"
10,4,0.001,2.739181402614837,1.9024716650127533,0.00417616129348161,0.022260458629936083,562.341325190349,1.7321550906480423,0.08205900383346043,0.04737393566921315,"(0, 0, 0.7)"
10,4,0.001,2.739181402614837,1.9024716650127533,0.00417616129348161,0.022260458629936083,1000.0,1.2989330721427021,0.06153557179830177,0.04737393566921314,"(0, 0, 0.7)"
10,4,0.001,2.739181402614837,1.9024716650127533,0.00417616129348161,0.022260458629936083,1778.2794100389228,0.9740623891102294,0.046145168959508064,0.04737393566921314,"(0, 0, 0.7)"
10,4,0.001,2.739181402614837,1.9024716650127533,0.00417616129348161,0.022260458629936083,3162.2776601683795,0.7304437451222983,0.03460399499140289,0.047373935669213156,"(0, 0, 0.7)"
10,4,0.001,2.739181402614837,1.9024716650127533,0.00417616129348161,0.022260458629936083,5623.413251903491,0.5477555347103238,0.025949335463822328,0.04737393566921315,"(0, 0, 0.7)"
10,4,0.001,2.739181402614837,1.9024716650127533,0.00417616129348161,0.022260458629936083,10000.0,0.41075870360907485,0.019459256400345702,0.04737393566921315,"(0, 0, 0.7)"
10,4,0.001,2.739181402614837,1.9024716650127533,0.00417616129348161,0.022260458629936083,17782.794100389227,0.30802557326935176,0.014592383692534771,0.04737393566921315,"(0, 0, 0.7)"
10,4,0.001,2.739181402614837,1.9024716650127533,0.00417616129348161,0.022260458629936083,31622.776601683792,0.23098659372099697,0.010942744031389184,0.04737393566921314,"(0, 0, 0.7)"
10,4,0.001,2.739181402614837,1.9024716650127533,0.00417616129348161,0.022260458629936083,56234.13251903491,0.17321550906480424,0.008205900383346043,0.04737393566921315,"(0, 0, 0.7)"
10,4,0.001,2.739181402614837,1.9024716650127533,0.00417616129348161,0.022260458629936083,100000.0,0.1298933072142702,0.006153557179830176,0.04737393566921315,"(0, 0, 0.7)"
10,4,0.001,2.739181402614837,1.9024716650127533,0.00417616129348161,0.022260458629936083,177827.94100389228,0.09740623891102293,0.004614516895950807,0.047373935669213156,"(0, 0, 0.7)"
10,4,0.001,2.739181402614837,1.9024716650127533,0.00417616129348161,0.022260458629936083,316227.7660168379,0.07304437451222984,0.003460399499140289,0.04737393566921315,"(0, 0, 0.7)"
10,4,0.001,2.739181402614837,1.9024716650127533,0.00417616129348161,0.022260458629936083,562341.3251903491,0.05477555347103238,0.0025949335463822326,0.04737393566921314,"(0, 0, 0.7)"
10,4,0.001,2.739181402614837,1.9024716650127533,0.00417616129348161,0.022260458629936083,1000000.0,0.041075870360907485,0.00194592564003457,0.04737393566921314,"(0, 0, 0.7)"
10,4,0.001,2.739181402614837,1.9024716650127533,0.00417616129348161,0.022260458629936083,1778279.410038923,0.030802557326935178,0.0014592383692534768,0.047373935669213135,"(0, 0, 0.7)"
10,4,0.001,2.739181402614837,1.9024716650127533,0.00417616129348161,0.022260458629936083,3162277.6601683795,0.023098659372099695,0.0010942744031389184,0.04737393566921315,"(0, 0, 0.7)"
10,4,0.001,2.739181402614837,1.9024716650127533,0.00417616129348161,0.022260458629936083,5623413.251903491,0.017321550906480424,0.0008205900383346042,0.04737393566921314,"(0, 0, 0.7)"
10,4,0.001,2.739181402614837,1.9024716650127533,0.00417616129348161,0.022260458629936083,10000000.0,0.01298933072142702,0.0006153557179830176,0.04737393566921315,"(0, 0, 0.7)"
10,4,0.001,2.739181402614837,1.9024716650127533,0.00417616129348161,0.022260458629936083,17782794.100389227,0.009740623891102295,0.00046145168959508073,0.04737393566921314,"(0, 0, 0.7)"
10,4,0.001,2.739181402614837,1.9024716650127533,0.00417616129348161,0.022260458629936083,31622776.60168379,0.007304437451222984,0.00034603994991402886,0.04737393566921314,"(0, 0, 0.7)"
10,4,0.001,2.739181402614837,1.9024716650127533,0.00417616129348161,0.022260458629936083,56234132.51903491,0.005477555347103238,0.00025949335463822326,0.04737393566921314,"(0, 0, 0.7)"
10,4,0.001,2.739181402614837,1.9024716650127533,0.00417616129348161,0.022260458629936083,100000000.0,0.004107587036090749,0.00019459256400345703,0.04737393566921315,"(0, 0, 0.7)"
10,4,0.001,2.739181402614837,1.9024716650127533,0.00417616129348161,0.022260458629936083,177827941.00389227,0.0030802557326935175,0.00014592383692534772,0.04737393566921315,"(0, 0, 0.7)"
10,4,0.001,2.739181402614837,1.9024716650127533,0.00417616129348161,0.022260458629936083,316227766.01683795,0.0023098659372099697,0.00010942744031389183,0.04737393566921314,"(0, 0, 0.7)"
10,4,0.001,2.739181402614837,1.9024716650127533,0.00417616129348161,0.022260458629936083,562341325.1903491,0.0017321550906480422,8.205900383346041e-05,0.04737393566921314,"(0, 0, 0.7)"
10,4,0.001,2.739181402614837,1.9024716650127533,0.00417616129348161,0.022260458629936083,1000000000.0,0.001298933072142702,6.153557179830177e-05,0.047373935669213156,"(0, 0, 0.7)"
10,4,0.001,2.739181402614837,1.9024716650127533,0.00417616129348161,0.022260458629936083,1778279410.0389228,0.0009740623891102293,4.6145168959508066e-05,0.04737393566921314,"(0, 0, 0.7)"
10,4,0.001,2.739181402614837,1.9024716650127533,0.00417616129348161,0.022260458629936083,3162277660.1683793,0.0007304437451222984,3.460399499140289e-05,0.04737393566921315,"(0, 0, 0.7)"
10,4,0.001,2.739181402614837,1.9024716650127533,0.00417616129348161,0.022260458629936083,5623413251.903491,0.0005477555347103238,2.5949335463822328e-05,0.04737393566921315,"(0, 0, 0.7)"
10,4,0.001,2.739181402614837,1.9024716650127533,0.00417616129348161,0.022260458629936083,10000000000.0,0.00041075870360907487,1.9459256400345703e-05,0.04737393566921315,"(0, 0, 0.7)"
10,4,0.001,2.739181402614837,1.9024716650127533,0.00417616129348161,0.022260458629936083,17782794100.38923,0.00030802557326935177,1.459238369253477e-05,0.04737393566921314,"(0, 0, 0.7)"
10,4,0.001,2.739181402614837,1.9024716650127533,0.00417616129348161,0.022260458629936083,31622776601.683792,0.00023098659372099695,1.0942744031389184e-05,0.04737393566921315,"(0, 0, 0.7)"
10,4,0.001,2.739181402614837,1.9024716650127533,0.00417616129348161,0.022260458629936083,56234132519.034904,0.00017321550906480425,8.205900383346042e-06,0.047373935669213135,"(0, 0, 0.7)"
10,4,0.001,2.739181402614837,1.9024716650127533,0.00417616129348161,0.022260458629936083,100000000000.0,0.0001298933072142702,6.153557179830177e-06,0.04737393566921315,"(0, 0, 0.7)"
10,4,0.001,2.739181402614837,1.9024716650127533,0.00417616129348161,0.022260458629936083,177827941003.89227,9.740623891102295e-05,4.614516895950807e-06,0.04737393566921314,"(0, 0, 0.7)"
10,4,0.001,2.739181402614837,1.9024716650127533,0.00417616129348161,0.022260458629936083,316227766016.83795,7.304437451222984e-05,3.4603994991402885e-06,0.04737393566921314,"(0, 0, 0.7)"
10,4,0.001,2.739181402614837,1.9024716650127533,0.00417616129348161,0.022260458629936083,562341325190.3491,5.4775553471032375e-05,2.5949335463822328e-06,0.04737393566921315,"(0, 0, 0.7)"
10,4,0.001,2.739181402614837,1.9024716650127533,0.00417616129348161,0.022260458629936083,1000000000000.0,4.107587036090749e-05,1.94592564003457e-06,0.04737393566921314,"(0, 0, 0.7)"
10,4,0.0001,0.27379830605944944,0.19016421113704918,0.5783381122083855,0.6836368507701898,100.0,0.6627207362809768,0.194592564003457,0.29362679232803524,"(1, 1, 0.5499999999999999)"
10,4,0.0001,0.27379830605944944,0.19016421113704918,0.5783381122083855,0.6836368507701898,177.82794100389228,0.4969704425416461,0.1459238369253477,0.29362679232803524,"(1, 1, 0.5499999999999999)"
10,4,0.0001,0.27379830605944944,0.19016421113704918,0.5783381122083855,0.6836368507701898,316.22776601683796,0.37267525707136834,0.10942744031389184,0.2936267923280353,"(1, 1, 0.5499999999999999)"
10,4,0.0001,0.27379830605944944,0.19016421113704918,0.5783381122083855,0.6836368507701898,562.341325190349,0.2794670172393035,0.08205900383346043,0.2936267923280353,"(1, 1, 0.5499999999999999)"
10,4,0.0001,0.27379830605944944,0.19016421113704918,0.5783381122083855,0.6836368507701898,1000.0,0.20957069792716726,0.06153557179830177,0.29362679232803535,"(1, 1, 0.5499999999999999)"
10,4,0.0001,0.27379830605944944,0.19016421113704918,0.5783381122083855,0.6836368507701898,1778.2794100389228,0.15715585282134403,0.046145168959508064,0.2936267923280353,"(1, 1, 0.5499999999999999)"
10,4,0.0001,0.27379830605944944,0.19016421113704918,0.5783381122083855,0.6836368507701898,3162.2776601683795,0.11785026399342959,0.03460399499140289,0.29362679232803535,"(1, 1, 0.5499999999999999)"
10,4,0.0001,0.27379830605944944,0.19016421113704918,0.5783381122083855,0.6836368507701898,5623.413251903491,0.08837523053697408,0.025949335463822328,0.2936267923280353,"(1, 1, 0.5499999999999999)"
10,4,0.0001,0.27379830605944944,0.19016421113704918,0.5783381122083855,0.6836368507701898,10000.0,0.06627207362809767,0.019459256400345702,0.29362679232803535,"(1, 1, 0.5499999999999999)"
10,4,0.0001,0.27379830605944944,0.19016421113704918,0.5783381122083855,0.6836368507701898,17782.794100389227,0.0496970442541646,0.014592383692534771,0.29362679232803535,"(1, 1, 0.5499999999999999)"
10,4,0.0001,0.27379830605944944,0.19016421113704918,0.5783381122083855,0.6836368507701898,31622.776601683792,0.03726752570713683,0.010942744031389184,0.2936267923280353,"(1, 1, 0.5499999999999999)"
10,4,0.0001,0.27379830605944944,0.19016421113704918,0.5783381122083855,0.6836368507701898,56234.13251903491,0.027946701723930347,0.008205900383346043,0.29362679232803535,"(1, 1, 0.5499999999999999)"
10,4,0.0001,0.27379830605944944,0.19016421113704918,0.5783381122083855,0.6836368507701898,100000.0,0.020957069792716727,0.006153557179830176,0.2936267923280353,"(1, 1, 0.5499999999999999)"
10,4,0.0001,0.27379830605944944,0.19016421113704918,0.5783381122083855,0.6836368507701898,177827.94100389228,0.015715585282134403,0.004614516895950807,0.29362679232803535,"(1, 1, 0.5499999999999999)"
10,4,0.0001,0.27379830605944944,0.19016421113704918,0.5783381122083855,0.6836368507701898,316227.7660168379,0.011785026399342959,0.003460399499140289,0.29362679232803535,"(1, 1, 0.5499999999999999)"
10,4,0.0001,0.27379830605944944,0.19016421113704918,0.5783381122083855,0.6836368507701898,562341.3251903491,0.008837523053697406,0.0025949335463822326,0.2936267923280353,"(1, 1, 0.5499999999999999)"
10,4,0.0001,0.27379830605944944,0.19016421113704918,0.5783381122083855,0.6836368507701898,1000000.0,0.006627207362809768,0.00194592564003457,0.2936267923280353,"(1, 1, 0.5499999999999999)"
10,4,0.0001,0.27379830605944944,0.19016421113704918,0.5783381122083855,0.6836368507701898,1778279.410038923,0.00496970442541646,0.0014592383692534768,0.2936267923280353,"(1, 1, 0.5499999999999999)"
10,4,0.0001,0.27379830605944944,0.19016421113704918,0.5783381122083855,0.6836368507701898,3162277.6601683795,0.003726752570713683,0.0010942744031389184,0.29362679232803535,"(1, 1, 0.5499999999999999)"
10,4,0.0001,0.27379830605944944,0.19016421113704918,0.5783381122083855,0.6836368507701898,5623413.251903491,0.0027946701723930347,0.0008205900383346042,0.2936267923280353,"(1, 1, 0.5499999999999999)"
10,4,0.0001,0.27379830605944944,0.19016421113704918,0.5783381122083855,0.6836368507701898,10000000.0,0.002095706979271673,0.0006153557179830176,0.29362679232803524,"(1, 1, 0.5499999999999999)"
10,4,0.0001,0.27379830605944944,0.19016421113704918,0.5783381122083855,0.6836368507701898,17782794.100389227,0.0015715585282134405,0.00046145168959508073,0.29362679232803535,"(1, 1, 0.5499999999999999)"
10,4,0.0001,0.27379830605944944,0.19016421113704918,0.5783381122083855,0.6836368507701898,31622776.60168379,0.0011785026399342958,0.00034603994991402886,0.29362679232803535,"(1, 1, 0.5499999999999999)"
10,4,0.0001,0.27379830605944944,0.19016421113704918,0.5783381122083855,0.6836368507701898,56234132.51903491,0.0008837523053697407,0.00025949335463822326,0.2936267923280353,"(1, 1, 0.5499999999999999)"
10,4,0.0001,0.27379830605944944,0.19016421113704918,0.5783381122083855,0.6836368507701898,100000000.0,0.0006627207362809768,0.00019459256400345703,0.2936267923280353,"(1, 1, 0.5499999999999999)"
10,4,0.0001,0.27379830605944944,0.19016421113704918,0.5783381122083855,0.6836368507701898,177827941.00389227,0.000496970442541646,0.00014592383692534772,0.29362679232803535,"(1, 1, 0.5499999999999999)"
10,4,0.0001,0.27379830605944944,0.19016421113704918,0.5783381122083855,0.6836368507701898,316227766.01683795,0.0003726752570713683,0.00010942744031389183,0.2936267923280353,"(1, 1, 0.5499999999999999)"
10,4,0.0001,0.27379830605944944,0.19016421113704918,0.5783381122083855,0.6836368507701898,562341325.1903491,0.00027946701723930345,8.205900383346041e-05,0.2936267923280353,"(1, 1, 0.5499999999999999)"
10,4,0.0001,0.27379830605944944,0.19016421113704918,0.5783381122083855,0.6836368507701898,1000000000.0,0.00020957069792716727,6.153557179830177e-05,0.29362679232803535,"(1, 1, 0.5499999999999999)"
10,4,0.0001,0.27379830605944944,0.19016421113704918,0.5783381122083855,0.6836368507701898,1778279410.0389228,0.00015715585282134403,4.6145168959508066e-05,0.2936267923280353,"(1, 1, 0.5499999999999999)"
10,4,0.0001,0.27379830605944944,0.19016421113704918,0.5783381122083855,0.6836368507701898,3162277660.1683793,0.00011785026399342958,3.460399499140289e-05,0.29362679232803535,"(1, 1, 0.5499999999999999)"
10,4,0.0001,0.27379830605944944,0.19016421113704918,0.5783381122083855,0.6836368507701898,5623413251.903491,8.837523053697407e-05,2.5949335463822328e-05,0.2936267923280353,"(1, 1, 0.5499999999999999)"
10,4,0.0001,0.27379830605944944,0.19016421113704918,0.5783381122083855,0.6836368507701898,10000000000.0,6.627207362809767e-05,1.9459256400345703e-05,0.29362679232803535,"(1, 1, 0.5499999999999999)"
10,4,0.0001,0.27379830605944944,0.19016421113704918,0.5783381122083855,0.6836368507701898,17782794100.38923,4.9697044254164605e-05,1.459238369253477e-05,0.2936267923280353,"(1, 1, 0.5499999999999999)"
10,4,0.0001,0.27379830605944944,0.19016421113704918,0.5783381122083855,0.6836368507701898,31622776601.683792,3.7267525707136833e-05,1.0942744031389184e-05,0.2936267923280353,"(1, 1, 0.5499999999999999)"
10,4,0.0001,0.27379830605944944,0.19016421113704918,0.5783381122083855,0.6836368507701898,56234132519.034904,2.794670172393035e-05,8.205900383346042e-06,0.29362679232803524,"(1, 1, 0.5499999999999999)"
10,4,0.0001,0.27379830605944944,0.19016421113704918,0.5783381122083855,0.6836368507701898,100000000000.0,2.0957069792716727e-05,6.153557179830177e-06,0.2936267923280353,"(1, 1, 0.5499999999999999)"
10,4,0.0001,0.27379830605944944,0.19016421113704918,0.5783381122083855,0.6836368507701898,177827941003.89227,1.5715585282134404e-05,4.614516895950807e-06,0.2936267923280353,"(1, 1, 0.5499999999999999)"
10,4,0.0001,0.27379830605944944,0.19016421113704918,0.5783381122083855,0.6836368507701898,316227766016.83795,1.1785026399342959e-05,3.4603994991402885e-06,0.2936267923280353,"(1, 1, 0.5499999999999999)"
10,4,0.0001,0.27379830605944944,0.19016421113704918,0.5783381122083855,0.6836368507701898,562341325190.3491,8.837523053697406e-06,2.5949335463822328e-06,0.29362679232803535,"(1, 1, 0.5499999999999999)"
10,4,0.0001,0.27379830605944944,0.19016421113704918,0.5783381122083855,0.6836368507701898,1000000000000.0,6.627207362809768e-06,1.94592564003457e-06,0.2936267923280353,"(1, 1, 0.5499999999999999)"
10,4,1e-05,0.027378633052538254,0.019015592105797535,0.9467149198655213,0.9626829199152381,100.0,0.4485614026219923,0.194592564003457,0.43381477511439465,"(1, 1, 0.5499999999999999)"
10,4,1e-05,0.027378633052538254,0.019015592105797535,0.9467149198655213,0.9626829199152381,177.82794100389228,0.3363735983562763,0.1459238369253477,0.4338147751143946,"(1, 1, 0.5499999999999999)"
10,4,1e-05,0.027378633052538254,0.019015592105797535,0.9467149198655213,0.9626829199152381,316.22776601683796,0.2261356407467768,0.10942744031389184,0.48390178546170437,"(2, 2, 0.5499999999999999)"
10,4,1e-05,0.027378633052538254,0.019015592105797535,0.9467149198655213,0.9626829199152381,562.341325190349,0.16957780751969248,0.08205900383346043,0.48390178546170437,"(2, 2, 0.5499999999999999)"
10,4,1e-05,0.027378633052538254,0.019015592105797535,0.9467149198655213,0.9626829199152381,1000.0,0.0867469766100432,0.06153557179830177,0.7093684898659331,"(8, 8, 0.5499999999999999)"
10,4,1e-05,0.027378633052538254,0.019015592105797535,0.9467149198655213,0.9626829199152381,1778.2794100389228,0.06505105543696939,0.046145168959508064,0.7093684898659329,"(8, 8, 0.5499999999999999)"
10,4,1e-05,0.027378633052538254,0.019015592105797535,0.9467149198655213,0.9626829199152381,3162.2776601683795,0.04457398855047143,0.03460399499140289,0.7763270938211094,"(32, 32, 0.5499999999999999)"
10,4,1e-05,0.027378633052538254,0.019015592105797535,0.9467149198655213,0.9626829199152381,5623.413251903491,0.03342577590084971,0.025949335463822328,0.7763270938211093,"(32, 32, 0.5499999999999999)"
10,4,1e-05,0.027378633052538254,0.019015592105797535,0.9467149198655213,0.9626829199152381,10000.0,0.025065795790491553,0.019459256400345702,0.7763270938211093,"(32, 32, 0.5499999999999999)"
10,4,1e-05,0.027378633052538254,0.019015592105797535,0.9467149198655213,0.9626829199152381,17782.794100389227,0.018796695115599463,0.014592383692534771,0.7763270938211093,"(32, 32, 0.5499999999999999)"
10,4,1e-05,0.027378633052538254,0.019015592105797535,0.9467149198655213,0.9626829199152381,31622.776601683792,0.014095532821775694,0.010942744031389184,0.7763270938211092,"(32, 32, 0.5499999999999999)"
10,4,1e-05,0.027378633052538254,0.019015592105797535,0.9467149198655213,0.9626829199152381,56234.13251903491,0.010570158440505161,0.008205900383346043,0.7763270938211094,"(32, 32, 0.5499999999999999)"
10,4,1e-05,0.027378633052538254,0.019015592105797535,0.9467149198655213,0.9626829199152381,100000.0,0.007926500606261403,0.006153557179830176,0.7763270938211093,"(32, 32, 0.5499999999999999)"
10,4,1e-05,0.027378633052538254,0.019015592105797535,0.9467149198655213,0.9626829199152381,177827.94100389228,0.005944036904905627,0.004614516895950807,0.7763270938211094,"(32, 32, 0.5499999999999999)"
10,4,1e-05,0.027378633052538254,0.019015592105797535,0.9467149198655213,0.9626829199152381,316227.7660168379,0.004457398855047144,0.003460399499140289,0.7763270938211092,"(32, 32, 0.5499999999999999)"
10,4,1e-05,0.027378633052538254,0.019015592105797535,0.9467149198655213,0.9626829199152381,562341.3251903491,0.003342577590084971,0.0025949335463822326,0.7763270938211092,"(32, 32, 0.5499999999999999)"
10,4,1e-05,0.027378633052538254,0.019015592105797535,0.9467149198655213,0.9626829199152381,1000000.0,0.002506579579049155,0.00194592564003457,0.7763270938211093,"(32, 32, 0.5499999999999999)"
10,4,1e-05,0.027378633052538254,0.019015592105797535,0.9467149198655213,0.9626829199152381,1778279.410038923,0.0018796695115599461,0.0014592383692534768,0.7763270938211092,"(32, 32, 0.5499999999999999)"
10,4,1e-05,0.027378633052538254,0.019015592105797535,0.9467149198655213,0.9626829199152381,3162277.6601683795,0.0014095532821775693,0.0010942744031389184,0.7763270938211093,"(32, 32, 0.5499999999999999)"
10,4,1e-05,0.027378633052538254,0.019015592105797535,0.9467149198655213,0.9626829199152381,5623413.251903491,0.0010570158440505162,0.0008205900383346042,0.7763270938211093,"(32, 32, 0.5499999999999999)"
10,4,1e-05,0.027378633052538254,0.019015592105797535,0.9467149198655213,0.9626829199152381,10000000.0,0.0007926500606261404,0.0006153557179830176,0.7763270938211092,"(32, 32, 0.5499999999999999)"
10,4,1e-05,0.027378633052538254,0.019015592105797535,0.9467149198655213,0.9626829199152381,17782794.100389227,0.0005944036904905627,0.00046145168959508073,0.7763270938211094,"(32, 32, 0.5499999999999999)"
10,4,1e-05,0.027378633052538254,0.019015592105797535,0.9467149198655213,0.9626829199152381,31622776.60168379,0.0004457398855047143,0.00034603994991402886,0.7763270938211093,"(32, 32, 0.5499999999999999)"
10,4,1e-05,0.027378633052538254,0.019015592105797535,0.9467149198655213,0.9626829199152381,56234132.51903491,0.00033425775900849713,0.00025949335463822326,0.7763270938211092,"(32, 32, 0.5499999999999999)"
10,4,1e-05,0.027378633052538254,0.019015592105797535,0.9467149198655213,0.9626829199152381,100000000.0,0.00025065795790491554,0.00019459256400345703,0.7763270938211093,"(32, 32, 0.5499999999999999)"
10,4,1e-05,0.027378633052538254,0.019015592105797535,0.9467149198655213,0.9626829199152381,177827941.00389227,0.00018796695115599462,0.00014592383692534772,0.7763270938211093,"(32, 32, 0.5499999999999999)"
10,4,1e-05,0.027378633052538254,0.019015592105797535,0.9467149198655213,0.9626829199152381,316227766.01683795,0.00014095532821775694,0.00010942744031389183,0.7763270938211092,"(32, 32, 0.5499999999999999)"
10,4,1e-05,0.027378633052538254,0.019015592105797535,0.9467149198655213,0.9626829199152381,562341325.1903491,0.00010570158440505164,8.205900383346041e-05,0.7763270938211092,"(32, 32, 0.5499999999999999)"
10,4,1e-05,0.027378633052538254,0.019015592105797535,0.9467149198655213,0.9626829199152381,1000000000.0,7.926500606261404e-05,6.153557179830177e-05,0.7763270938211093,"(32, 32, 0.5499999999999999)"
10,4,1e-05,0.027378633052538254,0.019015592105797535,0.9467149198655213,0.9626829199152381,1778279410.0389228,5.9440369049056275e-05,4.6145168959508066e-05,0.7763270938211092,"(32, 32, 0.5499999999999999)"
10,4,1e-05,0.027378633052538254,0.019015592105797535,0.9467149198655213,0.9626829199152381,3162277660.1683793,4.457398855047143e-05,3.460399499140289e-05,0.7763270938211094,"(32, 32, 0.5499999999999999)"
10,4,1e-05,0.027378633052538254,0.019015592105797535,0.9467149198655213,0.9626829199152381,5623413251.903491,3.3425775900849713e-05,2.5949335463822328e-05,0.7763270938211092,"(32, 32, 0.5499999999999999)"
10,4,1e-05,0.027378633052538254,0.019015592105797535,0.9467149198655213,0.9626829199152381,10000000000.0,2.5065795790491553e-05,1.9459256400345703e-05,0.7763270938211093,"(32, 32, 0.5499999999999999)"
10,4,1e-05,0.027378633052538254,0.019015592105797535,0.9467149198655213,0.9626829199152381,17782794100.38923,1.8796695115599464e-05,1.459238369253477e-05,0.7763270938211092,"(32, 32, 0.5499999999999999)"
10,4,1e-05,0.027378633052538254,0.019015592105797535,0.9467149198655213,0.9626829199152381,31622776601.683792,1.4095532821775692e-05,1.0942744031389184e-05,0.7763270938211094,"(32, 32, 0.5499999999999999)"
10,4,1e-05,0.027378633052538254,0.019015592105797535,0.9467149198655213,0.9626829199152381,56234132519.034904,1.0570158440505164e-05,8.205900383346042e-06,0.7763270938211092,"(32, 32, 0.5499999999999999)"
10,4,1e-05,0.027378633052538254,0.019015592105797535,0.9467149198655213,0.9626829199152381,100000000000.0,7.926500606261404e-06,6.153557179830177e-06,0.7763270938211093,"(32, 32, 0.5499999999999999)"
10,4,1e-05,0.027378633052538254,0.019015592105797535,0.9467149198655213,0.9626829199152381,177827941003.89227,5.9440369049056275e-06,4.614516895950807e-06,0.7763270938211092,"(32, 32, 0.5499999999999999)"
10,4,1e-05,0.027378633052538254,0.019015592105797535,0.9467149198655213,0.9626829199152381,316227766016.83795,4.457398855047143e-06,3.4603994991402885e-06,0.7763270938211093,"(32, 32, 0.5499999999999999)"
10,4,1e-05,0.027378633052538254,0.019015592105797535,0.9467149198655213,0.9626829199152381,562341325190.3491,3.342577590084971e-06,2.5949335463822328e-06,0.7763270938211093,"(32, 32, 0.5499999999999999)"
10,4,1e-05,0.027378633052538254,0.019015592105797535,0.9467149198655213,0.9626829199152381,1000000000000.0,2.506579579049155e-06,1.94592564003457e-06,0.7763270938211093,"(32, 32, 0.5499999999999999)"
10,4,0.0,0.0,0.0,1.0,1.0,100.0,0.4268319239190063,0.194592564003457,0.4558997420267515,"(1, 1, 0.5499999999999999)"
10,4,0.0,0.0,0.0,1.0,1.0,177.82794100389228,0.32007878810509416,0.1459238369253477,0.45589974202675154,"(1, 1, 0.5499999999999999)"
10,4,0.0,0.0,0.0,1.0,1.0,316.22776601683796,0.19244832296399275,0.10942744031389184,0.5686068791275766,"(2, 2, 0.5499999999999999)"
10,4,0.0,0.0,0.0,1.0,1.0,562.341325190349,0.11210736793863556,0.08205900383346043,0.731967981608285,"(4, 4, 0.5499999999999999)"
10,4,0.0,0.0,0.0,1.0,1.0,1000.0,0.0627383956840518,0.06153557179830177,0.9808279463853776,"(8, 8, 0.5499999999999999)"
10,4,0.0,0.0,0.0,1.0,1.0,1778.2794100389228,0.034143344181292785,0.046145168959508064,1.3515128662994618,"(16, 16, 0.5499999999999999)"
10,4,0.0,0.0,0.0,1.0,1.0,3162.2776601683795,0.018301752188802214,0.03460399499140289,1.8907476527069946,"(32, 32, 0.5499999999999999)"
10,4,0.0,0.0,0.0,1.0,1.0,5623.413251903491,0.009774083705079005,0.025949335463822328,2.6549123423547125,"(64, 64, 0.49999999999999994)"
10,4,0.0,0.0,0.0,1.0,1.0,10000.0,0.007305360371313613,0.019459256400345702,2.663695616818235,"(64, 64, 0.5499999999999999)"
10,4,0.0,0.0,0.0,1.0,1.0,17782.794100389227,0.003877594030806339,0.014592383692534771,3.763257209651808,"(128, 128, 0.5499999999999999)"
10,4,0.0,0.0,0.0,1.0,1.0,31622.776601683792,0.002056155242490529,0.010942744031389184,5.321944474452584,"(256, 256, 0.5499999999999999)"
10,4,0.0,0.0,0.0,1.0,1.0,56234.13251903491,0.0010900303699734738,0.008205900383346043,7.528139223814228,"(512, 512, 0.5499999999999999)"
10,4,0.0,0.0,0.0,1.0,1.0,100000.0,0.0005778550829187425,0.006153557179830176,10.648962623550176,"(1024, 1024, 0.5499999999999999)"
10,4,0.0,0.0,0.0,1.0,1.0,177827.94100389228,0.0003073684505991376,0.004614516895950807,15.012981608736894,"(2048, 2048, 0.49999999999999994)"
10,4,0.0,0.0,0.0,1.0,1.0,316227.7660168379,0.000229733790517078,0.003460399499140289,15.062649213908518,"(2048, 2048, 0.5499999999999999)"
10,4,0.0,0.0,0.0,1.0,1.0,562341.3251903491,0.00012180272739650059,0.0025949335463822326,21.304396066066953,"(4096, 4096, 0.5499999999999999)"
10,4,0.0,0.0,0.0,1.0,1.0,1000000.0,6.458161876585044e-05,0.00194592564003457,30.131261452113666,"(8192, 8192, 0.5499999999999999)"
10,4,0.0,0.0,0.0,1.0,1.0,1778279.410038923,3.424317789161886e-05,0.0014592383692534768,42.61398792693918,"(16384, 16384, 0.5499999999999999)"
10,4,0.0,0.0,0.0,1.0,1.0,3162277.6601683795,1.8157141215098164e-05,0.0010942744031389184,60.26688839259558,"(32768, 32768, 0.5499999999999999)"
10,4,0.0,0.0,0.0,1.0,1.0,5623413.251903491,9.65962478962132e-06,0.0008205900383346042,84.95050855559921,"(65536, 65536, 0.49999999999999994)"
10,4,0.0,0.0,0.0,1.0,1.0,10000000.0,7.219811316245301e-06,0.0006153557179830176,85.23155121774518,"(65536, 65536, 0.5499999999999999)"
10,4,0.0,0.0,0.0,1.0,1.0,17782794.100389227,3.828310219478127e-06,0.00046145168959508073,120.53665015109081,"(131072, 131072, 0.5499999999999999)"
10,4,0.0,0.0,0.0,1.0,1.0,31622776.60168379,2.0299720303816138e-06,0.00034603994991402886,170.46537820965787,"(262144, 262144, 0.5499999999999999)"
10,4,0.0,0.0,0.0,1.0,1.0,56234132.51903491,1.0764005656527651e-06,0.00025949335463822326,241.07508200802354,"(524288, 524288, 0.5499999999999999)"
10,4,0.0,0.0,0.0,1.0,1.0,100000000.0,5.707662674906121e-07,0.00019459256400345703,340.932138227068,"(1048576, 1048576, 0.5499999999999999)"
10,4,0.0,0.0,0.0,1.0,1.0,177827941.00389227,4.280143188735096e-07,0.00014592383692534772,340.932138227068,"(1048576, 1048576, 0.5499999999999999)"
10,4,0.0,0.0,0.0,1.0,1.0,316227766.01683795,3.2096545923462007e-07,0.00010942744031389183,340.9321382270679,"(1048576, 1048576, 0.5499999999999999)"
10,4,0.0,0.0,0.0,1.0,1.0,562341325.1903491,2.40690139275774e-07,8.205900383346041e-05,340.9321382270679,"(1048576, 1048576, 0.5499999999999999)"
10,4,0.0,0.0,0.0,1.0,1.0,1000000000.0,1.804921416863252e-07,6.153557179830177e-05,340.932138227068,"(1048576, 1048576, 0.5499999999999999)"
10,4,0.0,0.0,0.0,1.0,1.0,1778279410.0389228,1.3535001188058844e-07,4.6145168959508066e-05,340.9321382270679,"(1048576, 1048576, 0.5499999999999999)"
10,4,0.0,0.0,0.0,1.0,1.0,3162277660.1683793,1.0149819014233237e-07,3.460399499140289e-05,340.932138227068,"(1048576, 1048576, 0.5499999999999999)"
10,4,0.0,0.0,0.0,1.0,1.0,5623413251.903491,7.61129050454596e-08,2.5949335463822328e-05,340.9321382270679,"(1048576, 1048576, 0.5499999999999999)"
10,4,0.0,0.0,0.0,1.0,1.0,10000000000.0,5.7076626749061214e-08,1.9459256400345703e-05,340.932138227068,"(1048576, 1048576, 0.5499999999999999)"
10,4,0.0,0.0,0.0,1.0,1.0,17782794100.38923,4.280143188735095e-08,1.459238369253477e-05,340.93213822706804,"(1048576, 1048576, 0.5499999999999999)"
10,4,0.0,0.0,0.0,1.0,1.0,31622776601.683792,3.2096545923462004e-08,1.0942744031389184e-05,340.932138227068,"(1048576, 1048576, 0.5499999999999999)"
10,4,0.0,0.0,0.0,1.0,1.0,56234132519.034904,2.4069013927577402e-08,8.205900383346042e-06,340.9321382270679,"(1048576, 1048576, 0.5499999999999999)"
10,4,0.0,0.0,0.0,1.0,1.0,100000000000.0,1.804921416863252e-08,6.153557179830177e-06,340.932138227068,"(1048576, 1048576, 0.5499999999999999)"
10,4,0.0,0.0,0.0,1.0,1.0,177827941003.89227,1.3535001188058844e-08,4.614516895950807e-06,340.9321382270679,"(1048576, 1048576, 0.5499999999999999)"
10,4,0.0,0.0,0.0,1.0,1.0,316227766016.83795,1.0149819014233237e-08,3.4603994991402885e-06,340.9321382270679,"(1048576, 1048576, 0.5499999999999999)"
10,4,0.0,0.0,0.0,1.0,1.0,562341325190.3491,7.611290504545959e-09,2.5949335463822328e-06,340.932138227068,"(1048576, 1048576, 0.5499999999999999)"
10,4,0.0,0.0,0.0,1.0,1.0,1000000000000.0,5.707662674906122e-09,1.94592564003457e-06,340.9321382270679,"(1048576, 1048576, 0.5499999999999999)"
12,5,0.01,42.776043914036954,30.494802311219246,7.001649090731144e-38,3.2550019944699825e-27,100.0,5.162049121732056e+17,0.20138347172864063,3.901231216123513e-19,"(0, 0, 0.85)"
12,5,0.01,42.776043914036954,30.494802311219246,7.001649090731144e-38,3.2550019944699825e-27,177.82794100389228,3.761926803026587e+17,0.15101629930457394,4.0143338031743905e-19,"(0, 0, 0.9)"
12,5,0.01,42.776043914036954,30.494802311219246,7.001649090731144e-38,3.2550019944699825e-27,316.22776601683796,2.7458056428784285e+17,0.11324624836331697,4.124335917840161e-19,"(0, 0, 0.95)"
12,5,0.01,42.776043914036954,30.494802311219246,7.001649090731144e-38,3.2550019944699825e-27,562.341325190349,2.059063751546915e+17,0.08492270587627651,4.1243359178401614e-19,"(0, 0, 0.95)"
12,5,0.01,42.776043914036954,30.494802311219246,7.001649090731144e-38,3.2550019944699825e-27,1000.0,1.544079983931394e+17,0.06368304537746307,4.124335917840161e-19,"(0, 0, 0.95)"
12,5,0.01,42.776043914036954,30.494802311219246,7.001649090731144e-38,3.2550019944699825e-27,1778.2794100389228,1.1578966386963037e+17,0.04775554696121557,4.124335917840161e-19,"(0, 0, 0.95)"
12,5,0.01,42.776043914036954,30.494802311219246,7.001649090731144e-38,3.2550019944699825e-27,3162.2776601683795,8.68299984363873e+16,0.035811608129719716,4.1243359178401614e-19,"(0, 0, 0.95)"
12,5,0.01,42.776043914036954,30.494802311219246,7.001649090731144e-38,3.2550019944699825e-27,5623.413251903491,6.511331302379303e+16,0.026854917563359913,4.124335917840161e-19,"(0, 0, 0.95)"
12,5,0.01,42.776043914036954,30.494802311219246,7.001649090731144e-38,3.2550019944699825e-27,10000.0,4.8828096386993976e+16,0.02013834717286406,4.12433591784016e-19,"(0, 0, 0.95)"
12,5,0.01,42.776043914036954,30.494802311219246,7.001649090731144e-38,3.2550019944699825e-27,17782.794100389227,3.661590673333379e+16,0.015101629930457395,4.124335917840161e-19,"(0, 0, 0.95)"
12,5,0.01,42.776043914036954,30.494802311219246,7.001649090731144e-38,3.2550019944699825e-27,31622.776601683792,2.745805642878429e+16,0.011324624836331697,4.1243359178401604e-19,"(0, 0, 0.95)"
12,5,0.01,42.776043914036954,30.494802311219246,7.001649090731144e-38,3.2550019944699825e-27,56234.13251903491,2.0590637515469148e+16,0.00849227058762765,4.1243359178401604e-19,"(0, 0, 0.95)"
12,5,0.01,42.776043914036954,30.494802311219246,7.001649090731144e-38,3.2550019944699825e-27,100000.0,1.544079983931394e+16,0.006368304537746307,4.124335917840161e-19,"(0, 0, 0.95)"
12,5,0.01,42.776043914036954,30.494802311219246,7.001649090731144e-38,3.2550019944699825e-27,177827.94100389228,1.1578966386963038e+16,0.0047755546961215575,4.124335917840161e-19,"(0, 0, 0.95)"
12,5,0.01,42.776043914036954,30.494802311219246,7.001649090731144e-38,3.2550019944699825e-27,316227.7660168379,8682999843638730.0,0.0035811608129719718,4.1243359178401614e-19,"(0, 0, 0.95)"
12,5,0.01,42.776043914036954,30.494802311219246,7.001649090731144e-38,3.2550019944699825e-27,562341.3251903491,6511331302379303.0,0.002685491756335991,4.124335917840161e-19,"(0, 0, 0.95)"
12,5,0.01,42.776043914036954,30.494802311219246,7.001649090731144e-38,3.2550019944699825e-27,1000000.0,4882809638699397.0,0.0020138347172864064,4.1243359178401614e-19,"(0, 0, 0.95)"
12,5,0.01,42.776043914036954,30.494802311219246,7.001649090731144e-38,3.2550019944699825e-27,1778279.410038923,3661590673333379.0,0.0015101629930457394,4.124335917840161e-19,"(0, 0, 0.95)"
12,5,0.01,42.776043914036954,30.494802311219246,7.001649090731144e-38,3.2550019944699825e-27,3162277.6601683795,2745805642878429.0,0.0011324624836331696,4.12433591784016e-19,"(0, 0, 0.95)"
12,5,0.01,42.776043914036954,30.494802311219246,7.001649090731144e-38,3.2550019944699825e-27,5623413.251903491,2059063751546915.0,0.000849227058762765,4.1243359178401604e-19,"(0, 0, 0.95)"
12,5,0.01,42.776043914036954,30.494802311219246,7.001649090731144e-38,3.2550019944699825e-27,10000000.0,1544079983931394.0,0.0006368304537746307,4.1243359178401614e-19,"(0, 0, 0.95)"
12,5,0.01,42.776043914036954,30.494802311219246,7.001649090731144e-38,3.2550019944699825e-27,17782794.100389227,1157896638696303.8,0.00047755546961215575,4.1243359178401614e-19,"(0, 0, 0.95)"
12,5,0.01,42.776043914036954,30.494802311219246,7.001649090731144e-38,3.2550019944699825e-27,31622776.60168379,868299984363873.0,0.0003581160812971972,4.1243359178401614e-19,"(0, 0, 0.95)"
12,5,0.01,42.776043914036954,30.494802311219246,7.001649090731144e-38,3.2550019944699825e-27,56234132.51903491,651133130237930.2,0.0002685491756335991,4.124335917840161e-19,"(0, 0, 0.95)"
12,5,0.01,42.776043914036954,30.494802311219246,7.001649090731144e-38,3.2550019944699825e-27,100000000.0,488280963869939.75,0.00020138347172864065,4.1243359178401614e-19,"(0, 0, 0.95)"
12,5,0.01,42.776043914036954,30.494802311219246,7.001649090731144e-38,3.2550019944699825e-27,177827941.00389227,366159067333337.9,0.00015101629930457396,4.1243359178401614e-19,"(0, 0, 0.95)"
12,5,0.01,42.776043914036954,30.494802311219246,7.001649090731144e-38,3.2550019944699825e-27,316227766.01683795,274580564287842.84,0.00011324624836331697,4.124335917840161e-19,"(0, 0, 0.95)"
12,5,0.01,42.776043914036954,30.494802311219246,7.001649090731144e-38,3.2550019944699825e-27,562341325.1903491,205906375154691.47,8.49227058762765e-05,4.124335917840161e-19,"(0, 0, 0.95)"
12,5,0.01,42.776043914036954,30.494802311219246,7.001649090731144e-38,3.2550019944699825e-27,1000000000.0,154407998393139.4,6.368304537746307e-05,4.1243359178401604e-19,"(0, 0, 0.95)"
12,5,0.01,42.776043914036954,30.494802311219246,7.001649090731144e-38,3.2550019944699825e-27,1778279410.0389228,115789663869630.38,4.775554696121558e-05,4.1243359178401614e-19,"(0, 0, 0.95)"
12,5,0.01,42.776043914036954,30.494802311219246,7.001649090731144e-38,3.2550019944699825e-27,3162277660.1683793,86829998436387.3,3.581160812971972e-05,4.1243359178401614e-19,"(0, 0, 0.95)"
12,5,0.01,42.776043914036954,30.494802311219246,7.001649090731144e-38,3.2550019944699825e-27,5623413251.903491,65113313023793.03,2.6854917563359915e-05,4.124335917840161e-19,"(0, 0, 0.95)"
12,5,0.01,42.776043914036954,30.494802311219246,7.001649090731144e-38,3.2550019944699825e-27,10000000000.0,48828096386993.97,2.0138347172864065e-05,4.1243359178401614e-19,"(0, 0, 0.95)"
12,5,0.01,42.776043914036954,30.494802311219246,7.001649090731144e-38,3.2550019944699825e-27,17782794100.38923,36615906733333.79,1.5101629930457394e-05,4.124335917840161e-19,"(0, 0, 0.95)"
12,5,0.01,42.776043914036954,30.494802311219246,7.001649090731144e-38,3.2550019944699825e-27,31622776601.683792,27458056428784.29,1.1324624836331698e-05,4.124335917840161e-19,"(0, 0, 0.95)"
12,5,0.01,42.776043914036954,30.494802311219246,7.001649090731144e-38,3.2550019944699825e-27,56234132519.034904,20590637515469.145,8.49227058762765e-06,4.1243359178401614e-19,"(0, 0, 0.95)"
12,5,0.01,42.776043914036954,30.494802311219246,7.001649090731144e-38,3.2550019944699825e-27,100000000000.0,15440799839313.94,6.368304537746307e-06,4.124335917840161e-19,"(0, 0, 0.95)"
12,5,0.01,42.776043914036954,30.494802311219246,7.001649090731144e-38,3.2550019944699825e-27,177827941003.89227,11578966386963.04,4.775554696121557e-06,4.1243359178401604e-19,"(0, 0, 0.95)"
12,5,0.01,42.776043914036954,30.494802311219246,7.001649090731144e-38,3.2550019944699825e-27,316227766016.83795,8682999843638.7295,3.5811608129719714e-06,4.124335917840161e-19,"(0, 0, 0.95)"
12,5,0.01,42.776043914036954,30.494802311219246,7.001649090731144e-38,3.2550019944699825e-27,562341325190.3491,6511331302379.303,2.6854917563359914e-06,4.1243359178401614e-19,"(0, 0, 0.95)"
12,5,0.01,42.776043914036954,30.494802311219246,7.001649090731144e-38,3.2550019944699825e-27,1000000000000.0,4882809638699.397,2.0138347172864065e-06,4.1243359178401614e-19,"(0, 0, 0.95)"
12,5,0.001,4.25882294078764,3.036124137395229,0.00019990948245793763,0.0023059828949505753,100.0,11.886868465354306,0.20138347172864063,0.016941675792543406,"(0, 0, 0.7999999999999999)"
12,5,0.001,4.25882294078764,3.036124137395229,0.00019990948245793763,0.0023059828949505753,177.82794100389228,8.91389382926577,0.15101629930457394,0.016941675792543406,"(0, 0, 0.7999999999999999)"
12,5,0.001,4.25882294078764,3.036124137395229,0.00019990948245793763,0.0023059828949505753,316.22776601683796,6.684477365170712,0.11324624836331697,0.016941675792543406,"(0, 0, 0.7999999999999999)"
12,5,0.001,4.25882294078764,3.036124137395229,0.00019990948245793763,0.0023059828949505753,562.341325190349,5.012650868555389,0.08492270587627651,0.016941675792543406,"(0, 0, 0.7999999999999999)"
12,5,0.001,4.25882294078764,3.036124137395229,0.00019990948245793763,0.0023059828949505753,1000.0,3.758957859734991,0.06368304537746307,0.016941675792543406,"(0, 0, 0.7999999999999999)"
12,5,0.001,4.25882294078764,3.036124137395229,0.00019990948245793763,0.0023059828949505753,1778.2794100389228,2.8188207321399914,0.04775554696121557,0.016941675792543406,"(0, 0, 0.7999999999999999)"
12,5,0.001,4.25882294078764,3.036124137395229,0.00019990948245793763,0.0023059828949505753,3162.2776601683795,2.1138173441780532,0.035811608129719716,0.016941675792543406,"(0, 0, 0.7999999999999999)"
12,5,0.001,4.25882294078764,3.036124137395229,0.00019990948245793763,0.0023059828949505753,5623.413251903491,1.5851393859856326,0.026854917563359913,0.01694167579254341,"(0, 0, 0.7999999999999999)"
12,5,0.001,4.25882294078764,3.036124137395229,0.00019990948245793763,0.0023059828949505753,10000.0,1.1886868465354306,0.02013834717286406,0.016941675792543406,"(0, 0, 0.7999999999999999)"
12,5,0.001,4.25882294078764,3.036124137395229,0.00019990948245793763,0.0023059828949505753,17782.794100389227,0.8913893829265771,0.015101629930457395,0.016941675792543406,"(0, 0, 0.7999999999999999)"
12,5,0.001,4.25882294078764,3.036124137395229,0.00019990948245793763,0.0023059828949505753,31622.776601683792,0.6684477365170712,0.011324624836331697,0.016941675792543402,"(0, 0, 0.7999999999999999)"
12,5,0.001,4.25882294078764,3.036124137395229,0.00019990948245793763,0.0023059828949505753,56234.13251903491,0.5012650868555388,0.00849227058762765,0.016941675792543406,"(0, 0, 0.7999999999999999)"
12,5,0.001,4.25882294078764,3.036124137395229,0.00019990948245793763,0.0023059828949505753,100000.0,0.37589578597349915,0.006368304537746307,0.016941675792543402,"(0, 0, 0.7999999999999999)"
12,5,0.001,4.25882294078764,3.036124137395229,0.00019990948245793763,0.0023059828949505753,177827.94100389228,0.28188207321399916,0.0047755546961215575,0.016941675792543406,"(0, 0, 0.7999999999999999)"
12,5,0.001,4.25882294078764,3.036124137395229,0.00019990948245793763,0.0023059828949505753,316227.7660168379,0.21138173441780533,0.0035811608129719718,0.016941675792543406,"(0, 0, 0.7999999999999999)"
12,5,0.001,4.25882294078764,3.036124137395229,0.00019990948245793763,0.0023059828949505753,562341.3251903491,0.15851393859856328,0.002685491756335991,0.016941675792543406,"(0, 0, 0.7999999999999999)"
12,5,0.001,4.25882294078764,3.036124137395229,0.00019990948245793763,0.0023059828949505753,1000000.0,0.11886868465354307,0.0020138347172864064,0.016941675792543406,"(0, 0, 0.7999999999999999)"
12,5,0.001,4.25882294078764,3.036124137395229,0.00019990948245793763,0.0023059828949505753,1778279.410038923,0.0891389382926577,0.0015101629930457394,0.016941675792543406,"(0, 0, 0.7999999999999999)"
12,5,0.001,4.25882294078764,3.036124137395229,0.00019990948245793763,0.0023059828949505753,3162277.6601683795,0.06684477365170712,0.0011324624836331696,0.016941675792543406,"(0, 0, 0.7999999999999999)"
12,5,0.001,4.25882294078764,3.036124137395229,0.00019990948245793763,0.0023059828949505753,5623413.251903491,0.050126508685553885,0.000849227058762765,0.016941675792543406,"(0, 0, 0.7999999999999999)"
12,5,0.001,4.25882294078764,3.036124137395229,0.00019990948245793763,0.0023059828949505753,10000000.0,0.03758957859734991,0.0006368304537746307,0.016941675792543406,"(0, 0, 0.7999999999999999)"
12,5,0.001,4.25882294078764,3.036124137395229,0.00019990948245793763,0.0023059828949505753,17782794.100389227,0.028188207321399917,0.00047755546961215575,0.016941675792543406,"(0, 0, 0.7999999999999999)"
12,5,0.001,4.25882294078764,3.036124137395229,0.00019990948245793763,0.0023059828949505753,31622776.60168379,0.021138173441780532,0.0003581160812971972,0.016941675792543406,"(0, 0, 0.7999999999999999)"
12,5,0.001,4.25882294078764,3.036124137395229,0.00019990948245793763,0.0023059828949505753,56234132.51903491,0.015851393859856327,0.0002685491756335991,0.016941675792543406,"(0, 0, 0.7999999999999999)"
12,5,0.001,4.25882294078764,3.036124137395229,0.00019990948245793763,0.0023059828949505753,100000000.0,0.011886868465354307,0.00020138347172864065,0.016941675792543406,"(0, 0, 0.7999999999999999)"
12,5,0.001,4.25882294078764,3.036124137395229,0.00019990948245793763,0.0023059828949505753,177827941.00389227,0.00891389382926577,0.00015101629930457396,0.01694167579254341,"(0, 0, 0.7999999999999999)"
12,5,0.001,4.25882294078764,3.036124137395229,0.00019990948245793763,0.0023059828949505753,316227766.01683795,0.006684477365170711,0.00011324624836331697,0.016941675792543406,"(0, 0, 0.7999999999999999)"
12,5,0.001,4.25882294078764,3.036124137395229,0.00019990948245793763,0.0023059828949505753,562341325.1903491,0.005012650868555389,8.49227058762765e-05,0.016941675792543402,"(0, 0, 0.7999999999999999)"
12,5,0.001,4.25882294078764,3.036124137395229,0.00019990948245793763,0.0023059828949505753,1000000000.0,0.003758957859734991,6.368304537746307e-05,0.016941675792543406,"(0, 0, 0.7999999999999999)"
12,5,0.001,4.25882294078764,3.036124137395229,0.00019990948245793763,0.0023059828949505753,1778279410.0389228,0.0028188207321399915,4.775554696121558e-05,0.016941675792543406,"(0, 0, 0.7999999999999999)"
12,5,0.001,4.25882294078764,3.036124137395229,0.00019990948245793763,0.0023059828949505753,3162277660.1683793,0.0021138173441780533,3.581160812971972e-05,0.016941675792543406,"(0, 0, 0.7999999999999999)"
12,5,0.001,4.25882294078764,3.036124137395229,0.00019990948245793763,0.0023059828949505753,5623413251.903491,0.0015851393859856327,2.6854917563359915e-05,0.01694167579254341,"(0, 0, 0.7999999999999999)"
12,5,0.001,4.25882294078764,3.036124137395229,0.00019990948245793763,0.0023059828949505753,10000000000.0,0.0011886868465354305,2.0138347172864065e-05,0.01694167579254341,"(0, 0, 0.7999999999999999)"
12,5,0.001,4.25882294078764,3.036124137395229,0.00019990948245793763,0.0023059828949505753,17782794100.38923,0.000891389382926577,1.5101629930457394e-05,0.016941675792543406,"(0, 0, 0.7999999999999999)"
12,5,0.001,4.25882294078764,3.036124137395229,0.00019990948245793763,0.0023059828949505753,31622776601.683792,0.0006684477365170711,1.1324624836331698e-05,0.016941675792543406,"(0, 0, 0.7999999999999999)"
12,5,0.001,4.25882294078764,3.036124137395229,0.00019990948245793763,0.0023059828949505753,56234132519.034904,0.0005012650868555389,8.49227058762765e-06,0.016941675792543402,"(0, 0, 0.7999999999999999)"
12,5,0.001,4.25882294078764,3.036124137395229,0.00019990948245793763,0.0023059828949505753,100000000000.0,0.00037589578597349907,6.368304537746307e-06,0.016941675792543406,"(0, 0, 0.7999999999999999)"
12,5,0.001,4.25882294078764,3.036124137395229,0.00019990948245793763,0.0023059828949505753,177827941003.89227,0.00028188207321399916,4.775554696121557e-06,0.016941675792543406,"(0, 0, 0.7999999999999999)"
12,5,0.001,4.25882294078764,3.036124137395229,0.00019990948245793763,0.0023059828949505753,316227766016.83795,0.00021138173441780534,3.5811608129719714e-06,0.016941675792543402,"(0, 0, 0.7999999999999999)"
12,5,0.001,4.25882294078764,3.036124137395229,0.00019990948245793763,0.0023059828949505753,562341325190.3491,0.00015851393859856328,2.6854917563359914e-06,0.016941675792543406,"(0, 0, 0.7999999999999999)"
12,5,0.001,4.25882294078764,3.036124137395229,0.00019990948245793763,0.0023059828949505753,1000000000000.0,0.00011886868465354306,2.0138347172864065e-06,0.01694167579254341,"(0, 0, 0.7999999999999999)"
12,5,0.0001,0.4256957170022545,0.30347973255415694,0.4268206258431263,0.5450054604971205,100.0,0.7823760102601341,0.20138347172864063,0.25739985516897707,"(1, 1, 0.6)"
12,5,0.0001,0.4256957170022545,0.30347973255415694,0.4268206258431263,0.5450054604971205,177.82794100389228,0.5866992396147046,0.15101629930457394,0.25739985516897707,"(1, 1, 0.6)"
12,5,0.0001,0.4256957170022545,0.30347973255415694,0.4268206258431263,0.5450054604971205,316.22776601683796,0.43996236240682196,0.11324624836331697,0.25739985516897707,"(1, 1, 0.6)"
12,5,0.0001,0.4256957170022545,0.30347973255415694,0.4268206258431263,0.5450054604971205,562.341325190349,0.3299252278931032,0.08492270587627651,0.25739985516897707,"(1, 1, 0.6)"
12,5,0.0001,0.4256957170022545,0.30347973255415694,0.4268206258431263,0.5450054604971205,1000.0,0.24740901790972888,0.06368304537746307,0.25739985516897707,"(1, 1, 0.6)"
12,5,0.0001,0.4256957170022545,0.30347973255415694,0.4268206258431263,0.5450054604971205,1778.2794100389228,0.18553058986713555,0.04775554696121557,0.257399855168977,"(1, 1, 0.6)"
12,5,0.0001,0.4256957170022545,0.30347973255415694,0.4268206258431263,0.5450054604971205,3162.2776601683795,0.13912831499539977,0.035811608129719716,0.25739985516897707,"(1, 1, 0.6)"
12,5,0.0001,0.4256957170022545,0.30347973255415694,0.4268206258431263,0.5450054604971205,5623.413251903491,0.10433151776923216,0.026854917563359913,0.25739985516897707,"(1, 1, 0.6)"
12,5,0.0001,0.4256957170022545,0.30347973255415694,0.4268206258431263,0.5450054604971205,10000.0,0.07823760102601342,0.02013834717286406,0.257399855168977,"(1, 1, 0.6)"
12,5,0.0001,0.4256957170022545,0.30347973255415694,0.4268206258431263,0.5450054604971205,17782.794100389227,0.058669923961470465,0.015101629930457395,0.25739985516897707,"(1, 1, 0.6)"
12,5,0.0001,0.4256957170022545,0.30347973255415694,0.4268206258431263,0.5450054604971205,31622.776601683792,0.0439962362406822,0.011324624836331697,0.25739985516897707,"(1, 1, 0.6)"
12,5,0.0001,0.4256957170022545,0.30347973255415694,0.4268206258431263,0.5450054604971205,56234.13251903491,0.032992522789310315,0.00849227058762765,0.257399855168977,"(1, 1, 0.6)"
12,5,0.0001,0.4256957170022545,0.30347973255415694,0.4268206258431263,0.5450054604971205,100000.0,0.02474090179097289,0.006368304537746307,0.25739985516897707,"(1, 1, 0.6)"
12,5,0.0001,0.4256957170022545,0.30347973255415694,0.4268206258431263,0.5450054604971205,177827.94100389228,0.018553058986713555,0.0047755546961215575,0.25739985516897707,"(1, 1, 0.6)"
12,5,0.0001,0.4256957170022545,0.30347973255415694,0.4268206258431263,0.5450054604971205,316227.7660168379,0.013912831499539978,0.0035811608129719718,0.257399855168977,"(1, 1, 0.6)"
12,5,0.0001,0.4256957170022545,0.30347973255415694,0.4268206258431263,0.5450054604971205,562341.3251903491,0.010433151776923215,0.002685491756335991,0.25739985516897707,"(1, 1, 0.6)"
12,5,0.0001,0.4256957170022545,0.30347973255415694,0.4268206258431263,0.5450054604971205,1000000.0,0.007823760102601341,0.0020138347172864064,0.25739985516897707,"(1, 1, 0.6)"
12,5,0.0001,0.4256957170022545,0.30347973255415694,0.4268206258431263,0.5450054604971205,1778279.410038923,0.005866992396147046,0.0015101629930457394,0.25739985516897707,"(1, 1, 0.6)"
12,5,0.0001,0.4256957170022545,0.30347973255415694,0.4268206258431263,0.5450054604971205,3162277.6601683795,0.00439962362406822,0.0011324624836331696,0.257399855168977,"(1, 1, 0.6)"
12,5,0.0001,0.4256957170022545,0.30347973255415694,0.4268206258431263,0.5450054604971205,5623413.251903491,0.0032992522789310314,0.000849227058762765,0.25739985516897707,"(1, 1, 0.6)"
12,5,0.0001,0.4256957170022545,0.30347973255415694,0.4268206258431263,0.5450054604971205,10000000.0,0.002474090179097289,0.0006368304537746307,0.25739985516897707,"(1, 1, 0.6)"
12,5,0.0001,0.4256957170022545,0.30347973255415694,0.4268206258431263,0.5450054604971205,17782794.100389227,0.0018553058986713554,0.00047755546961215575,0.25739985516897707,"(1, 1, 0.6)"
12,5,0.0001,0.4256957170022545,0.30347973255415694,0.4268206258431263,0.5450054604971205,31622776.60168379,0.0013912831499539977,0.0003581160812971972,0.25739985516897707,"(1, 1, 0.6)"
12,5,0.0001,0.4256957170022545,0.30347973255415694,0.4268206258431263,0.5450054604971205,56234132.51903491,0.0010433151776923215,0.0002685491756335991,0.25739985516897707,"(1, 1, 0.6)"
12,5,0.0001,0.4256957170022545,0.30347973255415694,0.4268206258431263,0.5450054604971205,100000000.0,0.0007823760102601342,0.00020138347172864065,0.25739985516897707,"(1, 1, 0.6)"
12,5,0.0001,0.4256957170022545,0.30347973255415694,0.4268206258431263,0.5450054604971205,177827941.00389227,0.0005866992396147047,0.00015101629930457396,0.25739985516897707,"(1, 1, 0.6)"
12,5,0.0001,0.4256957170022545,0.30347973255415694,0.4268206258431263,0.5450054604971205,316227766.01683795,0.000439962362406822,0.00011324624836331697,0.257399855168977,"(1, 1, 0.6)"
12,5,0.0001,0.4256957170022545,0.30347973255415694,0.4268206258431263,0.5450054604971205,562341325.1903491,0.00032992522789310316,8.49227058762765e-05,0.257399855168977,"(1, 1, 0.6)"
12,5,0.0001,0.4256957170022545,0.30347973255415694,0.4268206258431263,0.5450054604971205,1000000000.0,0.0002474090179097289,6.368304537746307e-05,0.257399855168977,"(1, 1, 0.6)"
12,5,0.0001,0.4256957170022545,0.30347973255415694,0.4268206258431263,0.5450054604971205,1778279410.0389228,0.00018553058986713552,4.775554696121558e-05,0.2573998551689771,"(1, 1, 0.6)"
12,5,0.0001,0.4256957170022545,0.30347973255415694,0.4268206258431263,0.5450054604971205,3162277660.1683793,0.00013912831499539975,3.581160812971972e-05,0.25739985516897707,"(1, 1, 0.6)"
12,5,0.0001,0.4256957170022545,0.30347973255415694,0.4268206258431263,0.5450054604971205,5623413251.903491,0.00010433151776923215,2.6854917563359915e-05,0.25739985516897707,"(1, 1, 0.6)"
12,5,0.0001,0.4256957170022545,0.30347973255415694,0.4268206258431263,0.5450054604971205,10000000000.0,7.823760102601341e-05,2.0138347172864065e-05,0.25739985516897707,"(1, 1, 0.6)"
12,5,0.0001,0.4256957170022545,0.30347973255415694,0.4268206258431263,0.5450054604971205,17782794100.38923,5.866992396147046e-05,1.5101629930457394e-05,0.25739985516897707,"(1, 1, 0.6)"
12,5,0.0001,0.4256957170022545,0.30347973255415694,0.4268206258431263,0.5450054604971205,31622776601.683792,4.39962362406822e-05,1.1324624836331698e-05,0.25739985516897707,"(1, 1, 0.6)"
12,5,0.0001,0.4256957170022545,0.30347973255415694,0.4268206258431263,0.5450054604971205,56234132519.034904,3.2992522789310315e-05,8.49227058762765e-06,0.25739985516897707,"(1, 1, 0.6)"
12,5,0.0001,0.4256957170022545,0.30347973255415694,0.4268206258431263,0.5450054604971205,100000000000.0,2.474090179097289e-05,6.368304537746307e-06,0.25739985516897707,"(1, 1, 0.6)"
12,5,0.0001,0.4256957170022545,0.30347973255415694,0.4268206258431263,0.5450054604971205,177827941003.89227,1.8553058986713554e-05,4.775554696121557e-06,0.25739985516897707,"(1, 1, 0.6)"
12,5,0.0001,0.4256957170022545,0.30347973255415694,0.4268206258431263,0.5450054604971205,316227766016.83795,1.3912831499539976e-05,3.5811608129719714e-06,0.25739985516897707,"(1, 1, 0.6)"
12,5,0.0001,0.4256957170022545,0.30347973255415694,0.4268206258431263,0.5450054604971205,562341325190.3491,1.0433151776923215e-05,2.6854917563359914e-06,0.25739985516897707,"(1, 1, 0.6)"
12,5,0.0001,0.4256957170022545,0.30347973255415694,0.4268206258431263,0.5450054604971205,1000000000000.0,7.82376010260134e-06,2.0138347172864065e-06,0.2573998551689771,"(1, 1, 0.6)"
12,5,1e-05,0.042567707157475564,0.030346647316623794,0.9183879131107076,0.9411118395681046,100.0,0.4439818607021816,0.20138347172864063,0.4535849086495148,"(1, 1, 0.5499999999999999)"
12,5,1e-05,0.042567707157475564,0.030346647316623794,0.9183879131107076,0.9411118395681046,177.82794100389228,0.332939426389215,0.15101629930457394,0.45358490864951484,"(1, 1, 0.5499999999999999)"
12,5,1e-05,0.042567707157475564,0.030346647316623794,0.9183879131107076,0.9411118395681046,316.22776601683796,0.23317240039620332,0.11324624836331697,0.48567604129344,"(2, 2, 0.5499999999999999)"
12,5,1e-05,0.042567707157475564,0.030346647316623794,0.9183879131107076,0.9411118395681046,562.341325190349,0.17485463283326172,0.08492270587627651,0.48567604129344,"(2, 2, 0.5499999999999999)"
12,5,1e-05,0.042567707157475564,0.030346647316623794,0.9183879131107076,0.9411118395681046,1000.0,0.09925790060920245,0.06368304537746307,0.6415917018857323,"(8, 8, 0.6)"
12,5,1e-05,0.042567707157475564,0.030346647316623794,0.9183879131107076,0.9411118395681046,1778.2794100389228,0.07443292489733734,0.04775554696121557,0.6415917018857324,"(8, 8, 0.6)"
12,5,1e-05,0.042567707157475564,0.030346647316623794,0.9183879131107076,0.9411118395681046,3162.2776601683795,0.055816819364190855,0.035811608129719716,0.6415917018857324,"(8, 8, 0.6)"
12,5,1e-05,0.042567707157475564,0.030346647316623794,0.9183879131107076,0.9411118395681046,5623.413251903491,0.04185670962456241,0.026854917563359913,0.6415917018857324,"(8, 8, 0.6)"
12,5,1e-05,0.042567707157475564,0.030346647316623794,0.9183879131107076,0.9411118395681046,10000.0,0.03138810416916942,0.02013834717286406,0.6415917018857323,"(8, 8, 0.6)"
12,5,1e-05,0.042567707157475564,0.030346647316623794,0.9183879131107076,0.9411118395681046,17782.794100389227,0.023537757558384068,0.015101629930457395,0.6415917018857324,"(8, 8, 0.6)"
12,5,1e-05,0.042567707157475564,0.030346647316623794,0.9183879131107076,0.9411118395681046,31622.776601683792,0.017650828093703455,0.011324624836331697,0.6415917018857323,"(8, 8, 0.6)"
12,5,1e-05,0.042567707157475564,0.030346647316623794,0.9183879131107076,0.9411118395681046,56234.13251903491,0.013236253777390851,0.00849227058762765,0.6415917018857323,"(8, 8, 0.6)"
12,5,1e-05,0.042567707157475564,0.030346647316623794,0.9183879131107076,0.9411118395681046,100000.0,0.009925790060920245,0.006368304537746307,0.6415917018857323,"(8, 8, 0.6)"
12,5,1e-05,0.042567707157475564,0.030346647316623794,0.9183879131107076,0.9411118395681046,177827.94100389228,0.007443292489733735,0.0047755546961215575,0.6415917018857324,"(8, 8, 0.6)"
12,5,1e-05,0.042567707157475564,0.030346647316623794,0.9183879131107076,0.9411118395681046,316227.7660168379,0.005581681936419086,0.0035811608129719718,0.6415917018857323,"(8, 8, 0.6)"
12,5,1e-05,0.042567707157475564,0.030346647316623794,0.9183879131107076,0.9411118395681046,562341.3251903491,0.004185670962456241,0.002685491756335991,0.6415917018857323,"(8, 8, 0.6)"
12,5,1e-05,0.042567707157475564,0.030346647316623794,0.9183879131107076,0.9411118395681046,1000000.0,0.0031388104169169425,0.0020138347172864064,0.6415917018857324,"(8, 8, 0.6)"
12,5,1e-05,0.042567707157475564,0.030346647316623794,0.9183879131107076,0.9411118395681046,1778279.410038923,0.0023537757558384064,0.0015101629930457394,0.6415917018857324,"(8, 8, 0.6)"
12,5,1e-05,0.042567707157475564,0.030346647316623794,0.9183879131107076,0.9411118395681046,3162277.6601683795,0.0017650828093703453,0.0011324624836331696,0.6415917018857324,"(8, 8, 0.6)"
12,5,1e-05,0.042567707157475564,0.030346647316623794,0.9183879131107076,0.9411118395681046,5623413.251903491,0.001323625377739085,0.000849227058762765,0.6415917018857324,"(8, 8, 0.6)"
12,5,1e-05,0.042567707157475564,0.030346647316623794,0.9183879131107076,0.9411118395681046,10000000.0,0.0009925790060920244,0.0006368304537746307,0.6415917018857324,"(8, 8, 0.6)"
12,5,1e-05,0.042567707157475564,0.030346647316623794,0.9183879131107076,0.9411118395681046,17782794.100389227,0.0007443292489733736,0.00047755546961215575,0.6415917018857323,"(8, 8, 0.6)"
12,5,1e-05,0.042567707157475564,0.030346647316623794,0.9183879131107076,0.9411118395681046,31622776.60168379,0.0005581681936419087,0.0003581160812971972,0.6415917018857323,"(8, 8, 0.6)"
12,5,1e-05,0.042567707157475564,0.030346647316623794,0.9183879131107076,0.9411118395681046,56234132.51903491,0.00041856709624562416,0.0002685491756335991,0.6415917018857323,"(8, 8, 0.6)"
12,5,1e-05,0.042567707157475564,0.030346647316623794,0.9183879131107076,0.9411118395681046,100000000.0,0.0003138810416916942,0.00020138347172864065,0.6415917018857326,"(8, 8, 0.6)"
12,5,1e-05,0.042567707157475564,0.030346647316623794,0.9183879131107076,0.9411118395681046,177827941.00389227,0.00023537757558384067,0.00015101629930457396,0.6415917018857324,"(8, 8, 0.6)"
12,5,1e-05,0.042567707157475564,0.030346647316623794,0.9183879131107076,0.9411118395681046,316227766.01683795,0.00017650828093703454,0.00011324624836331697,0.6415917018857324,"(8, 8, 0.6)"
12,5,1e-05,0.042567707157475564,0.030346647316623794,0.9183879131107076,0.9411118395681046,562341325.1903491,0.0001323625377739085,8.49227058762765e-05,0.6415917018857323,"(8, 8, 0.6)"
12,5,1e-05,0.042567707157475564,0.030346647316623794,0.9183879131107076,0.9411118395681046,1000000000.0,9.925790060920244e-05,6.368304537746307e-05,0.6415917018857323,"(8, 8, 0.6)"
12,5,1e-05,0.042567707157475564,0.030346647316623794,0.9183879131107076,0.9411118395681046,1778279410.0389228,7.443292489733734e-05,4.775554696121558e-05,0.6415917018857326,"(8, 8, 0.6)"
12,5,1e-05,0.042567707157475564,0.030346647316623794,0.9183879131107076,0.9411118395681046,3162277660.1683793,5.581681936419086e-05,3.581160812971972e-05,0.6415917018857324,"(8, 8, 0.6)"
12,5,1e-05,0.042567707157475564,0.030346647316623794,0.9183879131107076,0.9411118395681046,5623413251.903491,4.185670962456241e-05,2.6854917563359915e-05,0.6415917018857324,"(8, 8, 0.6)"
12,5,1e-05,0.042567707157475564,0.030346647316623794,0.9183879131107076,0.9411118395681046,10000000000.0,3.138810416916943e-05,2.0138347172864065e-05,0.6415917018857323,"(8, 8, 0.6)"
12,5,1e-05,0.042567707157475564,0.030346647316623794,0.9183879131107076,0.9411118395681046,17782794100.38923,2.3537757558384067e-05,1.5101629930457394e-05,0.6415917018857323,"(8, 8, 0.6)"
12,5,1e-05,0.042567707157475564,0.030346647316623794,0.9183879131107076,0.9411118395681046,31622776601.683792,1.7650828093703454e-05,1.1324624836331698e-05,0.6415917018857324,"(8, 8, 0.6)"
12,5,1e-05,0.042567707157475564,0.030346647316623794,0.9183879131107076,0.9411118395681046,56234132519.034904,1.323625377739085e-05,8.49227058762765e-06,0.6415917018857323,"(8, 8, 0.6)"
12,5,1e-05,0.042567707157475564,0.030346647316623794,0.9183879131107076,0.9411118395681046,100000000000.0,9.925790060920244e-06,6.368304537746307e-06,0.6415917018857323,"(8, 8, 0.6)"
12,5,1e-05,0.042567707157475564,0.030346647316623794,0.9183879131107076,0.9411118395681046,177827941003.89227,7.443292489733735e-06,4.775554696121557e-06,0.6415917018857323,"(8, 8, 0.6)"
12,5,1e-05,0.042567707157475564,0.030346647316623794,0.9183879131107076,0.9411118395681046,316227766016.83795,5.581681936419086e-06,3.5811608129719714e-06,0.6415917018857323,"(8, 8, 0.6)"
12,5,1e-05,0.042567707157475564,0.030346647316623794,0.9183879131107076,0.9411118395681046,562341325190.3491,4.185670962456241e-06,2.6854917563359914e-06,0.6415917018857326,"(8, 8, 0.6)"
12,5,1e-05,0.042567707157475564,0.030346647316623794,0.9183879131107076,0.9411118395681046,1000000000000.0,3.1388104169169424e-06,2.0138347172864065e-06,0.6415917018857324,"(8, 8, 0.6)"
12,5,0.0,0.0,0.0,1.0,1.0,100.0,0.4113666168794553,0.20138347172864063,0.4895474340049644,"(1, 1, 0.5499999999999999)"
12,5,0.0,0.0,0.0,1.0,1.0,177.82794100389228,0.3084814439105864,0.15101629930457394,0.4895474340049645,"(1, 1, 0.5499999999999999)"
12,5,0.0,0.0,0.0,1.0,1.0,316.22776601683796,0.18547538528735918,0.11324624836331697,0.6105729242069681,"(2, 2, 0.5499999999999999)"
12,5,0.0,0.0,0.0,1.0,1.0,562.341325190349,0.1080454063809149,0.08492270587627651,0.7859908969834485,"(4, 4, 0.5499999999999999)"
12,5,0.0,0.0,0.0,1.0,1.0,1000.0,0.06046520921872353,0.06368304537746307,1.0532179777481545,"(8, 8, 0.5499999999999999)"
12,5,0.0,0.0,0.0,1.0,1.0,1778.2794100389228,0.0329062359156492,0.04775554696121557,1.4512613075415437,"(16, 16, 0.5499999999999999)"
12,5,0.0,0.0,0.0,1.0,1.0,3162.2776601683795,0.01763862883485339,0.035811608129719716,2.030294330983204,"(32, 32, 0.5499999999999999)"
12,5,0.0,0.0,0.0,1.0,1.0,5623.413251903491,0.009431841778014542,0.026854917563359913,2.8472612449838013,"(64, 64, 0.49999999999999994)"
12,5,0.0,0.0,0.0,1.0,1.0,10000.0,0.007040666858842394,0.02013834717286406,2.8602897391135973,"(64, 64, 0.5499999999999999)"
12,5,0.0,0.0,0.0,1.0,1.0,17782.794100389227,0.0037370980207831186,0.015101629930457395,4.041004503085742,"(128, 128, 0.5499999999999999)"
12,5,0.0,0.0,0.0,1.0,1.0,31622.776601683792,0.001981655022698785,0.011324624836331697,5.714730720844069,"(256, 256, 0.5499999999999999)"
12,5,0.0,0.0,0.0,1.0,1.0,56234.13251903491,0.0010505355397852935,0.00849227058762765,8.083753729420028,"(512, 512, 0.5499999999999999)"
12,5,0.0,0.0,0.0,1.0,1.0,100000.0,0.0005569177870397224,0.006368304537746307,11.4349095790185,"(1024, 1024, 0.5499999999999999)"
12,5,0.0,0.0,0.0,1.0,1.0,177827.94100389228,0.00029660586926405323,0.0047755546961215575,16.100674973056996,"(2048, 2048, 0.49999999999999994)"
12,5,0.0,0.0,0.0,1.0,1.0,316227.7660168379,0.0002214098967110921,0.0035811608129719718,16.174348419686357,"(2048, 2048, 0.5499999999999999)"
12,5,0.0,0.0,0.0,1.0,1.0,562341.3251903491,0.00011738947601608354,0.002685491756335991,22.87676755596091,"(4096, 4096, 0.5499999999999999)"
12,5,0.0,0.0,0.0,1.0,1.0,1000000.0,6.224164720478558e-05,0.0020138347172864064,32.35509996482819,"(8192, 8192, 0.5499999999999999)"
12,5,0.0,0.0,0.0,1.0,1.0,1778279.410038923,3.300245237314912e-05,0.0015101629930457394,45.75911438249395,"(16384, 16384, 0.5499999999999999)"
12,5,0.0,0.0,0.0,1.0,1.0,3162277.6601683795,1.749925751869202e-05,0.0011324624836331696,64.71488761300402,"(32768, 32768, 0.5499999999999999)"
12,5,0.0,0.0,0.0,1.0,1.0,5623413.251903491,9.321390669424375e-06,0.000849227058762765,91.1051890087992,"(65536, 65536, 0.49999999999999994)"
12,5,0.0,0.0,0.0,1.0,1.0,10000000.0,6.958217483834241e-06,0.0006368304537746307,91.52206800867528,"(65536, 65536, 0.5499999999999999)"
12,5,0.0,0.0,0.0,1.0,1.0,17782794.100389227,3.6895998989302324e-06,0.00047755546961215575,129.43286066075046,"(131072, 131072, 0.5499999999999999)"
12,5,0.0,0.0,0.0,1.0,1.0,31622776.60168379,1.956420501144289e-06,0.0003581160812971972,183.04657975508795,"(262144, 262144, 0.5499999999999999)"
12,5,0.0,0.0,0.0,1.0,1.0,56234132.51903491,1.037399581160974e-06,0.0002685491756335991,258.8676345261876,"(524288, 524288, 0.5499999999999999)"
12,5,0.0,0.0,0.0,1.0,1.0,100000000.0,5.500858190988564e-07,0.00020138347172864065,366.09464330228417,"(1048576, 1048576, 0.5499999999999999)"
12,5,0.0,0.0,0.0,1.0,1.0,177827941.00389227,4.1250617037813325e-07,0.00015101629930457396,366.09464330228417,"(1048576, 1048576, 0.5499999999999999)"
12,5,0.0,0.0,0.0,1.0,1.0,316227766.01683795,3.0933598848046953e-07,0.00011324624836331697,366.0946433022841,"(1048576, 1048576, 0.5499999999999999)"
12,5,0.0,0.0,0.0,1.0,1.0,562341325.1903491,2.3196926649963534e-07,8.49227058762765e-05,366.09464330228417,"(1048576, 1048576, 0.5499999999999999)"
12,5,0.0,0.0,0.0,1.0,1.0,1000000000.0,1.739524096911738e-07,6.368304537746307e-05,366.0946433022841,"(1048576, 1048576, 0.5499999999999999)"
12,5,0.0,0.0,0.0,1.0,1.0,1778279410.0389228,1.304459047268382e-07,4.775554696121558e-05,366.09464330228417,"(1048576, 1048576, 0.5499999999999999)"
12,5,0.0,0.0,0.0,1.0,1.0,3162277660.1683793,9.782062858578918e-08,3.581160812971972e-05,366.0946433022842,"(1048576, 1048576, 0.5499999999999999)"
12,5,0.0,0.0,0.0,1.0,1.0,5623413251.903491,7.335512292974421e-08,2.6854917563359915e-05,366.0946433022842,"(1048576, 1048576, 0.5499999999999999)"
12,5,0.0,0.0,0.0,1.0,1.0,10000000000.0,5.500858190988563e-08,2.0138347172864065e-05,366.0946433022842,"(1048576, 1048576, 0.5499999999999999)"
12,5,0.0,0.0,0.0,1.0,1.0,17782794100.38923,4.125061703781332e-08,1.5101629930457394e-05,366.09464330228417,"(1048576, 1048576, 0.5499999999999999)"
12,5,0.0,0.0,0.0,1.0,1.0,31622776601.683792,3.0933598848046953e-08,1.1324624836331698e-05,366.09464330228417,"(1048576, 1048576, 0.5499999999999999)"
12,5,0.0,0.0,0.0,1.0,1.0,56234132519.034904,2.3196926649963538e-08,8.49227058762765e-06,366.0946433022841,"(1048576, 1048576, 0.5499999999999999)"
12,5,0.0,0.0,0.0,1.0,1.0,100000000000.0,1.7395240969117383e-08,6.368304537746307e-06,366.0946433022841,"(1048576, 1048576, 0.5499999999999999)"
12,5,0.0,0.0,0.0,1.0,1.0,177827941003.89227,1.304459047268382e-08,4.775554696121557e-06,366.09464330228417,"(1048576, 1048576, 0.5499999999999999)"
12,5,0.0,0.0,0.0,1.0,1.0,316227766016.83795,9.782062858578919e-09,3.5811608129719714e-06,366.09464330228417,"(1048576, 1048576, 0.5499999999999999)"
12,5,0.0,0.0,0.0,1.0,1.0,562341325190.3491,7.335512292974421e-09,2.6854917563359914e-06,366.09464330228417,"(1048576, 1048576, 0.5499999999999999)"
12,5,0.0,0.0,0.0,1.0,1.0,1000000000000.0,5.500858190988564e-09,2.0138347172864065e-06,366.09464330228417,"(1048576, 1048576, 0.5499999999999999)"
16,8,0.01,86.83068547846526,62.53051150535447,3.80036118392547e-76,4.860576751228457e-55,100.0,5.984084028914177e+36,0.24144716534040492,4.0348224418936837e-38,"(0, 0, 0.85)"
16,8,0.01,86.83068547846526,62.53051150535447,3.80036118392547e-76,4.860576751228457e-55,177.82794100389228,4.360998039442219e+36,0.18105983114850568,4.1517980405160563e-38,"(0, 0, 0.9)"
16,8,0.01,86.83068547846526,62.53051150535447,3.80036118392547e-76,4.860576751228457e-55,316.22776601683796,3.183063799848134e+36,0.13577571892097662,4.265566996409389e-38,"(0, 0, 0.95)"
16,8,0.01,86.83068547846526,62.53051150535447,3.80036118392547e-76,4.860576751228457e-55,562.341325190349,2.386961111441879e+36,0.10181742538679152,4.265566996409389e-38,"(0, 0, 0.95)"
16,8,0.01,86.83068547846526,62.53051150535447,3.80036118392547e-76,4.860576751228457e-55,1000.0,1.789968315372028e+36,0.07635229770669434,4.265566996409389e-38,"(0, 0, 0.95)"
16,8,0.01,86.83068547846526,62.53051150535447,3.80036118392547e-76,4.860576751228457e-55,1778.2794100389228,1.342286874586055e+36,0.057256145919477835,4.265566996409388e-38,"(0, 0, 0.95)"
16,8,0.01,86.83068547846526,62.53051150535447,3.80036118392547e-76,4.860576751228457e-55,3162.2776601683795,1.0065731545150427e+36,0.04293605227371054,4.265566996409389e-38,"(0, 0, 0.95)"
16,8,0.01,86.83068547846526,62.53051150535447,3.80036118392547e-76,4.860576751228457e-55,5623.413251903491,7.548233798403339e+35,0.03219749697165116,4.265566996409389e-38,"(0, 0, 0.95)"
16,8,0.01,86.83068547846526,62.53051150535447,3.80036118392547e-76,4.860576751228457e-55,10000.0,5.660376816110192e+35,0.02414471653404049,4.265566996409388e-38,"(0, 0, 0.95)"
16,8,0.01,86.83068547846526,62.53051150535447,3.80036118392547e-76,4.860576751228457e-55,17782.794100389227,4.2446837970407165e+35,0.01810598311485057,4.265566996409389e-38,"(0, 0, 0.95)"
16,8,0.01,86.83068547846526,62.53051150535447,3.80036118392547e-76,4.860576751228457e-55,31622.776601683792,3.1830637998481342e+35,0.013577571892097661,4.265566996409389e-38,"(0, 0, 0.95)"
16,8,0.01,86.83068547846526,62.53051150535447,3.80036118392547e-76,4.860576751228457e-55,56234.13251903491,2.3869611114418788e+35,0.010181742538679152,4.2655669964093893e-38,"(0, 0, 0.95)"
16,8,0.01,86.83068547846526,62.53051150535447,3.80036118392547e-76,4.860576751228457e-55,100000.0,1.789968315372028e+35,0.007635229770669434,4.265566996409388e-38,"(0, 0, 0.95)"
16,8,0.01,86.83068547846526,62.53051150535447,3.80036118392547e-76,4.860576751228457e-55,177827.94100389228,1.3422868745860548e+35,0.005725614591947784,4.265566996409389e-38,"(0, 0, 0.95)"
16,8,0.01,86.83068547846526,62.53051150535447,3.80036118392547e-76,4.860576751228457e-55,316227.7660168379,1.0065731545150429e+35,0.004293605227371055,4.265566996409389e-38,"(0, 0, 0.95)"
16,8,0.01,86.83068547846526,62.53051150535447,3.80036118392547e-76,4.860576751228457e-55,562341.3251903491,7.548233798403339e+34,0.003219749697165116,4.265566996409389e-38,"(0, 0, 0.95)"
16,8,0.01,86.83068547846526,62.53051150535447,3.80036118392547e-76,4.860576751228457e-55,1000000.0,5.660376816110192e+34,0.002414471653404049,4.265566996409388e-38,"(0, 0, 0.95)"
16,8,0.01,86.83068547846526,62.53051150535447,3.80036118392547e-76,4.860576751228457e-55,1778279.410038923,4.244683797040716e+34,0.0018105983114850566,4.265566996409389e-38,"(0, 0, 0.95)"
16,8,0.01,86.83068547846526,62.53051150535447,3.80036118392547e-76,4.860576751228457e-55,3162277.6601683795,3.1830637998481342e+34,0.0013577571892097661,4.265566996409389e-38,"(0, 0, 0.95)"
16,8,0.01,86.83068547846526,62.53051150535447,3.80036118392547e-76,4.860576751228457e-55,5623413.251903491,2.386961111441879e+34,0.0010181742538679151,4.265566996409388e-38,"(0, 0, 0.95)"
16,8,0.01,86.83068547846526,62.53051150535447,3.80036118392547e-76,4.860576751228457e-55,10000000.0,1.7899683153720277e+34,0.0007635229770669434,4.265566996409389e-38,"(0, 0, 0.95)"
16,8,0.01,86.83068547846526,62.53051150535447,3.80036118392547e-76,4.860576751228457e-55,17782794.100389227,1.3422868745860549e+34,0.0005725614591947783,4.265566996409388e-38,"(0, 0, 0.95)"
16,8,0.01,86.83068547846526,62.53051150535447,3.80036118392547e-76,4.860576751228457e-55,31622776.60168379,1.0065731545150428e+34,0.0004293605227371055,4.265566996409389e-38,"(0, 0, 0.95)"
16,8,0.01,86.83068547846526,62.53051150535447,3.80036118392547e-76,4.860576751228457e-55,56234132.51903491,7.548233798403339e+33,0.0003219749697165116,4.265566996409389e-38,"(0, 0, 0.95)"
16,8,0.01,86.83068547846526,62.53051150535447,3.80036118392547e-76,4.860576751228457e-55,100000000.0,5.660376816110192e+33,0.0002414471653404049,4.265566996409389e-38,"(0, 0, 0.95)"
16,8,0.01,86.83068547846526,62.53051150535447,3.80036118392547e-76,4.860576751228457e-55,177827941.00389227,4.2446837970407155e+33,0.00018105983114850567,4.2655669964093893e-38,"(0, 0, 0.95)"
16,8,0.01,86.83068547846526,62.53051150535447,3.80036118392547e-76,4.860576751228457e-55,316227766.01683795,3.1830637998481335e+33,0.0001357757189209766,4.2655669964093893e-38,"(0, 0, 0.95)"
16,8,0.01,86.83068547846526,62.53051150535447,3.80036118392547e-76,4.860576751228457e-55,562341325.1903491,2.386961111441879e+33,0.00010181742538679152,4.2655669964093893e-38,"(0, 0, 0.95)"
16,8,0.01,86.83068547846526,62.53051150535447,3.80036118392547e-76,4.860576751228457e-55,1000000000.0,1.7899683153720277e+33,7.635229770669434e-05,4.2655669964093893e-38,"(0, 0, 0.95)"
16,8,0.01,86.83068547846526,62.53051150535447,3.80036118392547e-76,4.860576751228457e-55,1778279410.0389228,1.3422868745860548e+33,5.725614591947783e-05,4.265566996409388e-38,"(0, 0, 0.95)"
16,8,0.01,86.83068547846526,62.53051150535447,3.80036118392547e-76,4.860576751228457e-55,3162277660.1683793,1.0065731545150428e+33,4.293605227371055e-05,4.2655669964093893e-38,"(0, 0, 0.95)"
16,8,0.01,86.83068547846526,62.53051150535447,3.80036118392547e-76,4.860576751228457e-55,5623413251.903491,7.548233798403339e+32,3.219749697165116e-05,4.265566996409388e-38,"(0, 0, 0.95)"
16,8,0.01,86.83068547846526,62.53051150535447,3.80036118392547e-76,4.860576751228457e-55,10000000000.0,5.660376816110192e+32,2.414471653404049e-05,4.265566996409388e-38,"(0, 0, 0.95)"
16,8,0.01,86.83068547846526,62.53051150535447,3.80036118392547e-76,4.860576751228457e-55,17782794100.38923,4.244683797040716e+32,1.8105983114850565e-05,4.265566996409389e-38,"(0, 0, 0.95)"
16,8,0.01,86.83068547846526,62.53051150535447,3.80036118392547e-76,4.860576751228457e-55,31622776601.683792,3.183063799848134e+32,1.3577571892097662e-05,4.2655669964093893e-38,"(0, 0, 0.95)"
16,8,0.01,86.83068547846526,62.53051150535447,3.80036118392547e-76,4.860576751228457e-55,56234132519.034904,2.386961111441879e+32,1.0181742538679152e-05,4.265566996409389e-38,"(0, 0, 0.95)"
16,8,0.01,86.83068547846526,62.53051150535447,3.80036118392547e-76,4.860576751228457e-55,100000000000.0,1.7899683153720278e+32,7.635229770669434e-06,4.265566996409389e-38,"(0, 0, 0.95)"
16,8,0.01,86.83068547846526,62.53051150535447,3.80036118392547e-76,4.860576751228457e-55,177827941003.89227,1.3422868745860547e+32,5.725614591947783e-06,4.265566996409389e-38,"(0, 0, 0.95)"
16,8,0.01,86.83068547846526,62.53051150535447,3.80036118392547e-76,4.860576751228457e-55,316227766016.83795,1.0065731545150427e+32,4.293605227371055e-06,4.2655669964093893e-38,"(0, 0, 0.95)"
16,8,0.01,86.83068547846526,62.53051150535447,3.80036118392547e-76,4.860576751228457e-55,562341325190.3491,7.548233798403339e+31,3.2197496971651164e-06,4.2655669964093893e-38,"(0, 0, 0.95)"
16,8,0.01,86.83068547846526,62.53051150535447,3.80036118392547e-76,4.860576751228457e-55,1000000000000.0,5.660376816110191e+31,2.414471653404049e-06,4.2655669964093893e-38,"(0, 0, 0.95)"
16,8,0.001,8.64491146042718,6.225626867315865,3.0983131650853796e-08,3.912814059065991e-06,100.0,673.6200810958239,0.24144716534040492,0.00035843225597970044,"(0, 0, 0.85)"
16,8,0.001,8.64491146042718,6.225626867315865,3.0983131650853796e-08,3.912814059065991e-06,177.82794100389228,495.17283526287093,0.18105983114850568,0.00036564976560636044,"(0, 0, 0.9)"
16,8,0.001,8.64491146042718,6.225626867315865,3.0983131650853796e-08,3.912814059065991e-06,316.22776601683796,370.5977020169506,0.13577571892097662,0.00036636956511610107,"(0, 0, 0.95)"
16,8,0.001,8.64491146042718,6.225626867315865,3.0983131650853796e-08,3.912814059065991e-06,562.341325190349,277.90907073442634,0.10181742538679152,0.00036636956511610096,"(0, 0, 0.95)"
16,8,0.001,8.64491146042718,6.225626867315865,3.0983131650853796e-08,3.912814059065991e-06,1000.0,208.40240286471015,0.07635229770669434,0.000366369565116101,"(0, 0, 0.95)"
16,8,0.001,8.64491146042718,6.225626867315865,3.0983131650853796e-08,3.912814059065991e-06,1778.2794100389228,156.27975511921574,0.057256145919477835,0.00036636956511610107,"(0, 0, 0.95)"
16,8,0.001,8.64491146042718,6.225626867315865,3.0983131650853796e-08,3.912814059065991e-06,3162.2776601683795,117.1932833997941,0.04293605227371054,0.000366369565116101,"(0, 0, 0.95)"
16,8,0.001,8.64491146042718,6.225626867315865,3.0983131650853796e-08,3.912814059065991e-06,5623.413251903491,87.88256459416301,0.03219749697165116,0.000366369565116101,"(0, 0, 0.95)"
16,8,0.001,8.64491146042718,6.225626867315865,3.0983131650853796e-08,3.912814059065991e-06,10000.0,65.90262629044837,0.02414471653404049,0.00036636956511610096,"(0, 0, 0.95)"
16,8,0.001,8.64491146042718,6.225626867315865,3.0983131650853796e-08,3.912814059065991e-06,17782.794100389227,49.41999783500809,0.01810598311485057,0.00036636956511610107,"(0, 0, 0.95)"
16,8,0.001,8.64491146042718,6.225626867315865,3.0983131650853796e-08,3.912814059065991e-06,31622.776601683792,37.059770201695066,0.013577571892097661,0.000366369565116101,"(0, 0, 0.95)"
16,8,0.001,8.64491146042718,6.225626867315865,3.0983131650853796e-08,3.912814059065991e-06,56234.13251903491,27.79090707344263,0.010181742538679152,0.00036636956511610107,"(0, 0, 0.95)"
16,8,0.001,8.64491146042718,6.225626867315865,3.0983131650853796e-08,3.912814059065991e-06,100000.0,20.840240286471015,0.007635229770669434,0.000366369565116101,"(0, 0, 0.95)"
16,8,0.001,8.64491146042718,6.225626867315865,3.0983131650853796e-08,3.912814059065991e-06,177827.94100389228,15.627975511921575,0.005725614591947784,0.000366369565116101,"(0, 0, 0.95)"
16,8,0.001,8.64491146042718,6.225626867315865,3.0983131650853796e-08,3.912814059065991e-06,316227.7660168379,11.71932833997941,0.004293605227371055,0.000366369565116101,"(0, 0, 0.95)"
16,8,0.001,8.64491146042718,6.225626867315865,3.0983131650853796e-08,3.912814059065991e-06,562341.3251903491,8.788256459416303,0.003219749697165116,0.00036636956511610096,"(0, 0, 0.95)"
16,8,0.001,8.64491146042718,6.225626867315865,3.0983131650853796e-08,3.912814059065991e-06,1000000.0,6.590262629044836,0.002414471653404049,0.00036636956511610096,"(0, 0, 0.95)"
16,8,0.001,8.64491146042718,6.225626867315865,3.0983131650853796e-08,3.912814059065991e-06,1778279.410038923,4.941999783500808,0.0018105983114850566,0.000366369565116101,"(0, 0, 0.95)"
16,8,0.001,8.64491146042718,6.225626867315865,3.0983131650853796e-08,3.912814059065991e-06,3162277.6601683795,3.7059770201695064,0.0013577571892097661,0.00036636956511610107,"(0, 0, 0.95)"
16,8,0.001,8.64491146042718,6.225626867315865,3.0983131650853796e-08,3.912814059065991e-06,5623413.251903491,2.779090707344263,0.0010181742538679151,0.000366369565116101,"(0, 0, 0.95)"
16,8,0.001,8.64491146042718,6.225626867315865,3.0983131650853796e-08,3.912814059065991e-06,10000000.0,2.0840240286471015,0.0007635229770669434,0.000366369565116101,"(0, 0, 0.95)"
16,8,0.001,8.64491146042718,6.225626867315865,3.0983131650853796e-08,3.912814059065991e-06,17782794.100389227,1.5627975511921575,0.0005725614591947783,0.000366369565116101,"(0, 0, 0.95)"
16,8,0.001,8.64491146042718,6.225626867315865,3.0983131650853796e-08,3.912814059065991e-06,31622776.60168379,1.1719328339979411,0.0004293605227371055,0.000366369565116101,"(0, 0, 0.95)"
16,8,0.001,8.64491146042718,6.225626867315865,3.0983131650853796e-08,3.912814059065991e-06,56234132.51903491,0.8788256459416303,0.0003219749697165116,0.00036636956511610096,"(0, 0, 0.95)"
16,8,0.001,8.64491146042718,6.225626867315865,3.0983131650853796e-08,3.912814059065991e-06,100000000.0,0.6590262629044836,0.0002414471653404049,0.000366369565116101,"(0, 0, 0.95)"
16,8,0.001,8.64491146042718,6.225626867315865,3.0983131650853796e-08,3.912814059065991e-06,177827941.00389227,0.49419997835008084,0.00018105983114850567,0.00036636956511610107,"(0, 0, 0.95)"
16,8,0.001,8.64491146042718,6.225626867315865,3.0983131650853796e-08,3.912814059065991e-06,316227766.01683795,0.3705977020169507,0.0001357757189209766,0.00036636956511610096,"(0, 0, 0.95)"
16,8,0.001,8.64491146042718,6.225626867315865,3.0983131650853796e-08,3.912814059065991e-06,562341325.1903491,0.2779090707344263,0.00010181742538679152,0.00036636956511610107,"(0, 0, 0.95)"
16,8,0.001,8.64491146042718,6.225626867315865,3.0983131650853796e-08,3.912814059065991e-06,1000000000.0,0.20840240286471015,7.635229770669434e-05,0.000366369565116101,"(0, 0, 0.95)"
16,8,0.001,8.64491146042718,6.225626867315865,3.0983131650853796e-08,3.912814059065991e-06,1778279410.0389228,0.15627975511921574,5.725614591947783e-05,0.000366369565116101,"(0, 0, 0.95)"
16,8,0.001,8.64491146042718,6.225626867315865,3.0983131650853796e-08,3.912814059065991e-06,3162277660.1683793,0.11719328339979411,4.293605227371055e-05,0.000366369565116101,"(0, 0, 0.95)"
16,8,0.001,8.64491146042718,6.225626867315865,3.0983131650853796e-08,3.912814059065991e-06,5623413251.903491,0.08788256459416302,3.219749697165116e-05,0.00036636956511610096,"(0, 0, 0.95)"
16,8,0.001,8.64491146042718,6.225626867315865,3.0983131650853796e-08,3.912814059065991e-06,10000000000.0,0.06590262629044835,2.414471653404049e-05,0.00036636956511610107,"(0, 0, 0.95)"
16,8,0.001,8.64491146042718,6.225626867315865,3.0983131650853796e-08,3.912814059065991e-06,17782794100.38923,0.049419997835008084,1.8105983114850565e-05,0.000366369565116101,"(0, 0, 0.95)"
16,8,0.001,8.64491146042718,6.225626867315865,3.0983131650853796e-08,3.912814059065991e-06,31622776601.683792,0.03705977020169507,1.3577571892097662e-05,0.000366369565116101,"(0, 0, 0.95)"
16,8,0.001,8.64491146042718,6.225626867315865,3.0983131650853796e-08,3.912814059065991e-06,56234132519.034904,0.02779090707344263,1.0181742538679152e-05,0.000366369565116101,"(0, 0, 0.95)"
16,8,0.001,8.64491146042718,6.225626867315865,3.0983131650853796e-08,3.912814059065991e-06,100000000000.0,0.020840240286471013,7.635229770669434e-06,0.00036636956511610107,"(0, 0, 0.95)"
16,8,0.001,8.64491146042718,6.225626867315865,3.0983131650853796e-08,3.912814059065991e-06,177827941003.89227,0.015627975511921573,5.725614591947783e-06,0.000366369565116101,"(0, 0, 0.95)"
16,8,0.001,8.64491146042718,6.225626867315865,3.0983131650853796e-08,3.912814059065991e-06,316227766016.83795,0.01171932833997941,4.293605227371055e-06,0.00036636956511610107,"(0, 0, 0.95)"
16,8,0.001,8.64491146042718,6.225626867315865,3.0983131650853796e-08,3.912814059065991e-06,562341325190.3491,0.008788256459416301,3.2197496971651164e-06,0.00036636956511610107,"(0, 0, 0.95)"
16,8,0.001,8.64491146042718,6.225626867315865,3.0983131650853796e-08,3.912814059065991e-06,1000000000000.0,0.006590262629044836,2.414471653404049e-06,0.000366369565116101,"(0, 0, 0.95)"
16,8,0.0001,0.8641120893983317,0.622290250560804,0.1775995150864889,0.2880617243581385,100.0,1.1395347465905994,0.24144716534040492,0.21188223181679744,"(0, 0, 0.6)"
16,8,0.0001,0.8641120893983317,0.622290250560804,0.1775995150864889,0.2880617243581385,177.82794100389228,0.854530507801418,0.18105983114850568,0.21188223181679744,"(0, 0, 0.6)"
16,8,0.0001,0.8641120893983317,0.622290250560804,0.1775995150864889,0.2880617243581385,316.22776601683796,0.6408074794982064,0.13577571892097662,0.2118822318167974,"(0, 0, 0.6)"
16,8,0.0001,0.8641120893983317,0.622290250560804,0.1775995150864889,0.2880617243581385,562.341325190349,0.48053781817263136,0.10181742538679152,0.2118822318167974,"(0, 0, 0.6)"
16,8,0.0001,0.8641120893983317,0.622290250560804,0.1775995150864889,0.2880617243581385,1000.0,0.3603525272129088,0.07635229770669434,0.21188223181679744,"(0, 0, 0.6)"
16,8,0.0001,0.8641120893983317,0.622290250560804,0.1775995150864889,0.2880617243581385,1778.2794100389228,0.2702262734752765,0.057256145919477835,0.21188223181679744,"(0, 0, 0.6)"
16,8,0.0001,0.8641120893983317,0.622290250560804,0.1775995150864889,0.2880617243581385,3162.2776601683795,0.20264111768859847,0.04293605227371054,0.21188223181679738,"(0, 0, 0.6)"
16,8,0.0001,0.8641120893983317,0.622290250560804,0.1775995150864889,0.2880617243581385,5623.413251903491,0.15195940072733669,0.03219749697165116,0.21188223181679738,"(0, 0, 0.6)"
16,8,0.0001,0.8641120893983317,0.622290250560804,0.1775995150864889,0.2880617243581385,10000.0,0.11395347465905996,0.02414471653404049,0.21188223181679738,"(0, 0, 0.6)"
16,8,0.0001,0.8641120893983317,0.622290250560804,0.1775995150864889,0.2880617243581385,17782.794100389227,0.08545305078014181,0.01810598311485057,0.2118822318167974,"(0, 0, 0.6)"
16,8,0.0001,0.8641120893983317,0.622290250560804,0.1775995150864889,0.2880617243581385,31622.776601683792,0.06408074794982063,0.013577571892097661,0.2118822318167974,"(0, 0, 0.6)"
16,8,0.0001,0.8641120893983317,0.622290250560804,0.1775995150864889,0.2880617243581385,56234.13251903491,0.048053781817263136,0.010181742538679152,0.2118822318167974,"(0, 0, 0.6)"
16,8,0.0001,0.8641120893983317,0.622290250560804,0.1775995150864889,0.2880617243581385,100000.0,0.03603525272129088,0.007635229770669434,0.2118822318167974,"(0, 0, 0.6)"
16,8,0.0001,0.8641120893983317,0.622290250560804,0.1775995150864889,0.2880617243581385,177827.94100389228,0.027022627347527653,0.005725614591947784,0.2118822318167974,"(0, 0, 0.6)"
16,8,0.0001,0.8641120893983317,0.622290250560804,0.1775995150864889,0.2880617243581385,316227.7660168379,0.02026411176885985,0.004293605227371055,0.2118822318167974,"(0, 0, 0.6)"
16,8,0.0001,0.8641120893983317,0.622290250560804,0.1775995150864889,0.2880617243581385,562341.3251903491,0.015195940072733668,0.003219749697165116,0.21188223181679738,"(0, 0, 0.6)"
16,8,0.0001,0.8641120893983317,0.622290250560804,0.1775995150864889,0.2880617243581385,1000000.0,0.011395347465905996,0.002414471653404049,0.21188223181679738,"(0, 0, 0.6)"
16,8,0.0001,0.8641120893983317,0.622290250560804,0.1775995150864889,0.2880617243581385,1778279.410038923,0.00854530507801418,0.0018105983114850566,0.2118822318167974,"(0, 0, 0.6)"
16,8,0.0001,0.8641120893983317,0.622290250560804,0.1775995150864889,0.2880617243581385,3162277.6601683795,0.006408074794982063,0.0013577571892097661,0.2118822318167974,"(0, 0, 0.6)"
16,8,0.0001,0.8641120893983317,0.622290250560804,0.1775995150864889,0.2880617243581385,5623413.251903491,0.004805378181726314,0.0010181742538679151,0.21188223181679738,"(0, 0, 0.6)"
16,8,0.0001,0.8641120893983317,0.622290250560804,0.1775995150864889,0.2880617243581385,10000000.0,0.003603525272129088,0.0007635229770669434,0.2118822318167974,"(0, 0, 0.6)"
16,8,0.0001,0.8641120893983317,0.622290250560804,0.1775995150864889,0.2880617243581385,17782794.100389227,0.0027022627347527656,0.0005725614591947783,0.21188223181679738,"(0, 0, 0.6)"
16,8,0.0001,0.8641120893983317,0.622290250560804,0.1775995150864889,0.2880617243581385,31622776.60168379,0.0020264111768859847,0.0004293605227371055,0.2118822318167974,"(0, 0, 0.6)"
16,8,0.0001,0.8641120893983317,0.622290250560804,0.1775995150864889,0.2880617243581385,56234132.51903491,0.0015195940072733668,0.0003219749697165116,0.2118822318167974,"(0, 0, 0.6)"
16,8,0.0001,0.8641120893983317,0.622290250560804,0.1775995150864889,0.2880617243581385,100000000.0,0.0011395347465905997,0.0002414471653404049,0.21188223181679738,"(0, 0, 0.6)"
16,8,0.0001,0.8641120893983317,0.622290250560804,0.1775995150864889,0.2880617243581385,177827941.00389227,0.000854530507801418,0.00018105983114850567,0.2118822318167974,"(0, 0, 0.6)"
16,8,0.0001,0.8641120893983317,0.622290250560804,0.1775995150864889,0.2880617243581385,316227766.01683795,0.0006408074794982064,0.0001357757189209766,0.21188223181679738,"(0, 0, 0.6)"
16,8,0.0001,0.8641120893983317,0.622290250560804,0.1775995150864889,0.2880617243581385,562341325.1903491,0.0004805378181726314,0.00010181742538679152,0.2118822318167974,"(0, 0, 0.6)"
16,8,0.0001,0.8641120893983317,0.622290250560804,0.1775995150864889,0.2880617243581385,1000000000.0,0.00036035252721290884,7.635229770669434e-05,0.21188223181679738,"(0, 0, 0.6)"
16,8,0.0001,0.8641120893983317,0.622290250560804,0.1775995150864889,0.2880617243581385,1778279410.0389228,0.00027022627347527653,5.725614591947783e-05,0.21188223181679738,"(0, 0, 0.6)"
16,8,0.0001,0.8641120893983317,0.622290250560804,0.1775995150864889,0.2880617243581385,3162277660.1683793,0.00020264111768859846,4.293605227371055e-05,0.21188223181679744,"(0, 0, 0.6)"
16,8,0.0001,0.8641120893983317,0.622290250560804,0.1775995150864889,0.2880617243581385,5623413251.903491,0.0001519594007273367,3.219749697165116e-05,0.21188223181679736,"(0, 0, 0.6)"
16,8,0.0001,0.8641120893983317,0.622290250560804,0.1775995150864889,0.2880617243581385,10000000000.0,0.00011395347465905995,2.414471653404049e-05,0.2118822318167974,"(0, 0, 0.6)"
16,8,0.0001,0.8641120893983317,0.622290250560804,0.1775995150864889,0.2880617243581385,17782794100.38923,8.54530507801418e-05,1.8105983114850565e-05,0.21188223181679738,"(0, 0, 0.6)"
16,8,0.0001,0.8641120893983317,0.622290250560804,0.1775995150864889,0.2880617243581385,31622776601.683792,6.408074794982063e-05,1.3577571892097662e-05,0.21188223181679744,"(0, 0, 0.6)"
16,8,0.0001,0.8641120893983317,0.622290250560804,0.1775995150864889,0.2880617243581385,56234132519.034904,4.805378181726314e-05,1.0181742538679152e-05,0.21188223181679738,"(0, 0, 0.6)"
16,8,0.0001,0.8641120893983317,0.622290250560804,0.1775995150864889,0.2880617243581385,100000000000.0,3.6035252721290885e-05,7.635229770669434e-06,0.21188223181679738,"(0, 0, 0.6)"
16,8,0.0001,0.8641120893983317,0.622290250560804,0.1775995150864889,0.2880617243581385,177827941003.89227,2.7022627347527652e-05,5.725614591947783e-06,0.2118822318167974,"(0, 0, 0.6)"
16,8,0.0001,0.8641120893983317,0.622290250560804,0.1775995150864889,0.2880617243581385,316227766016.83795,2.0264111768859848e-05,4.293605227371055e-06,0.2118822318167974,"(0, 0, 0.6)"
16,8,0.0001,0.8641120893983317,0.622290250560804,0.1775995150864889,0.2880617243581385,562341325190.3491,1.5195940072733668e-05,3.2197496971651164e-06,0.2118822318167974,"(0, 0, 0.6)"
16,8,0.0001,0.8641120893983317,0.622290250560804,0.1775995150864889,0.2880617243581385,1000000000000.0,1.1395347465905995e-05,2.414471653404049e-06,0.2118822318167974,"(0, 0, 0.6)"
16,8,1e-05,0.08640742086848778,0.06222630248729162,0.8412933728438476,0.8829801092394097,100.0,0.5397424612381732,0.24144716534040492,0.447337726193569,"(1, 1, 0.5499999999999999)"
16,8,1e-05,0.08640742086848778,0.06222630248729162,0.8412933728438476,0.8829801092394097,177.82794100389228,0.4047497462133535,0.18105983114850568,0.447337726193569,"(1, 1, 0.5499999999999999)"
16,8,1e-05,0.08640742086848778,0.06222630248729162,0.8412933728438476,0.8829801092394097,316.22776601683796,0.2863680850416171,0.13577571892097662,0.4741300655107733,"(2, 2, 0.5499999999999999)"
16,8,1e-05,0.08640742086848778,0.06222630248729162,0.8412933728438476,0.8829801092394097,562.341325190349,0.21474576871033296,0.10181742538679152,0.4741300655107732,"(2, 2, 0.5499999999999999)"
16,8,1e-05,0.08640742086848778,0.06222630248729162,0.8412933728438476,0.8829801092394097,1000.0,0.14742316380794354,0.07635229770669434,0.5179124890180947,"(8, 8, 0.6)"
16,8,1e-05,0.08640742086848778,0.06222630248729162,0.8412933728438476,0.8829801092394097,1778.2794100389228,0.11055177686104695,0.057256145919477835,0.5179124890180947,"(8, 8, 0.6)"
16,8,1e-05,0.08640742086848778,0.06222630248729162,0.8412933728438476,0.8829801092394097,3162.2776601683795,0.08290213729951289,0.04293605227371054,0.5179124890180946,"(8, 8, 0.6)"
16,8,1e-05,0.08640742086848778,0.06222630248729162,0.8412933728438476,0.8829801092394097,5623.413251903491,0.06216783270218891,0.03219749697165116,0.5179124890180947,"(8, 8, 0.6)"
16,8,1e-05,0.08640742086848778,0.06222630248729162,0.8412933728438476,0.8829801092394097,10000.0,0.04661929775012034,0.02414471653404049,0.5179124890180947,"(8, 8, 0.6)"
16,8,1e-05,0.08640742086848778,0.06222630248729162,0.8412933728438476,0.8829801092394097,17782.794100389227,0.03495954142596083,0.01810598311485057,0.5179124890180947,"(8, 8, 0.6)"
16,8,1e-05,0.08640742086848778,0.06222630248729162,0.8412933728438476,0.8829801092394097,31622.776601683792,0.02621595767624613,0.013577571892097661,0.5179124890180948,"(8, 8, 0.6)"
16,8,1e-05,0.08640742086848778,0.06222630248729162,0.8412933728438476,0.8829801092394097,56234.13251903491,0.019659194853521716,0.010181742538679152,0.5179124890180948,"(8, 8, 0.6)"
16,8,1e-05,0.08640742086848778,0.06222630248729162,0.8412933728438476,0.8829801092394097,100000.0,0.014742316380794354,0.007635229770669434,0.5179124890180947,"(8, 8, 0.6)"
16,8,1e-05,0.08640742086848778,0.06222630248729162,0.8412933728438476,0.8829801092394097,177827.94100389228,0.011055177686104693,0.005725614591947784,0.5179124890180948,"(8, 8, 0.6)"
16,8,1e-05,0.08640742086848778,0.06222630248729162,0.8412933728438476,0.8829801092394097,316227.7660168379,0.008290213729951288,0.004293605227371055,0.5179124890180947,"(8, 8, 0.6)"
16,8,1e-05,0.08640742086848778,0.06222630248729162,0.8412933728438476,0.8829801092394097,562341.3251903491,0.00621678327021889,0.003219749697165116,0.5179124890180947,"(8, 8, 0.6)"
16,8,1e-05,0.08640742086848778,0.06222630248729162,0.8412933728438476,0.8829801092394097,1000000.0,0.004661929775012034,0.002414471653404049,0.5179124890180947,"(8, 8, 0.6)"
16,8,1e-05,0.08640742086848778,0.06222630248729162,0.8412933728438476,0.8829801092394097,1778279.410038923,0.003495954142596083,0.0018105983114850566,0.5179124890180947,"(8, 8, 0.6)"
16,8,1e-05,0.08640742086848778,0.06222630248729162,0.8412933728438476,0.8829801092394097,3162277.6601683795,0.002621595767624613,0.0013577571892097661,0.5179124890180947,"(8, 8, 0.6)"
16,8,1e-05,0.08640742086848778,0.06222630248729162,0.8412933728438476,0.8829801092394097,5623413.251903491,0.0019659194853521716,0.0010181742538679151,0.5179124890180947,"(8, 8, 0.6)"
16,8,1e-05,0.08640742086848778,0.06222630248729162,0.8412933728438476,0.8829801092394097,10000000.0,0.0014742316380794353,0.0007635229770669434,0.5179124890180947,"(8, 8, 0.6)"
16,8,1e-05,0.08640742086848778,0.06222630248729162,0.8412933728438476,0.8829801092394097,17782794.100389227,0.0011055177686104694,0.0005725614591947783,0.5179124890180947,"(8, 8, 0.6)"
16,8,1e-05,0.08640742086848778,0.06222630248729162,0.8412933728438476,0.8829801092394097,31622776.60168379,0.0008290213729951288,0.0004293605227371055,0.5179124890180947,"(8, 8, 0.6)"
16,8,1e-05,0.08640742086848778,0.06222630248729162,0.8412933728438476,0.8829801092394097,56234132.51903491,0.000621678327021889,0.0003219749697165116,0.5179124890180947,"(8, 8, 0.6)"
16,8,1e-05,0.08640742086848778,0.06222630248729162,0.8412933728438476,0.8829801092394097,100000000.0,0.0004661929775012034,0.0002414471653404049,0.5179124890180948,"(8, 8, 0.6)"
16,8,1e-05,0.08640742086848778,0.06222630248729162,0.8412933728438476,0.8829801092394097,177827941.00389227,0.0003495954142596083,0.00018105983114850567,0.5179124890180947,"(8, 8, 0.6)"
16,8,1e-05,0.08640742086848778,0.06222630248729162,0.8412933728438476,0.8829801092394097,316227766.01683795,0.0002621595767624613,0.0001357757189209766,0.5179124890180947,"(8, 8, 0.6)"
16,8,1e-05,0.08640742086848778,0.06222630248729162,0.8412933728438476,0.8829801092394097,562341325.1903491,0.00019659194853521717,0.00010181742538679152,0.5179124890180948,"(8, 8, 0.6)"
16,8,1e-05,0.08640742086848778,0.06222630248729162,0.8412933728438476,0.8829801092394097,1000000000.0,0.00014742316380794354,7.635229770669434e-05,0.5179124890180947,"(8, 8, 0.6)"
16,8,1e-05,0.08640742086848778,0.06222630248729162,0.8412933728438476,0.8829801092394097,1778279410.0389228,0.00011055177686104695,5.725614591947783e-05,0.5179124890180947,"(8, 8, 0.6)"
16,8,1e-05,0.08640742086848778,0.06222630248729162,0.8412933728438476,0.8829801092394097,3162277660.1683793,8.290213729951288e-05,4.293605227371055e-05,0.5179124890180948,"(8, 8, 0.6)"
16,8,1e-05,0.08640742086848778,0.06222630248729162,0.8412933728438476,0.8829801092394097,5623413251.903491,6.21678327021889e-05,3.219749697165116e-05,0.5179124890180947,"(8, 8, 0.6)"
16,8,1e-05,0.08640742086848778,0.06222630248729162,0.8412933728438476,0.8829801092394097,10000000000.0,4.6619297750120345e-05,2.414471653404049e-05,0.5179124890180947,"(8, 8, 0.6)"
16,8,1e-05,0.08640742086848778,0.06222630248729162,0.8412933728438476,0.8829801092394097,17782794100.38923,3.495954142596083e-05,1.8105983114850565e-05,0.5179124890180947,"(8, 8, 0.6)"
16,8,1e-05,0.08640742086848778,0.06222630248729162,0.8412933728438476,0.8829801092394097,31622776601.683792,2.621595767624613e-05,1.3577571892097662e-05,0.5179124890180948,"(8, 8, 0.6)"
16,8,1e-05,0.08640742086848778,0.06222630248729162,0.8412933728438476,0.8829801092394097,56234132519.034904,1.965919485352172e-05,1.0181742538679152e-05,0.5179124890180947,"(8, 8, 0.6)"
16,8,1e-05,0.08640742086848778,0.06222630248729162,0.8412933728438476,0.8829801092394097,100000000000.0,1.4742316380794354e-05,7.635229770669434e-06,0.5179124890180947,"(8, 8, 0.6)"
16,8,1e-05,0.08640742086848778,0.06222630248729162,0.8412933728438476,0.8829801092394097,177827941003.89227,1.1055177686104694e-05,5.725614591947783e-06,0.5179124890180947,"(8, 8, 0.6)"
16,8,1e-05,0.08640742086848778,0.06222630248729162,0.8412933728438476,0.8829801092394097,316227766016.83795,8.290213729951289e-06,4.293605227371055e-06,0.5179124890180947,"(8, 8, 0.6)"
16,8,1e-05,0.08640742086848778,0.06222630248729162,0.8412933728438476,0.8829801092394097,562341325190.3491,6.21678327021889e-06,3.2197496971651164e-06,0.5179124890180948,"(8, 8, 0.6)"
16,8,1e-05,0.08640742086848778,0.06222630248729162,0.8412933728438476,0.8829801092394097,1000000000000.0,4.661929775012034e-06,2.414471653404049e-06,0.5179124890180947,"(8, 8, 0.6)"
16,8,0.0,0.0,0.0,1.0,1.0,100.0,0.47117838694185954,0.24144716534040492,0.5124325988454093,"(1, 1, 0.5499999999999999)"
16,8,0.0,0.0,0.0,1.0,1.0,177.82794100389228,0.3533339439303077,0.18105983114850568,0.5124325988454093,"(1, 1, 0.5499999999999999)"
16,8,0.0,0.0,0.0,1.0,1.0,316.22776601683796,0.21244308427372155,0.13577571892097662,0.6391157395645644,"(2, 2, 0.5499999999999999)"
16,8,0.0,0.0,0.0,1.0,1.0,562.341325190349,0.12375496262001058,0.10181742538679152,0.8227340805671104,"(4, 4, 0.5499999999999999)"
16,8,0.0,0.0,0.0,1.0,1.0,1000.0,0.06925671305537355,0.07635229770669434,1.1024533844920936,"(8, 8, 0.5499999999999999)"
16,8,0.0,0.0,0.0,1.0,1.0,1778.2794100389228,0.03769072774227398,0.057256145919477835,1.5191042823845307,"(16, 16, 0.5499999999999999)"
16,8,0.0,0.0,0.0,1.0,1.0,3162.2776601683795,0.02020324533215049,0.04293605227371054,2.1252057066982273,"(32, 32, 0.5499999999999999)"
16,8,0.0,0.0,0.0,1.0,1.0,5623.413251903491,0.010813024500341642,0.03219749697165116,2.977658745768482,"(64, 64, 0.49999999999999994)"
16,8,0.0,0.0,0.0,1.0,1.0,10000.0,0.008064363799643296,0.02414471653404049,2.9940014034471587,"(64, 64, 0.5499999999999999)"
16,8,0.0,0.0,0.0,1.0,1.0,17782.794100389227,0.004280463569537046,0.01810598311485057,4.229911742201517,"(128, 128, 0.5499999999999999)"
16,8,0.0,0.0,0.0,1.0,1.0,31622.776601683792,0.00226978315390152,0.013577571892097661,5.981880634173901,"(256, 256, 0.5499999999999999)"
16,8,0.0,0.0,0.0,1.0,1.0,56234.13251903491,0.0012032810168603927,0.010181742538679152,8.46164976926621,"(512, 512, 0.5499999999999999)"
16,8,0.0,0.0,0.0,1.0,1.0,100000.0,0.0006378923660533715,0.007635229770669434,11.969464092991835,"(1024, 1024, 0.5499999999999999)"
16,8,0.0,0.0,0.0,1.0,1.0,177827.94100389228,0.0003400403237014898,0.005725614591947784,16.838045940028312,"(2048, 2048, 0.49999999999999994)"
16,8,0.0,0.0,0.0,1.0,1.0,316227.7660168379,0.0002536023918923555,0.004293605227371055,16.930460297841062,"(2048, 2048, 0.5499999999999999)"
16,8,0.0,0.0,0.0,1.0,1.0,562341.3251903491,0.00013445763871844786,0.003219749697165116,23.94620140479501,"(4096, 4096, 0.5499999999999999)"
16,8,0.0,0.0,0.0,1.0,1.0,1000000.0,7.129144108246617e-05,0.002414471653404049,33.86762305184876,"(8192, 8192, 0.5499999999999999)"
16,8,0.0,0.0,0.0,1.0,1.0,1778279.410038923,3.780093385376151e-05,0.0018105983114850566,47.89824289763907,"(16384, 16384, 0.5499999999999999)"
16,8,0.0,0.0,0.0,1.0,1.0,3162277.6601683795,2.0043609743747566e-05,0.0013577571892097661,67.74015292496438,"(32768, 32768, 0.5499999999999999)"
16,8,0.0,0.0,0.0,1.0,1.0,5623413.251903491,1.0686399120974015e-05,0.0010181742538679151,95.2775806276561,"(65536, 65536, 0.49999999999999994)"
16,8,0.0,0.0,0.0,1.0,1.0,10000000.0,7.969926473115817e-06,0.0007635229770669434,95.80050451437184,"(65536, 65536, 0.5499999999999999)"
16,8,0.0,0.0,0.0,1.0,1.0,17782794.100389227,4.226059328844918e-06,0.0005725614591947783,135.48353552132286,"(131072, 131072, 0.5499999999999999)"
16,8,0.0,0.0,0.0,1.0,1.0,31622776.60168379,2.2408795903321367e-06,0.0004293605227371055,191.60356700534138,"(262144, 262144, 0.5499999999999999)"
16,8,0.0,0.0,0.0,1.0,1.0,56234132.51903491,1.1882351197419212e-06,0.0003219749697165116,270.96907368504895,"(524288, 524288, 0.5499999999999999)"
16,8,0.0,0.0,0.0,1.0,1.0,100000000.0,6.300670455195006e-07,0.0002414471653404049,383.2086871665027,"(1048576, 1048576, 0.5499999999999999)"
16,8,0.0,0.0,0.0,1.0,1.0,177827941.00389227,4.724836289262823e-07,0.00018105983114850567,383.2086871665027,"(1048576, 1048576, 0.5499999999999999)"
16,8,0.0,0.0,0.0,1.0,1.0,316227766.01683795,3.5431273733620387e-07,0.0001357757189209766,383.2086871665027,"(1048576, 1048576, 0.5499999999999999)"
16,8,0.0,0.0,0.0,1.0,1.0,562341325.1903491,2.656970700211507e-07,0.00010181742538679152,383.2086871665028,"(1048576, 1048576, 0.5499999999999999)"
16,8,0.0,0.0,0.0,1.0,1.0,1000000000.0,1.9924469424546097e-07,7.635229770669434e-05,383.2086871665027,"(1048576, 1048576, 0.5499999999999999)"
16,8,0.0,0.0,0.0,1.0,1.0,1778279410.0389228,1.4941244245488687e-07,5.725614591947783e-05,383.2086871665027,"(1048576, 1048576, 0.5499999999999999)"
16,8,0.0,0.0,0.0,1.0,1.0,3162277660.1683793,1.1204352539913845e-07,4.293605227371055e-05,383.2086871665028,"(1048576, 1048576, 0.5499999999999999)"
16,8,0.0,0.0,0.0,1.0,1.0,5623413251.903491,8.402079089000787e-08,3.219749697165116e-05,383.2086871665026,"(1048576, 1048576, 0.5499999999999999)"
16,8,0.0,0.0,0.0,1.0,1.0,10000000000.0,6.300670455195004e-08,2.414471653404049e-05,383.2086871665028,"(1048576, 1048576, 0.5499999999999999)"
16,8,0.0,0.0,0.0,1.0,1.0,17782794100.38923,4.7248362892628225e-08,1.8105983114850565e-05,383.2086871665027,"(1048576, 1048576, 0.5499999999999999)"
16,8,0.0,0.0,0.0,1.0,1.0,31622776601.683792,3.543127373362039e-08,1.3577571892097662e-05,383.2086871665028,"(1048576, 1048576, 0.5499999999999999)"
16,8,0.0,0.0,0.0,1.0,1.0,56234132519.034904,2.6569707002115076e-08,1.0181742538679152e-05,383.20868716650267,"(1048576, 1048576, 0.5499999999999999)"
16,8,0.0,0.0,0.0,1.0,1.0,100000000000.0,1.99244694245461e-08,7.635229770669434e-06,383.2086871665027,"(1048576, 1048576, 0.5499999999999999)"
16,8,0.0,0.0,0.0,1.0,1.0,177827941003.89227,1.4941244245488686e-08,5.725614591947783e-06,383.2086871665027,"(1048576, 1048576, 0.5499999999999999)"
16,8,0.0,0.0,0.0,1.0,1.0,316227766016.83795,1.1204352539913844e-08,4.293605227371055e-06,383.2086871665028,"(1048576, 1048576, 0.5499999999999999)"
16,8,0.0,0.0,0.0,1.0,1.0,562341325190.3491,8.402079089000786e-09,3.2197496971651164e-06,383.2086871665027,"(1048576, 1048576, 0.5499999999999999)"
16,8,0.0,0.0,0.0,1.0,1.0,1000000000000.0,6.300670455195006e-09,2.414471653404049e-06,383.20868716650267,"(1048576, 1048576, 0.5499999999999999)"
