part,case,P_F,method,knob,q,e50,e25,e75,e90,e95,rms,reps
a,n16_k5,0.07492507492507493,classical,100.0,100.0,0.15790849673202617,0.05974358974358976,0.21166666666666675,0.3866666666666667,0.5113333333333326,0.23692620642896678,30
a,n16_k5,0.07492507492507493,classical,215.0,215.0,0.07326923076923075,0.026323529411764635,0.1612820512820513,0.21333333333333326,0.22179487179487167,0.12210067946374385,30
a,n16_k5,0.07492507492507493,classical,464.0,464.0,0.04583333333333334,0.018256113256113204,0.08044573643410854,0.13263082437275997,0.18925925925925913,0.08415148105970587,30
a,n16_k5,0.07492507492507493,classical,1000.0,1000.0,0.037381158167675066,0.015508173418621207,0.0796042658205535,0.11589743589743588,0.14351498736005777,0.06923472975951576,30
a,n16_k5,0.07492507492507493,classical,2154.0,2154.0,0.029307359307359393,0.016293859649122777,0.046262939958592125,0.06346746880570407,0.08460784313725492,0.043625543720557415,30
a,n16_k5,0.07492507492507493,classical,4642.0,4642.0,0.015741260548382208,0.007913007979788667,0.024910485933503784,0.03183696762179374,0.03565993214458815,0.021822409578824916,30
a,n16_k5,0.07492507492507493,classical,10000.0,10000.0,0.009850166481687017,0.006544806395799768,0.01950213765044531,0.02440884950082261,0.027236157531194294,0.01588076901887291,30
a,n16_k5,0.07492507492507493,classical,21544.0,21544.0,0.012224983940581358,0.004291811330608436,0.01577018320181464,0.023234411827065038,0.02355664714339345,0.013906778997248712,30
a,n16_k5,0.07492507492507493,classical,46416.0,46416.0,0.0055427206738285495,0.002336103135471196,0.009018511227241288,0.012472086140028527,0.013928659815539061,0.007441700834173776,30
a,n16_k5,0.07492507492507493,classical,100000.0,100000.0,0.0044258308721659145,0.0020252849358209646,0.007125199160796958,0.009623711560218297,0.010906479559516295,0.005888332817229813,30
a,n16_k5,0.07492507492507493,classical,215443.0,215443.0,0.0027337483568877774,0.0009512723145589097,0.004212584942809988,0.00500251344796282,0.006184336307073335,0.003624630737899403,30
a,n16_k5,0.07492507492507493,classical,464159.0,464159.0,0.002113165063425626,0.0011193663812065213,0.0033045298446883753,0.004241999843674948,0.0048955444512705365,0.002886326499455449,30
a,n16_k5,0.07492507492507493,classical,1000000.0,1000000.0,0.0011104045695525255,0.0005365106509296613,0.0016341619006074448,0.0031753839746244683,0.0035062938258508133,0.0018361017160021804,30
a,n16_k5,0.07492507492507493,classical,2154435.0,2154435.0,0.0009353976640247841,0.0005666463817979861,0.0015282203847396258,0.0022956452494228845,0.0028985440293136577,0.0014786067501052396,30
a,n16_k5,0.07492507492507493,classical,4641589.0,4641589.0,0.0006532152202579633,0.0002503363254061919,0.0009349228967725776,0.0015157073847437141,0.0016260455201995367,0.0008562728918287531,30
a,n16_k5,0.07492507492507493,classical,10000000.0,10000000.0,0.0003461709320084494,0.0001957388925817316,0.0004844228879422041,0.0006890508507879645,0.0007693673898643391,0.0004371615930458376,30
a,n16_k5,0.07492507492507493,iqae,0.2,2250.0,0.01764744271979829,0.00760033823247544,0.02924415170031497,0.04832736102525007,0.06552254049632289,0.04425586693675064,30
a,n16_k5,0.07492507492507493,iqae,0.1,6300.0,0.0073610959097191175,0.003248196753548399,0.01137783400716777,0.01625415730369706,0.020229022493809402,0.017071432049229254,30
a,n16_k5,0.07492507492507493,iqae,0.05,8000.0,0.003794369012130372,0.0016453347455054612,0.006786763749022956,0.011670281635714787,0.014398837650831567,0.03214957004887505,30
a,n16_k5,0.07492507492507493,iqae,0.025,27350.0,0.0010660088036185122,0.0006777263929203525,0.002274856686434207,0.0035959741529092547,0.004405641545827952,0.008869905835634994,30
a,n16_k5,0.07492507492507493,iqae,0.0125,35900.0,0.0009490906842199442,0.0005540437915457219,0.0014161793698901082,0.0022193372029135185,0.0032160021252232284,0.005907458017771083,30
a,n16_k5,0.07492507492507493,iqae,0.006,150700.0,0.00013113072555637206,7.933036749330213e-05,0.00029751956902451804,0.0004948035007719565,0.0005295364687214753,0.004103331571443572,30
a,n16_k5,0.07492507492507493,iqae,0.003,148250.0,0.00018116358888564665,0.0001111943568233853,0.0003376186337393505,0.00047231476299354204,0.0008740062733293011,0.005940102810363401,30
a,n16_k5,0.07492507492507493,iqae,0.0015,494600.0,7.590567889131927e-05,3.3230634281511406e-05,0.00016045075637069472,0.0002538567182089225,0.0003185373498976295,0.00016211661606717708,30
a,n16_k5,0.07492507492507493,iqae,0.0008,715100.0,3.4626881725507985e-05,1.9190317724598893e-05,7.04581424407491e-05,9.194494992882385e-05,0.00010993459183665779,5.668885838176495e-05,30
a,n16_k5,0.07492507492507493,iqae_s20,0.2,1140.0,0.01347809314495374,0.008408371911800022,0.02816054371374846,0.035992799154957636,0.04125613896022943,0.02270427770506676,30
a,n16_k5,0.07492507492507493,iqae_s20,0.1,2260.0,0.012373555970979389,0.0031750446269976917,0.021012544899008362,0.03225535942123152,0.06888289056638933,0.03501058473664929,30
a,n16_k5,0.07492507492507493,iqae_s20,0.05,4940.0,0.004539414847739731,0.003371483379476542,0.006819162330182232,0.008700906687505774,0.010448803415721427,0.005963305417440443,30
a,n16_k5,0.07492507492507493,iqae_s20,0.025,9640.0,0.0018192518132361113,0.0004591908402963307,0.004344526494368367,0.009311239856728484,0.034548341432000654,0.015478128910359499,30
a,n16_k5,0.07492507492507493,iqae_s20,0.0125,20320.0,0.0010639555338363138,0.0005018452330278478,0.001689181938954093,0.002907270446689033,0.010316979036817013,0.005442488985796436,30
a,n16_k5,0.07492507492507493,iqae_s20,0.006,43590.0,0.00033346393657157636,0.00014212216721065651,0.0006418719299991493,0.0010357873274364326,0.0014252293150507891,0.0006810972604854379,30
a,n16_k5,0.07492507492507493,iqae_s20,0.003,86260.0,0.00019624824095487714,6.986997726871058e-05,0.0003941747920906957,0.0004939864831708832,0.0006328809757961628,0.0003140170161012503,30
a,n16_k5,0.07492507492507493,iqae_s20,0.0015,161580.0,0.00014738083611565145,7.72233576676884e-05,0.0002193293377396599,0.00034451933986332525,0.0007195297160644363,0.004088537868678366,30
a,n16_k5,0.07492507492507493,iqae_s20,0.0008,346330.0,6.410690003294528e-05,3.402211529340837e-05,0.00010515255807108659,0.00018918676850472328,0.00024059577336097408,0.0011296994554191439,30
a,n16_k5,0.07492507492507493,mlae_exp,3.0,180.0,0.08985235092795357,0.03131660813082032,0.1694504334753621,0.22576500125807356,0.2497766761858421,0.13348870052655226,30
a,n16_k5,0.07492507492507493,mlae_exp,4.0,420.0,0.049290628287512794,0.021460020790195405,0.07766275300302858,0.10344888555846715,0.11555946746444895,0.06311492484703081,30
a,n16_k5,0.07492507492507493,mlae_exp,5.0,900.0,0.029082306965123317,0.010881248375368524,0.03965500841841374,0.05159307348183511,0.05427278238646454,0.03405173463275974,30
a,n16_k5,0.07492507492507493,mlae_exp,6.0,1860.0,0.014591375474550583,0.005699136332610405,0.03233546553958444,0.043291629341920344,0.17139795591695478,0.07345379407729295,30
a,n16_k5,0.07492507492507493,mlae_exp,7.0,3780.0,0.007249719274707245,0.0029853084363013482,0.01266717265114256,0.01687925308181757,0.0182638103547083,0.010309938496686065,30
a,n16_k5,0.07492507492507493,mlae_exp,8.0,7620.0,0.004039749240495771,0.0010035194603354447,0.0061605564027102655,0.008582611471603307,0.018893113417556916,0.00784449112892852,30
a,n16_k5,0.07492507492507493,mlae_exp,9.0,15300.0,0.0015294430303327,0.0011459184610468354,0.0022694413526308244,0.004075295821931747,0.0048811249307630904,0.0023480901768086976,30
a,n16_k5,0.07492507492507493,mlae_exp,10.0,30660.0,0.0007199385691460392,0.0002708037907591665,0.0009980709862283665,0.0012371755988000558,0.0014659395998827317,0.0008290454854547345,30
a,n16_k5,0.07492507492507493,mlae_exp,11.0,61380.0,0.0004473135157868624,0.0003086750325717036,0.0009076096562942171,0.0011857293556077452,0.0013165310112580812,0.0007408587063074337,30
a,n16_k5,0.07492507492507493,mlae_exp,12.0,122820.0,0.0001858202341963322,7.344524295915811e-05,0.00036429045653951775,0.0006838869960858697,0.0007896871399208083,0.0004292106377589323,30
a,n16_k5,0.07492507492507493,mlae_exp,13.0,245700.0,0.0001355783519473297,5.0309158471623094e-05,0.00019894006443196832,0.00024065262103448734,0.000308309524135708,0.00017734826686734167,30
a,n16_k5,0.07492507492507493,mlae_power,10.0,960.0,0.028801483088337465,0.018314274661940383,0.05446160184730811,0.07582877196747535,0.10130178387548269,0.04865504096178224,30
a,n16_k5,0.07492507492507493,mlae_power,20.0,3000.0,0.01830813527092101,0.007879141336547324,0.02873993876226641,0.0453949169269465,0.04888542833927488,0.025887917076922604,30
a,n16_k5,0.07492507492507493,mlae_power,40.0,8940.0,0.010420508049176713,0.0058820736065597345,0.01274678921579872,0.014028488853304181,0.019149982926674386,0.011897196504443092,30
a,n16_k5,0.07492507492507493,mlae_power,80.0,26160.0,0.0042203745029165685,0.0017672979037937353,0.005998730180295481,0.008098793727039977,0.008318182099191612,0.00552439427063832,30
a,n16_k5,0.07492507492507493,mlae_power,160.0,76200.0,0.001326881263755908,0.0007412924495218409,0.003077026648289072,0.004793038743578737,0.00513830816931774,0.002672808153396053,30
a,n16_k5,0.07492507492507493,mlae_power,320.0,219300.0,0.0009507406516552908,0.0005756874517227617,0.0012881942799665702,0.0015264396633421276,0.0018575132010582966,0.0011023026091944784,30
a,n16_k5,0.07492507492507493,mlae_power,640.0,628500.0,0.0003828969167216645,0.00021744931712422422,0.0006890439961687034,0.0009774705093136828,0.0011532229102484577,0.0005981606724614675,30
a,n16_k5,0.07492507492507493,mlae_power,1280.0,1793400.0,0.00022033303844054553,0.00013261147131268802,0.00030709294267136644,0.00035281402984591595,0.00037342844883880285,0.0002672870957797865,30
a,n24_k6,0.03401552008363154,classical,100.0,100.0,0.12608353033884945,0.12608353033884945,0.1869582348305753,0.37391646966115055,0.6489164696611491,0.28893895209796067,30
a,n24_k6,0.03401552008363154,classical,215.0,215.0,0.12608353033884945,0.04572638748170657,0.12608353033884945,0.15963075537543625,0.1717186674633483,0.1183271660563959,30
a,n24_k6,0.03401552008363154,classical,464.0,464.0,0.06358353033884945,0.01643440753183187,0.1147659031004592,0.14724980299448404,0.24391646966115038,0.10963594688716133,30
a,n24_k6,0.03401552008363154,classical,1000.0,1000.0,0.04369918699186992,0.017074064946405426,0.06520626733392693,0.0742551269484326,0.09922421123770356,0.05486881507934582,30
a,n24_k6,0.03401552008363154,classical,2154.0,2154.0,0.03505788931320841,0.024450025057591807,0.0539925485560655,0.06214357568867604,0.07413535051383421,0.044840091848803845,30
a,n24_k6,0.03401552008363154,classical,4642.0,4642.0,0.015366430260047248,0.008423663107149093,0.02952200996267393,0.0377343104979169,0.04432243547585089,0.02772215251567568,30
a,n24_k6,0.03401552008363154,classical,10000.0,10000.0,0.012211983002860916,0.005523437015191507,0.018655077528693498,0.02642022893482502,0.028575109066056526,0.015989895591828385,30
a,n24_k6,0.03401552008363154,classical,21544.0,21544.0,0.0078016262544868265,0.0038332664623466906,0.013027650706872812,0.016901724691857162,0.021498866734794633,0.010890866080627925,30
a,n24_k6,0.03401552008363154,classical,46416.0,46416.0,0.005423510359104156,0.0029518221302554104,0.010682657072258794,0.012695176595569017,0.014962462088695954,0.008221014088194666,30
a,n24_k6,0.03401552008363154,classical,100000.0,100000.0,0.004487154443665431,0.002472118931775402,0.008552698712685325,0.010555215812172905,0.012849400953616771,0.006758247371649689,30
a,n24_k6,0.03401552008363154,classical,215443.0,215443.0,0.0027176477002862076,0.0011296792828376923,0.004840611766837921,0.005305859140957048,0.005721160255580863,0.003479953484138412,30
a,n24_k6,0.03401552008363154,classical,464159.0,464159.0,0.0015163581073389665,0.000801355741704729,0.0024138461558900204,0.003777413134308095,0.0043925270983485466,0.0023127754473934274,30
a,n24_k6,0.03401552008363154,classical,1000000.0,1000000.0,0.0007880343599633299,0.00045830907399679877,0.0016920817957342682,0.00198863869232373,0.0021753668823174307,0.0012595089554476807,30
a,n24_k6,0.03401552008363154,classical,2154435.0,2154435.0,0.0009133666671306551,0.0005195395481015774,0.0013506661652622487,0.002423666897374743,0.002545230035048812,0.0013138536650606977,30
a,n24_k6,0.03401552008363154,classical,4641589.0,4641589.0,0.0005789915948782864,0.0004049961414779868,0.0008609384271429377,0.0015450693526264825,0.0015546297248213326,0.0008352670770040735,30
a,n24_k6,0.03401552008363154,classical,10000000.0,10000000.0,0.000556407817285387,0.00030922873442287835,0.0008682223917170218,0.0010873293654996008,0.0011695941060790803,0.0006890169726473215,30
a,n24_k6,0.03401552008363154,iqae,0.2,5700.0,0.011598543198787725,0.008118354891926388,0.02293921421997,0.026900615400272127,0.07002232150560596,0.05521248965925624,30
a,n24_k6,0.03401552008363154,iqae,0.1,10000.0,0.0071843066034209535,0.0024166625534317865,0.010673729497442469,0.013814012146311075,0.016233740783458038,0.008781303391949463,30
a,n24_k6,0.03401552008363154,iqae,0.05,22750.0,0.0032163339077835307,0.0018478346174845284,0.006406800063907175,0.013893268146316397,0.015616034890603708,0.007390830360152295,30
a,n24_k6,0.03401552008363154,iqae,0.025,40200.0,0.001412116264760399,0.0007353343666279821,0.0025868022380386158,0.0045167978798513544,0.006228903867303473,0.007670867090341856,30
a,n24_k6,0.03401552008363154,iqae,0.0125,69400.0,0.0007960896991855981,0.00023249589836579765,0.0012263141273818057,0.0018899123921786614,0.002177606397950027,0.0011677908499162213,30
a,n24_k6,0.03401552008363154,iqae,0.006,176300.0,0.0004346941511119695,0.00023598371391755912,0.0007141470903699321,0.0011838795230523674,0.001849955822873859,0.036580508870899975,30
a,n24_k6,0.03401552008363154,iqae,0.003,264600.0,0.0002566744931285503,0.00014176932945744736,0.00040566235682956697,0.0006493876665844002,0.000702351588194039,0.0003707980142552108,30
a,n24_k6,0.03401552008363154,iqae,0.0015,709250.0,0.00010271511908616082,5.94469791188601e-05,0.00018043223503780292,0.0004770491276826725,0.002331250294543262,0.0017020048754249988,30
a,n24_k6,0.03401552008363154,iqae,0.0008,1153100.0,6.502387058110459e-05,4.141025086890071e-05,9.442736950929231e-05,0.0001407297414141585,0.00021179279500209143,0.0059337379575418415,30
a,n24_k6,0.03401552008363154,iqae_s20,0.2,1940.0,0.013348272591337862,0.0053885713720536466,0.033379405577447896,0.044899024810632224,0.05432334513145065,0.043624985856136715,30
a,n24_k6,0.03401552008363154,iqae_s20,0.1,4070.0,0.011543886872812104,0.005563797453850022,0.02428156060223044,0.04082048010376223,0.0506125850557344,0.02795283316378658,30
a,n24_k6,0.03401552008363154,iqae_s20,0.05,7810.0,0.005444333891046205,0.0017824277633675667,0.008346660713716508,0.013208477079610589,0.08076100161287317,0.03335734102963226,30
a,n24_k6,0.03401552008363154,iqae_s20,0.025,16270.0,0.0026712083695241695,0.0015115949809164086,0.004909001645041711,0.00618484870280054,0.007256040113918504,0.003916915747543605,30
a,n24_k6,0.03401552008363154,iqae_s20,0.0125,33880.0,0.0007532260154386461,0.00039531935901737647,0.0016028141781387062,0.002927646190703593,0.015450400910686772,0.008270702933501456,30
a,n24_k6,0.03401552008363154,iqae_s20,0.006,71300.0,0.0004422709574439243,0.0001776059624398474,0.0006982085429666218,0.0010285457453751204,0.0014205596606512202,0.0010247634362231487,30
a,n24_k6,0.03401552008363154,iqae_s20,0.003,145860.0,0.0002213149725481811,0.00012946154009332855,0.0004920454552866105,0.0009272873015046091,0.0010450811316189187,0.01017171465571254,30
a,n24_k6,0.03401552008363154,iqae_s20,0.0015,295180.0,0.00010087080877935195,6.938514599180712e-05,0.0002571318640730569,0.023761277110158324,0.12608353033884945,0.06087897345421778,30
a,n24_k6,0.03401552008363154,iqae_s20,0.0008,537910.0,7.869085077755189e-05,4.126439803045501e-05,0.00011121507116998441,0.00017330340654169167,0.00021898633731891041,0.00011756666036442454,30
a,n24_k6,0.03401552008363154,mlae_exp,3.0,180.0,0.12608353033884945,0.07900214308041073,0.1515815246664676,0.2172465401038025,0.23570023122025158,0.1477513968927914,30
a,n24_k6,0.03401552008363154,mlae_exp,4.0,420.0,0.1062589708253664,0.059759886185531075,0.12608353033884945,0.12608353033884945,0.12608353033884945,0.10116465224022014,30
a,n24_k6,0.03401552008363154,mlae_exp,5.0,900.0,0.0719155631932143,0.04650796649019995,0.10067734879967963,0.12608353033884945,0.12608353033884945,0.0812723756195745,30
a,n24_k6,0.03401552008363154,mlae_exp,6.0,1860.0,0.026739143084371475,0.018939741553891998,0.0490178610613303,0.06304070038986247,0.06611023286055194,0.03823699650475791,30
a,n24_k6,0.03401552008363154,mlae_exp,7.0,3780.0,0.009217473898114004,0.005506499403871629,0.015754786262360293,0.02152497363211392,0.02648268278669876,0.016905020939556252,30
a,n24_k6,0.03401552008363154,mlae_exp,8.0,7620.0,0.005042911709772391,0.0031285233627625364,0.011878021264776495,0.020653661868859863,0.029844151725766016,0.014001554585864355,30
a,n24_k6,0.03401552008363154,mlae_exp,9.0,15300.0,0.0038714440392200733,0.0012504015329937723,0.006183326707279724,0.04068177537876738,0.04176909508430188,0.01689033403086958,30
a,n24_k6,0.03401552008363154,mlae_exp,10.0,30660.0,0.001583501210017657,0.0005667014045740437,0.0029610403051562872,0.006420112088405436,0.03619468667030147,0.011874443426137209,30
a,n24_k6,0.03401552008363154,mlae_exp,11.0,61380.0,0.0006784651758687255,0.00044259731082604836,0.0013128337951076041,0.0023426639132066774,0.002414927093561142,0.0013137055566082752,30
a,n24_k6,0.03401552008363154,mlae_exp,12.0,122820.0,0.00030740132310846935,0.00026556990412149317,0.000783635292145396,0.0013151622476251237,0.0015287856520474314,0.005728509348811092,30
a,n24_k6,0.03401552008363154,mlae_exp,13.0,245700.0,0.0001775877892771227,5.5875587037595986e-05,0.00033054173095153905,0.0004341994009486095,0.000780727422937881,0.00038547120131931487,30
a,n24_k6,0.03401552008363154,mlae_power,10.0,960.0,0.04073395632411714,0.007940718009258496,0.07577509739186114,0.12608353033884945,0.14472284179162503,0.07165205060644449,30
a,n24_k6,0.03401552008363154,mlae_power,20.0,3000.0,0.025223446259187654,0.00948764684101569,0.04036975357622863,0.05201398033865836,0.054805120394590505,0.031767837786977296,30
a,n24_k6,0.03401552008363154,mlae_power,40.0,8940.0,0.015095693063421456,0.008353654718418008,0.025886384450894417,0.0353627178866983,0.04197720898217753,0.02313863667353504,30
a,n24_k6,0.03401552008363154,mlae_power,80.0,26160.0,0.00484550295958841,0.001725155288025082,0.009573493785053039,0.01498653004901911,0.017179283375409863,0.009186391766563539,30
a,n24_k6,0.03401552008363154,mlae_power,160.0,76200.0,0.0025763823584361023,0.0013210476972947138,0.005598464610599513,0.006921225887457218,0.008806686747701567,0.0045312949780705325,30
a,n24_k6,0.03401552008363154,mlae_power,320.0,219300.0,0.0016218932456336654,0.0007596776041261799,0.002757889179283435,0.004426665960559853,0.00594602532658045,0.002739449876258189,30
a,n24_k6,0.03401552008363154,mlae_power,640.0,628500.0,0.0009613362409466308,0.0003009645932187943,0.0016419608357537696,0.002238537251307915,0.002993814324453911,0.0014541834359446026,30
a,n24_k6,0.03401552008363154,mlae_power,1280.0,1793400.0,0.00043344998504385446,0.00019108134138787203,0.0008175610431029601,0.0011781879300683973,0.00127192849970712,0.0006592181283596445,30
b,esg0.3_carb0.7,0.3596826290324742,classical,100.0,100.0,0.062132844401077025,0.03512315087379361,0.09845131269470803,0.1396624101558055,0.17390296747862782,0.08804104248581036,30
b,esg0.3_carb0.7,0.3596826290324742,classical,215.0,215.0,0.02757066065545344,0.008076138126725085,0.05464912674855921,0.07697568687125611,0.07994481918821449,0.04508474652873958,30
b,esg0.3_carb0.7,0.3596826290324742,classical,460.0,460.0,0.016644984835748555,0.008401547997103964,0.05280639932980205,0.060512577706308135,0.0615410743436641,0.0360879128869699,30
b,esg0.3_carb0.7,0.3596826290324742,classical,988.0,988.0,0.015275387263339102,0.009773471739609546,0.02131931696450101,0.0332997975431929,0.03434146420985953,0.01987362199308802,30
b,esg0.3_carb0.7,0.3596826290324742,classical,2120.0,2120.0,0.006783568048952082,0.004104604136592083,0.01224575352700688,0.016648610089668604,0.018766483916666018,0.010400437085430692,30
b,esg0.3_carb0.7,0.3596826290324742,classical,4549.0,4549.0,0.00914795906405974,0.004302251494055054,0.012328149790256565,0.014263033872824644,0.018561539535900378,0.010460764281413083,30
b,esg0.3_carb0.7,0.3596826290324742,classical,9761.0,9761.0,0.004328671301385423,0.0028684216198330004,0.0071557885535097066,0.01091463116519229,0.012063104026036754,0.0065130648460816785,30
b,esg0.3_carb0.7,0.3596826290324742,classical,20944.0,20944.0,0.003364117558756541,0.0021068430721466747,0.004210693421365236,0.006757258742080644,0.00991161237380354,0.004729593344501263,30
b,esg0.3_carb0.7,0.3596826290324742,classical,44940.0,44940.0,0.0030069626802071703,0.001269038356273039,0.005107883902395888,0.006331097215671034,0.007847619362274938,0.0041921320033728345,30
b,esg0.3_carb0.7,0.3596826290324742,classical,96430.0,96430.0,0.0018725078476060086,0.000663057367258052,0.002610121552304251,0.003916370102451084,0.004302191733525168,0.0022583098391351815,30
b,esg0.3_carb0.7,0.3596826290324742,classical,206914.0,206914.0,0.00121797555379638,0.0003982555576167168,0.002434981794361968,0.0028197796539064963,0.003375776017155079,0.0018243332142999953,30
b,esg0.3_carb0.7,0.3596826290324742,classical,443985.0,443985.0,0.0009894595124200212,0.000448372687865628,0.00164266740152752,0.0023594588615586057,0.0025454680733485832,0.0013854615610603346,30
b,esg0.3_carb0.7,0.3596826290324742,classical,952681.0,952681.0,0.0004228296362661643,0.0002709949747033702,0.0006668909500539,0.0009904457523996048,0.001391390435001753,0.0006506061014711837,30
b,esg0.3_carb0.7,0.3596826290324742,classical,2044214.0,2044214.0,0.0004328378897783258,0.0002649365307585694,0.0007100913368504602,0.0008731096089674706,0.0010239005625067514,0.0005727157450560935,30
b,esg0.3_carb0.7,0.3596826290324742,classical,4386370.0,4386370.0,0.00031152325088279476,0.00015535352759993293,0.00043682092775532144,0.00047696766438865,0.000565325367123742,0.000354092654056301,30
b,esg0.3_carb0.7,0.3596826290324742,classical,9412050.0,9412050.0,0.00017429076068420368,8.325744298379179e-05,0.00030837791320209584,0.0004067341819669723,0.00041885115902340336,0.0002600865952079097,30
b,esg0.3_carb0.7,0.3596826290324742,classical,20195898.0,20195898.0,0.00015346538113181207,0.00010282371896594422,0.0002369324320495303,0.00027656497467041244,0.0003153167149854363,0.00018916292240300875,30
b,esg0.3_carb0.7,0.3596826290324742,classical,43335330.0,43335330.0,7.706100389598403e-05,3.055692019762746e-05,0.00013739101647330942,0.00016681370338030865,0.00023179442163409058,0.00011748613424276113,30
b,esg0.3_carb0.7,0.3596826290324742,classical,92986747.0,92986747.0,4.610381652131457e-05,2.7540206564979908e-05,9.614754740971954e-05,0.00014282054776928457,0.00016762633792702922,8.481031630780137e-05,30
b,esg0.3_carb0.7,0.3596826290324742,classical,199526231.0,199526231.0,3.502310880437731e-05,1.8995160613127782e-05,6.731142205293472e-05,7.73957442186113e-05,9.055217967018357e-05,5.095156522407784e-05,30
b,esg0.3_carb0.7,0.3596826290324742,iqae,0.4,300.0,0.03342377082477066,0.02013699539225411,0.054683360420859556,0.07413192690303236,0.12395183811532022,0.06449563753265183,30
b,esg0.3_carb0.7,0.3596826290324742,iqae,0.2,900.0,0.016072681608656603,0.007806447235916558,0.025847178806943677,0.042572963355755535,0.07058509003788092,0.031017882482907634,30
b,esg0.3_carb0.7,0.3596826290324742,iqae,0.1,2100.0,0.006672915669631463,0.003059000113533883,0.011136001983412552,0.02116674550306447,0.023501540326729,0.01186338032954548,30
b,esg0.3_carb0.7,0.3596826290324742,iqae,0.05,4700.0,0.00589165530540231,0.0027626287927715043,0.009370384751296673,0.01641166121747811,0.04513560883496132,0.030849939832504197,30
b,esg0.3_carb0.7,0.3596826290324742,iqae,0.025,8950.0,0.002037805323743147,0.0013756193865415711,0.003229801151897138,0.0035706870687194476,0.004141489396862779,0.0025455082461518894,30
b,esg0.3_carb0.7,0.3596826290324742,iqae,0.0125,24000.0,0.0007183301528312369,0.0005531894545498517,0.001017630454323487,0.0017475437293307033,0.0023179487256055993,0.001092129320289161,30
b,esg0.3_carb0.7,0.3596826290324742,iqae,0.006,40550.0,0.0003459694872980368,0.00016954731879190166,0.0007331155059981664,0.0016252892665126531,0.002016160904498742,0.0009399673054110492,30
b,esg0.3_carb0.7,0.3596826290324742,iqae,0.003,101650.0,0.00018809633162841788,8.777021738348711e-05,0.0003438796829679791,0.0004670024630808789,0.0027930159705955686,0.0013623912854775746,30
b,esg0.3_carb0.7,0.3596826290324742,iqae,0.0015,177150.0,9.073462484660011e-05,3.430536366508252e-05,0.00014721683498480909,0.0003342152771395379,0.00040001618989254326,0.00018178144572454592,30
b,esg0.3_carb0.7,0.3596826290324742,iqae_s20,0.4,150.0,0.024022604817710624,0.013009385386574202,0.0729660377271047,0.13234246261000812,0.1783548743904799,0.0725305522533501,30
b,esg0.3_carb0.7,0.3596826290324742,iqae_s20,0.2,320.0,0.028539823975764655,0.014637217328563296,0.04701278985161497,0.058457825844337355,0.07379317948775961,0.04014782951649236,30
b,esg0.3_carb0.7,0.3596826290324742,iqae_s20,0.1,760.0,0.01177697789201504,0.006881977530065614,0.02089119073890014,0.027215218821205946,0.036049378462712896,0.01863447812891424,30
b,esg0.3_carb0.7,0.3596826290324742,iqae_s20,0.05,1920.0,0.004956363195097124,0.0028661919183176343,0.007321613705978808,0.011971748862693256,0.014007977545680856,0.010181799927679439,30
b,esg0.3_carb0.7,0.3596826290324742,iqae_s20,0.025,3930.0,0.0014238054275295675,0.0008743851189151053,0.002393389599016693,0.004154938273821032,0.006998857016198824,0.014620883495574307,30
b,esg0.3_carb0.7,0.3596826290324742,iqae_s20,0.0125,6940.0,0.0010970448781680853,0.0004176033321722228,0.0018315691725092065,0.002588949105592087,0.0029749176502206977,0.001597279578829984,30
b,esg0.3_carb0.7,0.3596826290324742,iqae_s20,0.006,15500.0,0.0005340022995015126,0.0002533622179912709,0.0010481708737326012,0.004782614722970703,0.011735111490294516,0.023401631370015327,30
b,esg0.3_carb0.7,0.3596826290324742,iqae_s20,0.003,34130.0,0.00039238037918576385,0.00017119400716825162,0.0006360083896821134,0.0014606060136090496,0.004779351418910353,0.04915117132417055,30
b,esg0.3_carb0.7,0.3596826290324742,iqae_s20,0.0015,70420.0,0.00012027740737347026,7.990150627035231e-05,0.00029483400838906104,0.004457809574120976,0.13425449678467877,0.06326307705881014,30
b,esg0.3_carb0.7,0.3596826290324742,mlae_exp,3.0,180.0,0.05775735908342938,0.039517987899173795,0.0914602334173415,0.1048627527598729,0.11401620405337703,0.07399703115938285,30
b,esg0.3_carb0.7,0.3596826290324742,mlae_exp,4.0,420.0,0.021695505633126222,0.014568084520368868,0.035760575002955125,0.05845909272868691,0.07036729901958519,0.034592491189118994,30
b,esg0.3_carb0.7,0.3596826290324742,mlae_exp,5.0,900.0,0.010379950607531552,0.006611268328878206,0.020165885882097723,0.026029373991911083,0.031739409521574974,0.017340317359737196,30
b,esg0.3_carb0.7,0.3596826290324742,mlae_exp,6.0,1860.0,0.0041055764074853784,0.0027187763619847816,0.008170425513236879,0.013020615680300697,0.014197457342378497,0.00856884829966186,30
b,esg0.3_carb0.7,0.3596826290324742,mlae_exp,7.0,3780.0,0.002522320740286854,0.0014029511755409563,0.004560861835704921,0.005202081315183239,0.006848915901392255,0.003807905880463666,30
b,esg0.3_carb0.7,0.3596826290324742,mlae_exp,8.0,7620.0,0.0015385648154394582,0.00041875424527518246,0.0034830810081301067,0.005742102998423627,0.007320194088692997,0.0036920922931162445,30
b,esg0.3_carb0.7,0.3596826290324742,mlae_exp,9.0,15300.0,0.0006696235100427383,0.0004037387753820232,0.0009532893973905332,0.0013583541953226532,0.001605932172387175,0.0011473438731875142,30
b,esg0.3_carb0.7,0.3596826290324742,mlae_exp,10.0,30660.0,0.0003925138610126888,0.00014935921964243093,0.00059082044172723,0.0011297450140485112,0.0013013607132825122,0.0006315127029020573,30
b,esg0.3_carb0.7,0.3596826290324742,mlae_exp,11.0,61380.0,0.00016087890429894447,9.845305570649332e-05,0.00023352786791105973,0.0003446500450928314,0.00035525870498924196,0.0002080014470099468,30
b,esg0.3_carb0.7,0.3596826290324742,mlae_exp,12.0,122820.0,6.354313513839971e-05,2.107161378536726e-05,0.00012667073303923582,0.00020140227784066768,0.00022173018431825278,0.00011168496274903361,30
b,esg0.3_carb0.7,0.3596826290324742,mlae_exp,13.0,245700.0,4.0579550009356424e-05,2.3534738890496065e-05,5.700098075173132e-05,8.467482752186895e-05,9.196852251440731e-05,5.048939630855156e-05,30
b,esg0.3_carb0.7,0.3596826290324742,mcmc,6.0,8.0,0.30003353579014047,0.30003353579014047,0.30003353579014047,0.6999664642098595,0.6999664642098595,0.3741672339801022,48
b,esg0.3_carb0.7,0.3596826290324742,mcmc,8.0,10.0,0.30003353579014047,0.27501676789507024,0.30003353579014047,0.6999664642098595,0.6999664642098595,0.36461021345641326,48
b,esg0.3_carb0.7,0.3596826290324742,mcmc,11.0,13.0,0.30003353579014047,0.27501676789507024,0.32496646420985953,0.6124664642098601,0.6999664642098595,0.3596152491066032,48
b,esg0.3_carb0.7,0.3596826290324742,mcmc,16.0,18.0,0.29166666666666663,0.1833165654382631,0.30003353579014047,0.5332997975431929,0.6999664642098595,0.3272187134415032,48
b,esg0.3_carb0.7,0.3596826290324742,mcmc,23.0,25.0,0.29411764705882354,0.11173117009221245,0.30003353579014047,0.42349587597456567,0.5029076406804477,0.2963247466432489,48
b,esg0.3_carb0.7,0.3596826290324742,mcmc,32.0,34.0,0.22916666666666666,0.0917002024568071,0.30003353579014047,0.40413313087652675,0.6020497975431928,0.2818755070916958,48
b,esg0.3_carb0.7,0.3596826290324742,mcmc,45.0,47.0,0.15297471226072867,0.08231940538633009,0.30003353579014047,0.31761352303338897,0.38526058185691825,0.2231292567042124,48
b,esg0.3_carb0.7,0.3596826290324742,mcmc,64.0,66.0,0.13541666666666669,0.04585010122840358,0.22498323210492976,0.2792002024568071,0.2927418691234738,0.1767347687540338,48
b,esg0.3_carb0.7,0.3596826290324742,mcmc,91.0,93.0,0.12643705244515369,0.047075591424482005,0.18821852622257687,0.2520454092133557,0.2948864769666111,0.16783237408101498,48
b,esg0.3_carb0.7,0.3596826290324742,mcmc,128.0,130.0,0.08854166666666663,0.04269156543826311,0.13336686912347384,0.23121646420985953,0.26103160592962454,0.1394718788707088,48
b,esg0.3_carb0.7,0.3596826290324742,mcmc,181.0,183.0,0.11253353579014047,0.0636197090715408,0.15297471226072867,0.19709235931955227,0.21243653132527737,0.12725262096194437,48
b,esg0.3_carb0.7,0.3596826290324742,mcmc,256.0,258.0,0.06975813087652616,0.03227489877159645,0.13253531543826308,0.17261758098272287,0.19488577259629117,0.10988809209509533,48
b,esg0.3_carb0.7,0.3596826290324742,mcmc,362.0,364.0,0.07195571955719554,0.026970805162834233,0.12014423689715154,0.15580677224963568,0.17837974834270087,0.09590800491347437,48
b,esg0.3_carb0.7,0.3596826290324742,mcmc,512.0,514.0,0.059148119123473786,0.01590218456173692,0.10193635710492974,0.1421539642098596,0.16545868926295784,0.0845299977589376,48
b,esg0.3_carb0.7,0.3596826290324742,mcmc,724.0,726.0,0.03760259656362114,0.019186390302111028,0.06545284536459825,0.12516995206927903,0.13623303318560978,0.06488500214269012,48
b,esg0.3_carb0.7,0.3596826290324742,mcmc,1024.0,1026.0,0.02864583333333337,0.01199593456173692,0.047803226228403606,0.06324258098272285,0.08368785592962451,0.043490482844611766,48
b,esg0.3_carb0.7,0.3596826290324742,mcmc,1448.0,1450.0,0.024861878453038666,0.011819907797506968,0.04388911614356117,0.06819850840875459,0.0861753405783541,0.04379218838661968,48
b,esg0.3_carb0.7,0.3596826290324742,mcmc,2048.0,2050.0,0.030827806623473786,0.014256828793192844,0.04824317120680713,0.07431028931605621,0.09114938365370881,0.04453757554385269,48
b,esg0.3_carb0.7,0.3596826290324742,mcmc,2896.0,2898.0,0.024782302147244417,0.016189493615058725,0.04588988938130073,0.06741752491046316,0.07051190235766829,0.038741123111970775,48
b,esg0.3_carb0.7,0.3596826290324742,mcmc,4096.0,4098.0,0.024480150373473786,0.0130361256681929,0.03950244497840355,0.05501203712652617,0.06079003191819284,0.03357602934567481,48
b,esg0.3_carb0.7,0.3596826290324742,mcmc,5793.0,5795.0,0.017985204374720454,0.00888476110283995,0.02708334717972838,0.04788453054160283,0.05291283914788303,0.026697897378819228,48
b,esg0.3_carb0.7,0.3596826290324742,mcmc,8192.0,8194.0,0.011393229166666685,0.004053718081807128,0.01943457745680713,0.024289971100610448,0.039124053846291175,0.017978453570221212,48
b,esg0.3_carb0.7,0.3596826290324742,mcmc,11585.0,11587.0,0.010646634540162181,0.004084634880944904,0.015796329124149494,0.02711434652919929,0.03132726231509273,0.01632641558657183,48
b,esg0.3_carb0.7,0.3596826290324742,mcmc,16384.0,16386.0,0.010498046875,0.004430168636942899,0.0146840748869429,0.023773179941056197,0.026789380876526207,0.014236310232193005,48
b,esg0.3_carb0.7,0.3596826290324742,mcmc,23170.0,23172.0,0.007528183724160031,0.00337038893794836,0.011642818010860867,0.01532640268342594,0.01737830186023312,0.010228856574323365,48
b,esg0.3_carb0.7,0.3596826290324742,mcmc,32768.0,32770.0,0.00563557942708337,0.002599113949442844,0.009086592113820208,0.017241380842223833,0.017762746283917153,0.009238432020969717,48
b,esg0.3_carb0.7,0.3596826290324742,mcmc,46341.0,46343.0,0.004516215039766458,0.002869017433597687,0.008365957389772666,0.01322034261620582,0.014561066580673148,0.007337702829918628,48
b,esg0.3_carb0.7,0.3596826290324742,mcmc,65536.0,65538.0,0.004445393880208315,0.0030085078039244206,0.006805453467672057,0.009221428402567901,0.01155648814589632,0.005876001416306816,48
d_shared_iid,esg0.3_carb0.7,0.3596826290324742,iid_pct,100.0,100.0,0.05306149472424487,0.0332997975431929,0.07819922283054917,0.11214035403042631,0.11979421727118839,0.06575262715683124,30
d_shared_iid,esg0.3_carb0.7,0.3596826290324742,iid_pct,215.0,215.0,0.028823710064221464,0.01668287743948213,0.05978827380574808,0.07790561651090026,0.09569599427165465,0.05012524967863328,30
d_shared_iid,esg0.3_carb0.7,0.3596826290324742,iid_pct,460.0,460.0,0.03256459169076159,0.016999016415780277,0.0470933393687713,0.06528492558794775,0.0732077165118853,0.0408315977500168,30
d_shared_iid,esg0.3_carb0.7,0.3596826290324742,iid_pct,988.0,988.0,0.007963037431721498,0.004071159026074911,0.020789985607063438,0.0393010327693795,0.042089465761478324,0.01968548711075378,30
d_shared_iid,esg0.3_carb0.7,0.3596826290324742,iid_pct,2120.0,2120.0,0.01293206265206065,0.007650919617567059,0.021822691856166615,0.039079624836514386,0.04341418416779197,0.02117472688158811,30
d_shared_iid,esg0.3_carb0.7,0.3596826290324742,iid_pct,4549.0,4549.0,0.009522900383918564,0.007640224675080687,0.013964128615778143,0.018496323806070514,0.01935366224959857,0.011644556084749617,30
d_shared_iid,esg0.3_carb0.7,0.3596826290324742,iid_pct,9761.0,9761.0,0.004862841514522764,0.0027464062026637814,0.008647965262243845,0.013651632317138174,0.014029658126684596,0.007494227782099481,30
d_shared_iid,esg0.3_carb0.7,0.3596826290324742,iid_pct,20944.0,20944.0,0.0041139428446641535,0.0027444499008510426,0.007278919189175059,0.009988684186531618,0.011697051631174413,0.006280894691869163,30
d_shared_iid,esg0.3_carb0.7,0.3596826290324742,iid_pct,44940.0,44940.0,0.0037977982886578388,0.0013041956633851881,0.00539734884290774,0.007963704166509466,0.008623783205942722,0.004855979644896102,30
d_shared_iid,esg0.3_carb0.7,0.3596826290324742,iid_pct,96430.0,96430.0,0.0017833167449875509,0.0011338983453650087,0.003114407352248022,0.004583948500000269,0.004998994521100503,0.0026599085251045903,30
d_shared_iid,esg0.3_carb0.7,0.3596826290324742,iid_pct,206914.0,206914.0,0.0013466146499691578,0.0004410092411905042,0.0020856213860026285,0.002588953635167657,0.0027898826539830934,0.00168626881982177,30
d_shared_iid,esg0.3_carb0.7,0.3596826290324742,iid_pct,443985.0,443985.0,0.0004886634751769536,0.00023723520304178014,0.0013052784952985452,0.0022444784228678356,0.002869556878310847,0.0012787225598897684,30
d_shared_iid,esg0.3_carb0.7,0.3596826290324742,iid_pct,952681.0,952681.0,0.0006386697010223874,0.00021023004113901456,0.0011933826894098276,0.0016189606410192516,0.0017939371745866793,0.0009844721576686619,30
d_shared_iid,esg0.3_carb0.7,0.3596826290324742,iid_pct,2044214.0,2044214.0,0.0005031615061261152,0.00035683414102169464,0.000898798682641172,0.0010670990175842613,0.0013053936922207464,0.0007068118123749276,30
d_shared_iid,esg0.3_carb0.7,0.3596826290324742,iid_pct,4386370.0,4386370.0,0.00016965148255293494,8.551214377616745e-05,0.00039174673089839573,0.0005805377002378709,0.0006294196858205258,0.000318910839158258,30
d_shared_iid,esg0.3_carb0.7,0.3596826290324742,iid_pct,9412050.0,9412050.0,0.00016217843220450723,0.00010443569862850222,0.0002833304877873366,0.00039328696980821547,0.0005462220915097402,0.0002661594896380934,30
d_shared_iid,esg0.3_carb0.7,0.3596826290324742,iid_pct,20195898.0,20195898.0,0.00012956030858596312,6.034500730994763e-05,0.00025788232792300914,0.00031181970148818077,0.0003430265898378248,0.0001862464509702999,30
d_shared_iid,esg0.3_carb0.7,0.3596826290324742,iid_pct,43335330.0,43335330.0,9.00431132093149e-05,3.928036685346692e-05,0.00012759825222424803,0.00021206741710402265,0.00022275199319895516,0.00011916708846985615,30
d_shared_iid,esg0.3_carb0.7,0.3596826290324742,iid_pct,92986747.0,92986747.0,5.0514328756801063e-05,3.101063018970396e-05,8.890225706226218e-05,0.00010638178882372841,0.0001306528009806961,7.21806829144576e-05,30
d_shared_iid,esg0.3_carb0.7,0.3596826290324742,iid_pct,199526231.0,199526231.0,2.6197492093371633e-05,1.6890296988786302e-05,5.3298296487286345e-05,9.324558905926539e-05,9.99665896096624e-05,5.503010893991142e-05,30
d_shared_iid,esg0.3_carb0.7,0.3596826290324742,iid_med,100.0,100.0,0.057749999999999996,0.023749999999999993,0.095875,0.11735000000000002,0.13732499999999992,0.07703914048499418,30
d_shared_iid,esg0.3_carb0.7,0.3596826290324742,iid_med,215.0,215.0,0.034499999999999975,0.01949999999999999,0.05862499999999998,0.08135000000000002,0.106125,0.05124967479571618,30
d_shared_iid,esg0.3_carb0.7,0.3596826290324742,iid_med,460.0,460.0,0.02975,0.019625000000000004,0.058250000000000024,0.06974999999999998,0.07332499999999996,0.04345088223116611,30
d_shared_iid,esg0.3_carb0.7,0.3596826290324742,iid_med,988.0,988.0,0.015499999999999986,0.007374999999999979,0.02625000000000005,0.03625000000000001,0.0586249999999999,0.027541105642294034,30
d_shared_iid,esg0.3_carb0.7,0.3596826290324742,iid_med,2120.0,2120.0,0.01325000000000004,0.004249999999999976,0.021125000000000005,0.025800000000000045,0.03174999999999997,0.01810605331558114,30
d_shared_iid,esg0.3_carb0.7,0.3596826290324742,iid_med,4549.0,4549.0,0.007249999999999979,0.0024999999999999883,0.011499999999999982,0.01834999999999999,0.01924999999999999,0.010065411069598696,30
d_shared_iid,esg0.3_carb0.7,0.3596826290324742,iid_med,9761.0,9761.0,0.0047499999999999765,0.0017499999999999877,0.007249999999999979,0.011900000000000036,0.013249999999999984,0.0066580152197683136,30
d_shared_iid,esg0.3_carb0.7,0.3596826290324742,iid_med,20944.0,20944.0,0.003249999999999975,0.0012499999999999734,0.006249999999999978,0.00779999999999998,0.009625000000000005,0.005178078794301988,30
d_shared_iid,esg0.3_carb0.7,0.3596826290324742,iid_med,44940.0,44940.0,0.003249999999999975,0.0017499999999999877,0.0047499999999999765,0.007299999999999985,0.007750000000000035,0.004492122735040378,30
d_shared_iid,esg0.3_carb0.7,0.3596826290324742,iid_med,96430.0,96430.0,0.0017500000000000293,0.0007500000000000284,0.003249999999999975,0.004749999999999982,0.005025,0.0028365178182647283,30
d_shared_iid,esg0.3_carb0.7,0.3596826290324742,iid_med,206914.0,206914.0,0.0012499999999999734,0.0007499999999999868,0.0017500000000000293,0.00275000000000003,0.0030249999999999986,0.0016670832812630222,30
d_shared_iid,esg0.3_carb0.7,0.3596826290324742,iid_med,443985.0,443985.0,0.0007500000000000007,0.00024999999999997247,0.0017499999999999738,0.0027499999999999803,0.00275000000000003,0.0014762000767736963,30
d_shared_iid,esg0.3_carb0.7,0.3596826290324742,iid_med,952681.0,952681.0,0.00024999999999997247,0.00024999999999997247,0.0007500000000000284,0.0017499999999999794,0.0017500000000000293,0.0008636164272021067,30
d_shared_iid,esg0.3_carb0.7,0.3596826290324742,iid_med,2044214.0,2044214.0,0.00024999999999997247,0.00024999999999997247,0.0007500000000000284,0.0012499999999999734,0.0012499999999999734,0.0006800735254367586,30
d_shared_iid,esg0.3_carb0.7,0.3596826290324742,iid_med,4386370.0,4386370.0,0.00024999999999997247,0.00024999999999997247,0.00024999999999997247,0.0007500000000000284,0.0007500000000000284,0.0003818813079129773,30
d_shared_iid,esg0.3_carb0.7,0.3596826290324742,iid_med,9412050.0,9412050.0,0.00024999999999997247,0.00024999999999997247,0.00024999999999997247,0.0007499999999999784,0.0007500000000000284,0.00038188130791297375,30
d_shared_iid,esg0.3_carb0.7,0.3596826290324742,iid_med,20195898.0,20195898.0,0.00024999999999997247,0.00024999999999997247,0.00024999999999997247,0.00024999999999997247,0.00024999999999997247,0.00024999999999997247,30
d_shared_iid,esg0.3_carb0.7,0.3596826290324742,iid_med,43335330.0,43335330.0,0.00024999999999997247,0.00024999999999997247,0.00024999999999997247,0.00024999999999997247,0.00024999999999997247,0.00024999999999997247,30
d_shared_iid,esg0.3_carb0.7,0.3596826290324742,iid_med,92986747.0,92986747.0,0.00024999999999997247,0.00024999999999997247,0.00024999999999997247,0.00024999999999997247,0.00024999999999997247,0.00024999999999997247,30
d_shared_iid,esg0.3_carb0.7,0.3596826290324742,iid_med,199526231.0,199526231.0,0.00024999999999997247,0.00024999999999997247,0.00024999999999997247,0.00024999999999997247,0.00024999999999997247,0.00024999999999997247,30
d_shared_iid,esg0.3_carb0.7,0.3596826290324742,mcmc_pct,6.0,8.0,0.30003353579014047,0.30003353579014047,0.30003353579014047,0.6999664642098595,0.6999664642098595,0.3741672339801022,48
d_shared_iid,esg0.3_carb0.7,0.3596826290324742,mcmc_pct,8.0,10.0,0.30003353579014047,0.27501676789507024,0.30003353579014047,0.6999664642098595,0.6999664642098595,0.36461021345641326,48
d_shared_iid,esg0.3_carb0.7,0.3596826290324742,mcmc_pct,11.0,13.0,0.30003353579014047,0.27501676789507024,0.32496646420985953,0.6124664642098601,0.6999664642098595,0.3596152491066032,48
d_shared_iid,esg0.3_carb0.7,0.3596826290324742,mcmc_pct,16.0,18.0,0.29166666666666663,0.1833165654382631,0.30003353579014047,0.5332997975431929,0.6999664642098595,0.3272187134415032,48
d_shared_iid,esg0.3_carb0.7,0.3596826290324742,mcmc_pct,23.0,25.0,0.29411764705882354,0.11173117009221245,0.30003353579014047,0.42349587597456567,0.5029076406804477,0.2963247466432489,48
d_shared_iid,esg0.3_carb0.7,0.3596826290324742,mcmc_pct,32.0,34.0,0.22916666666666666,0.0917002024568071,0.30003353579014047,0.40413313087652675,0.6020497975431928,0.2818755070916958,48
d_shared_iid,esg0.3_carb0.7,0.3596826290324742,mcmc_pct,45.0,47.0,0.15297471226072867,0.08231940538633009,0.30003353579014047,0.31761352303338897,0.38526058185691825,0.2231292567042124,48
d_shared_iid,esg0.3_carb0.7,0.3596826290324742,mcmc_pct,64.0,66.0,0.13541666666666669,0.04585010122840358,0.22498323210492976,0.2792002024568071,0.2927418691234738,0.1767347687540338,48
d_shared_iid,esg0.3_carb0.7,0.3596826290324742,mcmc_pct,91.0,93.0,0.12643705244515369,0.047075591424482005,0.18821852622257687,0.2520454092133557,0.2948864769666111,0.16783237408101498,48
d_shared_iid,esg0.3_carb0.7,0.3596826290324742,mcmc_pct,128.0,130.0,0.08854166666666663,0.04269156543826311,0.13336686912347384,0.23121646420985953,0.26103160592962454,0.1394718788707088,48
d_shared_iid,esg0.3_carb0.7,0.3596826290324742,mcmc_pct,181.0,183.0,0.11253353579014047,0.0636197090715408,0.15297471226072867,0.19709235931955227,0.21243653132527737,0.12725262096194437,48
d_shared_iid,esg0.3_carb0.7,0.3596826290324742,mcmc_pct,256.0,258.0,0.06975813087652616,0.03227489877159645,0.13253531543826308,0.17261758098272287,0.19488577259629117,0.10988809209509533,48
d_shared_iid,esg0.3_carb0.7,0.3596826290324742,mcmc_pct,362.0,364.0,0.07195571955719554,0.026970805162834233,0.12014423689715154,0.15580677224963568,0.17837974834270087,0.09590800491347437,48
d_shared_iid,esg0.3_carb0.7,0.3596826290324742,mcmc_pct,512.0,514.0,0.059148119123473786,0.01590218456173692,0.10193635710492974,0.1421539642098596,0.16545868926295784,0.0845299977589376,48
d_shared_iid,esg0.3_carb0.7,0.3596826290324742,mcmc_pct,724.0,726.0,0.03760259656362114,0.019186390302111028,0.06545284536459825,0.12516995206927903,0.13623303318560978,0.06488500214269012,48
d_shared_iid,esg0.3_carb0.7,0.3596826290324742,mcmc_pct,1024.0,1026.0,0.02864583333333337,0.01199593456173692,0.047803226228403606,0.06324258098272285,0.08368785592962451,0.043490482844611766,48
d_shared_iid,esg0.3_carb0.7,0.3596826290324742,mcmc_pct,1448.0,1450.0,0.024861878453038666,0.011819907797506968,0.04388911614356117,0.06819850840875459,0.0861753405783541,0.04379218838661968,48
d_shared_iid,esg0.3_carb0.7,0.3596826290324742,mcmc_pct,2048.0,2050.0,0.030827806623473786,0.014256828793192844,0.04824317120680713,0.07431028931605621,0.09114938365370881,0.04453757554385269,48
d_shared_iid,esg0.3_carb0.7,0.3596826290324742,mcmc_pct,2896.0,2898.0,0.024782302147244417,0.016189493615058725,0.04588988938130073,0.06741752491046316,0.07051190235766829,0.038741123111970775,48
d_shared_iid,esg0.3_carb0.7,0.3596826290324742,mcmc_pct,4096.0,4098.0,0.024480150373473786,0.0130361256681929,0.03950244497840355,0.05501203712652617,0.06079003191819284,0.03357602934567481,48
d_shared_iid,esg0.3_carb0.7,0.3596826290324742,mcmc_pct,5793.0,5795.0,0.017985204374720454,0.00888476110283995,0.02708334717972838,0.04788453054160283,0.05291283914788303,0.026697897378819228,48
d_shared_iid,esg0.3_carb0.7,0.3596826290324742,mcmc_pct,8192.0,8194.0,0.011393229166666685,0.004053718081807128,0.01943457745680713,0.024289971100610448,0.039124053846291175,0.017978453570221212,48
d_shared_iid,esg0.3_carb0.7,0.3596826290324742,mcmc_pct,11585.0,11587.0,0.010646634540162181,0.004084634880944904,0.015796329124149494,0.02711434652919929,0.03132726231509273,0.01632641558657183,48
d_shared_iid,esg0.3_carb0.7,0.3596826290324742,mcmc_pct,16384.0,16386.0,0.010498046875,0.004430168636942899,0.0146840748869429,0.023773179941056197,0.026789380876526207,0.014236310232193005,48
d_shared_iid,esg0.3_carb0.7,0.3596826290324742,mcmc_pct,23170.0,23172.0,0.007528183724160031,0.00337038893794836,0.011642818010860867,0.01532640268342594,0.01737830186023312,0.010228856574323365,48
d_shared_iid,esg0.3_carb0.7,0.3596826290324742,mcmc_pct,32768.0,32770.0,0.00563557942708337,0.002599113949442844,0.009086592113820208,0.017241380842223833,0.017762746283917153,0.009238432020969717,48
d_shared_iid,esg0.3_carb0.7,0.3596826290324742,mcmc_pct,46341.0,46343.0,0.004516215039766458,0.002869017433597687,0.008365957389772666,0.01322034261620582,0.014561066580673148,0.007337702829918628,48
d_shared_iid,esg0.3_carb0.7,0.3596826290324742,mcmc_pct,65536.0,65538.0,0.004445393880208315,0.0030085078039244206,0.006805453467672057,0.009221428402567901,0.01155648814589632,0.005876001416306816,48
d_shared_iid,esg0.3_carb0.7,0.3596826290324742,mcmc_med,6.0,8.0,0.23475000000000001,0.09425,0.359625,0.44380000000000003,0.456725,0.2763875788634504,48
d_shared_iid,esg0.3_carb0.7,0.3596826290324742,mcmc_med,8.0,10.0,0.23099999999999998,0.11762500000000001,0.346625,0.44380000000000003,0.463625,0.27560153906198226,48
d_shared_iid,esg0.3_carb0.7,0.3596826290324742,mcmc_med,11.0,13.0,0.2695,0.12774999999999997,0.37025,0.44765,0.460175,0.290999946305837,48
d_shared_iid,esg0.3_carb0.7,0.3596826290324742,mcmc_med,16.0,18.0,0.23750000000000002,0.12437499999999997,0.35925,0.41750000000000004,0.44589999999999996,0.2767604446990213,48
d_shared_iid,esg0.3_carb0.7,0.3596826290324742,mcmc_med,23.0,25.0,0.22524999999999998,0.15037499999999998,0.34475,0.4217,0.43759999999999993,0.2696163555251548,48
d_shared_iid,esg0.3_carb0.7,0.3596826290324742,mcmc_med,32.0,34.0,0.21675,0.089,0.311125,0.3733,0.41369999999999996,0.2418016146210222,48
d_shared_iid,esg0.3_carb0.7,0.3596826290324742,mcmc_med,45.0,47.0,0.196,0.08512499999999999,0.26849999999999996,0.3148,0.36587499999999995,0.21326106360515037,48
d_shared_iid,esg0.3_carb0.7,0.3596826290324742,mcmc_med,64.0,66.0,0.09175,0.05200000000000002,0.24387499999999998,0.321,0.3649,0.1866527245537373,48
d_shared_iid,esg0.3_carb0.7,0.3596826290324742,mcmc_med,91.0,93.0,0.10775000000000001,0.049625000000000016,0.20587499999999997,0.29285,0.32892499999999997,0.17413243283968285,48
d_shared_iid,esg0.3_carb0.7,0.3596826290324742,mcmc_med,128.0,130.0,0.10625000000000001,0.042374999999999996,0.19574999999999998,0.24925000000000008,0.28107499999999996,0.15291909625681158,48
d_shared_iid,esg0.3_carb0.7,0.3596826290324742,mcmc_med,181.0,183.0,0.10875000000000001,0.06449999999999999,0.166625,0.19960000000000003,0.21959999999999996,0.12927216122068458,48
d_shared_iid,esg0.3_carb0.7,0.3596826290324742,mcmc_med,256.0,258.0,0.09499999999999997,0.03337499999999996,0.14400000000000004,0.19674999999999998,0.2462999999999999,0.12884397864600944,48
d_shared_iid,esg0.3_carb0.7,0.3596826290324742,mcmc_med,362.0,364.0,0.07425000000000001,0.05212499999999998,0.131625,0.16380000000000003,0.18814999999999998,0.10726184860735277,48
d_shared_iid,esg0.3_carb0.7,0.3596826290324742,mcmc_med,512.0,514.0,0.07525000000000001,0.034,0.11712500000000002,0.14390000000000008,0.18042499999999995,0.0963634612634201,48
d_shared_iid,esg0.3_carb0.7,0.3596826290324742,mcmc_med,724.0,726.0,0.05525000000000002,0.031375,0.08837500000000001,0.11339999999999999,0.13712499999999997,0.07613851138987855,48
d_shared_iid,esg0.3_carb0.7,0.3596826290324742,mcmc_med,1024.0,1026.0,0.035500000000000004,0.02137499999999999,0.058500000000000024,0.08640000000000002,0.09425,0.05119651680860069,48
d_shared_iid,esg0.3_carb0.7,0.3596826290324742,mcmc_med,1448.0,1450.0,0.03475,0.012624999999999983,0.06387499999999997,0.08560000000000005,0.105,0.05199659443976436,48
d_shared_iid,esg0.3_carb0.7,0.3596826290324742,mcmc_med,2048.0,2050.0,0.028000000000000025,0.012500000000000025,0.05637500000000002,0.08475000000000003,0.09707499999999997,0.04894480309491498,48
d_shared_iid,esg0.3_carb0.7,0.3596826290324742,mcmc_med,2896.0,2898.0,0.030999999999999972,0.01899999999999999,0.05125000000000002,0.0669,0.06807500000000001,0.04051260092037209,48
d_shared_iid,esg0.3_carb0.7,0.3596826290324742,mcmc_med,4096.0,4098.0,0.026749999999999996,0.014624999999999985,0.04225000000000001,0.056700000000000014,0.05922500000000002,0.034767531548845966,48
d_shared_iid,esg0.3_carb0.7,0.3596826290324742,mcmc_med,5793.0,5795.0,0.01375000000000004,0.003500000000000031,0.026249999999999996,0.05130000000000003,0.062075000000000005,0.026460465793330244,48
d_shared_iid,esg0.3_carb0.7,0.3596826290324742,mcmc_med,8192.0,8194.0,0.010000000000000009,0.0069999999999999785,0.016625,0.02870000000000002,0.03267500000000002,0.01725422653535456,48
d_shared_iid,esg0.3_carb0.7,0.3596826290324742,mcmc_med,11585.0,11587.0,0.011249999999999982,0.004124999999999976,0.018000000000000044,0.02545000000000001,0.03527500000000001,0.01683560215733313,48
d_shared_iid,esg0.3_carb0.7,0.3596826290324742,mcmc_med,16384.0,16386.0,0.01150000000000001,0.0047499999999999765,0.017999999999999988,0.023050000000000036,0.02700000000000001,0.015404612404514864,48
d_shared_iid,esg0.3_carb0.7,0.3596826290324742,mcmc_med,23170.0,23172.0,0.007750000000000007,0.004750000000000032,0.010874999999999982,0.01924999999999999,0.023674999999999988,0.011451437318811406,48
d_shared_iid,esg0.3_carb0.7,0.3596826290324742,mcmc_med,32768.0,32770.0,0.00849999999999998,0.004624999999999976,0.011749999999999983,0.01939999999999999,0.02189999999999999,0.011735363224033587,48
d_shared_iid,esg0.3_carb0.7,0.3596826290324742,mcmc_med,46341.0,46343.0,0.005750000000000033,0.0036249999999999755,0.010125000000000023,0.015400000000000004,0.017750000000000044,0.008973920547898782,48
d_shared_iid,esg0.3_carb0.7,0.3596826290324742,mcmc_med,65536.0,65538.0,0.006000000000000005,0.003124999999999989,0.00924999999999998,0.011750000000000038,0.012400000000000038,0.007334990343097485,48
c,esg0.3_carb0.7,0.3596826290324742,classical,100.0,100.0,0.061426388940641646,0.02343779110928941,0.07934940567127471,0.09155270708350413,0.10059060252636287,0.06322965555035247,20
c,esg0.3_carb0.7,0.3596826290324742,classical,222.0,222.0,0.03992622126169093,0.014970004098818795,0.055212952267392035,0.061888437604799354,0.06872973879345678,0.04485250943451334,20
c,esg0.3_carb0.7,0.3596826290324742,classical,492.0,492.0,0.026325595260274948,0.016078548272906806,0.044127510526511926,0.053746692998472255,0.07559898647389798,0.037259357324062985,20
c,esg0.3_carb0.7,0.3596826290324742,classical,1093.0,1093.0,0.01935760330886463,0.0115698475984648,0.028104855237172585,0.03887543317062267,0.043393449342325946,0.024630272000489933,20
c,esg0.3_carb0.7,0.3596826290324742,classical,2424.0,2424.0,0.011625740582032251,0.008169691098110804,0.018072064686813022,0.027424823937101776,0.030949808100756433,0.018222009880454318,20
c,esg0.3_carb0.7,0.3596826290324742,classical,5380.0,5380.0,0.0071170399075903,0.0031765845660841063,0.013470209039758554,0.017651004210604733,0.02147035808771473,0.011087533224982423,20
c,esg0.3_carb0.7,0.3596826290324742,classical,11938.0,11938.0,0.0028319111674180997,0.001704735998807591,0.005747661810187432,0.010425904534784106,0.012378432760740818,0.007055845669622439,20
c,esg0.3_carb0.7,0.3596826290324742,classical,26490.0,26490.0,0.003782091888064998,0.0021146178783023467,0.00611096620337595,0.0071393971010172644,0.00760330886462723,0.004817537126297364,20
c,esg0.3_carb0.7,0.3596826290324742,classical,58780.0,58780.0,0.0026642322167157173,0.001369378097402868,0.00463911763609938,0.005466333792897877,0.005950739650482524,0.003640450562377872,20
c,esg0.3_carb0.7,0.3596826290324742,classical,130432.0,130432.0,0.0014159555837090776,0.0007825017699445158,0.0022077728509148076,0.003558519953795136,0.003582740246674371,0.0020465110752515845,20
c,esg0.3_carb0.7,0.3596826290324742,classical,289427.0,289427.0,0.0005961918247195941,0.00019562544248608038,0.001481164064537785,0.002041956999664624,0.0021425643700860864,0.0011041438490584034,20
c,esg0.3_carb0.7,0.3596826290324742,classical,642233.0,642233.0,0.0007825017699444325,0.00038193538771098823,0.0013321161083578587,0.001602265528933944,0.0017811230763497916,0.0010136014451566351,20
c,esg0.3_carb0.7,0.3596826290324742,classical,1425103.0,1425103.0,0.0002980959123598248,0.00019562544248608038,0.0007452397808995065,0.0008793829414614096,0.0009352759250289114,0.0005659039994850094,20
c,esg0.3_carb0.7,0.3596826290324742,classical,3162278.0,3162278.0,0.0002235719342698339,9.315497261241923e-05,0.0005496143384133845,0.0009390021239334082,0.0011905205499869456,0.0005513641296369978,20
c,esg0.3_carb0.7,0.3596826290324742,iqae,0.25,1550.0,0.03152364273204905,0.021043708313149723,0.04521742370607744,0.057223236576368505,0.06053582740246677,0.037153001359041725,20
c,esg0.3_carb0.7,0.3596826290324742,iqae,0.1,8650.0,0.006371800126690752,0.002356820807094692,0.013358423072623637,0.020777285091478213,0.030985206990349144,0.014012388196867705,20
c,esg0.3_carb0.7,0.3596826290324742,iqae,0.05,19450.0,0.005458881395088877,0.002701494205760699,0.007573499273391196,0.009684390952789038,0.013598762901963745,0.013350521401855792,20
c,esg0.3_carb0.7,0.3596826290324742,iqae,0.025,47000.0,0.001974885419383704,0.00038193538771098823,0.00316726906882292,0.0033349480195252745,0.00355665685434288,0.002747133666656869,20
c,esg0.3_carb0.7,0.3596826290324742,iqae,0.0125,84250.0,0.0013786935946640821,0.00044714386853970944,0.0023475053098334364,0.003510079368036684,0.003906919551365675,0.0023686582131891465,20
c,esg0.3_carb0.7,0.3596826290324742,iqae,0.006,155350.0,0.0003539888959273041,5.589298356745154e-05,0.0015463725453664506,0.0035324365614636507,0.005751388009091968,0.003564582056538487,20
c,esg0.3_carb0.7,0.3596826290324742,iqae,0.003,246000.0,0.0003726198904497602,0.0003167269068823225,0.001201699146700444,0.006271192756269344,0.028704773260796658,0.013750868006075553,20
b,esg0.5_carb0.4,0.09734228619677536,classical,100.0,100.0,0.09998623158474462,0.03331956491807797,0.20000688420762772,0.2999862315847446,0.3000013768415255,0.16515948014690496,30
b,esg0.5_carb0.4,0.09734228619677536,classical,215.0,215.0,0.05952380952380948,0.03332644912570565,0.10938876841525541,0.13401101473220436,0.16329549448858421,0.09372216222735774,30
b,esg0.5_carb0.4,0.09734228619677536,classical,460.0,460.0,0.0406535429967369,0.02661495999918731,0.09004446367427218,0.1151528382965941,0.14836903157314996,0.07738112978438515,30
b,esg0.5_carb0.4,0.09734228619677536,classical,988.0,988.0,0.03479853479853484,0.01349319660698356,0.05628707744434264,0.06844777004628311,0.08632846078411663,0.04588639284180841,30
b,esg0.5_carb0.4,0.09734228619677536,classical,2120.0,2120.0,0.025837320574162714,0.009245211214680471,0.041414788230210636,0.06367200233573275,0.06938638828317306,0.03973746001221614,30
b,esg0.5_carb0.4,0.09734228619677536,classical,4549.0,4549.0,0.013970468265622427,0.004656642661734017,0.022056739954720683,0.02445420550136961,0.027033958551745407,0.01676717649809459,30
b,esg0.5_carb0.4,0.09734228619677536,classical,9761.0,9761.0,0.008156157837674816,0.005102571442699905,0.012499687248517577,0.016175276293809476,0.02008956495572425,0.010559759582290043,30
b,esg0.5_carb0.4,0.09734228619677536,classical,20944.0,20944.0,0.006241848845463527,0.0020561388455103413,0.00959387791841046,0.01572356379497895,0.02441678268273078,0.010846908850982072,30
b,esg0.5_carb0.4,0.09734228619677536,classical,44940.0,44940.0,0.003957899492343764,0.002215285605870254,0.007940161084763392,0.012869996771432192,0.014305817758669685,0.007102321859309165,30
b,esg0.5_carb0.4,0.09734228619677536,classical,96430.0,96430.0,0.003191005874931596,0.0017721752116213185,0.005434102887188597,0.008358930450899428,0.00947551257026395,0.004903926847333389,30
b,esg0.5_carb0.4,0.09734228619677536,classical,206914.0,206914.0,0.0023371138055828244,0.001479899136346302,0.0038596748405394232,0.005035909470374035,0.005967030573319324,0.003276151271699643,30
b,esg0.5_carb0.4,0.09734228619677536,classical,443985.0,443985.0,0.0015947363113861246,0.0007719082222858997,0.0022645071093216063,0.002773885995437798,0.004276522937251315,0.0021552069111277824,30
b,esg0.5_carb0.4,0.09734228619677536,classical,952681.0,952681.0,0.001012367451870444,0.0005167501517921169,0.001848300614399584,0.0023342925701041028,0.0030618830298380076,0.0015619381817969268,30
b,esg0.5_carb0.4,0.09734228619677536,classical,2044214.0,2044214.0,0.0007178644030951808,0.0003809834413080193,0.001413342762858566,0.0020154106291237262,0.0020873278483810264,0.0011157158325454627,30
b,esg0.5_carb0.4,0.09734228619677536,classical,4386370.0,4386370.0,0.00044840354007152916,0.00025986754288723213,0.0006798213761514127,0.001179770827588378,0.0014607983769131735,0.0007257838993472294,30
b,esg0.5_carb0.4,0.09734228619677536,classical,9412050.0,9412050.0,0.00037098315400002635,0.00010114770558522501,0.0006129086085442659,0.0008089563230673337,0.0009514338227271987,0.0004942718421746288,30
b,esg0.5_carb0.4,0.09734228619677536,classical,20195898.0,20195898.0,0.0002831336706595189,0.000139633393935773,0.0003477135181039481,0.0004971278225868291,0.0005124184845000379,0.00031189646446521394,30
b,esg0.5_carb0.4,0.09734228619677536,classical,43335330.0,43335330.0,0.00012820436378696565,7.411490042674718e-05,0.0002510085485931124,0.00031775824102229236,0.000339393490273715,0.0001902017218502041,30
b,esg0.5_carb0.4,0.09734228619677536,classical,92986747.0,92986747.0,9.857580981764702e-05,5.838621902817809e-05,0.00015450614566964171,0.00024796957968235004,0.00027731686489456113,0.00014415522516604657,30
b,esg0.5_carb0.4,0.09734228619677536,classical,199526231.0,199526231.0,8.940287853914652e-05,5.4397416284684974e-05,0.00012977191929688936,0.00019474521847756554,0.00020010206913275151,0.00011998269245744665,30
b,esg0.5_carb0.4,0.09734228619677536,iqae,0.4,1100.0,0.024912012021787944,0.008156738725234897,0.07002567301769547,0.08388186217555142,0.09021684743181006,0.04961639534738403,30
b,esg0.5_carb0.4,0.09734228619677536,iqae,0.2,1650.0,0.02024386340484341,0.012092145121198439,0.030410800222412937,0.04227428200801765,0.04491290528673896,0.06788964458568249,30
b,esg0.5_carb0.4,0.09734228619677536,iqae,0.1,6150.0,0.006851621631018434,0.004467727893803508,0.010290423614172983,0.015657414338957464,0.01634338011092361,0.009739227035943768,30
b,esg0.5_carb0.4,0.09734228619677536,iqae,0.05,8250.0,0.004166303012168415,0.001615103748146468,0.007449244526934129,0.011241831858831743,0.013819130020908317,0.006701938534878284,30
b,esg0.5_carb0.4,0.09734228619677536,iqae,0.025,25700.0,0.0012626798734868827,0.0008252321758164538,0.0027604250501645777,0.004167000480358897,0.07492665821675473,0.04965935406370745,30
b,esg0.5_carb0.4,0.09734228619677536,iqae,0.0125,33000.0,0.0010581093688614152,0.0006666811823395069,0.0020338093714071803,0.0033727499629258592,0.0038533208897308436,0.0018601910313653886,30
b,esg0.5_carb0.4,0.09734228619677536,iqae,0.006,110600.0,0.000254036939759672,0.00017622238502629228,0.0004563672664837093,0.0008605131827177262,0.0010495818917154675,0.0004973353730817977,30
b,esg0.5_carb0.4,0.09734228619677536,iqae,0.003,141500.0,0.00019792662618106638,9.975665930933575e-05,0.0003411774518769506,0.0005909210259264498,0.0006993432182283764,0.0147377608025256,30
b,esg0.5_carb0.4,0.09734228619677536,iqae,0.0015,397500.0,6.285920377369081e-05,2.8941021794098853e-05,0.00011780587520357488,0.0001772274784677009,0.00023456360615147767,0.00012307567566564848,30
b,esg0.5_carb0.4,0.09734228619677536,iqae_s20,0.4,400.0,0.033485393955786036,0.015614388344479008,0.07868111706498043,0.13489096590042748,0.1643899376128361,0.07873119064497976,30
b,esg0.5_carb0.4,0.09734228619677536,iqae_s20,0.2,960.0,0.01918892875408823,0.012417012846312997,0.02721848726738285,0.03601234651236396,0.04323953785665801,0.024089354473215037,30
b,esg0.5_carb0.4,0.09734228619677536,iqae_s20,0.1,1990.0,0.008608471331949086,0.003424218897912168,0.019260892743909797,0.021038657549661256,0.022017966630000763,0.012762039788857997,30
b,esg0.5_carb0.4,0.09734228619677536,iqae_s20,0.05,4390.0,0.004508309077398576,0.0025116228714653355,0.007663181980836098,0.012774595079893114,0.013589887587236579,0.007308313266346053,30
b,esg0.5_carb0.4,0.09734228619677536,iqae_s20,0.025,9050.0,0.0014893798165413474,0.0008664339700526213,0.0029815989188802516,0.004468451569201404,0.005014186501217242,0.00253671398100618,30
b,esg0.5_carb0.4,0.09734228619677536,iqae_s20,0.0125,18670.0,0.0009638759545115838,0.0003275943789476654,0.002182921113138364,0.0026710389216738073,0.003298445668181796,0.003646467061870208,30
b,esg0.5_carb0.4,0.09734228619677536,iqae_s20,0.006,41620.0,0.000600350493420998,0.0003199630505306139,0.0009114542936806136,0.0021787407558188296,0.046757231926320274,0.020580587400674616,30
b,esg0.5_carb0.4,0.09734228619677536,iqae_s20,0.003,75860.0,0.0003204046751671963,0.00011555813413119398,0.0005683453476254541,0.000628386680623827,0.0006690760200679768,0.000401021212731134,30
b,esg0.5_carb0.4,0.09734228619677536,iqae_s20,0.0015,165070.0,0.00013038380389768234,5.297040912724538e-05,0.00020852577939906025,0.0002685719409188825,0.0002967737105255219,0.00018209770294832584,30
b,esg0.5_carb0.4,0.09734228619677536,mlae_exp,3.0,180.0,0.08503047681701209,0.04194622946997184,0.1470219805821358,0.20997601506383362,0.24156959882303838,0.12829084503414734,30
b,esg0.5_carb0.4,0.09734228619677536,mlae_exp,4.0,420.0,0.06511715651639938,0.023287837545575896,0.09111429640943788,0.12138891012332095,0.14213021972388387,0.07710195373010598,30
b,esg0.5_carb0.4,0.09734228619677536,mlae_exp,5.0,900.0,0.020573317212036035,0.011223030558026426,0.04192993116503485,0.058402582942686444,0.0702166875782438,0.03445877436483176,30
b,esg0.5_carb0.4,0.09734228619677536,mlae_exp,6.0,1860.0,0.012369272508566787,0.004180233212203205,0.01684106360734472,0.027820787543209227,0.029276626093467505,0.016408088296645616,30
b,esg0.5_carb0.4,0.09734228619677536,mlae_exp,7.0,3780.0,0.006559673706170721,0.004145247427084553,0.008252382137905523,0.01303330689660957,0.01835168311879099,0.009063390336965453,30
b,esg0.5_carb0.4,0.09734228619677536,mlae_exp,8.0,7620.0,0.002324829622998903,0.0015710322139355914,0.0042420208817393334,0.008377663486690369,0.008915735568456333,0.004117726150095327,30
b,esg0.5_carb0.4,0.09734228619677536,mlae_exp,9.0,15300.0,0.0015122666579815425,0.000996506393297486,0.003039979855905678,0.0042771848977468455,0.005102159392502264,0.0029769314382414066,30
b,esg0.5_carb0.4,0.09734228619677536,mlae_exp,10.0,30660.0,0.0008819027190237194,0.0004906567511975268,0.0014076724601315704,0.0020856192708351823,0.0027635646916277555,0.0018688931339455037,30
b,esg0.5_carb0.4,0.09734228619677536,mlae_exp,11.0,61380.0,0.0004709492449226915,0.00022452477818216132,0.0006463212862129752,0.0009492298128574217,0.0009787132914348628,0.0011993089209467482,30
b,esg0.5_carb0.4,0.09734228619677536,mlae_exp,12.0,122820.0,0.00018791036995602362,0.00010939790886221878,0.0003351530078211651,0.00045818985695839093,0.00048189546540663427,0.00030195062714087075,30
b,esg0.5_carb0.4,0.09734228619677536,mlae_exp,13.0,245700.0,9.950154508991949e-05,5.379789428455739e-05,0.00021068065091736643,0.00040226836849781587,0.0005272354645305288,0.0002478520216430018,30
b,esg0.5_carb0.4,0.09734228619677536,mcmc,6.0,13.0,0.3000137684152554,0.3000137684152554,0.3000137684152554,0.6999862315847446,0.6999862315847446,0.39791251067797145,48
b,esg0.5_carb0.4,0.09734228619677536,mcmc,8.0,15.0,0.3000137684152554,0.3000137684152554,0.3000137684152554,0.6999862315847446,0.6999862315847446,0.396981069603687,48
b,esg0.5_carb0.4,0.09734228619677536,mcmc,11.0,18.0,0.3000137684152554,0.3000137684152554,0.3000137684152554,0.6999862315847446,0.6999862315847446,0.3732973466934866,48
b,esg0.5_carb0.4,0.09734228619677536,mcmc,16.0,23.0,0.3000137684152554,0.27918043508192203,0.3000137684152554,0.6416528982514116,0.6999862315847446,0.35491991612934587,48
b,esg0.5_carb0.4,0.09734228619677536,mcmc,23.0,30.0,0.3000137684152554,0.2882215257023917,0.3000137684152554,0.5352803492318045,0.6999862315847446,0.3524606784291658,48
b,esg0.5_carb0.4,0.09734228619677536,mcmc,32.0,39.0,0.3000137684152554,0.21668043508192203,0.3000137684152554,0.5458195649180781,0.6166528982514112,0.3384235320871955,48
b,esg0.5_carb0.4,0.09734228619677536,mcmc,45.0,52.0,0.3000137684152554,0.17501376841525537,0.3000137684152554,0.47939799629062757,0.6896921139376857,0.3301395332276564,48
b,esg0.5_carb0.4,0.09734228619677536,mcmc,64.0,71.0,0.25834710174858877,0.13334710174858877,0.3000137684152554,0.4270695649180782,0.48436123158474453,0.27867572911384425,48
b,esg0.5_carb0.4,0.09734228619677536,mcmc,91.0,98.0,0.19117647058823528,0.09118335479586295,0.2779549448858436,0.4029274080553332,0.4742509374670975,0.25677669488034066,48
b,esg0.5_carb0.4,0.09734228619677536,mcmc,128.0,135.0,0.12706956491807797,0.06927771754096107,0.24272210174858874,0.3000137684152554,0.3433292028087566,0.19596984933837525,48
b,esg0.5_carb0.4,0.09734228619677536,mcmc,181.0,188.0,0.10883729782702012,0.07023435665054953,0.1842049448858436,0.2213372978270201,0.26508729782702,0.14445012884488795,48
b,esg0.5_carb0.4,0.09734228619677536,mcmc,256.0,263.0,0.08333333333333331,0.04480543508192203,0.1304756342076277,0.20551532596723115,0.21303460174858868,0.11880225441911026,48
b,esg0.5_carb0.4,0.09734228619677536,mcmc,362.0,369.0,0.09225092250922512,0.044478713064701886,0.1398592827316129,0.18199812729230147,0.19461667665003785,0.11603997323349657,48
b,esg0.5_carb0.4,0.09734228619677536,mcmc,512.0,519.0,0.07682291666666663,0.03423790745903893,0.12553460174858877,0.16691331491807798,0.18100335174858873,0.10132884353175596,48
b,esg0.5_carb0.4,0.09734228619677536,mcmc,724.0,731.0,0.07809848296405836,0.038844426796530995,0.11112803637295818,0.13363349999961965,0.14715925644472128,0.09040778318435812,48
b,esg0.5_carb0.4,0.09734228619677536,mcmc,1024.0,1031.0,0.04296875,0.023553939918077943,0.0675918934152554,0.10864032596723121,0.13302158091525537,0.06564089728406632,48
b,esg0.5_carb0.4,0.09734228619677536,mcmc,1448.0,1455.0,0.0322283609576427,0.014903358656567778,0.05493321938258164,0.1090377094833954,0.11711330340794901,0.05758451189317675,48
b,esg0.5_carb0.4,0.09734228619677536,mcmc,2048.0,2055.0,0.031133560081922085,0.013288134207627672,0.0524551746652554,0.08175706491807797,0.09253180450141123,0.050343734446393125,48
b,esg0.5_carb0.4,0.09734228619677536,mcmc,2896.0,2903.0,0.031767955801104975,0.015913882366007104,0.06071367173207429,0.0779705165742053,0.09017542748647313,0.049815205147535256,48
b,esg0.5_carb0.4,0.09734228619677536,mcmc,4096.0,4103.0,0.02962239583333337,0.014869417875705615,0.04780524200141126,0.06880108028276889,0.08888597116807796,0.04463290755227182,48
b,esg0.5_carb0.4,0.09734228619677536,mcmc,5793.0,5800.0,0.02209436133486764,0.010536228281275567,0.03735554056715415,0.05973306702778259,0.062377917806838795,0.03487339653868901,48
b,esg0.5_carb0.4,0.09734228619677536,mcmc,8192.0,8199.0,0.017333984375,0.007359278459744628,0.028721583147244628,0.03982972611610215,0.05001878366807791,0.02642105660111151,48
b,esg0.5_carb0.4,0.09734228619677536,mcmc,11585.0,11592.0,0.01948666518128145,0.008218416029471404,0.025251446297626573,0.036192929708809475,0.03919946022234478,0.022455396052014073,48
b,esg0.5_carb0.4,0.09734228619677536,mcmc,16384.0,16391.0,0.0126083018972446,0.005571729073622272,0.02106275930067203,0.031065333147244613,0.04017897023817208,0.01974993386732982,48
b,esg0.5_carb0.4,0.09734228619677536,mcmc,23170.0,23177.0,0.012910125669096717,0.006771573164294525,0.018952595600615324,0.023636744058281506,0.03540589422077642,0.017240997743899946,48
b,esg0.5_carb0.4,0.09734228619677536,mcmc,32768.0,32775.0,0.01041666666666663,0.004086540271538985,0.014655794828830643,0.02080259810264784,0.026181574404838707,0.013515882892490748,48
b,esg0.5_carb0.4,0.09734228619677536,mcmc,46341.0,46348.0,0.008689147197606162,0.004046474494196928,0.01554808572678984,0.020135270599591006,0.022320852817130397,0.012426262055848928,48
b,esg0.5_carb0.4,0.09734228619677536,mcmc,65536.0,65543.0,0.006663004557291685,0.0033360444102654707,0.011622655134005427,0.015828232868272844,0.019241877139213718,0.010380559165724218,48
d_shared_iid,esg0.5_carb0.4,0.09734228619677536,iid_pct,100.0,100.0,0.11742424242424243,0.0500137684152554,0.1972153380145945,0.2508953224938356,0.3000013768415255,0.15797492633834878,30
d_shared_iid,esg0.5_carb0.4,0.09734228619677536,iid_pct,215.0,215.0,0.08363949940940746,0.04185471029458418,0.1165844243145796,0.18412866179102785,0.2050013768415255,0.10803925203901375,30
d_shared_iid,esg0.5_carb0.4,0.09734228619677536,iid_pct,460.0,460.0,0.04029692470837748,0.027974437631452742,0.06088333363264675,0.08073032023034409,0.09752581224370907,0.05394658886472684,30
d_shared_iid,esg0.5_carb0.4,0.09734228619677536,iid_pct,988.0,988.0,0.041351880721109624,0.013858662010859696,0.0500137684152554,0.07813380371975673,0.09108769448918144,0.0467882870394293,30
d_shared_iid,esg0.5_carb0.4,0.09734228619677536,iid_pct,2120.0,2120.0,0.01954552677578264,0.01341836396848986,0.03606930618734244,0.05122522215974881,0.06685260403308496,0.03418869302737289,30
d_shared_iid,esg0.5_carb0.4,0.09734228619677536,iid_pct,4549.0,4549.0,0.011945489793591058,0.006956673071574659,0.02616120392853885,0.03566217950382879,0.04998553818310503,0.0227373216153655,30
d_shared_iid,esg0.5_carb0.4,0.09734228619677536,iid_pct,9761.0,9761.0,0.01131377369562897,0.005308255725575833,0.01899392525306598,0.03449476638189383,0.03728760083490919,0.018587574492281496,30
d_shared_iid,esg0.5_carb0.4,0.09734228619677536,iid_pct,20944.0,20944.0,0.00760377477413382,0.0031258678440186094,0.01285903683677006,0.017267705670617556,0.02165378585744617,0.010956159007904684,30
d_shared_iid,esg0.5_carb0.4,0.09734228619677536,iid_pct,44940.0,44940.0,0.005908751778455235,0.004660652139502314,0.008237086614683614,0.013773091822572114,0.014498328683048619,0.008206025150062309,30
d_shared_iid,esg0.5_carb0.4,0.09734228619677536,iid_pct,96430.0,96430.0,0.002961800559587058,0.0012477926323570254,0.005527591436290447,0.0066429351711434935,0.00698148224041014,0.004144419553879219,30
d_shared_iid,esg0.5_carb0.4,0.09734228619677536,iid_pct,206914.0,206914.0,0.0017935936564976718,0.0009330608169795807,0.003327401446596878,0.0038695579988022645,0.004342919071040983,0.0024921933630204906,30
d_shared_iid,esg0.5_carb0.4,0.09734228619677536,iid_pct,443985.0,443985.0,0.0014991538623725376,0.0010562019362102548,0.0025527378031656445,0.0035240111692911194,0.004741984903243413,0.0023620465813054487,30
d_shared_iid,esg0.5_carb0.4,0.09734228619677536,iid_pct,952681.0,952681.0,0.0009488713293280826,0.0005349533767956549,0.001664466947592702,0.0023345989593625436,0.002389316323786644,0.0013605087129145758,30
d_shared_iid,esg0.5_carb0.4,0.09734228619677536,iid_pct,2044214.0,2044214.0,0.0007408334836758734,0.0003598963186971782,0.0010073445870157072,0.0013778073705953632,0.001557899930281836,0.0008903581535960749,30
d_shared_iid,esg0.5_carb0.4,0.09734228619677536,iid_pct,4386370.0,4386370.0,0.0005068333098049993,0.0002819410960701041,0.0009474160804953669,0.001410615820702843,0.0016386735221097504,0.0008047854124598263,30
d_shared_iid,esg0.5_carb0.4,0.09734228619677536,iid_pct,9412050.0,9412050.0,0.0002930409489583785,0.00010464403889900997,0.000536424218899878,0.0006964041697205326,0.0011131262089657291,0.000523309786710147,30
d_shared_iid,esg0.5_carb0.4,0.09734228619677536,iid_pct,20195898.0,20195898.0,0.00024025606632144259,0.00013824881555390967,0.00037937388075595657,0.0004767486599781436,0.0006577473646083574,0.00033003385569415424,30
d_shared_iid,esg0.5_carb0.4,0.09734228619677536,iid_pct,43335330.0,43335330.0,0.0001590910967406156,8.484952858381356e-05,0.00024412746119067963,0.0002870071986014522,0.00031682325607055304,0.0001995540658152092,30
d_shared_iid,esg0.5_carb0.4,0.09734228619677536,iid_pct,92986747.0,92986747.0,9.400785869523309e-05,3.816057277156171e-05,0.00018719425765595377,0.00026696920999972343,0.00029690662472777737,0.00015343393190944256,30
d_shared_iid,esg0.5_carb0.4,0.09734228619677536,iid_pct,199526231.0,199526231.0,7.452489269460516e-05,3.666518948783337e-05,0.00012705716570199366,0.00014867314013184977,0.00018738172985803265,0.00010209234608598775,30
d_shared_iid,esg0.5_carb0.4,0.09734228619677536,iid_med,100.0,100.0,0.13274999999999998,0.06074999999999997,0.23125,0.31900000000000006,0.4064499999999999,0.19964095897385384,30
d_shared_iid,esg0.5_carb0.4,0.09734228619677536,iid_med,215.0,215.0,0.086,0.05762500000000002,0.1665,0.1822500000000001,0.24065,0.12450687732009023,30
d_shared_iid,esg0.5_carb0.4,0.09734228619677536,iid_med,460.0,460.0,0.03225,0.017625000000000002,0.06637499999999999,0.11434999999999997,0.12184999999999993,0.06358363914299546,30
d_shared_iid,esg0.5_carb0.4,0.09734228619677536,iid_med,988.0,988.0,0.030500000000000027,0.016375,0.05375000000000002,0.07405000000000002,0.10024999999999998,0.048099852737127316,30
d_shared_iid,esg0.5_carb0.4,0.09734228619677536,iid_med,2120.0,2120.0,0.027250000000000024,0.013749999999999984,0.038124999999999964,0.06640000000000003,0.06774999999999998,0.03667100353140067,30
d_shared_iid,esg0.5_carb0.4,0.09734228619677536,iid_med,4549.0,4549.0,0.017750000000000044,0.011999999999999983,0.026499999999999996,0.03465000000000001,0.03935,0.02285415717107065,30
d_shared_iid,esg0.5_carb0.4,0.09734228619677536,iid_med,9761.0,9761.0,0.015249999999999986,0.005249999999999977,0.021125000000000005,0.03695000000000002,0.0449,0.021629358905586333,30
d_shared_iid,esg0.5_carb0.4,0.09734228619677536,iid_med,20944.0,20944.0,0.00874999999999998,0.003249999999999975,0.012124999999999997,0.016849999999999993,0.018025000000000013,0.01029461833516263,30
d_shared_iid,esg0.5_carb0.4,0.09734228619677536,iid_med,44940.0,44940.0,0.007000000000000006,0.0027499999999999886,0.00962499999999998,0.012949999999999995,0.019799999999999988,0.00913395679137287,30
d_shared_iid,esg0.5_carb0.4,0.09734228619677536,iid_med,96430.0,96430.0,0.0020000000000000018,0.0017499999999999738,0.003999999999999976,0.0057499999999999826,0.006849999999999998,0.0037477771189510785,30
d_shared_iid,esg0.5_carb0.4,0.09734228619677536,iid_med,206914.0,206914.0,0.0020000000000000018,0.0008750000000000147,0.0037499999999999756,0.005749999999999977,0.005750000000000008,0.0029993054751614187,30
d_shared_iid,esg0.5_carb0.4,0.09734228619677536,iid_med,443985.0,443985.0,0.0017499999999999738,0.0007499999999999729,0.0036249999999999755,0.004849999999999984,0.006025000000000001,0.002951694428629078,30
d_shared_iid,esg0.5_carb0.4,0.09734228619677536,iid_med,952681.0,952681.0,0.0012499999999999734,0.0007499999999999868,0.0017500000000000154,0.0027499999999999747,0.002750000000000005,0.001537042614893928,30
d_shared_iid,esg0.5_carb0.4,0.09734228619677536,iid_med,2044214.0,2044214.0,0.00024999999999997247,0.00024999999999997247,0.0012499999999999734,0.0017499999999999794,0.0017500000000000293,0.0009376388786023378,30
d_shared_iid,esg0.5_carb0.4,0.09734228619677536,iid_med,4386370.0,4386370.0,0.00024999999999997247,0.00024999999999997247,0.0007500000000000145,0.0012499999999999734,0.0012499999999999734,0.0007388053419766985,30
d_shared_iid,esg0.5_carb0.4,0.09734228619677536,iid_med,9412050.0,9412050.0,0.00024999999999997247,0.00024999999999997247,0.0007499999999999729,0.0007500000000000284,0.0007500000000000284,0.000512347538297965,30
d_shared_iid,esg0.5_carb0.4,0.09734228619677536,iid_med,20195898.0,20195898.0,0.00024999999999997247,0.00024999999999997247,0.00024999999999997247,0.00029999999999997325,0.0007499999999999729,0.00033541019662494394,30
d_shared_iid,esg0.5_carb0.4,0.09734228619677536,iid_med,43335330.0,43335330.0,0.00024999999999997247,0.00024999999999997247,0.00024999999999997247,0.00024999999999997247,0.00024999999999997247,0.00028136571693554283,30
d_shared_iid,esg0.5_carb0.4,0.09734228619677536,iid_med,92986747.0,92986747.0,0.00024999999999997247,0.00024999999999997247,0.00024999999999997247,0.00024999999999997247,0.00024999999999997247,0.00024999999999997247,30
d_shared_iid,esg0.5_carb0.4,0.09734228619677536,iid_med,199526231.0,199526231.0,0.00024999999999997247,0.00024999999999997247,0.00024999999999997247,0.00024999999999997247,0.00024999999999997247,0.00024999999999997247,30
d_shared_iid,esg0.5_carb0.4,0.09734228619677536,mcmc_pct,6.0,13.0,0.3000137684152554,0.3000137684152554,0.3000137684152554,0.6999862315847446,0.6999862315847446,0.39791251067797145,48
d_shared_iid,esg0.5_carb0.4,0.09734228619677536,mcmc_pct,8.0,15.0,0.3000137684152554,0.3000137684152554,0.3000137684152554,0.6999862315847446,0.6999862315847446,0.396981069603687,48
d_shared_iid,esg0.5_carb0.4,0.09734228619677536,mcmc_pct,11.0,18.0,0.3000137684152554,0.3000137684152554,0.3000137684152554,0.6999862315847446,0.6999862315847446,0.3732973466934866,48
d_shared_iid,esg0.5_carb0.4,0.09734228619677536,mcmc_pct,16.0,23.0,0.3000137684152554,0.27918043508192203,0.3000137684152554,0.6416528982514116,0.6999862315847446,0.35491991612934587,48
d_shared_iid,esg0.5_carb0.4,0.09734228619677536,mcmc_pct,23.0,30.0,0.3000137684152554,0.2882215257023917,0.3000137684152554,0.5352803492318045,0.6999862315847446,0.3524606784291658,48
d_shared_iid,esg0.5_carb0.4,0.09734228619677536,mcmc_pct,32.0,39.0,0.3000137684152554,0.21668043508192203,0.3000137684152554,0.5458195649180781,0.6166528982514112,0.3384235320871955,48
d_shared_iid,esg0.5_carb0.4,0.09734228619677536,mcmc_pct,45.0,52.0,0.3000137684152554,0.17501376841525537,0.3000137684152554,0.47939799629062757,0.6896921139376857,0.3301395332276564,48
d_shared_iid,esg0.5_carb0.4,0.09734228619677536,mcmc_pct,64.0,71.0,0.25834710174858877,0.13334710174858877,0.3000137684152554,0.4270695649180782,0.48436123158474453,0.27867572911384425,48
d_shared_iid,esg0.5_carb0.4,0.09734228619677536,mcmc_pct,91.0,98.0,0.19117647058823528,0.09118335479586295,0.2779549448858436,0.4029274080553332,0.4742509374670975,0.25677669488034066,48
d_shared_iid,esg0.5_carb0.4,0.09734228619677536,mcmc_pct,128.0,135.0,0.12706956491807797,0.06927771754096107,0.24272210174858874,0.3000137684152554,0.3433292028087566,0.19596984933837525,48
d_shared_iid,esg0.5_carb0.4,0.09734228619677536,mcmc_pct,181.0,188.0,0.10883729782702012,0.07023435665054953,0.1842049448858436,0.2213372978270201,0.26508729782702,0.14445012884488795,48
d_shared_iid,esg0.5_carb0.4,0.09734228619677536,mcmc_pct,256.0,263.0,0.08333333333333331,0.04480543508192203,0.1304756342076277,0.20551532596723115,0.21303460174858868,0.11880225441911026,48
d_shared_iid,esg0.5_carb0.4,0.09734228619677536,mcmc_pct,362.0,369.0,0.09225092250922512,0.044478713064701886,0.1398592827316129,0.18199812729230147,0.19461667665003785,0.11603997323349657,48
d_shared_iid,esg0.5_carb0.4,0.09734228619677536,mcmc_pct,512.0,519.0,0.07682291666666663,0.03423790745903893,0.12553460174858877,0.16691331491807798,0.18100335174858873,0.10132884353175596,48
d_shared_iid,esg0.5_carb0.4,0.09734228619677536,mcmc_pct,724.0,731.0,0.07809848296405836,0.038844426796530995,0.11112803637295818,0.13363349999961965,0.14715925644472128,0.09040778318435812,48
d_shared_iid,esg0.5_carb0.4,0.09734228619677536,mcmc_pct,1024.0,1031.0,0.04296875,0.023553939918077943,0.0675918934152554,0.10864032596723121,0.13302158091525537,0.06564089728406632,48
d_shared_iid,esg0.5_carb0.4,0.09734228619677536,mcmc_pct,1448.0,1455.0,0.0322283609576427,0.014903358656567778,0.05493321938258164,0.1090377094833954,0.11711330340794901,0.05758451189317675,48
d_shared_iid,esg0.5_carb0.4,0.09734228619677536,mcmc_pct,2048.0,2055.0,0.031133560081922085,0.013288134207627672,0.0524551746652554,0.08175706491807797,0.09253180450141123,0.050343734446393125,48
d_shared_iid,esg0.5_carb0.4,0.09734228619677536,mcmc_pct,2896.0,2903.0,0.031767955801104975,0.015913882366007104,0.06071367173207429,0.0779705165742053,0.09017542748647313,0.049815205147535256,48
d_shared_iid,esg0.5_carb0.4,0.09734228619677536,mcmc_pct,4096.0,4103.0,0.02962239583333337,0.014869417875705615,0.04780524200141126,0.06880108028276889,0.08888597116807796,0.04463290755227182,48
d_shared_iid,esg0.5_carb0.4,0.09734228619677536,mcmc_pct,5793.0,5800.0,0.02209436133486764,0.010536228281275567,0.03735554056715415,0.05973306702778259,0.062377917806838795,0.03487339653868901,48
d_shared_iid,esg0.5_carb0.4,0.09734228619677536,mcmc_pct,8192.0,8199.0,0.017333984375,0.007359278459744628,0.028721583147244628,0.03982972611610215,0.05001878366807791,0.02642105660111151,48
d_shared_iid,esg0.5_carb0.4,0.09734228619677536,mcmc_pct,11585.0,11592.0,0.01948666518128145,0.008218416029471404,0.025251446297626573,0.036192929708809475,0.03919946022234478,0.022455396052014073,48
d_shared_iid,esg0.5_carb0.4,0.09734228619677536,mcmc_pct,16384.0,16391.0,0.0126083018972446,0.005571729073622272,0.02106275930067203,0.031065333147244613,0.04017897023817208,0.01974993386732982,48
d_shared_iid,esg0.5_carb0.4,0.09734228619677536,mcmc_pct,23170.0,23177.0,0.012910125669096717,0.006771573164294525,0.018952595600615324,0.023636744058281506,0.03540589422077642,0.017240997743899946,48
d_shared_iid,esg0.5_carb0.4,0.09734228619677536,mcmc_pct,32768.0,32775.0,0.01041666666666663,0.004086540271538985,0.014655794828830643,0.02080259810264784,0.026181574404838707,0.013515882892490748,48
d_shared_iid,esg0.5_carb0.4,0.09734228619677536,mcmc_pct,46341.0,46348.0,0.008689147197606162,0.004046474494196928,0.01554808572678984,0.020135270599591006,0.022320852817130397,0.012426262055848928,48
d_shared_iid,esg0.5_carb0.4,0.09734228619677536,mcmc_pct,65536.0,65543.0,0.006663004557291685,0.0033360444102654707,0.011622655134005427,0.015828232868272844,0.019241877139213718,0.010380559165724218,48
d_shared_iid,esg0.5_carb0.4,0.09734228619677536,mcmc_med,6.0,13.0,0.24125000000000002,0.096625,0.392125,0.45135000000000003,0.4689,0.289218289100119,48
d_shared_iid,esg0.5_carb0.4,0.09734228619677536,mcmc_med,8.0,15.0,0.28,0.12149999999999998,0.392125,0.4524,0.4689,0.29786923864899734,48
d_shared_iid,esg0.5_carb0.4,0.09734228619677536,mcmc_med,11.0,18.0,0.28,0.12374999999999999,0.36674999999999996,0.45300000000000007,0.4703,0.29340369657975796,48
d_shared_iid,esg0.5_carb0.4,0.09734228619677536,mcmc_med,16.0,23.0,0.26475000000000004,0.12899999999999998,0.37025,0.44334999999999997,0.46452499999999997,0.28542389893513354,48
d_shared_iid,esg0.5_carb0.4,0.09734228619677536,mcmc_med,23.0,30.0,0.2235,0.14425,0.374625,0.4361,0.46207499999999996,0.2872910472557983,48
d_shared_iid,esg0.5_carb0.4,0.09734228619677536,mcmc_med,32.0,39.0,0.19675,0.13224999999999998,0.391625,0.43234999999999996,0.4438,0.2828609603969177,48
d_shared_iid,esg0.5_carb0.4,0.09734228619677536,mcmc_med,45.0,52.0,0.155,0.11874999999999998,0.2985,0.42314999999999997,0.436625,0.24267281213601166,48
d_shared_iid,esg0.5_carb0.4,0.09734228619677536,mcmc_med,64.0,71.0,0.14925000000000002,0.097875,0.319875,0.3941500000000001,0.422925,0.23061453228276835,48
d_shared_iid,esg0.5_carb0.4,0.09734228619677536,mcmc_med,91.0,98.0,0.123,0.05650000000000002,0.27349999999999997,0.33755,0.3694,0.2041545064405878,48
d_shared_iid,esg0.5_carb0.4,0.09734228619677536,mcmc_med,128.0,135.0,0.11825,0.07287500000000002,0.23475000000000001,0.32210000000000005,0.34874999999999995,0.18835081961594966,48
d_shared_iid,esg0.5_carb0.4,0.09734228619677536,mcmc_med,181.0,188.0,0.11875000000000002,0.06325000000000003,0.20637500000000003,0.25305,0.285825,0.15556225308002367,48
d_shared_iid,esg0.5_carb0.4,0.09734228619677536,mcmc_med,256.0,263.0,0.098,0.04049999999999995,0.131625,0.23244999999999996,0.2612,0.12941261530469123,48
d_shared_iid,esg0.5_carb0.4,0.09734228619677536,mcmc_med,362.0,369.0,0.08950000000000002,0.04662499999999997,0.156375,0.21455000000000007,0.24622499999999997,0.13243583351948218,48
d_shared_iid,esg0.5_carb0.4,0.09734228619677536,mcmc_med,512.0,519.0,0.06224999999999997,0.03574999999999995,0.12375000000000001,0.15755000000000002,0.16794999999999996,0.09793817139740085,48
d_shared_iid,esg0.5_carb0.4,0.09734228619677536,mcmc_med,724.0,731.0,0.06949999999999998,0.041249999999999995,0.12012500000000001,0.151,0.15922499999999998,0.09335795806107444,48
d_shared_iid,esg0.5_carb0.4,0.09734228619677536,mcmc_med,1024.0,1031.0,0.05025000000000002,0.025124999999999995,0.08450000000000003,0.14735,0.1719,0.08417510271254004,48
d_shared_iid,esg0.5_carb0.4,0.09734228619677536,mcmc_med,1448.0,1455.0,0.052749999999999964,0.031,0.079875,0.12735,0.1492,0.07491884498130849,48
d_shared_iid,esg0.5_carb0.4,0.09734228619677536,mcmc_med,2048.0,2055.0,0.04249999999999998,0.01762500000000003,0.07087499999999998,0.07934999999999999,0.09107500000000003,0.05715412277342729,48
d_shared_iid,esg0.5_carb0.4,0.09734228619677536,mcmc_med,2896.0,2903.0,0.03875000000000001,0.022249999999999992,0.06149999999999997,0.09325000000000006,0.11097499999999993,0.05643497364223714,48
d_shared_iid,esg0.5_carb0.4,0.09734228619677536,mcmc_med,4096.0,4103.0,0.02975,0.01825000000000003,0.051249999999999976,0.07825000000000006,0.10312499999999995,0.049457578623840176,48
d_shared_iid,esg0.5_carb0.4,0.09734228619677536,mcmc_med,5793.0,5800.0,0.02124999999999999,0.013374999999999984,0.04387499999999997,0.06000000000000002,0.07372500000000001,0.039060716625957254,48
d_shared_iid,esg0.5_carb0.4,0.09734228619677536,mcmc_med,8192.0,8199.0,0.019000000000000017,0.005750000000000019,0.03187499999999996,0.054749999999999965,0.05757499999999999,0.030450437873151624,48
d_shared_iid,esg0.5_carb0.4,0.09734228619677536,mcmc_med,11585.0,11592.0,0.015000000000000013,0.00899999999999998,0.028374999999999997,0.033899999999999965,0.03607499999999998,0.02162873281848322,48
d_shared_iid,esg0.5_carb0.4,0.09734228619677536,mcmc_med,16384.0,16391.0,0.01200000000000001,0.00412499999999999,0.024374999999999994,0.03180000000000006,0.039624999999999994,0.019513083217848143,48
d_shared_iid,esg0.5_carb0.4,0.09734228619677536,mcmc_med,23170.0,23177.0,0.01075000000000001,0.005500000000000033,0.017999999999999988,0.028200000000000003,0.030400000000000017,0.016831270500668294,48
d_shared_iid,esg0.5_carb0.4,0.09734228619677536,mcmc_med,32768.0,32775.0,0.009250000000000036,0.004624999999999976,0.016374999999999987,0.022700000000000015,0.025874999999999992,0.013602619233074199,48
d_shared_iid,esg0.5_carb0.4,0.09734228619677536,mcmc_med,46341.0,46348.0,0.009000000000000008,0.005749999999999977,0.016249999999999987,0.022050000000000052,0.02439999999999999,0.013170753585121847,48
d_shared_iid,esg0.5_carb0.4,0.09734228619677536,mcmc_med,65536.0,65543.0,0.007749999999999979,0.003750000000000017,0.013249999999999984,0.01705000000000003,0.021350000000000004,0.01093017611934958,48
c,esg0.5_carb0.4,0.09734228619677536,classical,100.0,100.0,0.11854605534902934,0.0849167010877048,0.23440726972325485,0.3121162054247557,0.3705700123915738,0.197940847495322,20
c,esg0.5_carb0.4,0.09734228619677536,classical,222.0,222.0,0.03641745835054383,0.01562715131488364,0.07269723254853364,0.09358391849098166,0.10532149249621368,0.057001563412607086,20
c,esg0.5_carb0.4,0.09734228619677536,classical,492.0,492.0,0.05445408233512322,0.04158061407132038,0.07028775987883792,0.12439763183257604,0.12821836706595072,0.07057849340573161,20
c,esg0.5_carb0.4,0.09734228619677536,classical,1093.0,1093.0,0.03841387856257744,0.020859149111937203,0.07562302079030701,0.08734682638028367,0.09361145532149255,0.0656359648630218,20
c,esg0.5_carb0.4,0.09734228619677536,classical,2424.0,2424.0,0.017692413603194235,0.008054522924411403,0.03445545917664879,0.050475010326311444,0.05311854605534908,0.02799933430067786,20
c,esg0.5_carb0.4,0.09734228619677536,classical,5380.0,5380.0,0.018311992289687468,0.01077378493735369,0.02454220019275781,0.030579650282252537,0.038916425719399746,0.02133333638302857,20
c,esg0.5_carb0.4,0.09734228619677536,classical,11938.0,11938.0,0.01122125843315433,0.0058515764835467415,0.016143466886961305,0.023117169213823476,0.02512047363348481,0.014298915205900592,20
c,esg0.5_carb0.4,0.09734228619677536,classical,26490.0,26490.0,0.005920418559823781,0.00351094589012807,0.013252099683326468,0.015764835467437722,0.01707283491670111,0.009911585597745295,20
c,esg0.5_carb0.4,0.09734228619677536,classical,58780.0,58780.0,0.004061682500344194,0.002684840974803815,0.00650557620817846,0.012336500068842071,0.012543026297673189,0.0065749769267849706,20
c,esg0.5_carb0.4,0.09734228619677536,classical,130432.0,130432.0,0.003648630042682066,0.0011014732204323446,0.007125154894671637,0.007930607187112765,0.01180641608150897,0.005688788622336295,20
c,esg0.5_carb0.4,0.09734228619677536,classical,289427.0,289427.0,0.0019964202120336116,0.0007572628390472014,0.0034076827757125033,0.004860250585157653,0.00720088117857637,0.0034759454396976115,20
c,esg0.5_carb0.4,0.09734228619677536,classical,642233.0,642233.0,0.0013079994492633529,0.0006195786864932051,0.0016866308687870368,0.0023130937629078758,0.0027467988434531337,0.001612433683076461,20
c,esg0.5_carb0.4,0.09734228619677536,classical,1425103.0,1425103.0,0.0008949469916012809,0.0003442103813851016,0.0014456836018174046,0.002010188627289017,0.0022511358942585978,0.0014671601589181563,20
c,esg0.5_carb0.4,0.09734228619677536,classical,3162278.0,3162278.0,0.0005507366102161793,6.884207627699812e-05,0.0007572628390472014,0.0010463995594107102,0.0011909679195924619,0.0006624596846327606,20
c,esg0.5_carb0.4,0.09734228619677536,iqae,0.25,1950.0,0.036279774197989834,0.01600578273440728,0.04767313782183674,0.08928817293129565,0.09130524576621238,0.05318565234916572,20
c,esg0.5_carb0.4,0.09734228619677536,iqae,0.1,25900.0,0.013837257331681119,0.003683051080820593,0.02123778053146083,0.084427922346138,0.11884896048464823,0.04376811161637815,20
c,esg0.5_carb0.4,0.09734228619677536,iqae,0.05,53800.0,0.004612419110560373,0.002650419936665302,0.0072972600853642156,0.015668456560649892,0.01741016109045851,0.011802471554356974,20
c,esg0.5_carb0.4,0.09734228619677536,iqae,0.025,88100.0,0.0028913672036348925,0.0006195786864932051,0.003683051080820579,0.005658818669971088,0.00947955390334573,0.005730952966704733,20
c,esg0.5_carb0.4,0.09734228619677536,iqae,0.0125,205550.0,0.0006884207627702033,0.0003442103813851016,0.0014112625636789333,0.0029602092799119184,0.0029602092799119184,0.0014755347964520108,20
c,esg0.5_carb0.4,0.09734228619677536,iqae,0.006,291400.0,0.0007572628390472014,0.00030978934324660257,0.0013079994492634084,0.00316673550874297,0.015234751480104667,0.005801471712089092,20
c,esg0.5_carb0.4,0.09734228619677536,iqae,0.003,581500.0,0.0003442103813851016,0.00020652622883104987,0.0029602092799119184,0.008343659644774867,0.02198815916288036,0.010963108752537518,20
b,esg0.6_carb0.3,0.03401552008363154,classical,100.0,100.0,0.19976359338061467,0.10690645052347184,0.30023640661938533,0.3797635933806149,0.609763593380614,0.2902728921163477,30
b,esg0.6_carb0.3,0.03401552008363154,classical,215.0,215.0,0.15440307328605202,0.0662408661078874,0.30011820330969263,0.30023640661938533,0.31997635933806134,0.22991669219344416,30
b,esg0.6_carb0.3,0.03401552008363154,classical,460.0,460.0,0.0694671758501546,0.05190391759540694,0.1729940203031567,0.20476359338061473,0.25252364066193855,0.13059633962617886,30
b,esg0.6_carb0.3,0.03401552008363154,classical,988.0,988.0,0.044052386484062955,0.017320081762945583,0.08781170176170505,0.1580462681526511,0.19387734999437115,0.09086267365846037,30
b,esg0.6_carb0.3,0.03401552008363154,classical,2120.0,2120.0,0.033569739952718614,0.02213979675719821,0.05530151519818899,0.07851233478526219,0.08410340169327696,0.048321910408363006,30
b,esg0.6_carb0.3,0.03401552008363154,classical,4549.0,4549.0,0.03267562793453738,0.016119472285805125,0.04729809644248509,0.0620128152960636,0.06894388961258258,0.039361787611446604,30
b,esg0.6_carb0.3,0.03401552008363154,classical,9761.0,9761.0,0.016913139554649015,0.0070744495437489174,0.026069373197167678,0.04161844855981196,0.04940453432539092,0.02511876798285126,30
b,esg0.6_carb0.3,0.03401552008363154,classical,20944.0,20944.0,0.008980591779150449,0.004641202132743494,0.01998870483048773,0.028825670040109445,0.030934875638374763,0.016665171226102914,30
b,esg0.6_carb0.3,0.03401552008363154,classical,44940.0,44940.0,0.008759934626197952,0.005578120239111306,0.015567121682562635,0.024527269428509628,0.02698148695038774,0.013830853074302978,30
b,esg0.6_carb0.3,0.03401552008363154,classical,96430.0,96430.0,0.006851363151869738,0.00399675071915831,0.010061338724295682,0.013369009039070756,0.016327772875224005,0.00908452358203932,30
b,esg0.6_carb0.3,0.03401552008363154,classical,206914.0,206914.0,0.0033937932653223535,0.0017385330425167822,0.005485691246569002,0.0068711165359948935,0.007523889393974148,0.004455632343244654,30
b,esg0.6_carb0.3,0.03401552008363154,classical,443985.0,443985.0,0.002352767551113355,0.0013267638284724104,0.004762363125474123,0.007437174656320533,0.007638083485410191,0.004018070826750047,30
b,esg0.6_carb0.3,0.03401552008363154,classical,952681.0,952681.0,0.0019588706797233346,0.001047327132085274,0.00317595544909155,0.004515127986004431,0.004853119997625098,0.0027581261131431676,30
b,esg0.6_carb0.3,0.03401552008363154,classical,2044214.0,2044214.0,0.0008187903102104821,0.0004446932965930239,0.0015985291679140312,0.0023657943178475144,0.0032534314370891134,0.0014875722775530545,30
b,esg0.6_carb0.3,0.03401552008363154,classical,4386370.0,4386370.0,0.0008669933026846377,0.0004285303772413873,0.001414619767104247,0.0019770627564995036,0.0020824748792148073,0.0012605245781257951,30
b,esg0.6_carb0.3,0.03401552008363154,classical,9412050.0,9412050.0,0.0005507153795560882,0.00031574249741542215,0.0008754197409959474,0.0016281279877891188,0.0018349224976503646,0.0008931935817910081,30
b,esg0.6_carb0.3,0.03401552008363154,classical,20195898.0,20195898.0,0.0004908201924238575,0.0003109593572242775,0.000701315995010221,0.0007478053451445033,0.0007761875652100402,0.0005320268963348137,30
b,esg0.6_carb0.3,0.03401552008363154,classical,43335330.0,43335330.0,0.0002731388822621028,0.0001526192321431863,0.0004668833878866685,0.0006587065426027717,0.0007774761929732864,0.0004131933854038522,30
b,esg0.6_carb0.3,0.03401552008363154,classical,92986747.0,92986747.0,0.00019004081343532153,0.00012027820322171867,0.0002810529899598957,0.0003882884525952425,0.0004971865421709852,0.0002503011471376558,30
b,esg0.6_carb0.3,0.03401552008363154,classical,199526231.0,199526231.0,0.00010043268728454624,4.818706864057054e-05,0.0001895840559114903,0.00025905405846652355,0.0003122685220238229,0.00015729832579077147,30
b,esg0.6_carb0.3,0.03401552008363154,iqae,0.4,1950.0,0.027807855138446747,0.013847240312030357,0.04879194658604524,0.05922622949941591,0.06509926246137747,0.03729207153617772,30
b,esg0.6_carb0.3,0.03401552008363154,iqae,0.2,4800.0,0.02166832852182954,0.015003579810089013,0.03129887321467312,0.049820398208652014,0.05504521200595604,0.028723994996795846,30
b,esg0.6_carb0.3,0.03401552008363154,iqae,0.1,10300.0,0.004788969148165068,0.003067886798042402,0.008501657585765127,0.011808177141658863,0.014542379421276506,0.011603053141161264,30
b,esg0.6_carb0.3,0.03401552008363154,iqae,0.05,21000.0,0.0036553954318590542,0.0020988928038273846,0.006899939794388438,0.009854069669787902,0.013350485886402735,0.007735525448832391,30
b,esg0.6_carb0.3,0.03401552008363154,iqae,0.025,35050.0,0.0015938962286651814,0.0007300675171194593,0.0038338845978892477,0.009192361400165718,0.010818228668274246,0.008251539914136857,30
b,esg0.6_carb0.3,0.03401552008363154,iqae,0.0125,91050.0,0.0008572569663367058,0.0005817137495326696,0.0010452953590381064,0.0020082678479021675,0.0024552080165447777,0.0012028654963770378,30
b,esg0.6_carb0.3,0.03401552008363154,iqae,0.006,167850.0,0.00035109654853288097,0.00021279238632682107,0.0006679372405536954,0.0008630577271911188,0.0010025295057008881,0.0006050314722853199,30
b,esg0.6_carb0.3,0.03401552008363154,iqae,0.003,354000.0,0.00015295146468941034,7.982625503266672e-05,0.00036677191056361247,0.0005103308182714207,0.0006482767627586648,0.00038871892910440634,30
b,esg0.6_carb0.3,0.03401552008363154,iqae,0.0015,693000.0,9.43114491925856e-05,3.454381309958565e-05,0.00016632709621569597,0.00024750749164601524,0.0003028741600976159,0.016980472833239026,30
b,esg0.6_carb0.3,0.03401552008363154,iqae_s20,0.4,970.0,0.032955635172600306,0.009393607753050565,0.04399164193783647,0.08477329231317812,0.14975109505667708,0.07050700645046082,30
b,esg0.6_carb0.3,0.03401552008363154,iqae_s20,0.2,1880.0,0.017312629958573134,0.010864192245949228,0.028621281554719408,0.044846618765754104,0.05390773969262793,0.02833686260995626,30
b,esg0.6_carb0.3,0.03401552008363154,iqae_s20,0.1,3860.0,0.005085493450667999,0.002774730986287499,0.017092027984170033,0.02500678541747786,0.026462940400301758,0.015542070824185078,30
b,esg0.6_carb0.3,0.03401552008363154,iqae_s20,0.05,7270.0,0.006529312153127964,0.002470151767101969,0.009599126172038647,0.012808731401051123,0.014514776108467643,0.03448253873594583,30
b,esg0.6_carb0.3,0.03401552008363154,iqae_s20,0.025,17160.0,0.0016293674586155826,0.000757783729601974,0.0024031088444916304,0.0033510049299549185,0.005889126387244985,0.039064451343912336,30
b,esg0.6_carb0.3,0.03401552008363154,iqae_s20,0.0125,31840.0,0.0010696027722385537,0.0006179095868615314,0.0018697552391806205,0.002464203760364526,0.003941875902041383,0.0024121492124291113,30
b,esg0.6_carb0.3,0.03401552008363154,iqae_s20,0.006,67120.0,0.00027658404432540085,0.00011998217902337016,0.0006401249743848425,0.000988772265033733,0.0016736869657249384,0.04703857517139321,30
b,esg0.6_carb0.3,0.03401552008363154,iqae_s20,0.003,142490.0,0.0002013210239186769,0.00011311235014649368,0.00029580125488179454,0.000429516510330108,0.00045475790672782067,0.00030624294360115725,30
b,esg0.6_carb0.3,0.03401552008363154,iqae_s20,0.0015,295740.0,7.898375296733207e-05,3.723573087002774e-05,0.000168628023650641,0.00023290743304122953,0.00024872073052156215,0.00013270948310123483,30
b,esg0.6_carb0.3,0.03401552008363154,mlae_exp,3.0,180.0,0.08950256174122434,0.06629198573343986,0.15578601422048322,0.2880976271124133,0.30023640661938533,0.1553997339862916,30
b,esg0.6_carb0.3,0.03401552008363154,mlae_exp,4.0,420.0,0.10107000815958528,0.04326839313557618,0.1647253010654416,0.2829829165875214,0.2955349340546843,0.1507789007881311,30
b,esg0.6_carb0.3,0.03401552008363154,mlae_exp,5.0,900.0,0.030172523251082883,0.0120453473082055,0.049343693793299476,0.07811092012780185,0.09588944671340567,0.05379911418864335,30
b,esg0.6_carb0.3,0.03401552008363154,mlae_exp,6.0,1860.0,0.030825159921289258,0.016000919351581266,0.04262792235660659,0.06590498330511785,0.08563093427902492,0.04240361603435246,30
b,esg0.6_carb0.3,0.03401552008363154,mlae_exp,7.0,3780.0,0.010017255943330139,0.0055317242771886765,0.019203548643254242,0.029877543548922136,0.056981309148088785,0.02626572758815045,30
b,esg0.6_carb0.3,0.03401552008363154,mlae_exp,8.0,7620.0,0.004813455317260851,0.0031952953235590553,0.010422212861873004,0.011601513024907919,0.013247503320467145,0.007626175781545949,30
b,esg0.6_carb0.3,0.03401552008363154,mlae_exp,9.0,15300.0,0.002657906923922093,0.0013373359154548736,0.0038004960902523754,0.005250920299688844,0.006400737379209371,0.0034841907271659896,30
b,esg0.6_carb0.3,0.03401552008363154,mlae_exp,10.0,30660.0,0.000870507272662524,0.0005520846237441479,0.00238878205028506,0.002872679295437297,0.003183299213569628,0.0017318308202583868,30
b,esg0.6_carb0.3,0.03401552008363154,mlae_exp,11.0,61380.0,0.0007229545269306636,0.00037113670766525386,0.0013928292773479067,0.002315033617310081,0.0028526587760647083,0.0013183138453423686,30
b,esg0.6_carb0.3,0.03401552008363154,mlae_exp,12.0,122820.0,0.0004211768259487214,0.00020819875743294247,0.000578125461791229,0.0008140695627567475,0.0009595224913414353,0.000522943254777889,30
b,esg0.6_carb0.3,0.03401552008363154,mlae_exp,13.0,245700.0,0.00016126649039494012,9.875255595953591e-05,0.00022493431556361299,0.0003525887842175783,0.000701792506136933,0.00031647119241051403,30
b,esg0.6_carb0.3,0.03401552008363154,mcmc,6.0,33.0,0.30023640661938533,0.30023640661938533,0.49976359338061466,0.6997635933806147,0.6997635933806147,0.43013006895479766,48
b,esg0.6_carb0.3,0.03401552008363154,mcmc,8.0,35.0,0.30023640661938533,0.30023640661938533,0.31678486997635935,0.6997635933806147,0.6997635933806147,0.41371042299735794,48
b,esg0.6_carb0.3,0.03401552008363154,mcmc,11.0,38.0,0.30023640661938533,0.30023640661938533,0.30023640661938533,0.6997635933806147,0.6997635933806147,0.3712478017403916,48
b,esg0.6_carb0.3,0.03401552008363154,mcmc,16.0,43.0,0.30023640661938533,0.19976359338061467,0.30023640661938533,0.4414302600472824,0.6997635933806147,0.3293518597118509,48
b,esg0.6_carb0.3,0.03401552008363154,mcmc,23.0,50.0,0.30023640661938533,0.23835349742733972,0.30023640661938533,0.4821165345570855,0.6997635933806147,0.3397112998217887,48
b,esg0.6_carb0.3,0.03401552008363154,mcmc,32.0,59.0,0.30023640661938533,0.2585697399527187,0.30023640661938533,0.5580969267139484,0.6851802600472813,0.35992403608123175,48
b,esg0.6_carb0.3,0.03401552008363154,mcmc,45.0,72.0,0.30023640661938533,0.2414128772076206,0.30023640661938533,0.5232930051453205,0.6394694757335557,0.33509665447060866,48
b,esg0.6_carb0.3,0.03401552008363154,mcmc,64.0,91.0,0.27940307328605196,0.15440307328605196,0.30023640661938533,0.4976802600472814,0.5539302600472813,0.30725151075943713,48
b,esg0.6_carb0.3,0.03401552008363154,mcmc,91.0,118.0,0.25611875956056185,0.1347952301487971,0.30023640661938533,0.43211653455708565,0.5571165345570852,0.2930193005047577,48
b,esg0.6_carb0.3,0.03401552008363154,mcmc,128.0,155.0,0.18934692671394804,0.13188903664302604,0.27159057328605196,0.30023640661938533,0.4054927600472811,0.2335132186227776,48
b,esg0.6_carb0.3,0.03401552008363154,mcmc,181.0,208.0,0.16911764705882354,0.10355826727854264,0.26530993603115005,0.30023640661938533,0.3343224169100264,0.20600393889886154,48
b,esg0.6_carb0.3,0.03401552008363154,mcmc,256.0,283.0,0.11534057328605202,0.04985778664302601,0.22320109338061467,0.2924903959810875,0.329720744680851,0.17622724217943983,48
b,esg0.6_carb0.3,0.03401552008363154,mcmc,362.0,389.0,0.1254612546125461,0.06709237305139013,0.2089079933352525,0.261086249160364,0.2941299625762215,0.1697794815303582,48
b,esg0.6_carb0.3,0.03401552008363154,mcmc,512.0,539.0,0.12054890661938533,0.051053671690307334,0.17290466164302604,0.2215721040189127,0.2927323433806146,0.14557888840921038,48
b,esg0.6_carb0.3,0.03401552008363154,mcmc,724.0,751.0,0.06813996316758747,0.04923722947115447,0.1349248331439468,0.1644358240925774,0.17775622689811005,0.10440712303001608,48
b,esg0.6_carb0.3,0.03401552008363154,mcmc,1024.0,1051.0,0.06966145833333331,0.023709921690307334,0.11876200502364068,0.14507609338061467,0.1610358488475177,0.09435986296576138,48
b,esg0.6_carb0.3,0.03401552008363154,mcmc,1448.0,1475.0,0.06952117863720075,0.030794900931259223,0.12203348876088974,0.16681099225474444,0.1774097801810274,0.10172067108819158,48
b,esg0.6_carb0.3,0.03401552008363154,mcmc,2048.0,2075.0,0.048828125,0.022676797059692666,0.0899534112736407,0.1306215831855793,0.15292899490248224,0.07852491268697401,48
b,esg0.6_carb0.3,0.03401552008363154,mcmc,2896.0,2923.0,0.03959484346224679,0.017788455259067748,0.0697252589370845,0.09986808249415514,0.11898436581638652,0.061341899701077784,48
b,esg0.6_carb0.3,0.03401552008363154,mcmc,4096.0,4123.0,0.030110677083333315,0.018041588172281325,0.07017802064864068,0.08625309360224591,0.09673705766105195,0.054231943078876604,48
b,esg0.6_carb0.3,0.03401552008363154,mcmc,5793.0,5820.0,0.03360809821892502,0.023986838489935686,0.05132648869519327,0.06342672618999039,0.07864024026965039,0.04455410112150093,48
b,esg0.6_carb0.3,0.03401552008363154,mcmc,8192.0,8219.0,0.025903724327718647,0.009008385047281353,0.0575199352652187,0.06525919307771871,0.07825480431811466,0.04357863142866811,48
b,esg0.6_carb0.3,0.03401552008363154,mcmc,11585.0,11612.0,0.023017608470479956,0.016414670106792456,0.03554758101531599,0.060789313517512336,0.06976109300446993,0.033980624163932396,48
b,esg0.6_carb0.3,0.03401552008363154,mcmc,16384.0,16411.0,0.013565676713947983,0.00879353552563536,0.02833618452644804,0.044670000369385336,0.0517951261912677,0.025151606431329805,48
b,esg0.6_carb0.3,0.03401552008363154,mcmc,23170.0,23197.0,0.014271738504920306,0.008928237387781007,0.021721703275885323,0.030504875129770632,0.04051378476290839,0.023339452190524038,48
b,esg0.6_carb0.3,0.03401552008363154,mcmc,32768.0,32795.0,0.011922200520833315,0.005816448383015649,0.018007607606567666,0.025860350408170783,0.03279255896313533,0.017966393417502297,48
b,esg0.6_carb0.3,0.03401552008363154,mcmc,46341.0,46368.0,0.009164361504872709,0.004186089474287086,0.017593608342060196,0.021412606412226823,0.028477240319340718,0.01448224415401177,48
b,esg0.6_carb0.3,0.03401552008363154,mcmc,65536.0,65563.0,0.010563555056885332,0.005198774044677196,0.016276654904052196,0.023189535659537512,0.02586637456366359,0.01428094439901231,48
b,esg0.6_carb0.3,0.03401552008363154,mcmc,92682.0,92709.0,0.007516687766141061,0.004463734275041903,0.013782269204262787,0.01735652493424609,0.0194712149977948,0.010978225630385773,48
b,esg0.6_carb0.3,0.03401552008363154,mcmc,131072.0,131099.0,0.0063018798828125,0.0020653294051511117,0.009582826149942741,0.01628254919751032,0.017021074588135333,0.008834684120596983,48
b,esg0.6_carb0.3,0.03401552008363154,mcmc,185364.0,185391.0,0.006239974680448568,0.002242319922266034,0.011419815579268133,0.013725311945168722,0.01562849465747361,0.008600018256048376,48
b,esg0.6_carb0.3,0.03401552008363154,mcmc,262144.0,262171.0,0.004364626909260483,0.0015281154190676938,0.010152794226968825,0.012621806981152112,0.014822537397380146,0.007622739083728539,48
d_shared_iid,esg0.6_carb0.3,0.03401552008363154,iid_pct,100.0,100.0,0.19976359338061467,0.05023640661938533,0.30023640661938533,0.5199763593380617,0.6997635933806147,0.29997732410306177,30
d_shared_iid,esg0.6_carb0.3,0.03401552008363154,iid_pct,215.0,215.0,0.1111111111111111,0.03309692671394804,0.2859929078014184,0.45476359338061473,0.49976359338061466,0.23178970869401558,30
d_shared_iid,esg0.6_carb0.3,0.03401552008363154,iid_pct,460.0,460.0,0.09497324872464852,0.05352729421878358,0.14639025277323148,0.19976359338061467,0.21271594835424618,0.12468282927025477,30
d_shared_iid,esg0.6_carb0.3,0.03401552008363154,iid_pct,988.0,988.0,0.07321428571428573,0.034405606214116896,0.09262073623775757,0.13119216480918616,0.18251211992461122,0.09340313966652784,30
d_shared_iid,esg0.6_carb0.3,0.03401552008363154,iid_pct,2120.0,2120.0,0.031746031746031744,0.01292457585871229,0.05195308074985258,0.08564181202479075,0.1078335021952043,0.055463268220812066,30
d_shared_iid,esg0.6_carb0.3,0.03401552008363154,iid_pct,4549.0,4549.0,0.031509119682571585,0.01721233826097049,0.04371067132526771,0.06437225299207379,0.07052460495209656,0.04089181231507664,30
d_shared_iid,esg0.6_carb0.3,0.03401552008363154,iid_pct,9761.0,9761.0,0.015903077412909083,0.00901540351738056,0.025794371545539124,0.05560258877008321,0.06267169563910582,0.029455088877293447,30
d_shared_iid,esg0.6_carb0.3,0.03401552008363154,iid_pct,20944.0,20944.0,0.009256851986152392,0.0034189712678183992,0.015532729969986586,0.025944161112753186,0.029060767940212003,0.01520725871987687,30
d_shared_iid,esg0.6_carb0.3,0.03401552008363154,iid_pct,44940.0,44940.0,0.004854014680298446,0.0029058514225482612,0.007998394788408802,0.012707367310824115,0.01569950361901905,0.00802622311996902,30
d_shared_iid,esg0.6_carb0.3,0.03401552008363154,iid_pct,96430.0,96430.0,0.00635747808120718,0.0028214669122137714,0.00945479072053551,0.012200218523711061,0.013450483468457473,0.0076758048673743464,30
d_shared_iid,esg0.6_carb0.3,0.03401552008363154,iid_pct,206914.0,206914.0,0.004307796318685275,0.0021683161676399887,0.00577103887260047,0.007871448140391726,0.010540877110583212,0.005503108507584499,30
d_shared_iid,esg0.6_carb0.3,0.03401552008363154,iid_pct,443985.0,443985.0,0.003862603735847292,0.0013998951255420056,0.004685996676667636,0.009265503426691924,0.01039120878320838,0.005050139709729817,30
d_shared_iid,esg0.6_carb0.3,0.03401552008363154,iid_pct,952681.0,952681.0,0.0023250119095599153,0.001106009370555966,0.0030891317255341832,0.005740911469633347,0.006034837835722928,0.003046405570567019,30
d_shared_iid,esg0.6_carb0.3,0.03401552008363154,iid_pct,2044214.0,2044214.0,0.0012598605665664064,0.0005279757853902112,0.0019388394530613917,0.002279994952149101,0.0028601103845089506,0.001575907004567674,30
d_shared_iid,esg0.6_carb0.3,0.03401552008363154,iid_pct,4386370.0,4386370.0,0.000588292398806034,0.0002736774878449866,0.0011968829347228649,0.0014828768166418537,0.0017919234177813865,0.0009779557429840096,30
d_shared_iid,esg0.6_carb0.3,0.03401552008363154,iid_pct,9412050.0,9412050.0,0.0006432143324986428,0.00017678975141877107,0.0009090296499226214,0.0012428660980689289,0.001311384321920872,0.0007834048755461362,30
d_shared_iid,esg0.6_carb0.3,0.03401552008363154,iid_pct,20195898.0,20195898.0,0.0005037235365201731,0.00024205047945841107,0.0008163866574917578,0.0011022805025719508,0.0012443325206888455,0.000661116008531988,30
d_shared_iid,esg0.6_carb0.3,0.03401552008363154,iid_pct,43335330.0,43335330.0,0.0003105067372725645,0.00015841606540245579,0.0004848032139892766,0.0007063328446237806,0.0007828268738939214,0.00042770006194619144,30
d_shared_iid,esg0.6_carb0.3,0.03401552008363154,iid_pct,92986747.0,92986747.0,0.00020941113013744905,8.69467986923389e-05,0.0003501793788792118,0.000408882011210421,0.0005557327329965833,0.0002887376591455944,30
d_shared_iid,esg0.6_carb0.3,0.03401552008363154,iid_pct,199526231.0,199526231.0,7.65688443703505e-05,4.8429322145632225e-05,0.00014697899360843758,0.0002466729470319562,0.00026397517841071915,0.00013496912317534273,30
d_shared_iid,esg0.6_carb0.3,0.03401552008363154,iid_med,100.0,100.0,0.1665,0.06637499999999998,0.24912499999999999,0.37010000000000004,0.43897499999999967,0.2311446381597462,30
d_shared_iid,esg0.6_carb0.3,0.03401552008363154,iid_med,215.0,215.0,0.10749999999999998,0.06175000000000001,0.19337500000000002,0.26310000000000006,0.27917499999999995,0.16355410674554563,30
d_shared_iid,esg0.6_carb0.3,0.03401552008363154,iid_med,460.0,460.0,0.08174999999999999,0.036250000000000004,0.13237499999999996,0.20510000000000006,0.24480000000000002,0.1224395599197144,30
d_shared_iid,esg0.6_carb0.3,0.03401552008363154,iid_med,988.0,988.0,0.06675000000000003,0.03612499999999996,0.10750000000000001,0.12675,0.16629999999999992,0.09387081104724017,30
d_shared_iid,esg0.6_carb0.3,0.03401552008363154,iid_med,2120.0,2120.0,0.025750000000000023,0.011249999999999982,0.0455,0.09610000000000003,0.12952499999999992,0.05814690447478696,30
d_shared_iid,esg0.6_carb0.3,0.03401552008363154,iid_med,4549.0,4549.0,0.024499999999999994,0.01675,0.049875,0.06604999999999998,0.07864999999999994,0.041320041545638994,30
d_shared_iid,esg0.6_carb0.3,0.03401552008363154,iid_med,9761.0,9761.0,0.019500000000000017,0.009749999999999981,0.030000000000000013,0.04030000000000001,0.052849999999999925,0.02755078643765607,30
d_shared_iid,esg0.6_carb0.3,0.03401552008363154,iid_med,20944.0,20944.0,0.013249999999999984,0.005750000000000033,0.017624999999999988,0.0288,0.030075000000000025,0.016953244527228413,30
d_shared_iid,esg0.6_carb0.3,0.03401552008363154,iid_med,44940.0,44940.0,0.005750000000000033,0.0033749999999999752,0.010999999999999982,0.01694999999999999,0.020400000000000012,0.010179841190640781,30
d_shared_iid,esg0.6_carb0.3,0.03401552008363154,iid_med,96430.0,96430.0,0.005749999999999977,0.0020000000000000157,0.012874999999999984,0.014899999999999988,0.016799999999999985,0.010272739005088493,30
d_shared_iid,esg0.6_carb0.3,0.03401552008363154,iid_med,206914.0,206914.0,0.0025000000000000022,0.0012499999999999734,0.006499999999999978,0.011399999999999985,0.01357499999999998,0.006538029774582952,30
d_shared_iid,esg0.6_carb0.3,0.03401552008363154,iid_med,443985.0,443985.0,0.0037500000000000033,0.0023749999999999744,0.005625000000000019,0.007299999999999985,0.007750000000000035,0.004634562187161449,30
d_shared_iid,esg0.6_carb0.3,0.03401552008363154,iid_med,952681.0,952681.0,0.0017500000000000293,0.0007499999999999868,0.0027499999999999747,0.0038000000000000264,0.004525000000000006,0.0023900836805434296,30
d_shared_iid,esg0.6_carb0.3,0.03401552008363154,iid_med,2044214.0,2044214.0,0.0012499999999999734,0.00024999999999997247,0.0017500000000000293,0.002349999999999976,0.004074999999999972,0.0019050371824892614,30
d_shared_iid,esg0.6_carb0.3,0.03401552008363154,iid_med,4386370.0,4386370.0,0.0010000000000000009,0.00024999999999997247,0.0017499999999999738,0.0017500000000000293,0.002300000000000027,0.0013212998650318968,30
d_shared_iid,esg0.6_carb0.3,0.03401552008363154,iid_med,9412050.0,9412050.0,0.00024999999999997247,0.00024999999999997247,0.0012499999999999734,0.0012999999999999741,0.0017499999999999738,0.0008636164272020896,30
d_shared_iid,esg0.6_carb0.3,0.03401552008363154,iid_med,20195898.0,20195898.0,0.00024999999999997247,0.00024999999999997247,0.0007500000000000145,0.0012499999999999734,0.0012499999999999734,0.000667707520800323,30
d_shared_iid,esg0.6_carb0.3,0.03401552008363154,iid_med,43335330.0,43335330.0,0.00024999999999997247,0.00024999999999997247,0.00024999999999997247,0.0007499999999999729,0.0007500000000000035,0.0005123475382979615,30
d_shared_iid,esg0.6_carb0.3,0.03401552008363154,iid_med,92986747.0,92986747.0,0.00024999999999997247,0.00024999999999997247,0.00024999999999997247,0.0007499999999999729,0.0007499999999999729,0.0004425306015783692,30
d_shared_iid,esg0.6_carb0.3,0.03401552008363154,iid_med,199526231.0,199526231.0,0.00024999999999997247,0.00024999999999997247,0.00024999999999997247,0.00024999999999997247,0.00024999999999997247,0.00024999999999997247,30
d_shared_iid,esg0.6_carb0.3,0.03401552008363154,mcmc_pct,6.0,33.0,0.30023640661938533,0.30023640661938533,0.49976359338061466,0.6997635933806147,0.6997635933806147,0.43013006895479766,48
d_shared_iid,esg0.6_carb0.3,0.03401552008363154,mcmc_pct,8.0,35.0,0.30023640661938533,0.30023640661938533,0.31678486997635935,0.6997635933806147,0.6997635933806147,0.41371042299735794,48
d_shared_iid,esg0.6_carb0.3,0.03401552008363154,mcmc_pct,11.0,38.0,0.30023640661938533,0.30023640661938533,0.30023640661938533,0.6997635933806147,0.6997635933806147,0.3712478017403916,48
d_shared_iid,esg0.6_carb0.3,0.03401552008363154,mcmc_pct,16.0,43.0,0.30023640661938533,0.19976359338061467,0.30023640661938533,0.4414302600472824,0.6997635933806147,0.3293518597118509,48
d_shared_iid,esg0.6_carb0.3,0.03401552008363154,mcmc_pct,23.0,50.0,0.30023640661938533,0.23835349742733972,0.30023640661938533,0.4821165345570855,0.6997635933806147,0.3397112998217887,48
d_shared_iid,esg0.6_carb0.3,0.03401552008363154,mcmc_pct,32.0,59.0,0.30023640661938533,0.2585697399527187,0.30023640661938533,0.5580969267139484,0.6851802600472813,0.35992403608123175,48
d_shared_iid,esg0.6_carb0.3,0.03401552008363154,mcmc_pct,45.0,72.0,0.30023640661938533,0.2414128772076206,0.30023640661938533,0.5232930051453205,0.6394694757335557,0.33509665447060866,48
d_shared_iid,esg0.6_carb0.3,0.03401552008363154,mcmc_pct,64.0,91.0,0.27940307328605196,0.15440307328605196,0.30023640661938533,0.4976802600472814,0.5539302600472813,0.30725151075943713,48
d_shared_iid,esg0.6_carb0.3,0.03401552008363154,mcmc_pct,91.0,118.0,0.25611875956056185,0.1347952301487971,0.30023640661938533,0.43211653455708565,0.5571165345570852,0.2930193005047577,48
d_shared_iid,esg0.6_carb0.3,0.03401552008363154,mcmc_pct,128.0,155.0,0.18934692671394804,0.13188903664302604,0.27159057328605196,0.30023640661938533,0.4054927600472811,0.2335132186227776,48
d_shared_iid,esg0.6_carb0.3,0.03401552008363154,mcmc_pct,181.0,208.0,0.16911764705882354,0.10355826727854264,0.26530993603115005,0.30023640661938533,0.3343224169100264,0.20600393889886154,48
d_shared_iid,esg0.6_carb0.3,0.03401552008363154,mcmc_pct,256.0,283.0,0.11534057328605202,0.04985778664302601,0.22320109338061467,0.2924903959810875,0.329720744680851,0.17622724217943983,48
d_shared_iid,esg0.6_carb0.3,0.03401552008363154,mcmc_pct,362.0,389.0,0.1254612546125461,0.06709237305139013,0.2089079933352525,0.261086249160364,0.2941299625762215,0.1697794815303582,48
d_shared_iid,esg0.6_carb0.3,0.03401552008363154,mcmc_pct,512.0,539.0,0.12054890661938533,0.051053671690307334,0.17290466164302604,0.2215721040189127,0.2927323433806146,0.14557888840921038,48
d_shared_iid,esg0.6_carb0.3,0.03401552008363154,mcmc_pct,724.0,751.0,0.06813996316758747,0.04923722947115447,0.1349248331439468,0.1644358240925774,0.17775622689811005,0.10440712303001608,48
d_shared_iid,esg0.6_carb0.3,0.03401552008363154,mcmc_pct,1024.0,1051.0,0.06966145833333331,0.023709921690307334,0.11876200502364068,0.14507609338061467,0.1610358488475177,0.09435986296576138,48
d_shared_iid,esg0.6_carb0.3,0.03401552008363154,mcmc_pct,1448.0,1475.0,0.06952117863720075,0.030794900931259223,0.12203348876088974,0.16681099225474444,0.1774097801810274,0.10172067108819158,48
d_shared_iid,esg0.6_carb0.3,0.03401552008363154,mcmc_pct,2048.0,2075.0,0.048828125,0.022676797059692666,0.0899534112736407,0.1306215831855793,0.15292899490248224,0.07852491268697401,48
d_shared_iid,esg0.6_carb0.3,0.03401552008363154,mcmc_pct,2896.0,2923.0,0.03959484346224679,0.017788455259067748,0.0697252589370845,0.09986808249415514,0.11898436581638652,0.061341899701077784,48
d_shared_iid,esg0.6_carb0.3,0.03401552008363154,mcmc_pct,4096.0,4123.0,0.030110677083333315,0.018041588172281325,0.07017802064864068,0.08625309360224591,0.09673705766105195,0.054231943078876604,48
d_shared_iid,esg0.6_carb0.3,0.03401552008363154,mcmc_pct,5793.0,5820.0,0.03360809821892502,0.023986838489935686,0.05132648869519327,0.06342672618999039,0.07864024026965039,0.04455410112150093,48
d_shared_iid,esg0.6_carb0.3,0.03401552008363154,mcmc_pct,8192.0,8219.0,0.025903724327718647,0.009008385047281353,0.0575199352652187,0.06525919307771871,0.07825480431811466,0.04357863142866811,48
d_shared_iid,esg0.6_carb0.3,0.03401552008363154,mcmc_pct,11585.0,11612.0,0.023017608470479956,0.016414670106792456,0.03554758101531599,0.060789313517512336,0.06976109300446993,0.033980624163932396,48
d_shared_iid,esg0.6_carb0.3,0.03401552008363154,mcmc_pct,16384.0,16411.0,0.013565676713947983,0.00879353552563536,0.02833618452644804,0.044670000369385336,0.0517951261912677,0.025151606431329805,48
d_shared_iid,esg0.6_carb0.3,0.03401552008363154,mcmc_pct,23170.0,23197.0,0.014271738504920306,0.008928237387781007,0.021721703275885323,0.030504875129770632,0.04051378476290839,0.023339452190524038,48
d_shared_iid,esg0.6_carb0.3,0.03401552008363154,mcmc_pct,32768.0,32795.0,0.011922200520833315,0.005816448383015649,0.018007607606567666,0.025860350408170783,0.03279255896313533,0.017966393417502297,48
d_shared_iid,esg0.6_carb0.3,0.03401552008363154,mcmc_pct,46341.0,46368.0,0.009164361504872709,0.004186089474287086,0.017593608342060196,0.021412606412226823,0.028477240319340718,0.01448224415401177,48
d_shared_iid,esg0.6_carb0.3,0.03401552008363154,mcmc_pct,65536.0,65563.0,0.010563555056885332,0.005198774044677196,0.016276654904052196,0.023189535659537512,0.02586637456366359,0.01428094439901231,48
d_shared_iid,esg0.6_carb0.3,0.03401552008363154,mcmc_pct,92682.0,92709.0,0.007516687766141061,0.004463734275041903,0.013782269204262787,0.01735652493424609,0.0194712149977948,0.010978225630385773,48
d_shared_iid,esg0.6_carb0.3,0.03401552008363154,mcmc_pct,131072.0,131099.0,0.0063018798828125,0.0020653294051511117,0.009582826149942741,0.01628254919751032,0.017021074588135333,0.008834684120596983,48
d_shared_iid,esg0.6_carb0.3,0.03401552008363154,mcmc_pct,185364.0,185391.0,0.006239974680448568,0.002242319922266034,0.011419815579268133,0.013725311945168722,0.01562849465747361,0.008600018256048376,48
d_shared_iid,esg0.6_carb0.3,0.03401552008363154,mcmc_pct,262144.0,262171.0,0.004364626909260483,0.0015281154190676938,0.010152794226968825,0.012621806981152112,0.014822537397380146,0.007622739083728539,48
d_shared_iid,esg0.6_carb0.3,0.03401552008363154,mcmc_med,6.0,33.0,0.23600000000000002,0.13062500000000002,0.382375,0.456,0.46587500000000004,0.29227970693042193,48
d_shared_iid,esg0.6_carb0.3,0.03401552008363154,mcmc_med,8.0,35.0,0.224,0.11950000000000002,0.373625,0.43700000000000006,0.4611,0.2823797494804942,48
d_shared_iid,esg0.6_carb0.3,0.03401552008363154,mcmc_med,11.0,38.0,0.222,0.11950000000000002,0.360625,0.4203000000000001,0.45192499999999997,0.2706319956755545,48
d_shared_iid,esg0.6_carb0.3,0.03401552008363154,mcmc_med,16.0,43.0,0.20174999999999998,0.09487499999999996,0.29374999999999996,0.3879500000000001,0.4412,0.2432795031782716,48
d_shared_iid,esg0.6_carb0.3,0.03401552008363154,mcmc_med,23.0,50.0,0.207,0.114625,0.3065,0.4107000000000001,0.44539999999999996,0.25505273147593094,48
d_shared_iid,esg0.6_carb0.3,0.03401552008363154,mcmc_med,32.0,59.0,0.22525,0.114625,0.33125000000000004,0.44505,0.460575,0.2698479124124056,48
d_shared_iid,esg0.6_carb0.3,0.03401552008363154,mcmc_med,45.0,72.0,0.2015,0.09424999999999996,0.361625,0.44505,0.47507499999999997,0.27667770434809763,48
d_shared_iid,esg0.6_carb0.3,0.03401552008363154,mcmc_med,64.0,91.0,0.2055,0.09812499999999999,0.37675000000000003,0.44595,0.47805,0.2814642702309952,48
d_shared_iid,esg0.6_carb0.3,0.03401552008363154,mcmc_med,91.0,118.0,0.21424999999999997,0.11575000000000002,0.300125,0.4409,0.4507,0.262914771519847,48
d_shared_iid,esg0.6_carb0.3,0.03401552008363154,mcmc_med,128.0,155.0,0.17275000000000001,0.09875,0.26887500000000003,0.37784999999999996,0.4098749999999999,0.22663553707807316,48
d_shared_iid,esg0.6_carb0.3,0.03401552008363154,mcmc_med,181.0,208.0,0.17174999999999999,0.07912499999999999,0.261375,0.3101000000000001,0.37664999999999993,0.20792348853203993,48
d_shared_iid,esg0.6_carb0.3,0.03401552008363154,mcmc_med,256.0,283.0,0.13624999999999998,0.05275000000000002,0.2255,0.3178,0.36027499999999996,0.19146148437740684,48
d_shared_iid,esg0.6_carb0.3,0.03401552008363154,mcmc_med,362.0,389.0,0.1455,0.07350000000000004,0.226625,0.2711500000000001,0.341575,0.18635083959206264,48
d_shared_iid,esg0.6_carb0.3,0.03401552008363154,mcmc_med,512.0,539.0,0.09275,0.04550000000000001,0.201,0.24575000000000008,0.28874999999999995,0.15590852686751935,48
d_shared_iid,esg0.6_carb0.3,0.03401552008363154,mcmc_med,724.0,751.0,0.06499999999999997,0.03212499999999999,0.13712500000000002,0.19325000000000003,0.21954999999999997,0.12131772163757995,48
d_shared_iid,esg0.6_carb0.3,0.03401552008363154,mcmc_med,1024.0,1051.0,0.07825000000000001,0.031,0.139125,0.18355000000000007,0.20427499999999998,0.11018757681033435,48
d_shared_iid,esg0.6_carb0.3,0.03401552008363154,mcmc_med,1448.0,1475.0,0.06624999999999998,0.03025,0.12149999999999997,0.15595000000000003,0.19407499999999994,0.09978539472287515,48
d_shared_iid,esg0.6_carb0.3,0.03401552008363154,mcmc_med,2048.0,2075.0,0.05000000000000002,0.026624999999999996,0.086875,0.15120000000000003,0.17054999999999998,0.08521736912155878,48
d_shared_iid,esg0.6_carb0.3,0.03401552008363154,mcmc_med,2896.0,2923.0,0.03924999999999998,0.023249999999999993,0.08087500000000003,0.12640000000000004,0.14325000000000002,0.07044597516300465,48
d_shared_iid,esg0.6_carb0.3,0.03401552008363154,mcmc_med,4096.0,4123.0,0.04224999999999998,0.016124999999999987,0.071375,0.09560000000000006,0.12072499999999996,0.06052642329319209,48
d_shared_iid,esg0.6_carb0.3,0.03401552008363154,mcmc_med,5793.0,5820.0,0.03950000000000001,0.01912499999999999,0.06175000000000001,0.08305,0.09029999999999999,0.05036181589259863,48
d_shared_iid,esg0.6_carb0.3,0.03401552008363154,mcmc_med,8192.0,8219.0,0.02975,0.012374999999999983,0.050875000000000004,0.07789999999999998,0.089575,0.045303720413817375,48
d_shared_iid,esg0.6_carb0.3,0.03401552008363154,mcmc_med,11585.0,11612.0,0.02175000000000002,0.010750000000000023,0.04100000000000001,0.058150000000000035,0.07017499999999997,0.03539744576472527,48
d_shared_iid,esg0.6_carb0.3,0.03401552008363154,mcmc_med,16384.0,16411.0,0.014249999999999985,0.0071249999999999925,0.03174999999999996,0.04265000000000001,0.05475000000000001,0.026423632099568238,48
d_shared_iid,esg0.6_carb0.3,0.03401552008363154,mcmc_med,23170.0,23197.0,0.017999999999999988,0.010374999999999981,0.025875000000000037,0.03255,0.03767499999999998,0.024661880166226856,48
d_shared_iid,esg0.6_carb0.3,0.03401552008363154,mcmc_med,32768.0,32795.0,0.012499999999999983,0.005625000000000019,0.01899999999999999,0.027399999999999997,0.033174999999999996,0.017949292000893333,48
d_shared_iid,esg0.6_carb0.3,0.03401552008363154,mcmc_med,46341.0,46368.0,0.010249999999999981,0.003750000000000017,0.016000000000000042,0.024000000000000004,0.028399999999999995,0.014701544703420341,48
d_shared_iid,esg0.6_carb0.3,0.03401552008363154,mcmc_med,65536.0,65563.0,0.009749999999999981,0.004750000000000018,0.013499999999999984,0.022850000000000002,0.025549999999999993,0.012999599352800581,48
d_shared_iid,esg0.6_carb0.3,0.03401552008363154,mcmc_med,92682.0,92709.0,0.006750000000000006,0.004124999999999976,0.010374999999999981,0.014450000000000003,0.02122499999999999,0.009725931831963446,48
d_shared_iid,esg0.6_carb0.3,0.03401552008363154,mcmc_med,131072.0,131099.0,0.005750000000000005,0.0026249999999999746,0.009749999999999981,0.01535000000000005,0.017574999999999986,0.009053084189011677,48
d_shared_iid,esg0.6_carb0.3,0.03401552008363154,mcmc_med,185364.0,185391.0,0.004750000000000032,0.0037499999999999756,0.009875000000000023,0.013249999999999984,0.015574999999999985,0.008214570388441905,48
d_shared_iid,esg0.6_carb0.3,0.03401552008363154,mcmc_med,262144.0,262171.0,0.006249999999999978,0.003249999999999975,0.009874999999999981,0.012249999999999983,0.014049999999999983,0.007842193570679053,48
c,esg0.6_carb0.3,0.03401552008363154,classical,100.0,100.0,0.2698975571315997,0.15918045705279749,0.3329393223010244,0.4508274231678487,0.46264775413711584,0.289631088540941,20
c,esg0.6_carb0.3,0.03401552008363154,classical,222.0,222.0,0.12785657998423955,0.055851063829787245,0.24743892828999214,0.2879432624113475,0.29793144208037825,0.17922907472462224,20
c,esg0.6_carb0.3,0.03401552008363154,classical,492.0,492.0,0.07328605200945629,0.05811662726556342,0.11643026004728133,0.2379038613081167,0.2706067769897558,0.14044152802861784,20
c,esg0.6_carb0.3,0.03401552008363154,classical,1093.0,1093.0,0.04412923561859733,0.02787628053585499,0.09584318360914107,0.1514184397163121,0.16597714736012614,0.0880672390715236,20
c,esg0.6_carb0.3,0.03401552008363154,classical,2424.0,2424.0,0.04885736800630419,0.028073286052009483,0.06382978723404258,0.08152088258471238,0.08500788022064619,0.05362836092410954,20
c,esg0.6_carb0.3,0.03401552008363154,classical,5380.0,5380.0,0.02167060677698976,0.010933806146572106,0.04038613081166273,0.05594956658786449,0.05959416863672186,0.0335587779969054,20
c,esg0.6_carb0.3,0.03401552008363154,classical,11938.0,11938.0,0.011426319936958251,0.007486209613869199,0.018124507486209626,0.03754925137903867,0.04334121355397953,0.02288776816960277,20
c,esg0.6_carb0.3,0.03401552008363154,classical,26490.0,26490.0,0.006304176516942456,0.0023640661938534313,0.01487391646966113,0.022852639873916454,0.023502758077226203,0.014045540016966921,20
c,esg0.6_carb0.3,0.03401552008363154,classical,58780.0,58780.0,0.007486209613869199,0.0030535855003940154,0.011426319936958196,0.013002364066193877,0.01666666666666669,0.009270151030691672,20
c,esg0.6_carb0.3,0.03401552008363154,classical,130432.0,130432.0,0.0023640661938534313,0.0018715524034672582,0.005319148936170179,0.010126083530338868,0.012667454688731301,0.005694788537698104,20
c,esg0.6_carb0.3,0.03401552008363154,classical,289427.0,289427.0,0.004728132387706863,0.0027580772261623365,0.005910165484633578,0.0076044129235618724,0.008806146572104033,0.005411021087502888,20
c,esg0.6_carb0.3,0.03401552008363154,classical,642233.0,642233.0,0.0015760441292356209,0.0006895193065405841,0.004038613081166265,0.004925137903861318,0.006796690307328617,0.003404264439762466,20
c,esg0.6_carb0.3,0.03401552008363154,classical,1425103.0,1425103.0,0.0015760441292356209,0.0010835303388494477,0.0024625689519306576,0.0027974783293932275,0.0032505910165484693,0.002136397432896128,20
c,esg0.6_carb0.3,0.03401552008363154,classical,3162278.0,3162278.0,0.0011820330969267157,0.0006895193065405841,0.0023640661938534313,0.0031914893617021327,0.003546099290780147,0.0018184366838793276,20
c,esg0.6_carb0.3,0.03401552008363154,iqae,0.25,4350.0,0.02935382190701341,0.014775413711583946,0.07121749408983455,0.08416075650118206,0.09005122143420018,0.05100944189360584,20
c,esg0.6_carb0.3,0.03401552008363154,iqae,0.1,50450.0,0.008471237194641434,0.0018715524034672998,0.019700551615445205,0.03534278959810878,0.060303388494877846,0.025955729083666015,20
c,esg0.6_carb0.3,0.03401552008363154,iqae,0.05,106550.0,0.00512214342001574,0.003841607565011812,0.0075847123719464254,0.011426319936958279,0.03270291568163908,0.011557022632258015,20
c,esg0.6_carb0.3,0.03401552008363154,iqae,0.025,165950.0,0.0021670606776989787,0.0015760441292356209,0.0036446020488573733,0.006776989755713121,0.008747044917257711,0.008000946781361465,20
c,esg0.6_carb0.3,0.03401552008363154,iqae,0.0125,339300.0,0.0013790386130811683,0.0006895193065405841,0.002265563435776205,0.005122143420015768,0.01055949566587873,0.0255521546605008,20
c,esg0.6_carb0.3,0.03401552008363154,iqae,0.006,536250.0,0.0007880220646178104,0.0,0.0011820330969267157,0.001654846335697403,0.0038810086682427355,0.007371797948131384,20
c,esg0.6_carb0.3,0.03401552008363154,iqae,0.003,912650.0,0.0003940110323089052,0.0,0.0003940110323089052,0.0012214342001576068,0.0031323877068558156,0.007332205492697599,20
b,esg0.75_carb0.25,0.007223942208462332,classical,100.0,100.0,0.300556586270872,0.199443413729128,0.300556586270872,0.300556586270872,0.5199443413729117,0.3055055533400502,30
b,esg0.75_carb0.25,0.007223942208462332,classical,215.0,215.0,0.300556586270872,0.300556586270872,0.300556586270872,0.699443413729128,0.699443413729128,0.40810494568769523,30
b,esg0.75_carb0.25,0.007223942208462332,classical,460.0,460.0,0.13388991960420538,0.09944341372912802,0.300556586270872,0.45444341372912805,0.6094434137291274,0.2892585230506439,30
b,esg0.75_carb0.25,0.007223942208462332,classical,988.0,988.0,0.1280148423005566,0.07095137005851296,0.199443413729128,0.30294526901669766,0.3473600803957946,0.19543513534425075,30
b,esg0.75_carb0.25,0.007223942208462332,classical,2120.0,2120.0,0.05357142857142855,0.032776747062461364,0.13517197088625663,0.20499896928468364,0.2729728254938338,0.12268992725816394,30
b,esg0.75_carb0.25,0.007223942208462332,classical,4549.0,4549.0,0.05428212340654737,0.015131189623184688,0.08405879834451258,0.11788806431663572,0.1463729128014842,0.07443060023048798,30
b,esg0.75_carb0.25,0.007223942208462332,classical,9761.0,9761.0,0.036074530680863026,0.024675537681934256,0.056307399164542055,0.07345781828651235,0.08346491082303216,0.04676822336055944,30
b,esg0.75_carb0.25,0.007223942208462332,classical,20944.0,20944.0,0.023651579663912625,0.008680950386019487,0.03272824281227643,0.06516125304945183,0.07237241460743762,0.037681278564421036,30
b,esg0.75_carb0.25,0.007223942208462332,classical,44940.0,44940.0,0.01937869112210111,0.009943065519874006,0.02934725988297418,0.05019870073819142,0.05326606463675622,0.026964748233969275,30
b,esg0.75_carb0.25,0.007223942208462332,classical,96430.0,96430.0,0.014946283650924208,0.005587895972564039,0.020878752164032288,0.02956236165714507,0.03329459616514102,0.01902497494214867,30
b,esg0.75_carb0.25,0.007223942208462332,classical,206914.0,206914.0,0.007559111223462922,0.0029906234927218056,0.012478079225204997,0.016173659999491722,0.019621399647532053,0.01215052497550984,30
b,esg0.75_carb0.25,0.007223942208462332,classical,443985.0,443985.0,0.005979054582708809,0.0036264433073218694,0.009897672329239354,0.014921431402532336,0.015699793804064173,0.008391163595454283,30
b,esg0.75_carb0.25,0.007223942208462332,classical,952681.0,952681.0,0.0035922609854956433,0.0018117377238950905,0.0067868109396316545,0.009808848831900608,0.010976503735415541,0.005867158628525732,30
b,esg0.75_carb0.25,0.007223942208462332,classical,2044214.0,2044214.0,0.0037224127923132233,0.002024158832434897,0.005044681220693542,0.007075684423358186,0.00751572956146672,0.004282409286771144,30
b,esg0.75_carb0.25,0.007223942208462332,classical,4386370.0,4386370.0,0.0019508603485149933,0.0007831926892719332,0.0032442993205755166,0.004192963752488699,0.004569187860136153,0.0026368526633178215,30
b,esg0.75_carb0.25,0.007223942208462332,classical,9412050.0,9412050.0,0.0013230538505293876,0.00048193183145531227,0.0020626494209658175,0.0030995327127109396,0.003299659788818992,0.0018121327951766645,30
b,esg0.75_carb0.25,0.007223942208462332,classical,20195898.0,20195898.0,0.0009047183669422809,0.00047132659934023824,0.0013787050207842988,0.0019926433945030024,0.002423934319719205,0.0012533048925869757,30
b,esg0.75_carb0.25,0.007223942208462332,classical,43335330.0,43335330.0,0.0005660480942366042,0.0003428590711372914,0.001219850466296163,0.0014112165513469831,0.0015069486738058186,0.0009094292618777657,30
b,esg0.75_carb0.25,0.007223942208462332,classical,92986747.0,92986747.0,0.0004240812914010905,0.0002286286648379987,0.0007327287230347035,0.0008950159409733096,0.0010370849622839459,0.0005871405749833873,30
b,esg0.75_carb0.25,0.007223942208462332,classical,199526231.0,199526231.0,0.00033483408306289597,0.00017293303857404685,0.0005179688141426775,0.0005738370088583911,0.0005996812755486025,0.00038584944676068954,30
b,esg0.75_carb0.25,0.007223942208462332,iqae,0.4,5750.0,0.024092522787928505,0.005220268126177402,0.053265071608579434,0.07041489821039487,0.08650449058570253,0.04413645658947263,30
b,esg0.75_carb0.25,0.007223942208462332,iqae,0.2,9600.0,0.006931470478692248,0.001835670320212368,0.014386802164098433,0.020960686536628907,0.03137984247454026,0.015043569531832363,30
b,esg0.75_carb0.25,0.007223942208462332,iqae,0.1,24050.0,0.003380195468318581,0.0015705237222018997,0.00752049113256531,0.016065762261404437,0.018778002975658393,0.009456553477870742,30
b,esg0.75_carb0.25,0.007223942208462332,iqae,0.05,43050.0,0.002727850468140447,0.001836460167915277,0.004746747235670895,0.00663807273363326,0.007811424096130571,0.004758017384202103,30
b,esg0.75_carb0.25,0.007223942208462332,iqae,0.025,83400.0,0.001839077328322114,0.0009997416753959598,0.0031639485484245833,0.0036228602365318365,0.006674698896420307,0.003386788665747933,30
b,esg0.75_carb0.25,0.007223942208462332,iqae,0.0125,191150.0,0.0008282406614728566,0.00039812715828543843,0.0012642227975524223,0.0018185853449140153,0.002571744962022442,0.026314220183968735,30
b,esg0.75_carb0.25,0.007223942208462332,iqae,0.006,257900.0,0.0003794755529933358,0.000176069887254382,0.000687371136072118,0.0010828847467067365,0.0014146447754880328,0.0019795861247353785,30
b,esg0.75_carb0.25,0.007223942208462332,iqae,0.003,814250.0,0.000191654572278932,0.00011425764719069642,0.0004084665504240359,0.0010913228133165658,0.004615455859958338,0.045652713954629956,30
b,esg0.75_carb0.25,0.007223942208462332,iqae,0.0015,944850.0,0.00011661533412854475,6.929425418789048e-05,0.00017760689112455985,0.0002498999856702435,0.00039250134538712495,0.008742422137693015,30
b,esg0.75_carb0.25,0.007223942208462332,iqae_s20,0.4,3060.0,0.024088882641926046,0.009159124291210796,0.05000562109263529,0.06596621475418128,0.07246770014279091,0.048065635981496636,30
b,esg0.75_carb0.25,0.007223942208462332,iqae_s20,0.2,6670.0,0.009623115880608879,0.005710963450360679,0.01660302246363704,0.028284414498297196,0.04366924024780421,0.019265703446416114,30
b,esg0.75_carb0.25,0.007223942208462332,iqae_s20,0.1,11240.0,0.00677669061641184,0.002528718850423356,0.01401634922695466,0.019162469023334728,0.022728621147192943,0.011669695900542539,30
b,esg0.75_carb0.25,0.007223942208462332,iqae_s20,0.05,23040.0,0.005783394493564631,0.0031991673711481428,0.006771898390963399,0.008742518688455027,0.009465818062737828,0.05515531166614464,30
b,esg0.75_carb0.25,0.007223942208462332,iqae_s20,0.025,47640.0,0.0019291353699202873,0.001214334750984869,0.0031271636665122504,0.004417097653347502,0.005242623416239915,0.0027046435870669546,30
b,esg0.75_carb0.25,0.007223942208462332,iqae_s20,0.0125,97930.0,0.0010237954220088663,0.0005822250300512033,0.0017729648837591372,0.002650905593016818,0.006497128287131532,0.01952379115954889,30
b,esg0.75_carb0.25,0.007223942208462332,iqae_s20,0.006,215210.0,0.00024750252411431806,0.0001352927950227789,0.000558134818288536,0.0008218936121362044,0.0011105085345898486,0.0005377078001118878,30
b,esg0.75_carb0.25,0.007223942208462332,iqae_s20,0.003,449220.0,0.0001555515550845099,6.828411617004759e-05,0.0003058790407131362,0.00046509680338330294,0.0008526578813895673,0.0017235608268966513,30
b,esg0.75_carb0.25,0.007223942208462332,iqae_s20,0.0015,704340.0,0.00010737516447317796,5.079969436169729e-05,0.0001791212247699292,0.00023091807638537804,0.00032622507279390613,0.0001848962733194986,30
b,esg0.75_carb0.25,0.007223942208462332,mlae_exp,3.0,180.0,0.26500752315573334,0.10506226322240136,0.300556586270872,0.49629133344581566,0.6522886828102495,0.3111487480273174,30
b,esg0.75_carb0.25,0.007223942208462332,mlae_exp,4.0,420.0,0.18985701061841942,0.09224525997052335,0.27690996035658805,0.300556586270872,0.3209540233480455,0.21638716858407192,30
b,esg0.75_carb0.25,0.007223942208462332,mlae_exp,5.0,900.0,0.11430937396936014,0.05523001440184355,0.19108255074702335,0.2966777547222848,0.300556586270872,0.16005751957382194,30
b,esg0.75_carb0.25,0.007223942208462332,mlae_exp,6.0,1860.0,0.046578813338619685,0.021076025054483805,0.07065826712806811,0.11646659172012655,0.1702512112811933,0.08087257693781527,30
b,esg0.75_carb0.25,0.007223942208462332,mlae_exp,7.0,3780.0,0.028700402195622643,0.014967640065194937,0.06158543376966091,0.09326887821583163,0.1725736706597374,0.07611082393935009,30
b,esg0.75_carb0.25,0.007223942208462332,mlae_exp,8.0,7620.0,0.008700878635080123,0.004722176758553742,0.019030153302037278,0.04793356931462635,0.06390914337608458,0.029128432880749934,30
b,esg0.75_carb0.25,0.007223942208462332,mlae_exp,9.0,15300.0,0.009473071901469732,0.0024397330614022716,0.020476791459672905,0.07303232497677724,0.08244903697295539,0.06131064182179972,30
b,esg0.75_carb0.25,0.007223942208462332,mlae_exp,10.0,30660.0,0.004779484448057758,0.0035328589343426864,0.006385431002180475,0.02575728682130541,0.08812830255479955,0.046688663260663156,30
b,esg0.75_carb0.25,0.007223942208462332,mlae_exp,11.0,61380.0,0.00155178029728259,0.0007193237988597501,0.002329088437421162,0.006749734831195783,0.05097142647241465,0.052060157908686525,30
b,esg0.75_carb0.25,0.007223942208462332,mlae_exp,12.0,122820.0,0.0007307658315353072,0.0003956792302651224,0.001176091306219068,0.011086097822489212,0.09611688641580257,0.05637509446012278,30
b,esg0.75_carb0.25,0.007223942208462332,mlae_exp,13.0,245700.0,0.0003439235523464701,0.0002273551181557476,0.000752763446021737,0.0035788591264312893,0.1307694878138238,0.06444191767727549,30
b,esg0.75_carb0.25,0.007223942208462332,mcmc,6.0,85.0,0.300556586270872,0.300556586270872,0.549443413729128,0.699443413729128,0.699443413729128,0.4359008903708787,48
b,esg0.75_carb0.25,0.007223942208462332,mcmc,8.0,87.0,0.300556586270872,0.300556586270872,0.400278293135436,0.699443413729128,0.699443413729128,0.4304457477638006,48
b,esg0.75_carb0.25,0.007223942208462332,mcmc,11.0,90.0,0.300556586270872,0.300556586270872,0.337778293135436,0.699443413729128,0.699443413729128,0.41879951824378553,48
b,esg0.75_carb0.25,0.007223942208462332,mcmc,16.0,95.0,0.300556586270872,0.300556586270872,0.337778293135436,0.699443413729128,0.699443413729128,0.4137233817177895,48
b,esg0.75_carb0.25,0.007223942208462332,mcmc,23.0,102.0,0.300556586270872,0.300556586270872,0.3120429990177889,0.699443413729128,0.699443413729128,0.40929658375474104,48
b,esg0.75_carb0.25,0.007223942208462332,mcmc,32.0,111.0,0.300556586270872,0.300556586270872,0.4077767470624613,0.699443413729128,0.699443413729128,0.4140501566799665,48
b,esg0.75_carb0.25,0.007223942208462332,mcmc,45.0,124.0,0.300556586270872,0.300556586270872,0.324443413729128,0.699443413729128,0.699443413729128,0.39219349437323897,48
b,esg0.75_carb0.25,0.007223942208462332,mcmc,64.0,143.0,0.300556586270872,0.24555504019789734,0.3169449598021027,0.6077767470624615,0.6775684137291279,0.3552094636564533,48
b,esg0.75_carb0.25,0.007223942208462332,mcmc,91.0,170.0,0.300556586270872,0.1842805303939758,0.300556586270872,0.4141492960820693,0.6347375313761868,0.30911018506812277,48
b,esg0.75_carb0.25,0.007223942208462332,mcmc,128.0,207.0,0.265625,0.160380913729128,0.300556586270872,0.45256841372912804,0.5359017470624613,0.29730962637346486,48
b,esg0.75_carb0.25,0.007223942208462332,mcmc,181.0,260.0,0.22335070391793083,0.07123417548837721,0.29641288333515226,0.3692963549055988,0.487678707846775,0.2550151000513923,48
b,esg0.75_carb0.25,0.007223942208462332,mcmc,256.0,335.0,0.16145833333333337,0.07138991960420538,0.248159206864564,0.35673508039579477,0.3950163303957946,0.21890468235608604,48
b,esg0.75_carb0.25,0.007223942208462332,mcmc,362.0,441.0,0.13099630996309963,0.06374384708596625,0.23413592206422995,0.3084145164271681,0.3730596498914896,0.1889392250666871,48
b,esg0.75_carb0.25,0.007223942208462332,mcmc,512.0,591.0,0.12760416666666663,0.056752956864564,0.19704096127087198,0.26727736549165126,0.31946844078540504,0.16762855842695884,48
b,esg0.75_carb0.25,0.007223942208462332,mcmc,724.0,803.0,0.11141804788213627,0.04272969860973019,0.17108450612791576,0.21712297174017778,0.2763310748709328,0.14106528416469116,48
b,esg0.75_carb0.25,0.007223942208462332,mcmc,1024.0,1103.0,0.08441075293753869,0.05783037646876937,0.11110346127087203,0.14717575950834885,0.17627273210420533,0.10429088244870022,48
b,esg0.75_carb0.25,0.007223942208462332,mcmc,1448.0,1527.0,0.07772049050659946,0.05022815253675553,0.12168918295595485,0.17399795679195842,0.18188643111689679,0.10225268544475635,48
b,esg0.75_carb0.25,0.007223942208462332,mcmc,2048.0,2127.0,0.06292637793753864,0.02919601789579465,0.10699549706246136,0.12665236549165126,0.16133132585420532,0.08284050701397358,48
b,esg0.75_carb0.25,0.007223942208462332,mcmc,2896.0,2975.0,0.05050234558916483,0.02805759420794937,0.08393596011985913,0.13056005425776548,0.17157408166682042,0.07879511261821372,48
b,esg0.75_carb0.25,0.007223942208462332,mcmc,4096.0,4175.0,0.054586642895794624,0.014547580395794651,0.08224443896876935,0.11971877174165123,0.14837010088126154,0.0739040636032311,48
b,esg0.75_carb0.25,0.007223942208462332,mcmc,5793.0,5872.0,0.03557690049552614,0.01770273126511826,0.0684507174561424,0.10097414339728988,0.1441370564336206,0.06502857888024731,48
b,esg0.75_carb0.25,0.007223942208462332,mcmc,8192.0,8271.0,0.033284505208333315,0.017719672208372034,0.052744113447936,0.08472458763334882,0.10001307518746132,0.05217658516264792,48
b,esg0.75_carb0.25,0.007223942208462332,mcmc,11585.0,11664.0,0.027506042122223517,0.01194454806164194,0.041228209338956906,0.07359713761732739,0.09016413604645028,0.046144668013511254,48
b,esg0.75_carb0.25,0.007223942208462332,mcmc,16384.0,16463.0,0.022724555020872006,0.01273513444795532,0.03619297950003866,0.05010899512503869,0.06498296451037801,0.0358179215815102,48
b,esg0.75_carb0.25,0.007223942208462332,mcmc,23170.0,23249.0,0.019320262437190372,0.004979098787416841,0.02985142431783719,0.04142206825967786,0.050395453739364805,0.02728029236705258,48
b,esg0.75_carb0.25,0.007223942208462332,mcmc,32768.0,32847.0,0.012939453125,0.006835069343788691,0.02322300879691369,0.03262160377290119,0.0480125488583217,0.021796556268014695,48
b,esg0.75_carb0.25,0.007223942208462332,mcmc,46341.0,46420.0,0.011710208309356707,0.005126529053538609,0.01996361168056085,0.025427491223736103,0.032592744093944324,0.017000244878796124,48
b,esg0.75_carb0.25,0.007223942208462332,mcmc,65536.0,65615.0,0.011769612630208315,0.0071775852786071515,0.02059341081514285,0.028579562817669626,0.029743597989621992,0.017335949786352993,48
b,esg0.75_carb0.25,0.007223942208462332,mcmc,92682.0,92761.0,0.009361125778846069,0.002924522742272617,0.016785438843089723,0.022302471873357925,0.024828996037256055,0.013806235885873435,48
b,esg0.75_carb0.25,0.007223942208462332,mcmc,131072.0,131151.0,0.0072021484375,0.0027588636106963826,0.013022508308632413,0.017460793688036325,0.022523647631549123,0.010927152175116016,48
b,esg0.75_carb0.25,0.007223942208462332,mcmc,185364.0,185443.0,0.007628234177078641,0.0038618728308820738,0.011271719737996122,0.01691007015203112,0.018210092623987133,0.009902638106964389,48
b,esg0.75_carb0.25,0.007223942208462332,mcmc,262144.0,262223.0,0.006438340828163691,0.0025893419557098396,0.011008782230488096,0.014494485094286316,0.015044806485715767,0.008701790409896734,48
d_shared_iid,esg0.75_carb0.25,0.007223942208462332,iid_pct,100.0,100.0,0.300556586270872,0.300556586270872,0.5,0.5,0.6096938775510199,0.4010330751357533,30
d_shared_iid,esg0.75_carb0.25,0.007223942208462332,iid_pct,215.0,215.0,0.300556586270872,0.300556586270872,0.649582560296846,0.699443413729128,0.699443413729128,0.47000006627857466,30
d_shared_iid,esg0.75_carb0.25,0.007223942208462332,iid_pct,460.0,460.0,0.300556586270872,0.199443413729128,0.300556586270872,0.5199443413729131,0.699443413729128,0.346933210199975,30
d_shared_iid,esg0.75_carb0.25,0.007223942208462332,iid_pct,988.0,988.0,0.06551484230055654,0.029066171923314815,0.193471706864564,0.3661100803957947,0.3661100803957947,0.18158824458345918,30
d_shared_iid,esg0.75_carb0.25,0.007223942208462332,iid_pct,2120.0,2120.0,0.0783343640486498,0.050556586270872006,0.15495219066647636,0.20341372912801492,0.23785817357245925,0.13134253595369969,30
d_shared_iid,esg0.75_carb0.25,0.007223942208462332,iid_pct,4549.0,4549.0,0.04285714285714287,0.024801198120525808,0.07581979010550438,0.10094874313361715,0.11607129215322487,0.062020030702510984,30
d_shared_iid,esg0.75_carb0.25,0.007223942208462332,iid_pct,9761.0,9761.0,0.04266144814090023,0.021795242228497463,0.058751006481500695,0.0849538319355361,0.13117400129761467,0.06000551915296085,30
d_shared_iid,esg0.75_carb0.25,0.007223942208462332,iid_pct,20944.0,20944.0,0.023995487286296968,0.010054504884413756,0.03367760537915221,0.06263372991763494,0.06498973455343408,0.03676401223155578,30
d_shared_iid,esg0.75_carb0.25,0.007223942208462332,iid_pct,44940.0,44940.0,0.011465427894580993,0.0042755831083357565,0.021691403834260964,0.031032561015949735,0.03340245809772868,0.017740014774031216,30
d_shared_iid,esg0.75_carb0.25,0.007223942208462332,iid_pct,96430.0,96430.0,0.0150337694388471,0.006686798912336228,0.021964571368766977,0.02997889040766215,0.03127994124323174,0.018670302123777363,30
d_shared_iid,esg0.75_carb0.25,0.007223942208462332,iid_pct,206914.0,206914.0,0.006969949671279674,0.004067576101317277,0.012318910447189468,0.015361940439289502,0.017618008538530402,0.010173426301597798,30
d_shared_iid,esg0.75_carb0.25,0.007223942208462332,iid_pct,443985.0,443985.0,0.005610586710730836,0.001981652631107972,0.00804918526170717,0.011934379440097143,0.013595592267566658,0.00721848795669985,30
d_shared_iid,esg0.75_carb0.25,0.007223942208462332,iid_pct,952681.0,952681.0,0.004281702138695831,0.0023794843328489024,0.008530533914496763,0.010439491936678058,0.010794517610186783,0.006595573822382242,30
d_shared_iid,esg0.75_carb0.25,0.007223942208462332,iid_pct,2044214.0,2044214.0,0.00240038453763064,0.001540880520749438,0.00477349291122639,0.0059193728563235355,0.006457715165197928,0.0040424913762844294,30
d_shared_iid,esg0.75_carb0.25,0.007223942208462332,iid_pct,4386370.0,4386370.0,0.0016348248712059754,0.0005212565148135229,0.002949948490932469,0.003656708639169516,0.005075986255101359,0.0026209682854742185,30
d_shared_iid,esg0.75_carb0.25,0.007223942208462332,iid_pct,9412050.0,9412050.0,0.0006983657448056957,0.0004684251997782163,0.0014800397612095006,0.002662836827069071,0.0029007463751082587,0.0015182822097587743,30
d_shared_iid,esg0.75_carb0.25,0.007223942208462332,iid_pct,20195898.0,20195898.0,0.0009765210971453553,0.0005645061492341452,0.0014727423212601287,0.002155915766138761,0.0024277259143658963,0.0012869452806662397,30
d_shared_iid,esg0.75_carb0.25,0.007223942208462332,iid_pct,43335330.0,43335330.0,0.000549957489174635,0.0002987120987734959,0.0008829027941027467,0.0013247382900587357,0.0014357561472368439,0.0007747613799857226,30
d_shared_iid,esg0.75_carb0.25,0.007223942208462332,iid_pct,92986747.0,92986747.0,0.00036150059394646217,0.00010792553781810432,0.0007582382317623815,0.0012543189077581676,0.0014147738633084714,0.0006761632848909855,30
d_shared_iid,esg0.75_carb0.25,0.007223942208462332,iid_pct,199526231.0,199526231.0,0.00028711439775996883,0.0001025899845646383,0.00046125180665693155,0.0005685274468287483,0.0006131007014344214,0.00037033521869801836,30
d_shared_iid,esg0.75_carb0.25,0.007223942208462332,iid_med,100.0,100.0,0.3979591836734694,0.18923933209647492,0.5,0.5,0.5,0.3766362476513613,30
d_shared_iid,esg0.75_carb0.25,0.007223942208462332,iid_med,215.0,215.0,0.3070500927643785,0.16465677179962895,0.4448051948051948,0.5,0.5,0.34042521581749374,30
d_shared_iid,esg0.75_carb0.25,0.007223942208462332,iid_med,460.0,460.0,0.2625231910946197,0.17764378478664195,0.3696660482374768,0.4753246753246753,0.48580705009276437,0.2988050404282478,30
d_shared_iid,esg0.75_carb0.25,0.007223942208462332,iid_med,988.0,988.0,0.11410018552875695,0.05009276437847862,0.20361781076066793,0.25380333951762535,0.35231910946196654,0.1710534223060062,30
d_shared_iid,esg0.75_carb0.25,0.007223942208462332,iid_med,2120.0,2120.0,0.09740259740259741,0.05241187384044528,0.15816326530612246,0.23914656771799628,0.2705009276437847,0.14106246459624516,30
d_shared_iid,esg0.75_carb0.25,0.007223942208462332,iid_med,4549.0,4549.0,0.05009276437847865,0.029684601113172518,0.07560296846011132,0.10408163265306121,0.1271799628942485,0.06974417272925583,30
d_shared_iid,esg0.75_carb0.25,0.007223942208462332,iid_med,9761.0,9761.0,0.04267161410018552,0.019480519480519473,0.057050092764378474,0.09591836734693877,0.12087198515769938,0.059936605245211515,30
d_shared_iid,esg0.75_carb0.25,0.007223942208462332,iid_med,20944.0,20944.0,0.026901669758812613,0.01437847866419295,0.041280148423005536,0.06122448979591833,0.06326530612244899,0.036231190145539965,30
d_shared_iid,esg0.75_carb0.25,0.007223942208462332,iid_med,44940.0,44940.0,0.016697588126159568,0.008348794063079784,0.022263450834879447,0.030241187384044545,0.03729128014842298,0.020500717768551047,30
d_shared_iid,esg0.75_carb0.25,0.007223942208462332,iid_med,96430.0,96430.0,0.01391465677179965,0.009276437847866414,0.023191094619666036,0.03599257884972167,0.04369202226345084,0.02131024792651681,30
d_shared_iid,esg0.75_carb0.25,0.007223942208462332,iid_med,206914.0,206914.0,0.00927643784786647,0.003710575139146577,0.012987012987012991,0.01855287569573283,0.021614100185528725,0.012746244183538162,30
d_shared_iid,esg0.75_carb0.25,0.007223942208462332,iid_med,443985.0,443985.0,0.005565862708719838,0.0018552875695733162,0.0088126159554731,0.01113172541743973,0.01113172541743973,0.006559432107481898,30
d_shared_iid,esg0.75_carb0.25,0.007223942208462332,iid_med,952681.0,952681.0,0.005565862708719838,0.0037105751391465214,0.007421150278293154,0.009276437847866414,0.010296846011131733,0.006783015254518875,30
d_shared_iid,esg0.75_carb0.25,0.007223942208462332,iid_med,2044214.0,2044214.0,0.0037105751391465214,0.0018552875695732746,0.005565862708719838,0.007606679035250488,0.011317254174397046,0.005159345359211925,30
d_shared_iid,esg0.75_carb0.25,0.007223942208462332,iid_med,4386370.0,4386370.0,0.0018552875695732607,0.0,0.00324675324675322,0.003710575139146577,0.004730983302411865,0.0024659742779686877,30
d_shared_iid,esg0.75_carb0.25,0.007223942208462332,iid_med,9412050.0,9412050.0,0.0018552875695732607,0.0,0.0018552875695733162,0.003710575139146527,0.003710575139146577,0.0020039396098972964,30
d_shared_iid,esg0.75_carb0.25,0.007223942208462332,iid_med,20195898.0,20195898.0,0.0,0.0,0.0018552875695732607,0.0018552875695733162,0.002875695732838574,0.0015148359571942847,30
d_shared_iid,esg0.75_carb0.25,0.007223942208462332,iid_med,43335330.0,43335330.0,0.0,0.0,0.0,0.0018552875695732607,0.0018552875695732607,0.0008297098246752404,30
d_shared_iid,esg0.75_carb0.25,0.007223942208462332,iid_med,92986747.0,92986747.0,0.0,0.0,0.0,0.0018552875695733162,0.0018552875695733162,0.0007574179785971571,30
d_shared_iid,esg0.75_carb0.25,0.007223942208462332,iid_med,199526231.0,199526231.0,0.0,0.0,0.0,0.0,0.0,0.0,30
d_shared_iid,esg0.75_carb0.25,0.007223942208462332,mcmc_pct,6.0,85.0,0.300556586270872,0.300556586270872,0.549443413729128,0.699443413729128,0.699443413729128,0.4359008903708787,48
d_shared_iid,esg0.75_carb0.25,0.007223942208462332,mcmc_pct,8.0,87.0,0.300556586270872,0.300556586270872,0.400278293135436,0.699443413729128,0.699443413729128,0.4304457477638006,48
d_shared_iid,esg0.75_carb0.25,0.007223942208462332,mcmc_pct,11.0,90.0,0.300556586270872,0.300556586270872,0.337778293135436,0.699443413729128,0.699443413729128,0.41879951824378553,48
d_shared_iid,esg0.75_carb0.25,0.007223942208462332,mcmc_pct,16.0,95.0,0.300556586270872,0.300556586270872,0.337778293135436,0.699443413729128,0.699443413729128,0.4137233817177895,48
d_shared_iid,esg0.75_carb0.25,0.007223942208462332,mcmc_pct,23.0,102.0,0.300556586270872,0.300556586270872,0.3120429990177889,0.699443413729128,0.699443413729128,0.40929658375474104,48
d_shared_iid,esg0.75_carb0.25,0.007223942208462332,mcmc_pct,32.0,111.0,0.300556586270872,0.300556586270872,0.4077767470624613,0.699443413729128,0.699443413729128,0.4140501566799665,48
d_shared_iid,esg0.75_carb0.25,0.007223942208462332,mcmc_pct,45.0,124.0,0.300556586270872,0.300556586270872,0.324443413729128,0.699443413729128,0.699443413729128,0.39219349437323897,48
d_shared_iid,esg0.75_carb0.25,0.007223942208462332,mcmc_pct,64.0,143.0,0.300556586270872,0.24555504019789734,0.3169449598021027,0.6077767470624615,0.6775684137291279,0.3552094636564533,48
d_shared_iid,esg0.75_carb0.25,0.007223942208462332,mcmc_pct,91.0,170.0,0.300556586270872,0.1842805303939758,0.300556586270872,0.4141492960820693,0.6347375313761868,0.30911018506812277,48
d_shared_iid,esg0.75_carb0.25,0.007223942208462332,mcmc_pct,128.0,207.0,0.265625,0.160380913729128,0.300556586270872,0.45256841372912804,0.5359017470624613,0.29730962637346486,48
d_shared_iid,esg0.75_carb0.25,0.007223942208462332,mcmc_pct,181.0,260.0,0.22335070391793083,0.07123417548837721,0.29641288333515226,0.3692963549055988,0.487678707846775,0.2550151000513923,48
d_shared_iid,esg0.75_carb0.25,0.007223942208462332,mcmc_pct,256.0,335.0,0.16145833333333337,0.07138991960420538,0.248159206864564,0.35673508039579477,0.3950163303957946,0.21890468235608604,48
d_shared_iid,esg0.75_carb0.25,0.007223942208462332,mcmc_pct,362.0,441.0,0.13099630996309963,0.06374384708596625,0.23413592206422995,0.3084145164271681,0.3730596498914896,0.1889392250666871,48
d_shared_iid,esg0.75_carb0.25,0.007223942208462332,mcmc_pct,512.0,591.0,0.12760416666666663,0.056752956864564,0.19704096127087198,0.26727736549165126,0.31946844078540504,0.16762855842695884,48
d_shared_iid,esg0.75_carb0.25,0.007223942208462332,mcmc_pct,724.0,803.0,0.11141804788213627,0.04272969860973019,0.17108450612791576,0.21712297174017778,0.2763310748709328,0.14106528416469116,48
d_shared_iid,esg0.75_carb0.25,0.007223942208462332,mcmc_pct,1024.0,1103.0,0.08441075293753869,0.05783037646876937,0.11110346127087203,0.14717575950834885,0.17627273210420533,0.10429088244870022,48
d_shared_iid,esg0.75_carb0.25,0.007223942208462332,mcmc_pct,1448.0,1527.0,0.07772049050659946,0.05022815253675553,0.12168918295595485,0.17399795679195842,0.18188643111689679,0.10225268544475635,48
d_shared_iid,esg0.75_carb0.25,0.007223942208462332,mcmc_pct,2048.0,2127.0,0.06292637793753864,0.02919601789579465,0.10699549706246136,0.12665236549165126,0.16133132585420532,0.08284050701397358,48
d_shared_iid,esg0.75_carb0.25,0.007223942208462332,mcmc_pct,2896.0,2975.0,0.05050234558916483,0.02805759420794937,0.08393596011985913,0.13056005425776548,0.17157408166682042,0.07879511261821372,48
d_shared_iid,esg0.75_carb0.25,0.007223942208462332,mcmc_pct,4096.0,4175.0,0.054586642895794624,0.014547580395794651,0.08224443896876935,0.11971877174165123,0.14837010088126154,0.0739040636032311,48
d_shared_iid,esg0.75_carb0.25,0.007223942208462332,mcmc_pct,5793.0,5872.0,0.03557690049552614,0.01770273126511826,0.0684507174561424,0.10097414339728988,0.1441370564336206,0.06502857888024731,48
d_shared_iid,esg0.75_carb0.25,0.007223942208462332,mcmc_pct,8192.0,8271.0,0.033284505208333315,0.017719672208372034,0.052744113447936,0.08472458763334882,0.10001307518746132,0.05217658516264792,48
d_shared_iid,esg0.75_carb0.25,0.007223942208462332,mcmc_pct,11585.0,11664.0,0.027506042122223517,0.01194454806164194,0.041228209338956906,0.07359713761732739,0.09016413604645028,0.046144668013511254,48
d_shared_iid,esg0.75_carb0.25,0.007223942208462332,mcmc_pct,16384.0,16463.0,0.022724555020872006,0.01273513444795532,0.03619297950003866,0.05010899512503869,0.06498296451037801,0.0358179215815102,48
d_shared_iid,esg0.75_carb0.25,0.007223942208462332,mcmc_pct,23170.0,23249.0,0.019320262437190372,0.004979098787416841,0.02985142431783719,0.04142206825967786,0.050395453739364805,0.02728029236705258,48
d_shared_iid,esg0.75_carb0.25,0.007223942208462332,mcmc_pct,32768.0,32847.0,0.012939453125,0.006835069343788691,0.02322300879691369,0.03262160377290119,0.0480125488583217,0.021796556268014695,48
d_shared_iid,esg0.75_carb0.25,0.007223942208462332,mcmc_pct,46341.0,46420.0,0.011710208309356707,0.005126529053538609,0.01996361168056085,0.025427491223736103,0.032592744093944324,0.017000244878796124,48
d_shared_iid,esg0.75_carb0.25,0.007223942208462332,mcmc_pct,65536.0,65615.0,0.011769612630208315,0.0071775852786071515,0.02059341081514285,0.028579562817669626,0.029743597989621992,0.017335949786352993,48
d_shared_iid,esg0.75_carb0.25,0.007223942208462332,mcmc_pct,92682.0,92761.0,0.009361125778846069,0.002924522742272617,0.016785438843089723,0.022302471873357925,0.024828996037256055,0.013806235885873435,48
d_shared_iid,esg0.75_carb0.25,0.007223942208462332,mcmc_pct,131072.0,131151.0,0.0072021484375,0.0027588636106963826,0.013022508308632413,0.017460793688036325,0.022523647631549123,0.010927152175116016,48
d_shared_iid,esg0.75_carb0.25,0.007223942208462332,mcmc_pct,185364.0,185443.0,0.007628234177078641,0.0038618728308820738,0.011271719737996122,0.01691007015203112,0.018210092623987133,0.009902638106964389,48
d_shared_iid,esg0.75_carb0.25,0.007223942208462332,mcmc_pct,262144.0,262223.0,0.006438340828163691,0.0025893419557098396,0.011008782230488096,0.014494485094286316,0.015044806485715767,0.008701790409896734,48
d_shared_iid,esg0.75_carb0.25,0.007223942208462332,mcmc_med,6.0,85.0,0.2699443413729128,0.11270871985157699,0.3715213358070501,0.4452690166975881,0.46187384044526897,0.28653283303937827,48
d_shared_iid,esg0.75_carb0.25,0.007223942208462332,mcmc_med,8.0,87.0,0.2012987012987013,0.07792207792207795,0.3552875695732839,0.4452690166975881,0.46187384044526897,0.2727036073182465,48
d_shared_iid,esg0.75_carb0.25,0.007223942208462332,mcmc_med,11.0,90.0,0.22077922077922077,0.0932282003710575,0.3552875695732839,0.4452690166975881,0.4576066790352505,0.27341543245722877,48
d_shared_iid,esg0.75_carb0.25,0.007223942208462332,mcmc_med,16.0,95.0,0.23376623376623376,0.10714285714285714,0.4100185528756958,0.4486085343228201,0.46187384044526897,0.29493298326791184,48
d_shared_iid,esg0.75_carb0.25,0.007223942208462332,mcmc_med,23.0,102.0,0.2857142857142857,0.12569573283859,0.3891465677179963,0.4486085343228201,0.47513914656771794,0.3038743797560642,48
d_shared_iid,esg0.75_carb0.25,0.007223942208462332,mcmc_med,32.0,111.0,0.2940630797773655,0.12894248608534326,0.43089053803339517,0.45640074211502785,0.47513914656771794,0.31399611657275117,48
d_shared_iid,esg0.75_carb0.25,0.007223942208462332,mcmc_med,45.0,124.0,0.30612244897959184,0.12569573283859,0.4155844155844156,0.4512059369202227,0.46187384044526897,0.31194645879182725,48
d_shared_iid,esg0.75_carb0.25,0.007223942208462332,mcmc_med,64.0,143.0,0.24582560296846012,0.15259740259740256,0.3979591836734694,0.44712430426716143,0.4684601113172541,0.2947594512370667,48
d_shared_iid,esg0.75_carb0.25,0.007223942208462332,mcmc_med,91.0,170.0,0.20686456400742118,0.12059369202226347,0.362708719851577,0.4361781076066791,0.44712430426716143,0.2790557218161354,48
d_shared_iid,esg0.75_carb0.25,0.007223942208462332,mcmc_med,128.0,207.0,0.20315398886827457,0.12198515769944343,0.34786641929499074,0.4283858998144713,0.45,0.26489807244827535,48
d_shared_iid,esg0.75_carb0.25,0.007223942208462332,mcmc_med,181.0,260.0,0.1688311688311688,0.11827458256029684,0.3010204081632653,0.36326530612244906,0.38311688311688313,0.23782185792732272,48
d_shared_iid,esg0.75_carb0.25,0.007223942208462332,mcmc_med,256.0,335.0,0.16419294990723565,0.08998144712430425,0.2504638218923933,0.3159554730983303,0.37003710575139137,0.2059525892850576,48
d_shared_iid,esg0.75_carb0.25,0.007223942208462332,mcmc_med,362.0,441.0,0.1549165120593692,0.10575139146567716,0.237012987012987,0.29165120593692023,0.30853432282003707,0.1882783648249928,48
d_shared_iid,esg0.75_carb0.25,0.007223942208462332,mcmc_med,512.0,591.0,0.14192949907235622,0.09786641929499072,0.18506493506493504,0.26215213358070505,0.30435992578849713,0.16861568543916913,48
d_shared_iid,esg0.75_carb0.25,0.007223942208462332,mcmc_med,724.0,803.0,0.11966604823747679,0.07467532467532467,0.20037105751391465,0.2489795918367347,0.29601113172541743,0.16113166311166588,48
d_shared_iid,esg0.75_carb0.25,0.007223942208462332,mcmc_med,1024.0,1103.0,0.08905380333951762,0.04359925788497217,0.1349721706864564,0.15139146567717995,0.19378478664192947,0.11567002589960054,48
d_shared_iid,esg0.75_carb0.25,0.007223942208462332,mcmc_med,1448.0,1527.0,0.08070500927643781,0.047309833024118744,0.11502782931354358,0.13766233766233768,0.16456400742115024,0.09404229545482105,48
d_shared_iid,esg0.75_carb0.25,0.007223942208462332,mcmc_med,2048.0,2127.0,0.06215213358070501,0.03478664192949904,0.09137291280148424,0.12968460111317257,0.14925788497217063,0.08009493680179942,48
d_shared_iid,esg0.75_carb0.25,0.007223942208462332,mcmc_med,2896.0,2975.0,0.06307977736549164,0.03478664192949904,0.10482374768089053,0.13265306122448986,0.1427643784786642,0.08393980309585086,48
d_shared_iid,esg0.75_carb0.25,0.007223942208462332,mcmc_med,4096.0,4175.0,0.05194805194805194,0.025974025974025983,0.10482374768089053,0.14471243042671617,0.1489795918367347,0.08532810223300558,48
d_shared_iid,esg0.75_carb0.25,0.007223942208462332,mcmc_med,5793.0,5872.0,0.056586270871985145,0.029684601113172504,0.07606679035250463,0.11243042671614106,0.17430426716141,0.07786085514903564,48
d_shared_iid,esg0.75_carb0.25,0.007223942208462332,mcmc_med,8192.0,8271.0,0.04452690166975881,0.01855287569573283,0.07142857142857142,0.08961038961038963,0.13849721706864562,0.06443564016530616,48
d_shared_iid,esg0.75_carb0.25,0.007223942208462332,mcmc_med,11585.0,11664.0,0.033395176252319136,0.025510204081632654,0.053803339517625226,0.08682745825602974,0.13497217068645637,0.056336701387528734,48
d_shared_iid,esg0.75_carb0.25,0.007223942208462332,mcmc_med,16384.0,16463.0,0.024118738404452666,0.01113172541743973,0.041280148423005564,0.05547309833024124,0.06243042671614098,0.04076534455876548,48
d_shared_iid,esg0.75_carb0.25,0.007223942208462332,mcmc_med,23170.0,23249.0,0.01855287569573283,0.007421150278293154,0.030148423005565875,0.038961038961038974,0.049443413729128007,0.02578282395118237,48
d_shared_iid,esg0.75_carb0.25,0.007223942208462332,mcmc_med,32768.0,32847.0,0.014842300556586252,0.007421150278293154,0.024582560296845996,0.03209647495361782,0.038218923933209636,0.021825929213178573,48
d_shared_iid,esg0.75_carb0.25,0.007223942208462332,mcmc_med,46341.0,46420.0,0.01113172541743973,0.006957328385899825,0.024582560296845996,0.033951762523191105,0.035250463821892376,0.02005012861572863,48
d_shared_iid,esg0.75_carb0.25,0.007223942208462332,mcmc_med,65536.0,65615.0,0.012987012987012991,0.007421150278293154,0.02087198515769946,0.035250463821892355,0.038868274582560286,0.020010747912632576,48
d_shared_iid,esg0.75_carb0.25,0.007223942208462332,mcmc_med,92682.0,92761.0,0.008348794063079784,0.0051020408163265085,0.01855287569573283,0.02708719851576997,0.03274582560296847,0.016080645476214947,48
d_shared_iid,esg0.75_carb0.25,0.007223942208462332,mcmc_med,131072.0,131151.0,0.009276437847866414,0.0037105751391465214,0.012987012987012991,0.01855287569573283,0.02588126159554729,0.011800902682289045,48
d_shared_iid,esg0.75_carb0.25,0.007223942208462332,mcmc_med,185364.0,185443.0,0.009276437847866414,0.0051020408163265085,0.012987012987012991,0.01855287569573283,0.01975881261595548,0.011307491962415928,48
d_shared_iid,esg0.75_carb0.25,0.007223942208462332,mcmc_med,262144.0,262223.0,0.007421150278293154,0.0037105751391465214,0.009740259740259771,0.015398886827458238,0.01910946196660484,0.00954316596290103,48
c,esg0.75_carb0.25,0.007223942208462332,classical,100.0,100.0,0.5,0.32189239332096475,0.5,0.5,0.5,0.42460861337746686,20
c,esg0.75_carb0.25,0.007223942208462332,classical,222.0,222.0,0.2569573283858998,0.15166975881261596,0.5,0.5,0.5,0.3439017109506121,20
c,esg0.75_carb0.25,0.007223942208462332,classical,492.0,492.0,0.22448979591836735,0.08256029684601116,0.30102040816326525,0.36734693877551033,0.44536178107606683,0.25642094542754124,20
c,esg0.75_carb0.25,0.007223942208462332,classical,1093.0,1093.0,0.17625231910946196,0.10621521335807048,0.22634508348794066,0.26159554730983303,0.2741187384044527,0.18865866386015603,20
c,esg0.75_carb0.25,0.007223942208462332,classical,2424.0,2424.0,0.057513914656771775,0.02040816326530613,0.14332096474953615,0.19647495361781078,0.22337662337662342,0.1186825877620734,20
c,esg0.75_carb0.25,0.007223942208462332,classical,5380.0,5380.0,0.07142857142857142,0.05241187384044528,0.10528756957328386,0.12486085343228201,0.13914656771799633,0.0860971378907388,20
c,esg0.75_carb0.25,0.007223942208462332,classical,11938.0,11938.0,0.03153988868274582,0.01576994434137291,0.04823747680890536,0.07458256029684603,0.08664192949907237,0.044167925258320646,20
c,esg0.75_carb0.25,0.007223942208462332,classical,26490.0,26490.0,0.03432282003710574,0.013914656771799622,0.04916512059369205,0.0645640074211503,0.07003710575139152,0.041066445653966076,20
c,esg0.75_carb0.25,0.007223942208462332,classical,58780.0,58780.0,0.017625231910946226,0.008348794063079756,0.030612244897959176,0.03450834879406307,0.037012987012987046,0.023755651491699073,20
c,esg0.75_carb0.25,0.007223942208462332,classical,130432.0,130432.0,0.01669758812615954,0.011131725417439689,0.023191094619666064,0.02523191094619666,0.026994434137291305,0.017771098386519493,20
c,esg0.75_carb0.25,0.007223942208462332,classical,289427.0,289427.0,0.004638218923933235,0.004174397031539906,0.006493506493506496,0.010389610389610402,0.012801484230055657,0.008348794063079774,20
c,esg0.75_carb0.25,0.007223942208462332,classical,642233.0,642233.0,0.004638218923933235,0.0009276437847866581,0.006957328385899769,0.010389610389610402,0.01252319109461966,0.00745585576898334,20
c,esg0.75_carb0.25,0.007223942208462332,classical,1425103.0,1425103.0,0.003710575139146577,0.0009276437847866581,0.005102040816326536,0.006864564007421158,0.010204081632653073,0.004891067282546968,20
c,esg0.75_carb0.25,0.007223942208462332,classical,3162278.0,3162278.0,0.002782931354359919,0.0009276437847866442,0.004638218923933235,0.006493506493506496,0.006493506493506496,0.003592748929691485,20
c,esg0.75_carb0.25,0.007223942208462332,iqae,0.25,19650.0,0.027829313543599243,0.013450834879406293,0.05287569573283854,0.06975881261595551,0.10686456400742117,0.05226677997225006,20
c,esg0.75_carb0.25,0.007223942208462332,iqae,0.1,122250.0,0.008348794063079756,0.0009276437847866026,0.012059369202226347,0.014471243042671635,0.0195732838589981,0.01003400169424115,20
c,esg0.75_carb0.25,0.007223942208462332,iqae,0.05,272750.0,0.002782931354359919,0.0009276437847866026,0.006493506493506496,0.00853432282003709,0.01029684601113174,0.005328907835378506,20
c,esg0.75_carb0.25,0.007223942208462332,iqae,0.025,447550.0,0.0009276437847866026,0.0009276437847866026,0.0009276437847866581,0.002968460111317253,0.004730983302411897,0.002155649357814871,20
c,esg0.75_carb0.25,0.007223942208462332,iqae,0.0125,741650.0,0.0018552875695732607,0.0009276437847866026,0.003246753246753248,0.006493506493506445,0.009554730983302458,0.015427918182178011,20
c,esg0.75_carb0.25,0.007223942208462332,iqae,0.006,1341250.0,0.0009276437847866581,0.0009276437847866581,0.0013914656771799733,0.003710575139146579,0.012801484230055712,0.006727816090711973,20
c,esg0.75_carb0.25,0.007223942208462332,iqae,0.003,1809600.0,0.0009276437847866581,0.0009276437847866026,0.0013914656771799733,0.002782931354359919,0.0031539888682745815,0.00272038558415866,20
b,esg0.8_carb0.2,0.00227842333105491,classical,100.0,100.0,0.1941176470588235,0.1941176470588235,0.3058823529411765,0.3058823529411765,0.5194117647058812,0.28342321662697895,30
b,esg0.8_carb0.2,0.00227842333105491,classical,215.0,215.0,0.1941176470588235,0.1941176470588235,0.3058823529411765,0.6941176470588235,0.6941176470588235,0.3531861894653665,30
b,esg0.8_carb0.2,0.00227842333105491,classical,460.0,460.0,0.1941176470588235,0.1941176470588235,0.3058823529411765,0.394117647058824,0.6941176470588235,0.3192818819772166,30
b,esg0.8_carb0.2,0.00227842333105491,classical,988.0,988.0,0.1941176470588235,0.1941176470588235,0.3058823529411765,0.394117647058824,0.6941176470588235,0.2959913086552308,30
b,esg0.8_carb0.2,0.00227842333105491,classical,2120.0,2120.0,0.2441176470588235,0.17079831932773107,0.3058823529411765,0.3083422459893049,0.3929812834224595,0.2552310096179008,30
b,esg0.8_carb0.2,0.00227842333105491,classical,4549.0,4549.0,0.1388888888888889,0.04214572192513372,0.1941176470588235,0.2791176470588235,0.3005882352941176,0.167813183383117,30
b,esg0.8_carb0.2,0.00227842333105491,classical,9761.0,9761.0,0.05357142857142855,0.02627450980392157,0.10588235294117654,0.17043343653250778,0.1944771241830065,0.09460357871562536,30
b,esg0.8_carb0.2,0.00227842333105491,classical,20944.0,20944.0,0.03585030165912517,0.022863485016648144,0.07573775329529803,0.11697478991596642,0.12422969187675069,0.06723463556845649,30
b,esg0.8_carb0.2,0.00227842333105491,classical,44940.0,44940.0,0.03938994952819841,0.02511473769388045,0.05564736203759857,0.10452318579253571,0.110071105365223,0.05550462655985195,30
b,esg0.8_carb0.2,0.00227842333105491,classical,96430.0,96430.0,0.022336625804744714,0.014214734437464238,0.03640735948739279,0.05887768750023723,0.061054581359380286,0.032438011313585036,30
b,esg0.8_carb0.2,0.00227842333105491,classical,206914.0,206914.0,0.017091111482100962,0.009520662076765052,0.02377442777735092,0.03790233074361822,0.04530380053255873,0.02376314592191888,30
b,esg0.8_carb0.2,0.00227842333105491,classical,443985.0,443985.0,0.011926497138039449,0.00645061822631296,0.020959442929958494,0.026937263695658086,0.027678595531306922,0.016688070380110227,30
b,esg0.8_carb0.2,0.00227842333105491,classical,952681.0,952681.0,0.006076860542877871,0.003957989751105256,0.011009588859376529,0.014603492998423808,0.016679554897564872,0.009423813066123552,30
b,esg0.8_carb0.2,0.00227842333105491,classical,2044214.0,2044214.0,0.0033829583576505118,0.0016949104771442347,0.006560681717643707,0.008831402044245287,0.01296353128254241,0.005917660383559688,30
b,esg0.8_carb0.2,0.00227842333105491,classical,4386370.0,4386370.0,0.0038116414495584783,0.0015955976752795864,0.005835494316290046,0.007821563372834461,0.008956425706767962,0.005254321097931155,30
b,esg0.8_carb0.2,0.00227842333105491,classical,9412050.0,9412050.0,0.0020715833861758015,0.0009507333342195778,0.005435486050456018,0.0066442374992555795,0.007271926970466802,0.003857453581630588,30
b,esg0.8_carb0.2,0.00227842333105491,classical,20195898.0,20195898.0,0.0018157559829724557,0.0011612512980076484,0.002695800850581437,0.0029501731621274676,0.0031709386775710217,0.002030559485600919,30
b,esg0.8_carb0.2,0.00227842333105491,classical,43335330.0,43335330.0,0.0009702455285273137,0.0006171184056304457,0.0017347495948023262,0.002897558652328814,0.003304192113543569,0.0017271233832227668,30
b,esg0.8_carb0.2,0.00227842333105491,classical,92986747.0,92986747.0,0.000730244948015768,0.000465595875936059,0.0010914149406708873,0.0014984309731674644,0.0019184480346289665,0.0009665026589803021,30
b,esg0.8_carb0.2,0.00227842333105491,classical,199526231.0,199526231.0,0.0003888398973350693,0.0001860560505754505,0.000735405922299065,0.0010006736865751822,0.001207474637040667,0.0006085582633966829,30
b,esg0.8_carb0.2,0.00227842333105491,iqae,0.4,12150.0,0.010907910829271839,0.005898972296217109,0.018205552599107472,0.04403315052715449,0.053696645181348826,0.024234231435510324,30
b,esg0.8_carb0.2,0.00227842333105491,iqae,0.2,12400.0,0.014683877518637534,0.007854692971759059,0.022984963085308646,0.032976764093348286,0.05144335516178783,0.023749419285948183,30
b,esg0.8_carb0.2,0.00227842333105491,iqae,0.1,58750.0,0.004463109585331859,0.001999961810319112,0.00649797788768447,0.023624990990188367,0.030628517652529483,0.012733995256767942,30
b,esg0.8_carb0.2,0.00227842333105491,iqae,0.05,58000.0,0.003302521245032941,0.0018068767733373237,0.006582624989915881,0.008657682447990459,0.01103683273620418,0.00555122511129714,30
b,esg0.8_carb0.2,0.00227842333105491,iqae,0.025,186150.0,0.0011485736109290712,0.0004281060167060924,0.002913238588292094,0.004768588266942044,0.007017840400682291,0.0029787621602886563,30
b,esg0.8_carb0.2,0.00227842333105491,iqae,0.0125,282450.0,0.0007398654206571265,0.0004706888639088025,0.0010447795801563076,0.0017882479765476303,0.002131824004463406,0.001093033118335334,30
b,esg0.8_carb0.2,0.00227842333105491,iqae,0.006,634350.0,0.0007016685360328734,0.0002568881244814081,0.001129250783470287,0.001841407889867708,0.002221189624230856,0.0010887168007588026,30
b,esg0.8_carb0.2,0.00227842333105491,iqae,0.003,1480100.0,0.00013632476818425943,6.841871947835254e-05,0.0001944537584568362,0.00034746596479555707,0.0004615469776906078,0.000209681217033728,30
b,esg0.8_carb0.2,0.00227842333105491,iqae,0.0015,1506500.0,0.0001285409475791366,5.789980940854034e-05,0.00022873043382592995,0.0003881629578924906,0.0004020649764847506,0.0002200914495315226,30
b,esg0.8_carb0.2,0.00227842333105491,iqae_s20,0.4,8420.0,0.02009621312604326,0.0128909775036668,0.031857560994148215,0.04882734628263176,0.06490631910488964,0.03118333350592232,30
b,esg0.8_carb0.2,0.00227842333105491,iqae_s20,0.2,14380.0,0.013498388040661946,0.004978095347286382,0.01891604996935181,0.05613449154221626,0.1506207975343975,0.08445984573634957,30
b,esg0.8_carb0.2,0.00227842333105491,iqae_s20,0.1,25980.0,0.004225778464475305,0.0025059694276302336,0.01000813819019336,0.014315128956749149,0.017453086606081285,0.008289784830793408,30
b,esg0.8_carb0.2,0.00227842333105491,iqae_s20,0.05,54350.0,0.0033889643614071763,0.00238048267802507,0.0053278055828411,0.010578306905629399,0.01637286010316538,0.04595490486905199,30
b,esg0.8_carb0.2,0.00227842333105491,iqae_s20,0.025,113030.0,0.0015335707909700513,0.0009249898467726114,0.0022664714898678884,0.0035443451715882145,0.007396994538444814,0.045239680260339636,30
b,esg0.8_carb0.2,0.00227842333105491,iqae_s20,0.0125,238710.0,0.0007018760797291579,0.00032025434357396687,0.0012446593592426447,0.001870137351055845,0.0022692492917934107,0.03219478982425478,30
b,esg0.8_carb0.2,0.00227842333105491,iqae_s20,0.006,531350.0,0.0003398535158214422,0.000162149770740444,0.00045177875741830853,0.0006414124106789099,0.0006831358071134662,0.0004419895648354826,30
b,esg0.8_carb0.2,0.00227842333105491,iqae_s20,0.003,1159750.0,0.00012453334925521808,7.085460927655496e-05,0.0002657907338545762,0.00042412777019246195,0.0006619641801971993,0.007718141539371778,30
b,esg0.8_carb0.2,0.00227842333105491,iqae_s20,0.0015,2252750.0,7.861700457695298e-05,3.718075248759778e-05,0.0001139042733656892,0.00014833733221676363,0.00016510039932246534,0.10811112847200695,30
b,esg0.8_carb0.2,0.00227842333105491,mlae_exp,3.0,180.0,0.3058823529411765,0.22265221548057207,0.3517982549106075,0.6941176470540691,0.6941176470551987,0.3832964972041491,30
b,esg0.8_carb0.2,0.00227842333105491,mlae_exp,4.0,420.0,0.3058823529411765,0.09111505726700689,0.34991308093087503,0.4073672887902414,0.449207556618066,0.28659624848889187,30
b,esg0.8_carb0.2,0.00227842333105491,mlae_exp,5.0,900.0,0.1237759579404587,0.05524122652078722,0.17313797819753485,0.2479637889123396,0.3058823529411765,0.15312489591982648,30
b,esg0.8_carb0.2,0.00227842333105491,mlae_exp,6.0,1860.0,0.0714950155389571,0.025056906130975637,0.11970963060915304,0.30418810293233817,0.3058823529411765,0.13480109439527108,30
b,esg0.8_carb0.2,0.00227842333105491,mlae_exp,7.0,3780.0,0.03741228355937193,0.015388606798961812,0.048605620977398734,0.10433728985548464,0.12342321170013991,0.07541030350083325,30
b,esg0.8_carb0.2,0.00227842333105491,mlae_exp,8.0,7620.0,0.025155863797405587,0.013083640426017284,0.04431283175865483,0.06376845779363062,0.08563914548776219,0.06722669273907861,30
b,esg0.8_carb0.2,0.00227842333105491,mlae_exp,9.0,15300.0,0.012826689557042081,0.0064815393868521975,0.020434181837221482,0.05549284826305915,0.1306756439447258,0.06892176589136635,30
b,esg0.8_carb0.2,0.00227842333105491,mlae_exp,10.0,30660.0,0.0045452750562306465,0.0034200362941870788,0.008597498347528515,0.019163122417013633,0.06868576603642743,0.05888175920728251,30
b,esg0.8_carb0.2,0.00227842333105491,mlae_exp,11.0,61380.0,0.002978787152934037,0.0012489032254150711,0.005799971803676834,0.06234396909256256,0.06574020038713119,0.059629345678771574,30
b,esg0.8_carb0.2,0.00227842333105491,mlae_exp,12.0,122820.0,0.001496239996836679,0.0008915357204379581,0.003379979667985006,0.021554908274096007,0.19961690679790167,0.0800924385807528,30
b,esg0.8_carb0.2,0.00227842333105491,mlae_exp,13.0,245700.0,0.0009048589924043893,0.00044338159928622445,0.005367960778157377,0.018308223659787855,0.06806001402407941,0.02212938291813571,30
b,esg0.8_carb0.2,0.00227842333105491,mcmc,6.0,413.5,0.3058823529411765,0.3058823529411765,0.6941176470588235,0.6941176470588235,0.6941176470588235,0.44927533603161507,48
b,esg0.8_carb0.2,0.00227842333105491,mcmc,8.0,415.5,0.3058823529411765,0.3058823529411765,0.6941176470588235,0.6941176470588235,0.6941176470588235,0.4500641623416296,48
b,esg0.8_carb0.2,0.00227842333105491,mcmc,11.0,418.5,0.3058823529411765,0.3058823529411765,0.6941176470588235,0.6941176470588235,0.6941176470588235,0.45335603176411904,48
b,esg0.8_carb0.2,0.00227842333105491,mcmc,16.0,423.5,0.3058823529411765,0.3058823529411765,0.6941176470588235,0.6941176470588235,0.6941176470588235,0.44591336366285106,48
b,esg0.8_carb0.2,0.00227842333105491,mcmc,23.0,430.5,0.3058823529411765,0.3058823529411765,0.4294117647058823,0.6941176470588235,0.6941176470588235,0.4261932837452665,48
b,esg0.8_carb0.2,0.00227842333105491,mcmc,32.0,439.5,0.3058823529411765,0.29546568627450986,0.30919117647058825,0.6941176470588235,0.6941176470588235,0.3951656938621271,48
b,esg0.8_carb0.2,0.00227842333105491,mcmc,45.0,452.5,0.3058823529411765,0.30000000000000004,0.3073529411764706,0.6941176470588235,0.6941176470588235,0.37075354234048274,48
b,esg0.8_carb0.2,0.00227842333105491,mcmc,64.0,471.5,0.3058823529411765,0.3058823529411765,0.3243259803921568,0.5087009803921575,0.65140931372549,0.3529373414739224,48
b,esg0.8_carb0.2,0.00227842333105491,mcmc,91.0,498.5,0.3058823529411765,0.23014705882352945,0.3058823529411765,0.4397058823529417,0.6426470588235291,0.3269794325457772,48
b,esg0.8_carb0.2,0.00227842333105491,mcmc,128.0,535.5,0.3058823529411765,0.15955882352941175,0.3058823529411765,0.4982843137254903,0.6540134803921567,0.32534912474357947,48
b,esg0.8_carb0.2,0.00227842333105491,mcmc,181.0,588.5,0.3058823529411765,0.1621323529411765,0.3058823529411765,0.4823529411764707,0.613235294117647,0.3183486714059421,48
b,esg0.8_carb0.2,0.00227842333105491,mcmc,256.0,663.5,0.24479166666666666,0.15484068627450986,0.3058823529411765,0.45505514705882366,0.5566176470588234,0.290866306947336,48
b,esg0.8_carb0.2,0.00227842333105491,mcmc,362.0,769.5,0.20440633818102888,0.09462774039505101,0.3058823529411765,0.3214239201215543,0.41496635554590827,0.24920149111455234,48
b,esg0.8_carb0.2,0.00227842333105491,mcmc,512.0,919.5,0.1902113970588235,0.06060049019607841,0.3058823529411765,0.3058823529411765,0.33929993872549014,0.22998353129923477,48
b,esg0.8_carb0.2,0.00227842333105491,mcmc,724.0,1131.5,0.09760589318600366,0.04042898927526811,0.28286209511428884,0.3058823529411765,0.32487271151554536,0.20557205361339276,48
b,esg0.8_carb0.2,0.00227842333105491,mcmc,1024.0,1431.5,0.09168964460784318,0.022679227941176466,0.20372242647058825,0.3058823529411765,0.3058823529411765,0.19556977144281298,48
b,esg0.8_carb0.2,0.00227842333105491,mcmc,1448.0,1855.5,0.10468529953417832,0.032631892536019974,0.2273534828295959,0.27494312642183955,0.3010480987975301,0.19123990904055596,48
b,esg0.8_carb0.2,0.00227842333105491,mcmc,2048.0,2455.5,0.103515625,0.057561657475490136,0.24859068627450984,0.29398820465686276,0.3048180912990196,0.1935532041094147,48
b,esg0.8_carb0.2,0.00227842333105491,mcmc,2896.0,3303.5,0.111878453038674,0.0455516737081573,0.23736729498429204,0.30008124796880087,0.3058823529411765,0.1934280084237002,48
b,esg0.8_carb0.2,0.00227842333105491,mcmc,4096.0,4503.5,0.09288066789215682,0.04180357689950981,0.24140146292892156,0.29808976715686275,0.3058823529411765,0.19310917312633016,48
b,esg0.8_carb0.2,0.00227842333105491,mcmc,5793.0,6200.5,0.07881269884248288,0.03268801191362625,0.23701008596764367,0.2932471400527991,0.3058823529411765,0.19106386004831905,48
b,esg0.8_carb0.2,0.00227842333105491,mcmc,8192.0,8599.5,0.056422334558823506,0.023452339920343124,0.2543686810661765,0.28247740502450996,0.3058823529411765,0.18772359282428372,48
b,esg0.8_carb0.2,0.00227842333105491,mcmc,11585.0,11992.5,0.055105508655297786,0.022003479720809932,0.251589568961432,0.28256551556058046,0.3058823529411765,0.19219084655173796,48
b,esg0.8_carb0.2,0.00227842333105491,mcmc,16384.0,16791.5,0.052327473958333315,0.020602117800245123,0.2567897422640931,0.2768703086703432,0.3058823529411765,0.19145820311974343,48
b,esg0.8_carb0.2,0.00227842333105491,mcmc,23170.0,23577.5,0.03935188162852182,0.01206005910449584,0.24550081412550062,0.2808607726914211,0.3058823529411765,0.18648230315316552,48
b,esg0.8_carb0.2,0.00227842333105491,mcmc,32768.0,33175.5,0.036117972579656876,0.012321681602328383,0.2501979453890932,0.2696030560661765,0.3058823529411765,0.18705806717646153,48
b,esg0.8_carb0.2,0.00227842333105491,mcmc,46341.0,46748.5,0.02449225863668053,0.009850774813320418,0.24516621759763874,0.26180075551914866,0.3058823529411765,0.1861076889712588,48
b,esg0.8_carb0.2,0.00227842333105491,mcmc,65536.0,65943.5,0.020975748697916685,0.008113008386948506,0.24816852644378065,0.25802265242034317,0.3058823529411765,0.18477313656172287,48
b,esg0.8_carb0.2,0.00227842333105491,mcmc,92682.0,93089.5,0.022082602749927238,0.007369273523657349,0.2548911571764164,0.2622697392917347,0.3058823529411765,0.1867976517754746,48
b,esg0.8_carb0.2,0.00227842333105491,mcmc,131072.0,131479.5,0.01611286238128068,0.008252880620021413,0.2569753908643536,0.261555570714614,0.3058823529411765,0.18710184598405627,48
b,esg0.8_carb0.2,0.00227842333105491,mcmc,185364.0,185771.5,0.013643912496916488,0.006690196416928085,0.25415889711012696,0.2631613643277816,0.3058823529411765,0.18629284039620086,48
b,esg0.8_carb0.2,0.00227842333105491,mcmc,262144.0,262551.5,0.01453357771331193,0.007816733565984946,0.2585534039665671,0.26883121266084564,0.3058823529411765,0.18760808943673205,48
b,esg0.8_carb0.2,0.00227842333105491,mcmc,370728.0,371135.5,0.009381054594859717,0.004111243124815173,0.25538171635586326,0.2624405525789004,0.3058823529411765,0.18631983195774918,48
b,esg0.8_carb0.2,0.00227842333105491,mcmc,524288.0,524695.5,0.007609902176202499,0.003156878901462934,0.25402980879241344,0.2588934176575904,0.3058823529411765,0.18549976801367551,48
b,esg0.8_carb0.2,0.00227842333105491,mcmc,741455.0,741862.5,0.007059858061741309,0.0032389906137876567,0.25321741141182247,0.2566550607935836,0.3058823529411765,0.1854606069475454,48
b,esg0.8_carb0.2,0.00227842333105491,mcmc,1048576.0,1048983.5,0.007173119339288436,0.002878088109633553,0.25330692366057755,0.256828140557981,0.3058823529411765,0.18553296845825942,48
d_shared_iid,esg0.8_carb0.2,0.00227842333105491,iid_pct,100.0,100.0,0.5,0.5,0.5,0.5,0.6067647058823524,0.5049992291610822,30
d_shared_iid,esg0.8_carb0.2,0.00227842333105491,iid_pct,215.0,215.0,0.5,0.5,0.5,0.5194117647058827,0.6941176470588235,0.4952216890827248,30
d_shared_iid,esg0.8_carb0.2,0.00227842333105491,iid_pct,460.0,460.0,0.5,0.3058823529411765,0.5,0.6941176470588235,0.6941176470588235,0.4465067253682206,30
d_shared_iid,esg0.8_carb0.2,0.00227842333105491,iid_pct,988.0,988.0,0.3058823529411765,0.055882352941176494,0.46519607843137256,0.5194117647058827,0.6941176470588235,0.3512721520755463,30
d_shared_iid,esg0.8_carb0.2,0.00227842333105491,iid_pct,2120.0,2120.0,0.17857142857142855,0.09411764705882353,0.3058823529411765,0.3058823529411765,0.3058823529411765,0.23938077326161744,30
d_shared_iid,esg0.8_carb0.2,0.00227842333105491,iid_pct,4549.0,4549.0,0.09477124183006541,0.055882352941176494,0.14883107088989445,0.1967914438502674,0.21497326203208555,0.13227069824249255,30
d_shared_iid,esg0.8_carb0.2,0.00227842333105491,iid_pct,9761.0,9761.0,0.055882352941176494,0.018522408963585396,0.10325077399380811,0.1475966386554622,0.18012605042016797,0.09473763289404295,30
d_shared_iid,esg0.8_carb0.2,0.00227842333105491,iid_pct,20944.0,20944.0,0.043817527010804325,0.027450980392156876,0.08078208556149735,0.09709266325869398,0.11471196230430154,0.06638003433063229,30
d_shared_iid,esg0.8_carb0.2,0.00227842333105491,iid_pct,44940.0,44940.0,0.022036474164133735,0.012851098073827949,0.046452395391146095,0.06564156252044756,0.07479452273841758,0.042046326695252975,30
d_shared_iid,esg0.8_carb0.2,0.00227842333105491,iid_pct,96430.0,96430.0,0.02936628988111406,0.016665322664258214,0.041125329055389015,0.05814251108368755,0.0732577209587227,0.03887523352312669,30
d_shared_iid,esg0.8_carb0.2,0.00227842333105491,iid_pct,206914.0,206914.0,0.01616335224170068,0.008711809308150187,0.01902664531158993,0.03348815231421727,0.03675474500144887,0.020278439610084555,30
d_shared_iid,esg0.8_carb0.2,0.00227842333105491,iid_pct,443985.0,443985.0,0.009060553485950085,0.004396696660659949,0.015965191122210537,0.021502043966525178,0.022379460527239874,0.01300243430761137,30
d_shared_iid,esg0.8_carb0.2,0.00227842333105491,iid_pct,952681.0,952681.0,0.0073298294644059125,0.0037122372227363365,0.01296033491480622,0.017757902733826162,0.020747143757363164,0.010728452072634771,30
d_shared_iid,esg0.8_carb0.2,0.00227842333105491,iid_pct,2044214.0,2044214.0,0.004550696634467888,0.002272628605714866,0.005844937777936765,0.007644180837619045,0.010904507192488278,0.006267747905780868,30
d_shared_iid,esg0.8_carb0.2,0.00227842333105491,iid_pct,4386370.0,4386370.0,0.0038857893752082817,0.0022856608971171533,0.0054165620004386905,0.007686175647287308,0.008271998591676396,0.004697787299850021,30
d_shared_iid,esg0.8_carb0.2,0.00227842333105491,iid_pct,9412050.0,9412050.0,0.0026139696498528875,0.0014951527250438579,0.003914954995352632,0.004817553762000293,0.004990225144451853,0.003059421051909578,30
d_shared_iid,esg0.8_carb0.2,0.00227842333105491,iid_pct,20195898.0,20195898.0,0.0014127573622014222,0.0007222925213585807,0.002395446931560241,0.0029296258373088693,0.0030725337009264715,0.0018595032044603083,30
d_shared_iid,esg0.8_carb0.2,0.00227842333105491,iid_pct,43335330.0,43335330.0,0.0010477711777856502,0.0005447435653068988,0.0016627196489126805,0.002155135355796923,0.0027396284958562216,0.0014132665735014003,30
d_shared_iid,esg0.8_carb0.2,0.00227842333105491,iid_pct,92986747.0,92986747.0,0.0008527278718587494,0.0004108488070874716,0.0012185395660165577,0.001414961471704057,0.0014843985271458747,0.0009338373523434955,30
d_shared_iid,esg0.8_carb0.2,0.00227842333105491,iid_pct,199526231.0,199526231.0,0.0005119373719034148,0.0002041495159379736,0.0007165621129976985,0.0010499084867328758,0.001272185801605707,0.0006560238084326997,30
d_shared_iid,esg0.8_carb0.2,0.00227842333105491,iid_med,100.0,100.0,0.5,0.5,0.5,0.5,0.5,0.4749612987329785,30
d_shared_iid,esg0.8_carb0.2,0.00227842333105491,iid_med,215.0,215.0,0.5,0.4625,0.5,0.5,0.5,0.45466948082485253,30
d_shared_iid,esg0.8_carb0.2,0.00227842333105491,iid_med,460.0,460.0,0.3264705882352941,0.2,0.5,0.5,0.5,0.3671086253293896,30
d_shared_iid,esg0.8_carb0.2,0.00227842333105491,iid_med,988.0,988.0,0.1647058823529412,0.07499999999999998,0.3970588235294118,0.5,0.5,0.28917663411983446,30
d_shared_iid,esg0.8_carb0.2,0.00227842333105491,iid_med,2120.0,2120.0,0.1588235294117647,0.09999999999999998,0.27794117647058825,0.3711764705882354,0.4158823529411764,0.2307389963336621,30
d_shared_iid,esg0.8_carb0.2,0.00227842333105491,iid_med,4549.0,4549.0,0.09705882352941175,0.04117647058823529,0.1411764705882353,0.21647058823529425,0.2885294117647058,0.14152530432649096,30
d_shared_iid,esg0.8_carb0.2,0.00227842333105491,iid_med,9761.0,9761.0,0.05000000000000002,0.032352941176470584,0.1088235294117647,0.1529411764705883,0.17941176470588235,0.09091042779765664,30
d_shared_iid,esg0.8_carb0.2,0.00227842333105491,iid_med,20944.0,20944.0,0.038235294117647034,0.020588235294117685,0.0735294117647059,0.09705882352941175,0.10029411764705878,0.06316799884776604,30
d_shared_iid,esg0.8_carb0.2,0.00227842333105491,iid_med,44940.0,44940.0,0.02941176470588236,0.014705882352941138,0.04852941176470592,0.06941176470588235,0.10470588235294107,0.04899803446849924,30
d_shared_iid,esg0.8_carb0.2,0.00227842333105491,iid_med,96430.0,96430.0,0.02941176470588236,0.020588235294117685,0.048529411764705876,0.05647058823529415,0.061764705882352944,0.037657780336054374,30
d_shared_iid,esg0.8_carb0.2,0.00227842333105491,iid_med,206914.0,206914.0,0.014705882352941152,0.008823529411764675,0.02058823529411767,0.026470588235294135,0.036176470588235254,0.01827320537295185,30
d_shared_iid,esg0.8_carb0.2,0.00227842333105491,iid_med,443985.0,443985.0,0.014705882352941124,0.002941176470588225,0.02058823529411763,0.020588235294117685,0.027058823529411746,0.015470327292215185,30
d_shared_iid,esg0.8_carb0.2,0.00227842333105491,iid_med,952681.0,952681.0,0.00882352941176473,0.002941176470588225,0.014705882352941124,0.01470588235294118,0.01794117647058821,0.01174017049405701,30
d_shared_iid,esg0.8_carb0.2,0.00227842333105491,iid_med,2044214.0,2044214.0,0.002941176470588225,0.002941176470588225,0.008823529411764675,0.009411764705882378,0.014705882352941124,0.007244295373298482,30
d_shared_iid,esg0.8_carb0.2,0.00227842333105491,iid_med,4386370.0,4386370.0,0.002941176470588225,0.002941176470588225,0.00882352941176473,0.00882352941176473,0.01205882352941173,0.006576670522058204,30
d_shared_iid,esg0.8_carb0.2,0.00227842333105491,iid_med,9412050.0,9412050.0,0.002941176470588225,0.002941176470588225,0.002941176470588225,0.0035294117647058838,0.00882352941176473,0.003946002313234922,30
d_shared_iid,esg0.8_carb0.2,0.00227842333105491,iid_med,20195898.0,20195898.0,0.002941176470588225,0.002941176470588225,0.002941176470588225,0.002941176470588225,0.002941176470588225,0.002941176470588225,30
d_shared_iid,esg0.8_carb0.2,0.00227842333105491,iid_med,43335330.0,43335330.0,0.002941176470588225,0.002941176470588225,0.002941176470588225,0.002941176470588225,0.002941176470588225,0.002941176470588225,30
d_shared_iid,esg0.8_carb0.2,0.00227842333105491,iid_med,92986747.0,92986747.0,0.002941176470588225,0.002941176470588225,0.002941176470588225,0.002941176470588225,0.002941176470588225,0.002941176470588225,30
d_shared_iid,esg0.8_carb0.2,0.00227842333105491,iid_med,199526231.0,199526231.0,0.002941176470588225,0.002941176470588225,0.002941176470588225,0.002941176470588225,0.002941176470588225,0.002941176470588225,30
d_shared_iid,esg0.8_carb0.2,0.00227842333105491,mcmc_pct,6.0,413.5,0.3058823529411765,0.3058823529411765,0.6941176470588235,0.6941176470588235,0.6941176470588235,0.44927533603161507,48
d_shared_iid,esg0.8_carb0.2,0.00227842333105491,mcmc_pct,8.0,415.5,0.3058823529411765,0.3058823529411765,0.6941176470588235,0.6941176470588235,0.6941176470588235,0.4500641623416296,48
d_shared_iid,esg0.8_carb0.2,0.00227842333105491,mcmc_pct,11.0,418.5,0.3058823529411765,0.3058823529411765,0.6941176470588235,0.6941176470588235,0.6941176470588235,0.45335603176411904,48
d_shared_iid,esg0.8_carb0.2,0.00227842333105491,mcmc_pct,16.0,423.5,0.3058823529411765,0.3058823529411765,0.6941176470588235,0.6941176470588235,0.6941176470588235,0.44591336366285106,48
d_shared_iid,esg0.8_carb0.2,0.00227842333105491,mcmc_pct,23.0,430.5,0.3058823529411765,0.3058823529411765,0.4294117647058823,0.6941176470588235,0.6941176470588235,0.4261932837452665,48
d_shared_iid,esg0.8_carb0.2,0.00227842333105491,mcmc_pct,32.0,439.5,0.3058823529411765,0.29546568627450986,0.30919117647058825,0.6941176470588235,0.6941176470588235,0.3951656938621271,48
d_shared_iid,esg0.8_carb0.2,0.00227842333105491,mcmc_pct,45.0,452.5,0.3058823529411765,0.30000000000000004,0.3073529411764706,0.6941176470588235,0.6941176470588235,0.37075354234048274,48
d_shared_iid,esg0.8_carb0.2,0.00227842333105491,mcmc_pct,64.0,471.5,0.3058823529411765,0.3058823529411765,0.3243259803921568,0.5087009803921575,0.65140931372549,0.3529373414739224,48
d_shared_iid,esg0.8_carb0.2,0.00227842333105491,mcmc_pct,91.0,498.5,0.3058823529411765,0.23014705882352945,0.3058823529411765,0.4397058823529417,0.6426470588235291,0.3269794325457772,48
d_shared_iid,esg0.8_carb0.2,0.00227842333105491,mcmc_pct,128.0,535.5,0.3058823529411765,0.15955882352941175,0.3058823529411765,0.4982843137254903,0.6540134803921567,0.32534912474357947,48
d_shared_iid,esg0.8_carb0.2,0.00227842333105491,mcmc_pct,181.0,588.5,0.3058823529411765,0.1621323529411765,0.3058823529411765,0.4823529411764707,0.613235294117647,0.3183486714059421,48
d_shared_iid,esg0.8_carb0.2,0.00227842333105491,mcmc_pct,256.0,663.5,0.24479166666666666,0.15484068627450986,0.3058823529411765,0.45505514705882366,0.5566176470588234,0.290866306947336,48
d_shared_iid,esg0.8_carb0.2,0.00227842333105491,mcmc_pct,362.0,769.5,0.20440633818102888,0.09462774039505101,0.3058823529411765,0.3214239201215543,0.41496635554590827,0.24920149111455234,48
d_shared_iid,esg0.8_carb0.2,0.00227842333105491,mcmc_pct,512.0,919.5,0.1902113970588235,0.06060049019607841,0.3058823529411765,0.3058823529411765,0.33929993872549014,0.22998353129923477,48
d_shared_iid,esg0.8_carb0.2,0.00227842333105491,mcmc_pct,724.0,1131.5,0.09760589318600366,0.04042898927526811,0.28286209511428884,0.3058823529411765,0.32487271151554536,0.20557205361339276,48
d_shared_iid,esg0.8_carb0.2,0.00227842333105491,mcmc_pct,1024.0,1431.5,0.09168964460784318,0.022679227941176466,0.20372242647058825,0.3058823529411765,0.3058823529411765,0.19556977144281298,48
d_shared_iid,esg0.8_carb0.2,0.00227842333105491,mcmc_pct,1448.0,1855.5,0.10468529953417832,0.032631892536019974,0.2273534828295959,0.27494312642183955,0.3010480987975301,0.19123990904055596,48
d_shared_iid,esg0.8_carb0.2,0.00227842333105491,mcmc_pct,2048.0,2455.5,0.103515625,0.057561657475490136,0.24859068627450984,0.29398820465686276,0.3048180912990196,0.1935532041094147,48
d_shared_iid,esg0.8_carb0.2,0.00227842333105491,mcmc_pct,2896.0,3303.5,0.111878453038674,0.0455516737081573,0.23736729498429204,0.30008124796880087,0.3058823529411765,0.1934280084237002,48
d_shared_iid,esg0.8_carb0.2,0.00227842333105491,mcmc_pct,4096.0,4503.5,0.09288066789215682,0.04180357689950981,0.24140146292892156,0.29808976715686275,0.3058823529411765,0.19310917312633016,48
d_shared_iid,esg0.8_carb0.2,0.00227842333105491,mcmc_pct,5793.0,6200.5,0.07881269884248288,0.03268801191362625,0.23701008596764367,0.2932471400527991,0.3058823529411765,0.19106386004831905,48
d_shared_iid,esg0.8_carb0.2,0.00227842333105491,mcmc_pct,8192.0,8599.5,0.056422334558823506,0.023452339920343124,0.2543686810661765,0.28247740502450996,0.3058823529411765,0.18772359282428372,48
d_shared_iid,esg0.8_carb0.2,0.00227842333105491,mcmc_pct,11585.0,11992.5,0.055105508655297786,0.022003479720809932,0.251589568961432,0.28256551556058046,0.3058823529411765,0.19219084655173796,48
d_shared_iid,esg0.8_carb0.2,0.00227842333105491,mcmc_pct,16384.0,16791.5,0.052327473958333315,0.020602117800245123,0.2567897422640931,0.2768703086703432,0.3058823529411765,0.19145820311974343,48
d_shared_iid,esg0.8_carb0.2,0.00227842333105491,mcmc_pct,23170.0,23577.5,0.03935188162852182,0.01206005910449584,0.24550081412550062,0.2808607726914211,0.3058823529411765,0.18648230315316552,48
d_shared_iid,esg0.8_carb0.2,0.00227842333105491,mcmc_pct,32768.0,33175.5,0.036117972579656876,0.012321681602328383,0.2501979453890932,0.2696030560661765,0.3058823529411765,0.18705806717646153,48
d_shared_iid,esg0.8_carb0.2,0.00227842333105491,mcmc_pct,46341.0,46748.5,0.02449225863668053,0.009850774813320418,0.24516621759763874,0.26180075551914866,0.3058823529411765,0.1861076889712588,48
d_shared_iid,esg0.8_carb0.2,0.00227842333105491,mcmc_pct,65536.0,65943.5,0.020975748697916685,0.008113008386948506,0.24816852644378065,0.25802265242034317,0.3058823529411765,0.18477313656172287,48
d_shared_iid,esg0.8_carb0.2,0.00227842333105491,mcmc_pct,92682.0,93089.5,0.022082602749927238,0.007369273523657349,0.2548911571764164,0.2622697392917347,0.3058823529411765,0.1867976517754746,48
d_shared_iid,esg0.8_carb0.2,0.00227842333105491,mcmc_pct,131072.0,131479.5,0.01611286238128068,0.008252880620021413,0.2569753908643536,0.261555570714614,0.3058823529411765,0.18710184598405627,48
d_shared_iid,esg0.8_carb0.2,0.00227842333105491,mcmc_pct,185364.0,185771.5,0.013643912496916488,0.006690196416928085,0.25415889711012696,0.2631613643277816,0.3058823529411765,0.18629284039620086,48
d_shared_iid,esg0.8_carb0.2,0.00227842333105491,mcmc_pct,262144.0,262551.5,0.01453357771331193,0.007816733565984946,0.2585534039665671,0.26883121266084564,0.3058823529411765,0.18760808943673205,48
d_shared_iid,esg0.8_carb0.2,0.00227842333105491,mcmc_pct,370728.0,371135.5,0.009381054594859717,0.004111243124815173,0.25538171635586326,0.2624405525789004,0.3058823529411765,0.18631983195774918,48
d_shared_iid,esg0.8_carb0.2,0.00227842333105491,mcmc_pct,524288.0,524695.5,0.007609902176202499,0.003156878901462934,0.25402980879241344,0.2588934176575904,0.3058823529411765,0.18549976801367551,48
d_shared_iid,esg0.8_carb0.2,0.00227842333105491,mcmc_pct,741455.0,741862.5,0.007059858061741309,0.0032389906137876567,0.25321741141182247,0.2566550607935836,0.3058823529411765,0.1854606069475454,48
d_shared_iid,esg0.8_carb0.2,0.00227842333105491,mcmc_pct,1048576.0,1048983.5,0.007173119339288436,0.002878088109633553,0.25330692366057755,0.256828140557981,0.3058823529411765,0.18553296845825942,48
d_shared_iid,esg0.8_carb0.2,0.00227842333105491,mcmc_med,6.0,413.5,0.23529411764705885,0.10735294117647058,0.31470588235294117,0.4264705882352941,0.4514705882352941,0.26076312017670494,48
d_shared_iid,esg0.8_carb0.2,0.00227842333105491,mcmc_med,8.0,415.5,0.23529411764705885,0.10735294117647058,0.31470588235294117,0.4264705882352941,0.4514705882352941,0.2599712742537905,48
d_shared_iid,esg0.8_carb0.2,0.00227842333105491,mcmc_med,11.0,418.5,0.23529411764705885,0.10735294117647058,0.31470588235294117,0.4264705882352941,0.4514705882352941,0.2599712742537905,48
d_shared_iid,esg0.8_carb0.2,0.00227842333105491,mcmc_med,16.0,423.5,0.22941176470588234,0.0823529411764706,0.3058823529411765,0.4264705882352941,0.4514705882352941,0.2602096351212216,48
d_shared_iid,esg0.8_carb0.2,0.00227842333105491,mcmc_med,23.0,430.5,0.2088235294117647,0.061764705882352944,0.3058823529411765,0.44117647058823545,0.47529411764705876,0.2589516171470417,48
d_shared_iid,esg0.8_carb0.2,0.00227842333105491,mcmc_med,32.0,439.5,0.2088235294117647,0.061764705882352944,0.31470588235294117,0.4264705882352941,0.46558823529411764,0.2592743400165228,48
d_shared_iid,esg0.8_carb0.2,0.00227842333105491,mcmc_med,45.0,452.5,0.2147058823529412,0.07794117647058822,0.31470588235294117,0.4223529411764706,0.44941176470588234,0.2610145673768605,48
d_shared_iid,esg0.8_carb0.2,0.00227842333105491,mcmc_med,64.0,471.5,0.23529411764705885,0.15000000000000002,0.31470588235294117,0.4223529411764706,0.4379411764705882,0.267237350710494,48
d_shared_iid,esg0.8_carb0.2,0.00227842333105491,mcmc_med,91.0,498.5,0.2588235294117647,0.11617647058823531,0.34705882352941175,0.4264705882352941,0.4594117647058823,0.27947109793144637,48
d_shared_iid,esg0.8_carb0.2,0.00227842333105491,mcmc_med,128.0,535.5,0.2529411764705882,0.08382352941176469,0.3573529411764706,0.4264705882352941,0.4341176470588235,0.2794375633084678,48
d_shared_iid,esg0.8_carb0.2,0.00227842333105491,mcmc_med,181.0,588.5,0.26176470588235295,0.07794117647058824,0.36176470588235293,0.43000000000000005,0.46352941176470586,0.28098627581651003,48
d_shared_iid,esg0.8_carb0.2,0.00227842333105491,mcmc_med,256.0,663.5,0.21176470588235294,0.11911764705882355,0.3558823529411765,0.4223529411764706,0.4341176470588235,0.2752685592291923,48
d_shared_iid,esg0.8_carb0.2,0.00227842333105491,mcmc_med,362.0,769.5,0.17058823529411768,0.07647058823529411,0.3264705882352941,0.39470588235294124,0.4244117647058823,0.24449828581138536,48
d_shared_iid,esg0.8_carb0.2,0.00227842333105491,mcmc_med,512.0,919.5,0.16764705882352937,0.0735294117647059,0.3426470588235294,0.39823529411764713,0.42058823529411765,0.23865552382924207,48
d_shared_iid,esg0.8_carb0.2,0.00227842333105491,mcmc_med,724.0,1131.5,0.14705882352941177,0.061764705882352944,0.25,0.37294117647058833,0.4102941176470588,0.2141848364738204,48
d_shared_iid,esg0.8_carb0.2,0.00227842333105491,mcmc_med,1024.0,1431.5,0.08823529411764705,0.04264705882352937,0.175,0.31235294117647083,0.3770588235294118,0.1733132585305241,48
d_shared_iid,esg0.8_carb0.2,0.00227842333105491,mcmc_med,1448.0,1855.5,0.09411764705882353,0.03382352941176468,0.2161764705882353,0.29294117647058826,0.3391176470588234,0.17314680319195616,48
d_shared_iid,esg0.8_carb0.2,0.00227842333105491,mcmc_med,2048.0,2455.5,0.10882352941176468,0.04852941176470586,0.23529411764705882,0.3382352941176471,0.3770588235294118,0.18834249398467967,48
d_shared_iid,esg0.8_carb0.2,0.00227842333105491,mcmc_med,2896.0,3303.5,0.1117647058823529,0.038235294117647034,0.18823529411764708,0.29705882352941176,0.3999999999999999,0.1798652257199783,48
d_shared_iid,esg0.8_carb0.2,0.00227842333105491,mcmc_med,4096.0,4503.5,0.0911764705882353,0.032352941176470584,0.1897058823529412,0.29294117647058826,0.3238235294117647,0.16645603760977673,48
d_shared_iid,esg0.8_carb0.2,0.00227842333105491,mcmc_med,5793.0,6200.5,0.07647058823529415,0.03676470588235292,0.1823529411764706,0.26647058823529424,0.32794117647058824,0.16010287206182536,48
d_shared_iid,esg0.8_carb0.2,0.00227842333105491,mcmc_med,8192.0,8599.5,0.05882352941176472,0.032352941176470584,0.19117647058823528,0.29117647058823526,0.343235294117647,0.163330214408938,48
d_shared_iid,esg0.8_carb0.2,0.00227842333105491,mcmc_med,11585.0,11992.5,0.05294117647058827,0.014705882352941124,0.24411764705882355,0.29705882352941176,0.343235294117647,0.17523258559471727,48
d_shared_iid,esg0.8_carb0.2,0.00227842333105491,mcmc_med,16384.0,16791.5,0.04117647058823526,0.008823529411764675,0.24411764705882355,0.3005882352941177,0.3382352941176471,0.1783478580681827,48
d_shared_iid,esg0.8_carb0.2,0.00227842333105491,mcmc_med,23170.0,23577.5,0.04411764705882351,0.008823529411764675,0.24411764705882355,0.29117647058823526,0.30470588235294116,0.17355433519919916,48
d_shared_iid,esg0.8_carb0.2,0.00227842333105491,mcmc_med,32768.0,33175.5,0.04117647058823526,0.008823529411764675,0.24411764705882355,0.29117647058823526,0.295,0.16782326481220078,48
d_shared_iid,esg0.8_carb0.2,0.00227842333105491,mcmc_med,46341.0,46748.5,0.03529411764705881,0.008823529411764675,0.24411764705882355,0.24764705882352947,0.29117647058823526,0.1621875045141597,48
d_shared_iid,esg0.8_carb0.2,0.00227842333105491,mcmc_med,65536.0,65943.5,0.032352941176470584,0.008823529411764675,0.22058823529411764,0.29117647058823526,0.30470588235294116,0.16699218499695628,48
d_shared_iid,esg0.8_carb0.2,0.00227842333105491,mcmc_med,92682.0,93089.5,0.014705882352941124,0.007352941176470562,0.24411764705882355,0.29117647058823526,0.29117647058823526,0.16782326481220078,48
d_shared_iid,esg0.8_carb0.2,0.00227842333105491,mcmc_med,131072.0,131479.5,0.014705882352941152,0.002941176470588225,0.24411764705882355,0.29117647058823526,0.29117647058823526,0.16888944535410866,48
d_shared_iid,esg0.8_carb0.2,0.00227842333105491,mcmc_med,185364.0,185771.5,0.011764705882352927,0.002941176470588225,0.24411764705882355,0.29117647058823526,0.29117647058823526,0.16432466386915065,48
d_shared_iid,esg0.8_carb0.2,0.00227842333105491,mcmc_med,262144.0,262551.5,0.00882352941176473,0.002941176470588225,0.24411764705882355,0.29117647058823526,0.3026470588235294,0.17386972280272697,48
d_shared_iid,esg0.8_carb0.2,0.00227842333105491,mcmc_med,370728.0,371135.5,0.008823529411764675,0.002941176470588225,0.24411764705882355,0.29117647058823526,0.3026470588235294,0.1706769546171077,48
d_shared_iid,esg0.8_carb0.2,0.00227842333105491,mcmc_med,524288.0,524695.5,0.008823529411764675,0.002941176470588225,0.24411764705882355,0.29117647058823526,0.3026470588235294,0.1696560058558279,48
d_shared_iid,esg0.8_carb0.2,0.00227842333105491,mcmc_med,741455.0,741862.5,0.008823529411764675,0.002941176470588225,0.24411764705882355,0.2582352941176473,0.29117647058823526,0.16358159697736635,48
d_shared_iid,esg0.8_carb0.2,0.00227842333105491,mcmc_med,1048576.0,1048983.5,0.008823529411764675,0.002941176470588225,0.24411764705882355,0.29117647058823526,0.3026470588235294,0.1712293564283984,48
c,esg0.8_carb0.2,0.00227842333105491,classical,100.0,100.0,0.5,0.5,0.5,0.5,0.5,0.4628443728671763,20
c,esg0.8_carb0.2,0.00227842333105491,classical,222.0,222.0,0.5,0.33382352941176474,0.5,0.5,0.5,0.4193441080650331,20
c,esg0.8_carb0.2,0.00227842333105491,classical,492.0,492.0,0.23235294117647057,0.1264705882352941,0.36029411764705876,0.48941176470588243,0.5,0.2908940995665429,20
c,esg0.8_carb0.2,0.00227842333105491,classical,1093.0,1093.0,0.2205882352941176,0.08235294117647057,0.32499999999999996,0.48941176470588243,0.5,0.27484818080414775,20
c,esg0.8_carb0.2,0.00227842333105491,classical,2424.0,2424.0,0.16176470588235295,0.11764705882352944,0.2338235294117647,0.3611764705882353,0.38441176470588234,0.2194007251599047,20
c,esg0.8_carb0.2,0.00227842333105491,classical,5380.0,5380.0,0.061764705882352944,0.0338235294117647,0.1588235294117647,0.19352941176470606,0.2979411764705883,0.13794086291197272,20
c,esg0.8_carb0.2,0.00227842333105491,classical,11938.0,11938.0,0.07058823529411765,0.038235294117647034,0.10441176470588234,0.12411764705882354,0.13176470588235295,0.0844891016906812,20
c,esg0.8_carb0.2,0.00227842333105491,classical,26490.0,26490.0,0.032352941176470584,0.02352941176470591,0.05441176470588238,0.07705882352941178,0.08411764705882355,0.051010549149832475,20
c,esg0.8_carb0.2,0.00227842333105491,classical,58780.0,58780.0,0.017647058823529432,0.0117647058823529,0.047058823529411764,0.05411764705882353,0.06794117647058827,0.04153207790142082,20
c,esg0.8_carb0.2,0.00227842333105491,classical,130432.0,130432.0,0.017647058823529432,0.010294117647058787,0.030882352941176472,0.054117647058823576,0.06470588235294117,0.03045218613069361,20
c,esg0.8_carb0.2,0.00227842333105491,classical,289427.0,289427.0,0.0117647058823529,0.00588235294117645,0.01764705882352942,0.02352941176470591,0.024117647058823563,0.014646940703516156,20
c,esg0.8_carb0.2,0.00227842333105491,classical,642233.0,642233.0,0.00588235294117645,0.00588235294117645,0.011764705882352955,0.01941176470588237,0.035588235294117636,0.014823062551004884,20
c,esg0.8_carb0.2,0.00227842333105491,classical,1425103.0,1425103.0,0.00588235294117645,0.00588235294117645,0.011764705882352955,0.017647058823529405,0.017941176470588235,0.010440140793705206,20
c,esg0.8_carb0.2,0.00227842333105491,classical,3162278.0,3162278.0,0.00588235294117645,0.00588235294117645,0.00588235294117645,0.011764705882352955,0.011764705882352955,0.0069600938624701306,20
c,esg0.8_carb0.2,0.00227842333105491,iqae,0.25,44100.0,0.02352941176470591,0.00588235294117645,0.04411764705882351,0.07058823529411767,0.07088235294117651,0.03832568501002806,20
c,esg0.8_carb0.2,0.00227842333105491,iqae,0.1,224950.0,0.008823529411764675,0.0,0.01764705882352946,0.02529411764705887,0.0426470588235294,0.021693045781865625,20
c,esg0.8_carb0.2,0.00227842333105491,iqae,0.05,518800.0,0.0,0.0,0.0,0.00588235294117645,0.006176470588235279,0.0034800469312350653,20
c,esg0.8_carb0.2,0.00227842333105491,iqae,0.025,840050.0,0.0,0.0,0.00588235294117645,0.00588235294117645,0.00588235294117645,0.0032218973970892005,20
c,esg0.8_carb0.2,0.00227842333105491,iqae,0.0125,1813750.0,0.0,0.0,0.0,0.0,0.00029411764705882665,0.0013153341044116363,20
c,esg0.8_carb0.2,0.00227842333105491,iqae,0.006,2849350.0,0.0,0.0,0.0,0.0,0.0,0.0,20
c,esg0.8_carb0.2,0.00227842333105491,iqae,0.003,6408150.0,0.0,0.0,0.0,0.0005882352941176533,0.006470588235294106,0.0041594516540385115,20
b,esg0.8_carb0.17,0.0010721992146140752,classical,100.0,100.0,0.1875,0.1875,0.1875,0.1875,0.1875,0.19297560294849017,30
b,esg0.8_carb0.17,0.0010721992146140752,classical,215.0,215.0,0.1875,0.1875,0.1875,0.1875,0.1875,0.1875,30
b,esg0.8_carb0.17,0.0010721992146140752,classical,460.0,460.0,0.1875,0.1875,0.3125,0.6875,0.6875,0.32697937130537646,30
b,esg0.8_carb0.17,0.0010721992146140752,classical,988.0,988.0,0.1875,0.1875,0.3125,0.6875,0.6875,0.33294247918288294,30
b,esg0.8_carb0.17,0.0010721992146140752,classical,2120.0,2120.0,0.25,0.1875,0.3125,0.3125,0.3354166666666666,0.26923029863613734,30
b,esg0.8_carb0.17,0.0010721992146140752,classical,4549.0,4549.0,0.1160714285714286,0.0625,0.1875,0.3125,0.5187499999999989,0.23724486036947337,30
b,esg0.8_carb0.17,0.0010721992146140752,classical,9761.0,9761.0,0.0888888888888889,0.03003246753246755,0.16689560439560436,0.1875,0.21805555555555542,0.12436837372293971,30
b,esg0.8_carb0.17,0.0010721992146140752,classical,20944.0,20944.0,0.07837301587301587,0.038369565217391294,0.12228260869565222,0.1695,0.1875,0.10368803899428983,30
b,esg0.8_carb0.17,0.0010721992146140752,classical,44940.0,44940.0,0.05086580086580089,0.03385007849293564,0.09027777777777779,0.0999487004103967,0.10809431524547804,0.06689780396796256,30
b,esg0.8_carb0.17,0.0010721992146140752,classical,96430.0,96430.0,0.018840579710144967,0.004744897959183675,0.048167293233082664,0.0608496732026144,0.08583333333333322,0.04153954156274995,30
b,esg0.8_carb0.17,0.0010721992146140752,classical,206914.0,206914.0,0.019794429708222816,0.008978731942215074,0.03785046728971961,0.04369260036735768,0.058791741042274276,0.030260991961221746,30
b,esg0.8_carb0.17,0.0010721992146140752,classical,443985.0,443985.0,0.013578222852416388,0.00706842393659049,0.02143752849977204,0.034548362014897784,0.03567832454065854,0.019038398367753517,30
b,esg0.8_carb0.17,0.0010721992146140752,classical,952681.0,952681.0,0.010752959375840698,0.004509303494621586,0.015487954928702724,0.019301226967637156,0.024787235940622317,0.01309362637124604,30
b,esg0.8_carb0.17,0.0010721992146140752,classical,2044214.0,2044214.0,0.00829661163488632,0.0032579701254341065,0.014633572530135613,0.01855848791664996,0.01914728779298018,0.010871753690284543,30
b,esg0.8_carb0.17,0.0010721992146140752,classical,4386370.0,4386370.0,0.0030472598243682647,0.0012846628013958028,0.006196117457575895,0.008617456780634917,0.011233704221509076,0.0054793643284337026,30
b,esg0.8_carb0.17,0.0010721992146140752,classical,9412050.0,9412050.0,0.0032019957559135115,0.0014957789775316699,0.005608257024172891,0.008382995629717916,0.009332826879436203,0.0049806483131898775,30
b,esg0.8_carb0.17,0.0010721992146140752,classical,20195898.0,20195898.0,0.0020917687448131494,0.001281580833808832,0.0032939672270110576,0.00497034588549792,0.006395818454081742,0.0033298771105172236,30
b,esg0.8_carb0.17,0.0010721992146140752,classical,43335330.0,43335330.0,0.0013651943493111496,0.0006093999112300463,0.0026185051584069197,0.003273483936028821,0.003910100450630226,0.0022320267233659065,30
b,esg0.8_carb0.17,0.0010721992146140752,classical,92986747.0,92986747.0,0.0006768066545493889,0.0003972827955286695,0.0017699927345471156,0.0023124299997907215,0.002554819735464918,0.0013383391372507195,30
b,esg0.8_carb0.17,0.0010721992146140752,classical,199526231.0,199526231.0,0.0006337860735993739,0.0002367712149196899,0.0012451160208394596,0.0015428512954495433,0.001669060532369243,0.0009255740521510911,30
b,esg0.8_carb0.17,0.0010721992146140752,iqae,0.4,14500.0,0.021491203696082428,0.010308705878607438,0.05009241000212605,0.07497309413046381,0.1042333853703559,0.06600570413078954,30
b,esg0.8_carb0.17,0.0010721992146140752,iqae,0.2,33350.0,0.011231679771251779,0.006834027879043525,0.02655957943208173,0.03832551006742605,0.04130352326841955,0.021919270074521213,30
b,esg0.8_carb0.17,0.0010721992146140752,iqae,0.1,69950.0,0.003987523393806258,0.001465320050389407,0.007259116158380624,0.012804120867330654,0.017735341257369714,0.008612790928482487,30
b,esg0.8_carb0.17,0.0010721992146140752,iqae,0.05,69050.0,0.003739085418886179,0.001499071751832587,0.005507874257224987,0.009194808979406914,0.014029991729482131,0.006548049175577005,30
b,esg0.8_carb0.17,0.0010721992146140752,iqae,0.025,289850.0,0.0008683893480593841,0.0006241650722255965,0.0014551096078637415,0.002248457321305886,0.0033711000354463916,0.003940641382655055,30
b,esg0.8_carb0.17,0.0010721992146140752,iqae,0.0125,350200.0,0.0006085943110584746,0.00037457893702769196,0.0014374788568650154,0.002418895371049579,0.0029112977107639093,0.0013167203603928204,30
b,esg0.8_carb0.17,0.0010721992146140752,iqae,0.006,1339850.0,0.00021203377027584347,7.632666019413703e-05,0.0004974102728398377,0.0006701866650674072,0.0008665131164716395,0.0004646289178050033,30
b,esg0.8_carb0.17,0.0010721992146140752,iqae,0.003,1441100.0,0.00021347151304945688,7.869064513893465e-05,0.00031698484911554803,0.000355559922062787,0.00041675871531182115,0.0002425451594837277,30
b,esg0.8_carb0.17,0.0010721992146140752,iqae,0.0015,6348200.0,5.930599631953637e-05,3.619017518580181e-05,0.00010654309928168071,0.00013489391705575617,0.00015104639252465075,0.0027138154215116893,30
b,esg0.8_carb0.17,0.0010721992146140752,iqae_s20,0.4,13230.0,0.01954242126913419,0.005811049600046719,0.03313748382189502,0.04791058188393706,0.057602720350507244,0.03132042400276637,30
b,esg0.8_carb0.17,0.0010721992146140752,iqae_s20,0.2,27390.0,0.012400906322784677,0.006046042766561371,0.017072460510722476,0.024695179083621167,0.029151103722242916,0.01870716168987592,30
b,esg0.8_carb0.17,0.0010721992146140752,iqae_s20,0.1,61310.0,0.004601662021841202,0.002701798469903649,0.00796674236798428,0.010013224809792977,0.012232817897944304,0.006542239636979211,30
b,esg0.8_carb0.17,0.0010721992146140752,iqae_s20,0.05,114180.0,0.0028336098886135863,0.0013231381636937267,0.004074918404366912,0.005902725452478475,0.006107973096035241,0.003683016683315278,30
b,esg0.8_carb0.17,0.0010721992146140752,iqae_s20,0.025,200100.0,0.0013271135543181378,0.0009653857859811266,0.002449836428243757,0.0040761085717799465,0.012292297200644235,0.01114031432404591,30
b,esg0.8_carb0.17,0.0010721992146140752,iqae_s20,0.0125,403390.0,0.000633014596099768,0.0003941344492731924,0.0009127947298563366,0.0020595277885715802,0.004208546683362779,0.037031868126156414,30
b,esg0.8_carb0.17,0.0010721992146140752,iqae_s20,0.006,899070.0,0.0002977976956663464,8.791114807674139e-05,0.0004957064575053238,0.0006338472708675826,0.0007240149861255873,0.00039517888142265344,30
b,esg0.8_carb0.17,0.0010721992146140752,iqae_s20,0.003,1791500.0,8.784917732251873e-05,4.6207556336663735e-05,0.0002906860190241556,0.0003953328258132438,0.0004310684705880251,0.003814040172752619,30
b,esg0.8_carb0.17,0.0010721992146140752,iqae_s20,0.0015,3677530.0,7.36534350784801e-05,3.3653821040285914e-05,9.97026004440904e-05,0.00015507929177199792,0.00021363797122253547,0.0022197472922637442,30
b,esg0.8_carb0.17,0.0010721992146140752,mlae_exp,3.0,180.0,0.3125,0.3125,0.6267532347894116,0.6874999999926193,0.6874999999926616,0.43907398181438484,30
b,esg0.8_carb0.17,0.0010721992146140752,mlae_exp,4.0,420.0,0.3125,0.3125,0.47733292184352033,0.687499999997924,0.6874999999982182,0.4287229048062303,30
b,esg0.8_carb0.17,0.0010721992146140752,mlae_exp,5.0,900.0,0.21340253393625436,0.10938952829606108,0.31089166808729546,0.3140456818930884,0.3353392938587348,0.2316507497772165,30
b,esg0.8_carb0.17,0.0010721992146140752,mlae_exp,6.0,1860.0,0.10295015934081131,0.05805646990119884,0.18864089417825836,0.2613177223154719,0.30962963894671863,0.1572035657913804,30
b,esg0.8_carb0.17,0.0010721992146140752,mlae_exp,7.0,3780.0,0.05834956442102335,0.04179952158857453,0.0790502669474589,0.14724378648616412,0.15625989241244242,0.08579298473732998,30
b,esg0.8_carb0.17,0.0010721992146140752,mlae_exp,8.0,7620.0,0.04296395485029181,0.018496810024010296,0.0768848362412084,0.24791500502787694,0.26154673474615703,0.10931585836414824,30
b,esg0.8_carb0.17,0.0010721992146140752,mlae_exp,9.0,15300.0,0.01439622171778765,0.008531003403612347,0.02205819803135084,0.049112208618973925,0.15948499433343893,0.07043525186225656,30
b,esg0.8_carb0.17,0.0010721992146140752,mlae_exp,10.0,30660.0,0.007489032521017069,0.0032705554696431938,0.015152526202807243,0.018080844900077137,0.03338968078388403,0.046470693462273366,30
b,esg0.8_carb0.17,0.0010721992146140752,mlae_exp,11.0,61380.0,0.005605639322274425,0.003017011231209038,0.030896457321838877,0.0669190832139335,0.23986071557918323,0.08213935395719385,30
b,esg0.8_carb0.17,0.0010721992146140752,mlae_exp,12.0,122820.0,0.0020223137887461218,0.0007755199264815049,0.0033924678183380463,0.06226379742625003,0.23755282296537142,0.07580352407949147,30
b,esg0.8_carb0.17,0.0010721992146140752,mlae_exp,13.0,245700.0,0.000925009444564695,0.0004968913823014398,0.005810544839780329,0.23978482070939547,0.2613842402417769,0.09538126197830464,30
b,esg0.8_carb0.17,0.0010721992146140752,mcmc,6.0,592.0,0.3125,0.3125,0.6875,0.6875,0.6875,0.44750465546926627,48
b,esg0.8_carb0.17,0.0010721992146140752,mcmc,8.0,594.0,0.3125,0.3125,0.6875,0.6875,0.6875,0.4538926288435609,48
b,esg0.8_carb0.17,0.0010721992146140752,mcmc,11.0,597.0,0.3125,0.3125,0.6875,0.6875,0.6875,0.4557217261297366,48
b,esg0.8_carb0.17,0.0010721992146140752,mcmc,16.0,602.0,0.3125,0.3125,0.6875,0.6875,0.6875,0.4573853833354197,48
b,esg0.8_carb0.17,0.0010721992146140752,mcmc,23.0,609.0,0.3125,0.3125,0.6433823529411764,0.6875,0.6875,0.4637359184044885,48
b,esg0.8_carb0.17,0.0010721992146140752,mcmc,32.0,618.0,0.3125,0.3125,0.6041666666666666,0.6875,0.6875,0.4421053900665835,48
b,esg0.8_carb0.17,0.0010721992146140752,mcmc,45.0,631.0,0.3125,0.3125,0.5477941176470588,0.6875,0.6875,0.4331011349988071,48
b,esg0.8_carb0.17,0.0010721992146140752,mcmc,64.0,650.0,0.3125,0.3125,0.5625,0.6875,0.6875,0.42167133286834063,48
b,esg0.8_carb0.17,0.0010721992146140752,mcmc,91.0,677.0,0.3125,0.2573529411764706,0.31433823529411764,0.6154411764705887,0.6875,0.3571731069328041,48
b,esg0.8_carb0.17,0.0010721992146140752,mcmc,128.0,714.0,0.3125,0.13020833333333331,0.3125,0.3885416666666672,0.6364583333333331,0.30633015178457557,48
b,esg0.8_carb0.17,0.0010721992146140752,mcmc,181.0,767.0,0.30514705882352944,0.13602941176470584,0.3125,0.4000000000000001,0.5323529411764706,0.2992053826638055,48
b,esg0.8_carb0.17,0.0010721992146140752,mcmc,256.0,842.0,0.23697916666666669,0.10026041666666663,0.3125,0.3125,0.5309895833333331,0.2732690039714335,48
b,esg0.8_carb0.17,0.0010721992146140752,mcmc,362.0,948.0,0.2004151291512915,0.09444188191881916,0.3125,0.31429889298892993,0.34266605166051656,0.24565229392890647,48
b,esg0.8_carb0.17,0.0010721992146140752,mcmc,512.0,1098.0,0.22005208333333331,0.08203125000000003,0.3125,0.34348958333333335,0.4007812499999999,0.25942846357459237,48
b,esg0.8_carb0.17,0.0010721992146140752,mcmc,724.0,1310.0,0.212707182320442,0.06779465930018419,0.3125,0.36079650092081034,0.5308701657458563,0.2689038661139538,48
b,esg0.8_carb0.17,0.0010721992146140752,mcmc,1024.0,1610.0,0.24153645833333331,0.09960937499999997,0.3125,0.3707031250000008,0.6101562499999998,0.2856766332813861,48
b,esg0.8_carb0.17,0.0010721992146140752,mcmc,1448.0,2034.0,0.16010589318600366,0.08764963167587475,0.3125,0.35262430939226574,0.5427025782688766,0.2641426044791748,48
b,esg0.8_carb0.17,0.0010721992146140752,mcmc,2048.0,2634.0,0.15201822916666663,0.054524739583333315,0.3125,0.3738281250000009,0.5319010416666666,0.25864019797383314,48
b,esg0.8_carb0.17,0.0010721992146140752,mcmc,2896.0,3482.0,0.11809392265193375,0.07084484346224676,0.3125,0.3319060773480666,0.45842541436464074,0.23900961682194674,48
b,esg0.8_carb0.17,0.0010721992146140752,mcmc,4096.0,4682.0,0.12776692708333337,0.05834960937499997,0.3125,0.3195312500000001,0.4810546874999999,0.2430462396440983,48
b,esg0.8_carb0.17,0.0010721992146140752,mcmc,5793.0,6379.0,0.10621403912543154,0.061183831990793996,0.3125,0.3267405063291141,0.449674913693901,0.24255377446073892,48
b,esg0.8_carb0.17,0.0010721992146140752,mcmc,8192.0,8778.0,0.11092122395833331,0.053426106770833315,0.3125,0.36038411458333364,0.4629557291666666,0.24530195815141725,48
b,esg0.8_carb0.17,0.0010721992146140752,mcmc,11585.0,12171.0,0.11587207964092533,0.03968379560363677,0.3125,0.41544337668316267,0.43807544021176203,0.24378981027263447,48
b,esg0.8_carb0.17,0.0010721992146140752,mcmc,16384.0,16970.0,0.11360677083333331,0.0330810546875,0.3125,0.44510091145833336,0.4488972981770833,0.2438597808681197,48
b,esg0.8_carb0.17,0.0010721992146140752,mcmc,23170.0,23756.0,0.1255395062438856,0.02249561201588307,0.3125,0.42624086436093694,0.4656176267480002,0.2446859126505236,48
b,esg0.8_carb0.17,0.0010721992146140752,mcmc,32768.0,33354.0,0.10646565755208331,0.026631673177083315,0.3125,0.4096923828125001,0.4325724283854167,0.24036460777790944,48
b,esg0.8_carb0.17,0.0010721992146140752,mcmc,46341.0,46927.0,0.10632696512832318,0.025233053285763613,0.3125,0.40403815168603985,0.4262443894579353,0.2388119851380599,48
b,esg0.8_carb0.17,0.0010721992146140752,mcmc,65536.0,66122.0,0.109375,0.01810709635416663,0.3125,0.4157857259114584,0.43829447428385415,0.24106636865208636,48
b,esg0.8_carb0.17,0.0010721992146140752,mcmc,92682.0,93268.0,0.11895068477385201,0.01745382092300607,0.3125,0.41082690758430207,0.4289511163540108,0.23962078172910853,48
b,esg0.8_carb0.17,0.0010721992146140752,mcmc,131072.0,131658.0,0.11144510904947913,0.01800028483072913,0.3125,0.41867268880208336,0.43770599365234375,0.2408021086585598,48
b,esg0.8_carb0.17,0.0010721992146140752,mcmc,185364.0,185950.0,0.10771958596778952,0.01153878315098944,0.3125,0.4317725304446028,0.4479184199736734,0.24247031303726568,48
b,esg0.8_carb0.17,0.0010721992146140752,mcmc,262144.0,262730.0,0.10414377848307288,0.010087331136067718,0.3125,0.42285868326822923,0.44164810180664066,0.24065545252938536,48
b,esg0.8_carb0.17,0.0010721992146140752,mcmc,370728.0,371314.0,0.10170754119821901,0.009972720341238472,0.3125,0.42652699553311324,0.44193937334110184,0.24084524152445638,48
b,esg0.8_carb0.17,0.0010721992146140752,mcmc,524288.0,524874.0,0.10121027628580731,0.008917490641276032,0.3125,0.4274604797363281,0.4382422129313151,0.24018574772023732,48
b,esg0.8_carb0.17,0.0010721992146140752,mcmc,741455.0,742041.0,0.10211716697446999,0.008235949691687144,0.3125,0.4279944514476947,0.4357601768415601,0.23973473635653805,48
b,esg0.8_carb0.17,0.0010721992146140752,mcmc,1048576.0,1049162.0,0.09714762369791669,0.00732930501302087,0.3125,0.4349870045979818,0.43867886861165367,0.24042269674463942,48
d_shared_iid,esg0.8_carb0.17,0.0010721992146140752,iid_pct,100.0,100.0,0.5,0.5,0.5,0.5,0.5,0.5023382824352529,30
d_shared_iid,esg0.8_carb0.17,0.0010721992146140752,iid_pct,215.0,215.0,0.5,0.5,0.5,0.5,0.5,0.4739297152532219,30
d_shared_iid,esg0.8_carb0.17,0.0010721992146140752,iid_pct,460.0,460.0,0.5,0.3125,0.5,0.5187500000000003,0.6875,0.46071037640357737,30
d_shared_iid,esg0.8_carb0.17,0.0010721992146140752,iid_pct,988.0,988.0,0.40625,0.3125,0.5,0.5,0.6031249999999995,0.4271087390817472,30
d_shared_iid,esg0.8_carb0.17,0.0010721992146140752,iid_pct,2120.0,2120.0,0.3125,0.13125000000000003,0.3125,0.5,0.6031249999999995,0.3187023384846047,30
d_shared_iid,esg0.8_carb0.17,0.0010721992146140752,iid_pct,4549.0,4549.0,0.1875,0.0625,0.28125,0.3125,0.3125,0.227820100735909,30
d_shared_iid,esg0.8_carb0.17,0.0010721992146140752,iid_pct,9761.0,9761.0,0.08461538461538465,0.03287337662337664,0.1875,0.24090909090909104,0.3125,0.14622355698791967,30
d_shared_iid,esg0.8_carb0.17,0.0010721992146140752,iid_pct,20944.0,20944.0,0.06234035759897827,0.032370689655172424,0.11607142857142858,0.1888888888888889,0.20749999999999996,0.10936019325173832,30
d_shared_iid,esg0.8_carb0.17,0.0010721992146140752,iid_pct,44940.0,44940.0,0.047411707789066226,0.030030657748049028,0.10392441860465113,0.14433962264150949,0.1630263460653474,0.08510718481229804,30
d_shared_iid,esg0.8_carb0.17,0.0010721992146140752,iid_pct,96430.0,96430.0,0.02083333333333337,0.010632065067548963,0.0510867449104461,0.05902061855670105,0.0625,0.041016118029818846,30
d_shared_iid,esg0.8_carb0.17,0.0010721992146140752,iid_pct,206914.0,206914.0,0.019721860767729305,0.006371814092953509,0.03301846831582514,0.044079939668174986,0.06033889517345387,0.030515223708363765,30
d_shared_iid,esg0.8_carb0.17,0.0010721992146140752,iid_pct,443985.0,443985.0,0.009507408603307843,0.00497668139420715,0.01883881186448169,0.026574325120829904,0.03835129434878071,0.01840904674815281,30
d_shared_iid,esg0.8_carb0.17,0.0010721992146140752,iid_pct,952681.0,952681.0,0.009086347251846538,0.005310092622360402,0.01888066202090591,0.028608302278515036,0.03270333141022795,0.016731632525646026,30
d_shared_iid,esg0.8_carb0.17,0.0010721992146140752,iid_pct,2044214.0,2044214.0,0.006404903697042497,0.0029198314587821073,0.01168629060950177,0.01765506802113085,0.019218376331889636,0.010396206583935239,30
d_shared_iid,esg0.8_carb0.17,0.0010721992146140752,iid_pct,4386370.0,4386370.0,0.004651645531400961,0.0021333867025408737,0.007391423253019169,0.011229827494405,0.01416197901541408,0.00666633206662045,30
d_shared_iid,esg0.8_carb0.17,0.0010721992146140752,iid_pct,9412050.0,9412050.0,0.0032319319347087205,0.0019103309613306696,0.005022588700227565,0.007355312410069705,0.008459804133286241,0.004790991895756065,30
d_shared_iid,esg0.8_carb0.17,0.0010721992146140752,iid_pct,20195898.0,20195898.0,0.0022867058710195343,0.0008802141682538178,0.004407637281322985,0.005783454659216536,0.006175451965122662,0.0033017961815977703,30
d_shared_iid,esg0.8_carb0.17,0.0010721992146140752,iid_pct,43335330.0,43335330.0,0.001921638419410343,0.0008903866619936474,0.0031595985850303987,0.0036176352818452226,0.004893370911688623,0.0025466422686741476,30
d_shared_iid,esg0.8_carb0.17,0.0010721992146140752,iid_pct,92986747.0,92986747.0,0.0010186242456033945,0.0005929378125503204,0.0019319632589646918,0.0023283107187381915,0.002704023571596247,0.0015656355107295144,30
d_shared_iid,esg0.8_carb0.17,0.0010721992146140752,iid_pct,199526231.0,199526231.0,0.0006839603929778559,0.00040894701311647297,0.0011956905542617746,0.0013757763505040433,0.0015025347829997592,0.0009819466202706248,30
d_shared_iid,esg0.8_carb0.17,0.0010721992146140752,iid_med,100.0,100.0,0.5,0.5,0.5,0.5,0.5,0.4892303692195188,30
d_shared_iid,esg0.8_carb0.17,0.0010721992146140752,iid_med,215.0,215.0,0.5,0.5,0.5,0.5,0.5,0.46833731834010406,30
d_shared_iid,esg0.8_carb0.17,0.0010721992146140752,iid_med,460.0,460.0,0.478125,0.290625,0.5,0.5,0.5,0.4067128773266631,30
d_shared_iid,esg0.8_carb0.17,0.0010721992146140752,iid_med,988.0,988.0,0.39375,0.159375,0.5,0.5,0.5,0.3730243094178537,30
d_shared_iid,esg0.8_carb0.17,0.0010721992146140752,iid_med,2120.0,2120.0,0.23125,0.09687499999999999,0.346875,0.46062500000000006,0.5,0.2845569472882361,30
d_shared_iid,esg0.8_carb0.17,0.0010721992146140752,iid_med,4549.0,4549.0,0.13749999999999998,0.06874999999999998,0.2125,0.28375000000000006,0.3681249999999997,0.19377687985584519,30
d_shared_iid,esg0.8_carb0.17,0.0010721992146140752,iid_med,9761.0,9761.0,0.125,0.04687499999999997,0.17812500000000003,0.21125000000000005,0.28374999999999984,0.1495392228369088,30
d_shared_iid,esg0.8_carb0.17,0.0010721992146140752,iid_med,20944.0,20944.0,0.08125000000000002,0.03437499999999999,0.1375,0.18125000000000002,0.20187499999999992,0.11202445789499126,30
d_shared_iid,esg0.8_carb0.17,0.0010721992146140752,iid_med,44940.0,44940.0,0.08124999999999999,0.03437499999999999,0.128125,0.17000000000000004,0.18125000000000002,0.10800028935146425,30
d_shared_iid,esg0.8_carb0.17,0.0010721992146140752,iid_med,96430.0,96430.0,0.03749999999999998,0.01874999999999999,0.05625000000000002,0.06999999999999999,0.08124999999999999,0.044808620822337296,30
d_shared_iid,esg0.8_carb0.17,0.0010721992146140752,iid_med,206914.0,206914.0,0.018750000000000044,0.00937499999999998,0.03125,0.05625000000000002,0.05625000000000002,0.031082886502597107,30
d_shared_iid,esg0.8_carb0.17,0.0010721992146140752,iid_med,443985.0,443985.0,0.01874999999999999,0.006249999999999978,0.018750000000000044,0.03125,0.03125,0.02034852574512464,30
d_shared_iid,esg0.8_carb0.17,0.0010721992146140752,iid_med,952681.0,952681.0,0.006249999999999978,0.006249999999999978,0.01874999999999999,0.018750000000000044,0.025624999999999985,0.016056540723331413,30
d_shared_iid,esg0.8_carb0.17,0.0010721992146140752,iid_med,2044214.0,2044214.0,0.006249999999999978,0.006249999999999978,0.006249999999999978,0.018750000000000044,0.025624999999999985,0.011967838846954224,30
d_shared_iid,esg0.8_carb0.17,0.0010721992146140752,iid_med,4386370.0,4386370.0,0.006249999999999978,0.006249999999999978,0.006249999999999978,0.01874999999999999,0.01875000000000002,0.00898494110535325,30
d_shared_iid,esg0.8_carb0.17,0.0010721992146140752,iid_med,9412050.0,9412050.0,0.006249999999999978,0.006249999999999978,0.006249999999999978,0.006249999999999978,0.006249999999999978,0.006249999999999979,30
d_shared_iid,esg0.8_carb0.17,0.0010721992146140752,iid_med,20195898.0,20195898.0,0.006249999999999978,0.006249999999999978,0.006249999999999978,0.006249999999999978,0.006249999999999978,0.006249999999999979,30
d_shared_iid,esg0.8_carb0.17,0.0010721992146140752,iid_med,43335330.0,43335330.0,0.006249999999999978,0.006249999999999978,0.006249999999999978,0.006249999999999978,0.006249999999999978,0.006249999999999979,30
d_shared_iid,esg0.8_carb0.17,0.0010721992146140752,iid_med,92986747.0,92986747.0,0.006249999999999978,0.006249999999999978,0.006249999999999978,0.006249999999999978,0.006249999999999978,0.006249999999999979,30
d_shared_iid,esg0.8_carb0.17,0.0010721992146140752,iid_med,199526231.0,199526231.0,0.006249999999999978,0.006249999999999978,0.006249999999999978,0.006249999999999978,0.006249999999999978,0.006249999999999979,30
d_shared_iid,esg0.8_carb0.17,0.0010721992146140752,mcmc_pct,6.0,592.0,0.3125,0.3125,0.6875,0.6875,0.6875,0.44750465546926627,48
d_shared_iid,esg0.8_carb0.17,0.0010721992146140752,mcmc_pct,8.0,594.0,0.3125,0.3125,0.6875,0.6875,0.6875,0.4538926288435609,48
d_shared_iid,esg0.8_carb0.17,0.0010721992146140752,mcmc_pct,11.0,597.0,0.3125,0.3125,0.6875,0.6875,0.6875,0.4557217261297366,48
d_shared_iid,esg0.8_carb0.17,0.0010721992146140752,mcmc_pct,16.0,602.0,0.3125,0.3125,0.6875,0.6875,0.6875,0.4573853833354197,48
d_shared_iid,esg0.8_carb0.17,0.0010721992146140752,mcmc_pct,23.0,609.0,0.3125,0.3125,0.6433823529411764,0.6875,0.6875,0.4637359184044885,48
d_shared_iid,esg0.8_carb0.17,0.0010721992146140752,mcmc_pct,32.0,618.0,0.3125,0.3125,0.6041666666666666,0.6875,0.6875,0.4421053900665835,48
d_shared_iid,esg0.8_carb0.17,0.0010721992146140752,mcmc_pct,45.0,631.0,0.3125,0.3125,0.5477941176470588,0.6875,0.6875,0.4331011349988071,48
d_shared_iid,esg0.8_carb0.17,0.0010721992146140752,mcmc_pct,64.0,650.0,0.3125,0.3125,0.5625,0.6875,0.6875,0.42167133286834063,48
d_shared_iid,esg0.8_carb0.17,0.0010721992146140752,mcmc_pct,91.0,677.0,0.3125,0.2573529411764706,0.31433823529411764,0.6154411764705887,0.6875,0.3571731069328041,48
d_shared_iid,esg0.8_carb0.17,0.0010721992146140752,mcmc_pct,128.0,714.0,0.3125,0.13020833333333331,0.3125,0.3885416666666672,0.6364583333333331,0.30633015178457557,48
d_shared_iid,esg0.8_carb0.17,0.0010721992146140752,mcmc_pct,181.0,767.0,0.30514705882352944,0.13602941176470584,0.3125,0.4000000000000001,0.5323529411764706,0.2992053826638055,48
d_shared_iid,esg0.8_carb0.17,0.0010721992146140752,mcmc_pct,256.0,842.0,0.23697916666666669,0.10026041666666663,0.3125,0.3125,0.5309895833333331,0.2732690039714335,48
d_shared_iid,esg0.8_carb0.17,0.0010721992146140752,mcmc_pct,362.0,948.0,0.2004151291512915,0.09444188191881916,0.3125,0.31429889298892993,0.34266605166051656,0.24565229392890647,48
d_shared_iid,esg0.8_carb0.17,0.0010721992146140752,mcmc_pct,512.0,1098.0,0.22005208333333331,0.08203125000000003,0.3125,0.34348958333333335,0.4007812499999999,0.25942846357459237,48
d_shared_iid,esg0.8_carb0.17,0.0010721992146140752,mcmc_pct,724.0,1310.0,0.212707182320442,0.06779465930018419,0.3125,0.36079650092081034,0.5308701657458563,0.2689038661139538,48
d_shared_iid,esg0.8_carb0.17,0.0010721992146140752,mcmc_pct,1024.0,1610.0,0.24153645833333331,0.09960937499999997,0.3125,0.3707031250000008,0.6101562499999998,0.2856766332813861,48
d_shared_iid,esg0.8_carb0.17,0.0010721992146140752,mcmc_pct,1448.0,2034.0,0.16010589318600366,0.08764963167587475,0.3125,0.35262430939226574,0.5427025782688766,0.2641426044791748,48
d_shared_iid,esg0.8_carb0.17,0.0010721992146140752,mcmc_pct,2048.0,2634.0,0.15201822916666663,0.054524739583333315,0.3125,0.3738281250000009,0.5319010416666666,0.25864019797383314,48
d_shared_iid,esg0.8_carb0.17,0.0010721992146140752,mcmc_pct,2896.0,3482.0,0.11809392265193375,0.07084484346224676,0.3125,0.3319060773480666,0.45842541436464074,0.23900961682194674,48
d_shared_iid,esg0.8_carb0.17,0.0010721992146140752,mcmc_pct,4096.0,4682.0,0.12776692708333337,0.05834960937499997,0.3125,0.3195312500000001,0.4810546874999999,0.2430462396440983,48
d_shared_iid,esg0.8_carb0.17,0.0010721992146140752,mcmc_pct,5793.0,6379.0,0.10621403912543154,0.061183831990793996,0.3125,0.3267405063291141,0.449674913693901,0.24255377446073892,48
d_shared_iid,esg0.8_carb0.17,0.0010721992146140752,mcmc_pct,8192.0,8778.0,0.11092122395833331,0.053426106770833315,0.3125,0.36038411458333364,0.4629557291666666,0.24530195815141725,48
d_shared_iid,esg0.8_carb0.17,0.0010721992146140752,mcmc_pct,11585.0,12171.0,0.11587207964092533,0.03968379560363677,0.3125,0.41544337668316267,0.43807544021176203,0.24378981027263447,48
d_shared_iid,esg0.8_carb0.17,0.0010721992146140752,mcmc_pct,16384.0,16970.0,0.11360677083333331,0.0330810546875,0.3125,0.44510091145833336,0.4488972981770833,0.2438597808681197,48
d_shared_iid,esg0.8_carb0.17,0.0010721992146140752,mcmc_pct,23170.0,23756.0,0.1255395062438856,0.02249561201588307,0.3125,0.42624086436093694,0.4656176267480002,0.2446859126505236,48
d_shared_iid,esg0.8_carb0.17,0.0010721992146140752,mcmc_pct,32768.0,33354.0,0.10646565755208331,0.026631673177083315,0.3125,0.4096923828125001,0.4325724283854167,0.24036460777790944,48
d_shared_iid,esg0.8_carb0.17,0.0010721992146140752,mcmc_pct,46341.0,46927.0,0.10632696512832318,0.025233053285763613,0.3125,0.40403815168603985,0.4262443894579353,0.2388119851380599,48
d_shared_iid,esg0.8_carb0.17,0.0010721992146140752,mcmc_pct,65536.0,66122.0,0.109375,0.01810709635416663,0.3125,0.4157857259114584,0.43829447428385415,0.24106636865208636,48
d_shared_iid,esg0.8_carb0.17,0.0010721992146140752,mcmc_pct,92682.0,93268.0,0.11895068477385201,0.01745382092300607,0.3125,0.41082690758430207,0.4289511163540108,0.23962078172910853,48
d_shared_iid,esg0.8_carb0.17,0.0010721992146140752,mcmc_pct,131072.0,131658.0,0.11144510904947913,0.01800028483072913,0.3125,0.41867268880208336,0.43770599365234375,0.2408021086585598,48
d_shared_iid,esg0.8_carb0.17,0.0010721992146140752,mcmc_pct,185364.0,185950.0,0.10771958596778952,0.01153878315098944,0.3125,0.4317725304446028,0.4479184199736734,0.24247031303726568,48
d_shared_iid,esg0.8_carb0.17,0.0010721992146140752,mcmc_pct,262144.0,262730.0,0.10414377848307288,0.010087331136067718,0.3125,0.42285868326822923,0.44164810180664066,0.24065545252938536,48
d_shared_iid,esg0.8_carb0.17,0.0010721992146140752,mcmc_pct,370728.0,371314.0,0.10170754119821901,0.009972720341238472,0.3125,0.42652699553311324,0.44193937334110184,0.24084524152445638,48
d_shared_iid,esg0.8_carb0.17,0.0010721992146140752,mcmc_pct,524288.0,524874.0,0.10121027628580731,0.008917490641276032,0.3125,0.4274604797363281,0.4382422129313151,0.24018574772023732,48
d_shared_iid,esg0.8_carb0.17,0.0010721992146140752,mcmc_pct,741455.0,742041.0,0.10211716697446999,0.008235949691687144,0.3125,0.4279944514476947,0.4357601768415601,0.23973473635653805,48
d_shared_iid,esg0.8_carb0.17,0.0010721992146140752,mcmc_pct,1048576.0,1049162.0,0.09714762369791669,0.00732930501302087,0.3125,0.4349870045979818,0.43867886861165367,0.24042269674463942,48
d_shared_iid,esg0.8_carb0.17,0.0010721992146140752,mcmc_med,6.0,592.0,0.19999999999999998,0.09062500000000001,0.35,0.47250000000000003,0.48124999999999996,0.27340922472854984,48
d_shared_iid,esg0.8_carb0.17,0.0010721992146140752,mcmc_med,8.0,594.0,0.19999999999999998,0.09375,0.375,0.47250000000000003,0.48124999999999996,0.27784981704750744,48
d_shared_iid,esg0.8_carb0.17,0.0010721992146140752,mcmc_med,11.0,597.0,0.21250000000000002,0.115625,0.39375,0.47250000000000003,0.48124999999999996,0.28728479264195894,48
d_shared_iid,esg0.8_carb0.17,0.0010721992146140752,mcmc_med,16.0,602.0,0.22499999999999998,0.11875000000000002,0.39375,0.48124999999999996,0.489375,0.29240605685131305,48
d_shared_iid,esg0.8_carb0.17,0.0010721992146140752,mcmc_med,23.0,609.0,0.26875000000000004,0.11875000000000002,0.41874999999999996,0.48124999999999996,0.489375,0.30925397464435816,48
d_shared_iid,esg0.8_carb0.17,0.0010721992146140752,mcmc_med,32.0,618.0,0.26875000000000004,0.128125,0.41874999999999996,0.48124999999999996,0.489375,0.3130515965193811,48
d_shared_iid,esg0.8_carb0.17,0.0010721992146140752,mcmc_med,45.0,631.0,0.2625,0.11875000000000002,0.41874999999999996,0.48124999999999996,0.49375,0.30972728259443555,48
d_shared_iid,esg0.8_carb0.17,0.0010721992146140752,mcmc_med,64.0,650.0,0.2625,0.11875000000000002,0.38437499999999997,0.48124999999999996,0.489375,0.2985642728124047,48
d_shared_iid,esg0.8_carb0.17,0.0010721992146140752,mcmc_med,91.0,677.0,0.20625000000000002,0.11875000000000002,0.36875,0.47250000000000003,0.489375,0.27938035975470193,48
d_shared_iid,esg0.8_carb0.17,0.0010721992146140752,mcmc_med,128.0,714.0,0.18125000000000002,0.11875000000000002,0.36875,0.45625,0.47687499999999994,0.27264617638984046,48
d_shared_iid,esg0.8_carb0.17,0.0010721992146140752,mcmc_med,181.0,767.0,0.19999999999999998,0.10625,0.36875,0.46,0.48125,0.2775333125650565,48
d_shared_iid,esg0.8_carb0.17,0.0010721992146140752,mcmc_med,256.0,842.0,0.18125000000000002,0.11562500000000002,0.3125,0.3975000000000001,0.45625,0.24942642535759252,48
d_shared_iid,esg0.8_carb0.17,0.0010721992146140752,mcmc_med,362.0,948.0,0.19374999999999998,0.0875,0.25625,0.36750000000000016,0.4306249999999999,0.22818920329410855,48
d_shared_iid,esg0.8_carb0.17,0.0010721992146140752,mcmc_med,512.0,1098.0,0.18125000000000002,0.09062500000000001,0.33437500000000003,0.38125,0.4262499999999999,0.23822531788903825,48
d_shared_iid,esg0.8_carb0.17,0.0010721992146140752,mcmc_med,724.0,1310.0,0.17500000000000002,0.06874999999999998,0.33125,0.39375,0.45187499999999997,0.24408363918269219,48
d_shared_iid,esg0.8_carb0.17,0.0010721992146140752,mcmc_med,1024.0,1610.0,0.16874999999999998,0.07812500000000003,0.33437500000000003,0.43500000000000005,0.45625,0.2544525373227785,48
d_shared_iid,esg0.8_carb0.17,0.0010721992146140752,mcmc_med,1448.0,2034.0,0.15625,0.09375,0.303125,0.43875000000000014,0.45625,0.24192694317362284,48
d_shared_iid,esg0.8_carb0.17,0.0010721992146140752,mcmc_med,2048.0,2634.0,0.14375000000000004,0.09375,0.303125,0.40125000000000016,0.45625,0.2378697779248133,48
d_shared_iid,esg0.8_carb0.17,0.0010721992146140752,mcmc_med,2896.0,3482.0,0.14375000000000002,0.05625000000000002,0.221875,0.4012500000000001,0.44312499999999994,0.22079402165819617,48
d_shared_iid,esg0.8_carb0.17,0.0010721992146140752,mcmc_med,4096.0,4682.0,0.11249999999999999,0.04375,0.2375,0.39375,0.41875,0.21611508315401465,48
d_shared_iid,esg0.8_carb0.17,0.0010721992146140752,mcmc_med,5793.0,6379.0,0.13125,0.05625000000000002,0.284375,0.385,0.41875,0.21159427075577134,48
d_shared_iid,esg0.8_carb0.17,0.0010721992146140752,mcmc_med,8192.0,8778.0,0.10624999999999996,0.05625000000000002,0.284375,0.4012500000000001,0.41875,0.21262251370288454,48
d_shared_iid,esg0.8_carb0.17,0.0010721992146140752,mcmc_med,11585.0,12171.0,0.11875000000000002,0.04375000000000001,0.284375,0.4012500000000001,0.41875,0.2131118642090737,48
d_shared_iid,esg0.8_carb0.17,0.0010721992146140752,mcmc_med,16384.0,16970.0,0.10625000000000001,0.04375000000000001,0.284375,0.4012500000000001,0.41875,0.21706193912491123,48
d_shared_iid,esg0.8_carb0.17,0.0010721992146140752,mcmc_med,23170.0,23756.0,0.09375,0.04062500000000001,0.246875,0.4012500000000001,0.41875,0.21318822376013175,48
d_shared_iid,esg0.8_carb0.17,0.0010721992146140752,mcmc_med,32768.0,33354.0,0.10625000000000001,0.03125,0.29374999999999996,0.40125000000000016,0.41875,0.2159493333708936,48
d_shared_iid,esg0.8_carb0.17,0.0010721992146140752,mcmc_med,46341.0,46927.0,0.10625000000000001,0.03125,0.246875,0.4012500000000001,0.41875,0.2082760337868954,48
d_shared_iid,esg0.8_carb0.17,0.0010721992146140752,mcmc_med,65536.0,66122.0,0.1375,0.03125,0.29374999999999996,0.40125000000000016,0.41875,0.21912170799961073,48
d_shared_iid,esg0.8_carb0.17,0.0010721992146140752,mcmc_med,92682.0,93268.0,0.15625,0.018750000000000044,0.246875,0.4012500000000001,0.41875,0.21049915874732927,48
d_shared_iid,esg0.8_carb0.17,0.0010721992146140752,mcmc_med,131072.0,131658.0,0.15625,0.03125,0.246875,0.4012500000000001,0.41875,0.21113224035344927,48
d_shared_iid,esg0.8_carb0.17,0.0010721992146140752,mcmc_med,185364.0,185950.0,0.1375,0.03125,0.29374999999999996,0.40125000000000016,0.41875,0.21608495628648777,48
d_shared_iid,esg0.8_carb0.17,0.0010721992146140752,mcmc_med,262144.0,262730.0,0.11875000000000002,0.03125,0.29374999999999996,0.40125000000000016,0.41875,0.21510353611691277,48
d_shared_iid,esg0.8_carb0.17,0.0010721992146140752,mcmc_med,370728.0,371314.0,0.06874999999999998,0.03125,0.29374999999999996,0.40125000000000016,0.41875,0.21375243663328536,48
d_shared_iid,esg0.8_carb0.17,0.0010721992146140752,mcmc_med,524288.0,524874.0,0.09375,0.03125,0.29374999999999996,0.40125000000000016,0.41875,0.2171219175563198,48
d_shared_iid,esg0.8_carb0.17,0.0010721992146140752,mcmc_med,741455.0,742041.0,0.06874999999999998,0.03125,0.246875,0.4012500000000001,0.41875,0.21134798023638646,48
d_shared_iid,esg0.8_carb0.17,0.0010721992146140752,mcmc_med,1048576.0,1049162.0,0.06874999999999998,0.03125,0.246875,0.4012500000000001,0.41875,0.2104063528825433,48
c,esg0.8_carb0.17,0.0010721992146140752,classical,100.0,100.0,0.5,0.5,0.5,0.5,0.5,0.49599174640310295,20
c,esg0.8_carb0.17,0.0010721992146140752,classical,222.0,222.0,0.5,0.5,0.5,0.5,0.5,0.4757723983166741,20
c,esg0.8_carb0.17,0.0010721992146140752,classical,492.0,492.0,0.5,0.18749999999999997,0.5,0.5,0.5,0.4066440396710617,20
c,esg0.8_carb0.17,0.0010721992146140752,classical,1093.0,1093.0,0.3125,0.175,0.5,0.5,0.5,0.35796735186326695,20
c,esg0.8_carb0.17,0.0010721992146140752,classical,2424.0,2424.0,0.25,0.18125,0.44999999999999996,0.5,0.5,0.3180998270983497,20
c,esg0.8_carb0.17,0.0010721992146140752,classical,5380.0,5380.0,0.13749999999999996,0.09687499999999999,0.278125,0.3062500000000001,0.3650000000000001,0.21268374408966945,20
c,esg0.8_carb0.17,0.0010721992146140752,classical,11938.0,11938.0,0.09999999999999998,0.04999999999999999,0.15000000000000002,0.20125000000000004,0.22125000000000014,0.14339630399699985,20
c,esg0.8_carb0.17,0.0010721992146140752,classical,26490.0,26490.0,0.0625,0.03749999999999998,0.09999999999999998,0.1175000000000001,0.164375,0.08551315688243534,20
c,esg0.8_carb0.17,0.0010721992146140752,classical,58780.0,58780.0,0.025000000000000022,0.012499999999999997,0.08750000000000002,0.11249999999999999,0.11249999999999999,0.061682148957376635,20
c,esg0.8_carb0.17,0.0010721992146140752,classical,130432.0,130432.0,0.03749999999999998,0.025000000000000022,0.06875,0.08750000000000002,0.08812500000000002,0.05258920991990658,20
c,esg0.8_carb0.17,0.0010721992146140752,classical,289427.0,289427.0,0.018750000000000017,0.009374999999999967,0.025000000000000022,0.026250000000000037,0.03937500000000001,0.02531057091414574,20
c,esg0.8_carb0.17,0.0010721992146140752,classical,642233.0,642233.0,0.012499999999999983,0.0,0.015625000000000014,0.03749999999999998,0.03749999999999998,0.01832859787326897,20
c,esg0.8_carb0.17,0.0010721992146140752,classical,1425103.0,1425103.0,0.012500000000000011,0.009374999999999967,0.012500000000000011,0.025000000000000022,0.02562500000000003,0.015811388300841903,20
c,esg0.8_carb0.17,0.0010721992146140752,classical,3162278.0,3162278.0,0.012499999999999956,0.0,0.012500000000000011,0.01375000000000003,0.025000000000000022,0.012499999999999997,20
c,esg0.8_carb0.17,0.0010721992146140752,iqae,0.25,100100.0,0.012500000000000011,0.009374999999999967,0.02812500000000001,0.05125000000000001,0.07187500000000013,0.061555361261225655,20
c,esg0.8_carb0.17,0.0010721992146140752,iqae,0.1,454350.0,0.0,0.0,0.012500000000000011,0.026250000000000037,0.03749999999999998,0.014790199457749035,20
c,esg0.8_carb0.17,0.0010721992146140752,iqae,0.05,732300.0,0.0,0.0,0.003124999999999989,0.012500000000000011,0.012500000000000011,0.0062499999999999995,20
c,esg0.8_carb0.17,0.0010721992146140752,iqae,0.025,1539900.0,0.012499999999999956,0.0,0.01249999999999997,0.012500000000000011,0.012500000000000011,0.010077822185373168,20
c,esg0.8_carb0.17,0.0010721992146140752,iqae,0.0125,2279000.0,0.0,0.0,0.012500000000000011,0.012500000000000011,0.012500000000000011,0.008385254915624215,20
c,esg0.8_carb0.17,0.0010721992146140752,iqae,0.006,4440750.0,0.0,0.0,0.012499999999999956,0.012500000000000011,0.012500000000000011,0.007905694150420932,20
c,esg0.8_carb0.17,0.0010721992146140752,iqae,0.003,8591450.0,0.0,0.0,0.01249999999999997,0.012500000000000011,0.012500000000000011,0.007395099728874518,20
c,n16_k5,0.07492507492507493,classical,100.0,100.0,0.09333333333333332,0.06666666666666665,0.175,0.31600000000000006,0.342,0.17227884373886423,20
c,n16_k5,0.07492507492507493,classical,222.0,222.0,0.06,0.033333333333333326,0.11000000000000001,0.18066666666666673,0.189,0.10131359456876678,20
c,n16_k5,0.07492507492507493,classical,492.0,492.0,0.060000000000000026,0.03166666666666666,0.10166666666666666,0.1226666666666667,0.15100000000000005,0.09131143289740763,20
c,n16_k5,0.07492507492507493,classical,1093.0,1093.0,0.026666666666666616,0.01833333333333334,0.03499999999999999,0.06933333333333336,0.0943333333333334,0.04325634186002222,20
c,n16_k5,0.07492507492507493,classical,2424.0,2424.0,0.026666666666666644,0.01833333333333334,0.039999999999999994,0.06066666666666672,0.06699999999999999,0.0363318042491699,20
c,n16_k5,0.07492507492507493,classical,5380.0,5380.0,0.016666666666666663,0.011666666666666659,0.033333333333333326,0.047999999999999994,0.060333333333333385,0.028713140623144034,20
c,n16_k5,0.07492507492507493,classical,11938.0,11938.0,0.020000000000000018,0.011666666666666659,0.021666666666666667,0.026666666666666672,0.02700000000000001,0.018915014612148142,20
c,n16_k5,0.07492507492507493,classical,26490.0,26490.0,0.00666666666666671,0.006666666666666654,0.013333333333333308,0.013999999999999988,0.020000000000000018,0.010540925533894593,20
c,n16_k5,0.07492507492507493,classical,58780.0,58780.0,0.006666666666666654,0.0,0.00833333333333336,0.013333333333333308,0.013666666666666648,0.008563488385776747,20
c,n16_k5,0.07492507492507493,classical,130432.0,130432.0,0.003333333333333327,0.0,0.006666666666666654,0.007333333333333379,0.013666666666666648,0.006831300510639733,20
c,n16_k5,0.07492507492507493,classical,289427.0,289427.0,0.006666666666666654,0.006666666666666654,0.006666666666666654,0.006666666666666654,0.0069999999999999915,0.006497862896539297,20
c,n16_k5,0.07492507492507493,classical,642233.0,642233.0,0.0,0.0,0.006666666666666654,0.006666666666666654,0.006666666666666654,0.004472135954999571,20
c,n16_k5,0.07492507492507493,classical,1425103.0,1425103.0,0.003333333333333327,0.0,0.006666666666666654,0.006666666666666654,0.006666666666666654,0.004714045207910308,20
c,n16_k5,0.07492507492507493,classical,3162278.0,3162278.0,0.003333333333333327,0.0,0.006666666666666654,0.006666666666666654,0.006666666666666654,0.004714045207910308,20
c,n16_k5,0.07492507492507493,iqae,0.25,3200.0,0.033333333333333326,0.026666666666666672,0.06666666666666665,0.11399999999999996,0.12033333333333333,0.06126445407684078,20
c,n16_k5,0.07492507492507493,iqae,0.1,29050.0,0.00666666666666671,0.006666666666666654,0.014999999999999986,0.020000000000000018,0.020666666666666694,0.013333333333333341,20
c,n16_k5,0.07492507492507493,iqae,0.05,64550.0,0.006666666666666654,0.006666666666666654,0.006666666666666668,0.00666666666666671,0.00666666666666671,0.006146362971528595,20
c,n16_k5,0.07492507492507493,iqae,0.025,96800.0,0.006666666666666654,0.006666666666666654,0.006666666666666668,0.00800000000000006,0.020000000000000018,0.008432740427115682,20
c,n16_k5,0.07492507492507493,iqae,0.0125,178700.0,0.0,0.0,0.006666666666666654,0.006666666666666659,0.007333333333333384,0.0059628479399994406,20
c,n16_k5,0.07492507492507493,iqae,0.006,227350.0,0.006666666666666654,0.0,0.006666666666666654,0.006666666666666659,0.00666666666666671,0.00494413232473044,20
c,n16_k5,0.07492507492507493,iqae,0.003,326750.0,0.006666666666666654,0.0,0.006666666666666654,0.006666666666666659,0.00666666666666671,0.005577733510227167,20
c,n16_k5,0.07492507492507493,iqae_s20,0.25,2580.0,0.03,0.020000000000000018,0.039999999999999994,0.06333333333333338,0.09433333333333334,0.04429697757434723,20
c,n16_k5,0.07492507492507493,iqae_s20,0.1,15300.0,0.00666666666666671,0.006666666666666654,0.020000000000000018,0.020000000000000018,0.020000000000000018,0.013416407864998746,20
c,n16_k5,0.07492507492507493,iqae_s20,0.05,30110.0,0.006666666666666654,0.006666666666666654,0.006666666666666668,0.020000000000000018,0.020000000000000018,0.009428090415820637,20
c,n16_k5,0.07492507492507493,iqae_s20,0.025,53530.0,0.006666666666666654,0.006666666666666654,0.006666666666666654,0.00666666666666671,0.007000000000000044,0.006497862896539302,20
c,n16_k5,0.07492507492507493,iqae_s20,0.0125,91380.0,0.006666666666666654,0.006666666666666654,0.006666666666666654,0.006666666666666659,0.007333333333333384,0.0074535599249992935,20
c,n16_k5,0.07492507492507493,iqae_s20,0.006,112970.0,0.006666666666666654,0.0,0.006666666666666654,0.006666666666666654,0.006666666666666654,0.00537483849886569,20
c,n16_k5,0.07492507492507493,iqae_s20,0.003,162580.0,0.006666666666666654,0.0,0.00666666666666671,0.020000000000000018,0.020666666666666694,0.01154700538379252,20
c,n24_k6,0.03401552008363154,classical,100.0,100.0,0.10224586288416074,0.07387706855791962,0.27236012608353033,0.3336485421591805,0.34785263987391657,0.20162742228849478,20
c,n24_k6,0.03401552008363154,classical,222.0,222.0,0.14085894405043342,0.09062253743104809,0.20202915681639086,0.32462568951930654,0.32903861308116633,0.18883944200456182,20
c,n24_k6,0.03401552008363154,classical,492.0,492.0,0.10421591804570529,0.05742710795902284,0.1542553191489362,0.2076044129235619,0.21999605988967696,0.13024967219773526,20
c,n24_k6,0.03401552008363154,classical,1093.0,1093.0,0.05594956658786446,0.03004334121355398,0.06579984239558706,0.09846335697399528,0.11511032308904653,0.06792297663460625,20
c,n24_k6,0.03401552008363154,classical,2424.0,2424.0,0.037037037037037035,0.02433018124507484,0.06964144996059889,0.0939716312056738,0.10173364854215924,0.061088230816607976,20
c,n24_k6,0.03401552008363154,classical,5380.0,5380.0,0.01812450748620964,0.007781717888100878,0.03703703703703705,0.061150512214342,0.0739952718676123,0.03732867257452556,20
c,n24_k6,0.03401552008363154,classical,11938.0,11938.0,0.01713947990543735,0.006698187549251389,0.023640661938534313,0.027620173364854207,0.03161938534278959,0.018850453022085316,20
c,n24_k6,0.03401552008363154,classical,26490.0,26490.0,0.013199369582348325,0.004826635145784047,0.02039007092198579,0.0315602836879433,0.03248620961386919,0.01874329158230793,20
c,n24_k6,0.03401552008363154,classical,58780.0,58780.0,0.006501182033096936,0.0021670606776989787,0.010441292356185988,0.014223798266351485,0.019109535066981913,0.011462606440613253,20
c,n24_k6,0.03401552008363154,classical,130432.0,130432.0,0.007880220646178104,0.003940110323088997,0.009554767533490952,0.015405831363278194,0.015937746256895216,0.009445176714408034,20
c,n24_k6,0.03401552008363154,classical,289427.0,289427.0,0.002561071710007884,0.0011820330969267157,0.004728132387706863,0.00752561071710004,0.00789992119779355,0.004154901915355102,20
c,n24_k6,0.03401552008363154,classical,642233.0,642233.0,0.0021670606776989787,0.0014775413711583807,0.0035460992907801053,0.004846335697399536,0.00594956658786447,0.0031422225433218,20
c,n24_k6,0.03401552008363154,classical,1425103.0,1425103.0,0.0013790386130811683,0.0007880220646178104,0.0031520882584712417,0.003979511426319944,0.004373522458628845,0.002399912109194797,20
c,n24_k6,0.03401552008363154,classical,3162278.0,3162278.0,0.0005910165484633578,0.0003940110323088497,0.0016745468873128333,0.0024034672970843166,0.0027580772261622836,0.0013818501116430273,20
c,n24_k6,0.03401552008363154,iqae,0.25,3800.0,0.06678486997635935,0.0365445232466509,0.08904649330181245,0.11386918833727344,0.11446020488573681,0.07464850705010187,20
c,n24_k6,0.03401552008363154,iqae,0.1,44100.0,0.009850275807722575,0.0042356185973206895,0.01280535855003942,0.036524822695035465,0.04383372734436567,0.022136969073434397,20
c,n24_k6,0.03401552008363154,iqae,0.05,102100.0,0.0035460992907800915,0.002758077226162281,0.0065996847911741485,0.009929078014184363,0.01107171000788024,0.006647586180552165,20
c,n24_k6,0.03401552008363154,iqae,0.025,175700.0,0.0015760441292356209,0.0013790386130811683,0.005122143420015726,0.0206461780929866,0.039420803782505995,0.03843021703309354,20
c,n24_k6,0.03401552008363154,iqae,0.0125,348850.0,0.0015760441292356209,0.0006895193065405841,0.0016745468873128472,0.004058313632781737,0.013238770685579227,0.007930787325631313,20
c,n24_k6,0.03401552008363154,iqae,0.006,496400.0,0.0015760441292356209,0.0003940110323089052,0.0016745468873128472,0.012923561859732096,0.01997635933806145,0.009140716278572672,20
c,n24_k6,0.03401552008363154,iqae,0.003,894250.0,0.0003940110323089052,0.0,0.0003940110323089052,0.0005122143420015785,0.0017533490937746308,0.0012271403863197369,20
c,n24_k6,0.03401552008363154,iqae_s20,0.25,4560.0,0.019897557131599686,0.013987391646966135,0.04284869976359339,0.08463356973995273,0.08776595744680853,0.04459815034462103,20
c,n24_k6,0.03401552008363154,iqae_s20,0.1,26260.0,0.013199369582348325,0.0031520882584712417,0.018420015760441305,0.03384554767533497,0.08398345153664305,0.031641563699887805,20
c,n24_k6,0.03401552008363154,iqae_s20,0.05,51940.0,0.007486209613869144,0.004728132387706863,0.010638297872340385,0.012214342001576062,0.015760441292356254,0.020037504554564524,20
c,n24_k6,0.03401552008363154,iqae_s20,0.025,95290.0,0.0027580772261623365,0.0014775413711583946,0.003743104806934544,0.009022852639873935,0.013238770685579227,0.008395763998619268,20
c,n24_k6,0.03401552008363154,iqae_s20,0.0125,176640.0,0.0013790386130811683,0.0007880220646178104,0.0024625689519306437,0.004412923561859701,0.013238770685579227,0.00799172490387878,20
c,n24_k6,0.03401552008363154,iqae_s20,0.006,262560.0,0.0007880220646178104,0.0003940110323089052,0.0015760441292356209,0.0053585500394011144,0.008077226162332562,0.004866474905493825,20
c,n24_k6,0.03401552008363154,iqae_s20,0.003,461470.0,0.0003940110323089052,0.0,0.0011820330969267157,0.005122143420015768,0.005496453900709233,0.0033767917826738915,20
