n,quantum_constants,assumption,eps,t_quantum_s,queries,shots,t_ry,t_classical_numpy_lean_1core_s,t_classical_compiled_1core_ASSUMED_s,t_classical_numpy_lean_64core_ideal_ASSUMED_s,t_classical_compiled_64core_ideal_ASSUMED_s
50,default,optimistic,0.049999999999999996,379.79549749819233,4898.68148726164,1182.798833111126,96.79473877605614,0.0015086686837582689,8.205916219528895e-05,2.357294818372295e-05,1.2821744093013898e-06
50,default,optimistic,0.040969882969123315,459.8960979890965,5978.393312660302,1211.69443796223,97.58130766891989,0.002247007062539657,0.0001222186945244802,3.510948535218214e-05,1.909667101945003e-06
50,default,optimistic,0.03357062621007322,558.0697275201981,7296.082975347864,1240.590042813334,98.378778050194,0.003346686249578237,0.00018203219350106605,5.2291972649659956e-05,2.844253023454157e-06
50,default,optimistic,0.027507692540537677,678.4404316153806,8904.202851697803,1269.4856476644381,99.18574599644106,0.004984545460421034,0.00027111825731514856,7.788352281907865e-05,4.236222770549196e-06
50,default,optimistic,0.022539738882729105,826.0730584602245,10866.766276106277,1298.3812525155422,100.00094371685628,0.007423968545045143,0.000403802800130366,0.00011599950851633036,6.309418752036969e-06
50,default,optimistic,0.0184690092836002,1007.1876257730287,13261.895676265343,1327.2768573666465,100.82323881914407,0.011057238698182969,0.0006014227998064579,0.00017276935465910888,9.397231246975905e-06
50,default,optimistic,0.01513346297809504,1229.422479169005,16184.93233951887,1356.1724622177508,101.6516292609345,0.016468621450476752,0.0008957574935346234,0.00025732221016369926,1.399621083647849e-05
50,default,optimistic,0.012400324142602285,1502.1573367537014,19752.231598655697,1385.0680670688548,102.4852354063641,0.02452832030511121,0.0013341387913488518,0.00038325500476736265,2.084591861482581e-05
50,default,optimistic,0.010160796578032203,1836.909835018444,24105.794509520365,1413.9636719199589,103.32329034222394,0.036532414009231705,0.001987062712206019,0.0005708189688942454,3.1047854878219046e-05
50,default,optimistic,0.008325732933500966,2247.8222834885096,29418.920390482344,1442.859276771063,104.16512934677115,0.05441127874801116,0.0029595258363244023,0.0008501762304376744,4.6242591192568785e-05
50,default,optimistic,0.0068220860783542074,2752.259129724084,35903.1052305589,1471.754881622167,105.01017916943451,0.0810400115975264,0.004407909786675896,0.00126625018121135,6.887359041681088e-05
50,default,optimistic,0.005590001364709142,3371.5402913202847,43816.460566432506,1500.6504864732713,105.8579475816613,0.12070077437699037,0.006565128930114005,0.0018859495996404745,0.00010258013953303133
50,default,optimistic,0.004580434034187464,4131.841222672879,53473.98795287563,1529.5460913243755,106.70801350040273,0.17977140733343372,0.009778085295507638,0.002808928239584902,0.00015278258274230684
50,default,optimistic,0.0037531969265689963,5065.297590862473,65260.11801544069,1558.4416961754796,107.56001786374861,0.2677510485036638,0.014563453827640573,0.004183610132869747,0.00022755396605688395
50,default,optimistic,0.0030753607768321026,6211.361030677088,79644.01321895834,1587.3373010265836,108.41365534813431,0.3987876884216748,0.021690768793688232,0.006231057631588668,0.00033891826240137863
50,default,optimistic,0.0025199434222928684,7618.462993653855,97198.2434987446,1616.2329058776877,109.26866695265707,0.5939533059738016,0.03230617245260038,0.00928052040584065,0.000504783944571881
50,default,optimistic,0.0020648357420030186,9346.056641733512,118621.57816266817,1645.1285107287918,110.12483343279052,0.8846324495960391,0.04811672598902335,0.013822382024938112,0.0007518238435784898
50,default,optimistic,0.0016919215740065319,11467.122604345152,144766.80132582577,1674.0241155798958,110.98196953822216,1.3175691809564694,0.07166492172044353,0.020587018452444834,0.0011197644018819302
50,default,optimistic,0.0013863565775996507,14071.243882756016,176674.65810791828,1702.919720431,111.83991899351139,1.9623839792436142,0.10673754083702452,0.03066224967568147,0.0016677740755785082
50,default,optimistic,0.0011359773347546405,17268.37906198275,215615.28286652412,1731.8153252821041,112.69855015245977,2.9227693981096774,0.1589746050149591,0.04566827184546371,0.002483978203358736
50,default,optimistic,0.0009308171692094851,21193.49227749515,263138.7585717796,1760.7109301332084,113.55775225492417,4.353164846881333,0.23677634730456276,0.06801820073252082,0.003699630426633793
50,default,optimistic,0.0007627094097632645,26012.234306464154,321136.81990511494,1789.6065349843125,114.41743221636708,6.483591964654994,0.35265405212119033,0.10130612444773428,0.005510219564393599
50,default,optimistic,0.0006249623051490014,31927.913213732783,391918.15625533706,1818.5021398354168,115.27751188430625,9.656644359391668,0.525241992678964,0.15088506811549482,0.008206906135608812
50,default,optimistic,0.0005120926500413626,39190.047023239065,478300.3121472223,1847.3977446865206,116.1379257009984,14.382580025412345,0.7822940051701499,0.2247278128970679,0.012223343830783592
50,default,optimistic,0.000419607518830857,48104.857165246096,583721.8433204826,1876.2933495376249,116.99861871746671,21.421375841205933,1.1651465782538997,0.3347089975188427,0.018205415285217182
50,default,optimistic,0.0003438254187892884,59048.142738348775,712379.1929798783,1905.188954388729,117.8595449098958,31.904939316827846,1.7353661664855764,0.4985146768254351,0.02711509635133713
50,default,optimistic,0.00028172974339213923,72481.07531918446,869393.7367562877,1934.0845592398332,118.72066575516652,47.51913044037057,2.5846496809834028,0.7424864131307901,0.04038515126536567
50,default,optimistic,0.0002308486923139418,88969.5763164726,1061015.6458239097,1962.9801640909373,119.58194902770752,70.77486452443942,3.8495702534852487,1.105857258194366,0.06014953521070701
50,default,optimistic,0.0001891568781535471,109208.08880544885,1294872.6832140782,1991.8757689420413,120.44336778479985,105.41189205342059,5.733539537505177,1.6470608133346967,0.08958655527351839
50,default,optimistic,0.00015499470321511088,134048.7396543195,1580273.8369913702,2020.7713737931456,121.30489951194377,157.00018729735615,8.53951830035385,2.45312792652119,0.1334299734430289
50,default,optimistic,0.0001270022970311419,164537.11324161998,1928579.8768113805,2049.6669786442494,122.16652540387852,233.8356548890449,12.718735490539457,3.6536821076413264,0.198730242039679
50,default,optimistic,0.00010406538492351445,201956.13457279743,2353655.584353074,2078.5625834953535,123.02822976034938,348.2741927805922,18.9432502851601,5.441784262196753,0.2959882857056266
50,default,optimistic,8.527093282906315e-05,247879.89867325666,2872421.6592550324,2107.458188346458,123.88999947878023,518.7186420074713,28.21402580729336,8.10497878136674,0.44084415323895876
50,default,optimistic,6.987080277349386e-05,304239.6989079765,3505528.2698998847,2136.353793197562,124.75182362866516,772.5781443001864,42.02189382875952,12.071533504690413,0.6565920910743674
50,default,optimistic,5.7251972251774814e-05,373405.01669510716,4278177.060624999,2165.249398048666,125.61369309478567,1150.6758013175906,62.58729516363683,17.979309395587354,0.9779264869318255
50,default,optimistic,4.6912132058134204e-05,458282.86020086124,5221124.3364415,2194.1450028997706,126.47560027832827,1713.8134304035082,93.217348362803,26.778334850054815,1.4565210681687968
50,default,optimistic,3.843969120507633e-05,562439.6060859932,6371905.358353557,2223.040607750874,127.33753884666393,2552.549094078651,138.83766686311046,39.88357959497892,2.169338544736101
50,default,optimistic,3.149739300082433e-05,690250.4381672001,7776328.483969189,2251.9362126019787,128.19950352398686,3801.7597260558864,206.78444601288183,59.402495719623225,3.2310069689512786
50,default,optimistic,2.5808890101525137e-05,847082.6291222216,9490298.629641883,2280.8318174530823,129.061489916234,5662.330667092422,307.9841953481849,88.4739166733191,4.8122530523153895
50,default,optimistic,2.1147744140449004e-05,1039520.3241116717,11582042.639460532,2309.727422304187,129.92349436474439,8433.460001102661,458.7108286585536,131.77281251722908,7.1673566977899
50,default,optimistic,1.7328412049903184e-05,1275640.2172602033,14134825.144837808,2338.6230271552904,130.78551382399726,12560.77254610775,683.2026691848132,196.2620710329336,10.675041706012706
50,default,optimistic,1.4198860274505597e-05,1565349.6354676052,17250263.023072854,2367.518632006395,131.6475457595103,18707.980702395645,1017.5602100919567,292.31219847493196,15.899378282686824
50,default,optimistic,1.1634512874828548e-05,1920801.1474245272,21052370.391286492,2396.4142368574994,132.5095880626091,27863.615926208422,1515.5514283892492,435.3689988470066,23.68049106858202
50,default,optimistic,9.533292617689702e-06,2356901.0073645255,25692495.152051598,2425.309841708603,133.37163897930662,41499.99429836005,2257.2582038021164,648.4374109118758,35.26965943440807
50,default,optimistic,7.811557657143072e-06,2891932.655832893,31355343.596434765,2454.2054465597075,134.23369705097826,61809.97941275774,3361.9542716853043,965.7809283243397,52.53053549508288
50,default,optimistic,6.400772060394231e-06,3548321.296411869,38266332.88172368,2483.101051410811,135.09576106489308,92059.6163830431,5007.285611306975,1438.4315059850485,78.23883767667148
50,default,optimistic,5.244777644527709e-06,4353571.44747432,46700564.0589246,2511.9966562619156,135.9578300129776,137113.34397959488,7457.837664351501,2142.39599968117,116.5287135054922
50,default,optimistic,4.297558525907499e-06,5341416.576233872,56993772.83322982,2540.8922611130192,136.81990305745165,204216.24416772425,11107.683272994276,3190.8788151206913,173.55755114053557
50,default,optimistic,3.5214093971877605e-06,6553228.758398607,69555693.9669353,2569.7878659641237,137.6819795022009,304159.1224569528,16543.753463945424,4752.486288389888,258.49614787414725
50,default,optimistic,2.885434617783073e-06,8039747.138021204,84886371.31250226,2598.6834708152282,138.54405876893418,453013.77542621864,24640.221723033115,7078.340241034666,385.0034644223924
50,default,optimistic,2.364318372112592e-06,9863197.238960253,103596062.71816337,2627.579075666332,139.40614037733167,674717.4934888271,36699.0796788288,10542.460835762924,573.4231199817
50,default,optimistic,1.937316940144021e-06,12099889.453571575,126429532.14711139,2656.4746805174364,140.26822392852029,1004922.4123295783,54659.51014613014,15701.912692649661,854.0548460332834
50,default,optimistic,1.5874329662360128e-06,14843404.982149199,154295695.99014252,2685.3702853685404,141.13030909132195,1496728.726537786,81409.72677138945,23386.386352152906,1272.0269808029602
50,default,optimistic,1.3007388569603548e-06,18208501.947059236,188303803.68236154,2714.2658902196445,141.9923955908124,2229223.7225063685,121251.42715830782,34831.62066416201,1894.5535493485597
50,default,optimistic,1.0658223748611395e-06,22335904.374178555,229807592.84115535,2743.1614950707485,142.8544831988044,3320199.7909670593,180591.54809856514,51878.1217338603,2821.7429390400803
50,default,optimistic,8.733323592786795e-07,27398173.465901244,280459176.5789864,2772.0570999218526,143.71657172593348,4945096.6005078545,268972.5639439766,77267.13438293523,4202.696311624634
50,default,optimistic,7.156064910559172e-07,33606905.609971136,342274808.0466237,2800.952704772957,144.57866101507813,7365213.519645375,400607.0102190535,115081.46124445899,6259.484534672711
50,default,optimistic,5.863662838101185e-07,41221556.74596166,417715140.0512625,2829.8483096240607,145.4407509358898,10969729.122055167,596662.9989446652,171402.017532112,9322.859358510394
50,default,optimistic,4.804671604948061e-07,50560260.3369162,509783174.58957684,2858.743914475165,146.30284138024768,16338284.92416323,888668.2589877191,255285.70194005047,13885.44154668311
50,default,optimistic,3.93693666719584e-07,62013089.07430854,622143801.3061588,2887.6395193262692,147.16493225848131,24334197.434870534,1323580.1045633527,380221.8349198521,20680.939133802385
50,default,optimistic,3.22591669023728e-07,76058312.01947887,759269683.2634759,2916.5351241773733,148.0270234962329,36243287.93063859,1971336.6326276602,566301.373916228,30802.13488480719
50,default,optimistic,2.64330858534326e-07,93282323.36849761,926619297.198987,2945.430729028478,148.8891150318513,53980655.14751021,2936103.455877955,843447.736679847,45876.61649809305
50,default,optimistic,2.1659208678558458e-07,114404071.58409236,1130854215.3968651,2974.3263338795814,149.75120681422743,80398641.97009338,4373024.556504915,1256228.7807827091,68328.50869538929
50,default,optimistic,1.7747504895287205e-07,140305004.59544066,1380104278.366045,3003.221938730686,150.61329880099754,119745520.1862885,6513170.96252548,1871023.752910758,101768.29628946063
50,default,optimistic,1.45422639710772e-07,172065775.87740266,1684291213.8730679,3032.1175435817895,151.4753909570512,178348654.32202986,9700699.238924434,2786697.7237817165,151573.4256081943
50,default,optimistic,1.1915897060022631e-07,211011236.98482376,2055523584.412509,3061.013148432894,152.33748325329333,265632004.0114629,14448195.243992254,4150500.0626791078,225753.05068737897
50,default,optimistic,9.763858160424957e-08,258765586.17432076,2508578784.5203767,3089.9087532839976,153.19957566561658,395631589.2787206,21519102.970526237,6181743.58248001,336235.98391447245
50,default,optimistic,8.000482523194604e-08,317319964.35651964,3061491274.4697733,3118.804358135102,154.0616681740487,589252620.4351932,32050493.839267727,9207072.194299893,500788.96623855823
50,default,optimistic,6.555576653435989e-08,389115306.2587961,3736270465.767556,3147.6999629862066,154.92376076204522,877631261.2518107,47735918.95293665,13712988.457059542,745873.7336396351
50,default,optimistic,5.371624165727791e-08,477143887.7496978,4559776834.831785,3176.59556783731,155.78585341590286,1307141629.9474156,71097748.7494901,20424087.96792837,1110902.3242107828
50,default,optimistic,4.401496268479646e-08,585073786.009319,5564791139.71137,3205.4911726884147,156.64794612427292,1946853212.9364834,105892794.94607171,30419581.452132553,1654574.9210323705
50,default,optimistic,3.6065757401728826e-08,717401419.7582515,6791319301.430807,3234.3867775395183,157.51003887775755,2899637916.7218347,157716442.7667087,45306842.44877867,2464319.4182298235
50,default,optimistic,2.9552197198832463e-08,879638501.4490155,8288184892.484365,3263.282382390623,158.3721316685755,4318712880.982493,234902443.85042807,67479888.76535146,3670350.6851629387
50,default,optimistic,2.4215001214332402e-08,1078541160.4081693,10114972623.58633,3292.1779872417264,159.23422449028465,6432279299.703109,349863065.3781833,100504364.05786107,5466610.396534114
50,default,optimistic,1.9841715316967552e-08,1322390744.4813256,12344400191.732805,3321.073592092831,160.096317337552,9580219414.812458,521085104.5626358,149690928.35644466,8141954.758791184
50,default,optimistic,1.6258255088856447e-08,1621337950.163169,15065212904.117983,3349.969196943935,160.95841020596333,14268752919.386724,776102747.2378197,222949264.36541757,12126605.425590932
50,default,optimistic,1.3321976165452046e-08,1987824556.1679265,18385716302.230812,3378.864801795039,161.82050309186528,21251842056.948635,1155925335.412632,332060032.1398224,18061333.365822375
50,default,optimistic,1.0915996088320412e-08,2437100251.547024,22438087406.897263,3407.760406646143,162.68259599223433,31652436156.48104,1721632072.3051991,494569314.94501626,26900501.129768737
50,default,optimistic,8.944541644597905e-09,2987855989.8700113,27383636199.067955,3436.656011497247,163.54468890456863,47143052915.38377,2564194158.208173,736610201.8028715,40065533.7220027
50,default,optimistic,7.329136487832536e-09,3663000128.6774344,33419226776.538986,3465.5516163483508,164.40678182679812,70214735674.54309,3819103853.1160154,1097105244.9147358,59673497.70493774
50,default,optimistic,6.005477283424599e-09,4490609528.094791,40785113789.22565,3494.4472211994553,165.2688747572102,104577637657.34383,5688162963.087752,1634025588.3959973,88877546.29824613
50,default,optimistic,4.9208740295126795e-09,5505095028.798861,49774506092.6378,3523.34282605056,166.13096769438812,155757651053.23627,8471934552.982782,2433713297.7068167,132373977.39035597
50,default,optimistic,4.032152661898664e-09,6748629607.119007,60745238313.4093,3552.238430901664,166.99306063715994,231985024763.25403,12618076439.754725,3624766011.925844,197157444.37116757
50,default,optimistic,3.30393645343254e-09,8272898381.010873,74134014928.95363,3581.134035752768,167.85515358455638,345517869269.9593,18793328966.810555,5398716707.343114,293645765.1064149
50,default,optimistic,2.7072377966910252e-09,10141242964.598501,90473793865.63586,3610.0296406038724,168.7172465357758,514613381215.81464,27990733400.694637,8040834081.497104,437355209.3858537
50,default,optimistic,2.218304314000376e-09,12431288991.71394,110415001592.53644,3638.925245454976,169.57933949015523,766463779965.7687,41689322721.50409,11975996561.965136,651395667.5235014
50,default,optimistic,1.8176733626899397e-09,15238165625.00145,134751424205.61676,3667.82085030608,170.44143244714655,1141569083593.3528,62091964654.794846,17837016931.146137,970186947.7311695
50,default,optimistic,1.4893972989099906e-09,18678450363.042007,164451805131.0661,3696.716455157185,171.30352540629653,1700249909623.0999,92479604440.86642,26566404837.860935,1444993819.388538
50,default,optimistic,1.2204086606174117e-09,22895002465.748188,200698407236.1208,3725.612060008289,172.16561836723045,2532347622864.6104,137738873058.49136,39567931607.25954,2152169891.5389276
50,default,optimistic,1e-09,28062885077.713272,244934074363.08197,3754.507664859393,173.02771132963846,3771671709395.6714,205147905488.22232,58932370459.307365,3205436023.2534738
50,default,moderate,0.049999999999999996,3797.9549749819234,4898.68148726164,1182.798833111126,96.79473877605614,0.0015086686837582689,8.205916219528895e-05,2.357294818372295e-05,1.2821744093013898e-06
50,default,moderate,0.040969882969123315,4598.960979890965,5978.393312660302,1211.69443796223,97.58130766891989,0.002247007062539657,0.0001222186945244802,3.510948535218214e-05,1.909667101945003e-06
50,default,moderate,0.03357062621007322,5580.69727520198,7296.082975347864,1240.590042813334,98.378778050194,0.003346686249578237,0.00018203219350106605,5.2291972649659956e-05,2.844253023454157e-06
50,default,moderate,0.027507692540537677,6784.404316153807,8904.202851697803,1269.4856476644381,99.18574599644106,0.004984545460421034,0.00027111825731514856,7.788352281907865e-05,4.236222770549196e-06
50,default,moderate,0.022539738882729105,8260.730584602245,10866.766276106277,1298.3812525155422,100.00094371685628,0.007423968545045143,0.000403802800130366,0.00011599950851633036,6.309418752036969e-06
50,default,moderate,0.0184690092836002,10071.876257730288,13261.895676265343,1327.2768573666465,100.82323881914407,0.011057238698182969,0.0006014227998064579,0.00017276935465910888,9.397231246975905e-06
50,default,moderate,0.01513346297809504,12294.224791690052,16184.93233951887,1356.1724622177508,101.6516292609345,0.016468621450476752,0.0008957574935346234,0.00025732221016369926,1.399621083647849e-05
50,default,moderate,0.012400324142602285,15021.573367537014,19752.231598655697,1385.0680670688548,102.4852354063641,0.02452832030511121,0.0013341387913488518,0.00038325500476736265,2.084591861482581e-05
50,default,moderate,0.010160796578032203,18369.09835018444,24105.794509520365,1413.9636719199589,103.32329034222394,0.036532414009231705,0.001987062712206019,0.0005708189688942454,3.1047854878219046e-05
50,default,moderate,0.008325732933500966,22478.222834885095,29418.920390482344,1442.859276771063,104.16512934677115,0.05441127874801116,0.0029595258363244023,0.0008501762304376744,4.6242591192568785e-05
50,default,moderate,0.0068220860783542074,27522.591297240837,35903.1052305589,1471.754881622167,105.01017916943451,0.0810400115975264,0.004407909786675896,0.00126625018121135,6.887359041681088e-05
50,default,moderate,0.005590001364709142,33715.40291320285,43816.460566432506,1500.6504864732713,105.8579475816613,0.12070077437699037,0.006565128930114005,0.0018859495996404745,0.00010258013953303133
50,default,moderate,0.004580434034187464,41318.41222672879,53473.98795287563,1529.5460913243755,106.70801350040273,0.17977140733343372,0.009778085295507638,0.002808928239584902,0.00015278258274230684
50,default,moderate,0.0037531969265689963,50652.97590862473,65260.11801544069,1558.4416961754796,107.56001786374861,0.2677510485036638,0.014563453827640573,0.004183610132869747,0.00022755396605688395
50,default,moderate,0.0030753607768321026,62113.61030677087,79644.01321895834,1587.3373010265836,108.41365534813431,0.3987876884216748,0.021690768793688232,0.006231057631588668,0.00033891826240137863
50,default,moderate,0.0025199434222928684,76184.62993653855,97198.2434987446,1616.2329058776877,109.26866695265707,0.5939533059738016,0.03230617245260038,0.00928052040584065,0.000504783944571881
50,default,moderate,0.0020648357420030186,93460.56641733513,118621.57816266817,1645.1285107287918,110.12483343279052,0.8846324495960391,0.04811672598902335,0.013822382024938112,0.0007518238435784898
50,default,moderate,0.0016919215740065319,114671.22604345152,144766.80132582577,1674.0241155798958,110.98196953822216,1.3175691809564694,0.07166492172044353,0.020587018452444834,0.0011197644018819302
50,default,moderate,0.0013863565775996507,140712.43882756017,176674.65810791828,1702.919720431,111.83991899351139,1.9623839792436142,0.10673754083702452,0.03066224967568147,0.0016677740755785082
50,default,moderate,0.0011359773347546405,172683.79061982752,215615.28286652412,1731.8153252821041,112.69855015245977,2.9227693981096774,0.1589746050149591,0.04566827184546371,0.002483978203358736
50,default,moderate,0.0009308171692094851,211934.92277495147,263138.7585717796,1760.7109301332084,113.55775225492417,4.353164846881333,0.23677634730456276,0.06801820073252082,0.003699630426633793
50,default,moderate,0.0007627094097632645,260122.34306464152,321136.81990511494,1789.6065349843125,114.41743221636708,6.483591964654994,0.35265405212119033,0.10130612444773428,0.005510219564393599
50,default,moderate,0.0006249623051490014,319279.1321373278,391918.15625533706,1818.5021398354168,115.27751188430625,9.656644359391668,0.525241992678964,0.15088506811549482,0.008206906135608812
50,default,moderate,0.0005120926500413626,391900.4702323907,478300.3121472223,1847.3977446865206,116.1379257009984,14.382580025412345,0.7822940051701499,0.2247278128970679,0.012223343830783592
50,default,moderate,0.000419607518830857,481048.57165246096,583721.8433204826,1876.2933495376249,116.99861871746671,21.421375841205933,1.1651465782538997,0.3347089975188427,0.018205415285217182
50,default,moderate,0.0003438254187892884,590481.4273834878,712379.1929798783,1905.188954388729,117.8595449098958,31.904939316827846,1.7353661664855764,0.4985146768254351,0.02711509635133713
50,default,moderate,0.00028172974339213923,724810.7531918446,869393.7367562877,1934.0845592398332,118.72066575516652,47.51913044037057,2.5846496809834028,0.7424864131307901,0.04038515126536567
50,default,moderate,0.0002308486923139418,889695.763164726,1061015.6458239097,1962.9801640909373,119.58194902770752,70.77486452443942,3.8495702534852487,1.105857258194366,0.06014953521070701
50,default,moderate,0.0001891568781535471,1092080.8880544885,1294872.6832140782,1991.8757689420413,120.44336778479985,105.41189205342059,5.733539537505177,1.6470608133346967,0.08958655527351839
50,default,moderate,0.00015499470321511088,1340487.3965431952,1580273.8369913702,2020.7713737931456,121.30489951194377,157.00018729735615,8.53951830035385,2.45312792652119,0.1334299734430289
50,default,moderate,0.0001270022970311419,1645371.1324162,1928579.8768113805,2049.6669786442494,122.16652540387852,233.8356548890449,12.718735490539457,3.6536821076413264,0.198730242039679
50,default,moderate,0.00010406538492351445,2019561.345727974,2353655.584353074,2078.5625834953535,123.02822976034938,348.2741927805922,18.9432502851601,5.441784262196753,0.2959882857056266
50,default,moderate,8.527093282906315e-05,2478798.9867325663,2872421.6592550324,2107.458188346458,123.88999947878023,518.7186420074713,28.21402580729336,8.10497878136674,0.44084415323895876
50,default,moderate,6.987080277349386e-05,3042396.989079765,3505528.2698998847,2136.353793197562,124.75182362866516,772.5781443001864,42.02189382875952,12.071533504690413,0.6565920910743674
50,default,moderate,5.7251972251774814e-05,3734050.1669510715,4278177.060624999,2165.249398048666,125.61369309478567,1150.6758013175906,62.58729516363683,17.979309395587354,0.9779264869318255
50,default,moderate,4.6912132058134204e-05,4582828.602008612,5221124.3364415,2194.1450028997706,126.47560027832827,1713.8134304035082,93.217348362803,26.778334850054815,1.4565210681687968
50,default,moderate,3.843969120507633e-05,5624396.060859933,6371905.358353557,2223.040607750874,127.33753884666393,2552.549094078651,138.83766686311046,39.88357959497892,2.169338544736101
50,default,moderate,3.149739300082433e-05,6902504.3816720005,7776328.483969189,2251.9362126019787,128.19950352398686,3801.7597260558864,206.78444601288183,59.402495719623225,3.2310069689512786
50,default,moderate,2.5808890101525137e-05,8470826.291222217,9490298.629641883,2280.8318174530823,129.061489916234,5662.330667092422,307.9841953481849,88.4739166733191,4.8122530523153895
50,default,moderate,2.1147744140449004e-05,10395203.241116716,11582042.639460532,2309.727422304187,129.92349436474439,8433.460001102661,458.7108286585536,131.77281251722908,7.1673566977899
50,default,moderate,1.7328412049903184e-05,12756402.172602033,14134825.144837808,2338.6230271552904,130.78551382399726,12560.77254610775,683.2026691848132,196.2620710329336,10.675041706012706
50,default,moderate,1.4198860274505597e-05,15653496.354676053,17250263.023072854,2367.518632006395,131.6475457595103,18707.980702395645,1017.5602100919567,292.31219847493196,15.899378282686824
50,default,moderate,1.1634512874828548e-05,19208011.474245273,21052370.391286492,2396.4142368574994,132.5095880626091,27863.615926208422,1515.5514283892492,435.3689988470066,23.68049106858202
50,default,moderate,9.533292617689702e-06,23569010.073645253,25692495.152051598,2425.309841708603,133.37163897930662,41499.99429836005,2257.2582038021164,648.4374109118758,35.26965943440807
50,default,moderate,7.811557657143072e-06,28919326.558328938,31355343.596434765,2454.2054465597075,134.23369705097826,61809.97941275774,3361.9542716853043,965.7809283243397,52.53053549508288
50,default,moderate,6.400772060394231e-06,35483212.96411869,38266332.88172368,2483.101051410811,135.09576106489308,92059.6163830431,5007.285611306975,1438.4315059850485,78.23883767667148
50,default,moderate,5.244777644527709e-06,43535714.47474321,46700564.0589246,2511.9966562619156,135.9578300129776,137113.34397959488,7457.837664351501,2142.39599968117,116.5287135054922
50,default,moderate,4.297558525907499e-06,53414165.76233871,56993772.83322982,2540.8922611130192,136.81990305745165,204216.24416772425,11107.683272994276,3190.8788151206913,173.55755114053557
50,default,moderate,3.5214093971877605e-06,65532287.583986074,69555693.9669353,2569.7878659641237,137.6819795022009,304159.1224569528,16543.753463945424,4752.486288389888,258.49614787414725
50,default,moderate,2.885434617783073e-06,80397471.38021204,84886371.31250226,2598.6834708152282,138.54405876893418,453013.77542621864,24640.221723033115,7078.340241034666,385.0034644223924
50,default,moderate,2.364318372112592e-06,98631972.38960253,103596062.71816337,2627.579075666332,139.40614037733167,674717.4934888271,36699.0796788288,10542.460835762924,573.4231199817
50,default,moderate,1.937316940144021e-06,120998894.53571576,126429532.14711139,2656.4746805174364,140.26822392852029,1004922.4123295783,54659.51014613014,15701.912692649661,854.0548460332834
50,default,moderate,1.5874329662360128e-06,148434049.821492,154295695.99014252,2685.3702853685404,141.13030909132195,1496728.726537786,81409.72677138945,23386.386352152906,1272.0269808029602
50,default,moderate,1.3007388569603548e-06,182085019.47059238,188303803.68236154,2714.2658902196445,141.9923955908124,2229223.7225063685,121251.42715830782,34831.62066416201,1894.5535493485597
50,default,moderate,1.0658223748611395e-06,223359043.74178556,229807592.84115535,2743.1614950707485,142.8544831988044,3320199.7909670593,180591.54809856514,51878.1217338603,2821.7429390400803
50,default,moderate,8.733323592786795e-07,273981734.65901244,280459176.5789864,2772.0570999218526,143.71657172593348,4945096.6005078545,268972.5639439766,77267.13438293523,4202.696311624634
50,default,moderate,7.156064910559172e-07,336069056.09971136,342274808.0466237,2800.952704772957,144.57866101507813,7365213.519645375,400607.0102190535,115081.46124445899,6259.484534672711
50,default,moderate,5.863662838101185e-07,412215567.4596166,417715140.0512625,2829.8483096240607,145.4407509358898,10969729.122055167,596662.9989446652,171402.017532112,9322.859358510394
50,default,moderate,4.804671604948061e-07,505602603.36916196,509783174.58957684,2858.743914475165,146.30284138024768,16338284.92416323,888668.2589877191,255285.70194005047,13885.44154668311
50,default,moderate,3.93693666719584e-07,620130890.7430854,622143801.3061588,2887.6395193262692,147.16493225848131,24334197.434870534,1323580.1045633527,380221.8349198521,20680.939133802385
50,default,moderate,3.22591669023728e-07,760583120.1947887,759269683.2634759,2916.5351241773733,148.0270234962329,36243287.93063859,1971336.6326276602,566301.373916228,30802.13488480719
50,default,moderate,2.64330858534326e-07,932823233.6849761,926619297.198987,2945.430729028478,148.8891150318513,53980655.14751021,2936103.455877955,843447.736679847,45876.61649809305
50,default,moderate,2.1659208678558458e-07,1144040715.8409238,1130854215.3968651,2974.3263338795814,149.75120681422743,80398641.97009338,4373024.556504915,1256228.7807827091,68328.50869538929
50,default,moderate,1.7747504895287205e-07,1403050045.9544065,1380104278.366045,3003.221938730686,150.61329880099754,119745520.1862885,6513170.96252548,1871023.752910758,101768.29628946063
50,default,moderate,1.45422639710772e-07,1720657758.7740264,1684291213.8730679,3032.1175435817895,151.4753909570512,178348654.32202986,9700699.238924434,2786697.7237817165,151573.4256081943
50,default,moderate,1.1915897060022631e-07,2110112369.8482378,2055523584.412509,3061.013148432894,152.33748325329333,265632004.0114629,14448195.243992254,4150500.0626791078,225753.05068737897
50,default,moderate,9.763858160424957e-08,2587655861.743208,2508578784.5203767,3089.9087532839976,153.19957566561658,395631589.2787206,21519102.970526237,6181743.58248001,336235.98391447245
50,default,moderate,8.000482523194604e-08,3173199643.565196,3061491274.4697733,3118.804358135102,154.0616681740487,589252620.4351932,32050493.839267727,9207072.194299893,500788.96623855823
50,default,moderate,6.555576653435989e-08,3891153062.5879607,3736270465.767556,3147.6999629862066,154.92376076204522,877631261.2518107,47735918.95293665,13712988.457059542,745873.7336396351
50,default,moderate,5.371624165727791e-08,4771438877.496978,4559776834.831785,3176.59556783731,155.78585341590286,1307141629.9474156,71097748.7494901,20424087.96792837,1110902.3242107828
50,default,moderate,4.401496268479646e-08,5850737860.09319,5564791139.71137,3205.4911726884147,156.64794612427292,1946853212.9364834,105892794.94607171,30419581.452132553,1654574.9210323705
50,default,moderate,3.6065757401728826e-08,7174014197.582516,6791319301.430807,3234.3867775395183,157.51003887775755,2899637916.7218347,157716442.7667087,45306842.44877867,2464319.4182298235
50,default,moderate,2.9552197198832463e-08,8796385014.490154,8288184892.484365,3263.282382390623,158.3721316685755,4318712880.982493,234902443.85042807,67479888.76535146,3670350.6851629387
50,default,moderate,2.4215001214332402e-08,10785411604.081692,10114972623.58633,3292.1779872417264,159.23422449028465,6432279299.703109,349863065.3781833,100504364.05786107,5466610.396534114
50,default,moderate,1.9841715316967552e-08,13223907444.813257,12344400191.732805,3321.073592092831,160.096317337552,9580219414.812458,521085104.5626358,149690928.35644466,8141954.758791184
50,default,moderate,1.6258255088856447e-08,16213379501.63169,15065212904.117983,3349.969196943935,160.95841020596333,14268752919.386724,776102747.2378197,222949264.36541757,12126605.425590932
50,default,moderate,1.3321976165452046e-08,19878245561.679268,18385716302.230812,3378.864801795039,161.82050309186528,21251842056.948635,1155925335.412632,332060032.1398224,18061333.365822375
50,default,moderate,1.0915996088320412e-08,24371002515.470238,22438087406.897263,3407.760406646143,162.68259599223433,31652436156.48104,1721632072.3051991,494569314.94501626,26900501.129768737
50,default,moderate,8.944541644597905e-09,29878559898.700115,27383636199.067955,3436.656011497247,163.54468890456863,47143052915.38377,2564194158.208173,736610201.8028715,40065533.7220027
50,default,moderate,7.329136487832536e-09,36630001286.774345,33419226776.538986,3465.5516163483508,164.40678182679812,70214735674.54309,3819103853.1160154,1097105244.9147358,59673497.70493774
50,default,moderate,6.005477283424599e-09,44906095280.94792,40785113789.22565,3494.4472211994553,165.2688747572102,104577637657.34383,5688162963.087752,1634025588.3959973,88877546.29824613
50,default,moderate,4.9208740295126795e-09,55050950287.98861,49774506092.6378,3523.34282605056,166.13096769438812,155757651053.23627,8471934552.982782,2433713297.7068167,132373977.39035597
50,default,moderate,4.032152661898664e-09,67486296071.19007,60745238313.4093,3552.238430901664,166.99306063715994,231985024763.25403,12618076439.754725,3624766011.925844,197157444.37116757
50,default,moderate,3.30393645343254e-09,82728983810.10873,74134014928.95363,3581.134035752768,167.85515358455638,345517869269.9593,18793328966.810555,5398716707.343114,293645765.1064149
50,default,moderate,2.7072377966910252e-09,101412429645.98502,90473793865.63586,3610.0296406038724,168.7172465357758,514613381215.81464,27990733400.694637,8040834081.497104,437355209.3858537
50,default,moderate,2.218304314000376e-09,124312889917.13939,110415001592.53644,3638.925245454976,169.57933949015523,766463779965.7687,41689322721.50409,11975996561.965136,651395667.5235014
50,default,moderate,1.8176733626899397e-09,152381656250.0145,134751424205.61676,3667.82085030608,170.44143244714655,1141569083593.3528,62091964654.794846,17837016931.146137,970186947.7311695
50,default,moderate,1.4893972989099906e-09,186784503630.42007,164451805131.0661,3696.716455157185,171.30352540629653,1700249909623.0999,92479604440.86642,26566404837.860935,1444993819.388538
50,default,moderate,1.2204086606174117e-09,228950024657.48187,200698407236.1208,3725.612060008289,172.16561836723045,2532347622864.6104,137738873058.49136,39567931607.25954,2152169891.5389276
50,default,moderate,1e-09,280628850777.13275,244934074363.08197,3754.507664859393,173.02771132963846,3771671709395.6714,205147905488.22232,58932370459.307365,3205436023.2534738
50,default,factory_limited,0.049999999999999996,650.88473249492,4898.68148726164,1182.798833111126,96.79473877605614,0.0015086686837582689,8.205916219528895e-05,2.357294818372295e-05,1.2821744093013898e-06
50,default,factory_limited,0.040969882969123315,788.3231033311089,5978.393312660302,1211.69443796223,97.58130766891989,0.002247007062539657,0.0001222186945244802,3.510948535218214e-05,1.909667101945003e-06
50,default,factory_limited,0.03357062621007322,956.7328852903793,7296.082975347864,1240.590042813334,98.378778050194,0.003346686249578237,0.00018203219350106605,5.2291972649659956e-05,2.844253023454157e-06
50,default,factory_limited,0.027507692540537677,1163.169886233585,8904.202851697803,1269.4856476644381,99.18574599644106,0.004984545460421034,0.00027111825731514856,7.788352281907865e-05,4.236222770549196e-06
50,default,factory_limited,0.022539738882729105,1416.2970155858725,10866.766276106277,1298.3812525155422,100.00094371685628,0.007423968545045143,0.000403802800130366,0.00011599950851633036,6.309418752036969e-06
50,default,factory_limited,0.0184690092836002,1726.7499365431765,13261.895676265343,1327.2768573666465,100.82323881914407,0.011057238698182969,0.0006014227998064579,0.00017276935465910888,9.397231246975905e-06
50,default,factory_limited,0.01513346297809504,2107.585829572981,16184.93233951887,1356.1724622177508,101.6516292609345,0.016468621450476752,0.0008957574935346234,0.00025732221016369926,1.399621083647849e-05
50,default,factory_limited,0.012400324142602285,2574.834141610275,19752.231598655697,1385.0680670688548,102.4852354063641,0.02452832030511121,0.0013341387913488518,0.00038325500476736265,2.084591861482581e-05
50,default,factory_limited,0.010160796578032203,3148.1724777629993,24105.794509520365,1413.9636719199589,103.32329034222394,0.036532414009231705,0.001987062712206019,0.0005708189688942454,3.1047854878219046e-05
50,default,factory_limited,0.008325732933500966,3851.7560456232404,29418.920390482344,1442.859276771063,104.16512934677115,0.05441127874801116,0.0029595258363244023,0.0008501762304376744,4.6242591192568785e-05
50,default,factory_limited,0.0068220860783542074,4715.235506371406,35903.1052305589,1471.754881622167,105.01017916943451,0.0810400115975264,0.004407909786675896,0.00126625018121135,6.887359041681088e-05
50,default,factory_limited,0.005590001364709142,5775.005991485439,43816.460566432506,1500.6504864732713,105.8579475816613,0.12070077437699037,0.006565128930114005,0.0018859495996404745,0.00010258013953303133
50,default,factory_limited,0.004580434034187464,7075.73973979876,53473.98795287563,1529.5460913243755,106.70801350040273,0.17977140733343372,0.009778085295507638,0.002808928239584902,0.00015278258274230684
50,default,factory_limited,0.0037531969265689963,8672.266702517976,65260.11801544069,1558.4416961754796,107.56001786374861,0.2677510485036638,0.014563453827640573,0.004183610132869747,0.00022755396605688395
50,default,factory_limited,0.0030753607768321026,10631.882051029845,79644.01321895834,1587.3373010265836,108.41365534813431,0.3987876884216748,0.021690768793688232,0.006231057631588668,0.00033891826240137863
50,default,factory_limited,0.0025199434222928684,13037.177413854744,97198.2434987446,1616.2329058776877,109.26866695265707,0.5939533059738016,0.03230617245260038,0.00928052040584065,0.000504783944571881
50,default,factory_limited,0.0020648357420030186,15989.514612886636,118621.57816266817,1645.1285107287918,110.12483343279052,0.8846324495960391,0.04811672598902335,0.013822382024938112,0.0007518238435784898
50,default,factory_limited,0.0016919215740065319,19613.28758222955,144766.80132582577,1674.0241155798958,110.98196953822216,1.3175691809564694,0.07166492172044353,0.020587018452444834,0.0011197644018819302
50,default,factory_limited,0.0013863565775996507,24061.1511600579,176674.65810791828,1702.919720431,111.83991899351139,1.9623839792436142,0.10673754083702452,0.03066224967568147,0.0016677740755785082
50,default,factory_limited,0.0011359773347546405,29520.435923868452,215615.28286652412,1731.8153252821041,112.69855015245977,2.9227693981096774,0.1589746050149591,0.04566827184546371,0.002483978203358736
50,default,factory_limited,0.0009308171692094851,36221.01788291634,263138.7585717796,1760.7109301332084,113.55775225492417,4.353164846881333,0.23677634730456276,0.06801820073252082,0.003699630426633793
50,default,factory_limited,0.0007627094097632645,44444.97272144635,321136.81990511494,1789.6065349843125,114.41743221636708,6.483591964654994,0.35265405212119033,0.10130612444773428,0.005510219564393599
50,default,factory_limited,0.0006249623051490014,54538.41894405908,391918.15625533706,1818.5021398354168,115.27751188430625,9.656644359391668,0.525241992678964,0.15088506811549482,0.008206906135608812
50,default,factory_limited,0.0005120926500413626,66926.04582619618,478300.3121472223,1847.3977446865206,116.1379257009984,14.382580025412345,0.7822940051701499,0.2247278128970679,0.012223343830783592
50,default,factory_limited,0.000419607518830857,82128.93433854057,583721.8433204826,1876.2933495376249,116.99861871746671,21.421375841205933,1.1651465782538997,0.3347089975188427,0.018205415285217182
50,default,factory_limited,0.0003438254187892884,100786.41687770259,712379.1929798783,1905.188954388729,117.8595449098958,31.904939316827846,1.7353661664855764,0.4985146768254351,0.02711509635133713
50,default,factory_limited,0.00028172974339213923,123682.89043879717,869393.7367562877,1934.0845592398332,118.72066575516652,47.51913044037057,2.5846496809834028,0.7424864131307901,0.04038515126536567
50,default,factory_limited,0.0002308486923139418,151780.7048476203,1061015.6458239097,1962.9801640909373,119.58194902770752,70.77486452443942,3.8495702534852487,1.105857258194366,0.06014953521070701
50,default,factory_limited,0.0001891568781535471,186260.50146055676,1294872.6832140782,1991.8757689420413,120.44336778479985,105.41189205342059,5.733539537505177,1.6470608133346967,0.08958655527351839
50,default,factory_limited,0.00015499470321511088,228570.6889178238,1580273.8369913702,2020.7713737931456,121.30489951194377,157.00018729735615,8.53951830035385,2.45312792652119,0.1334299734430289
50,default,factory_limited,0.0001270022970311419,280488.1240682528,1928579.8768113805,2049.6669786442494,122.16652540387852,233.8356548890449,12.718735490539457,3.6536821076413264,0.198730242039679
50,default,factory_limited,0.00010406538492351445,344192.53396829305,2353655.584353074,2078.5625834953535,123.02822976034938,348.2741927805922,18.9432502851601,5.441784262196753,0.2959882857056266
50,default,factory_limited,8.527093282906315e-05,422357.78838077205,2872421.6592550324,2107.458188346458,123.88999947878023,518.7186420074713,28.21402580729336,8.10497878136674,0.44084415323895876
50,default,factory_limited,6.987080277349386e-05,518263.83534650266,3505528.2698998847,2136.353793197562,124.75182362866516,772.5781443001864,42.02189382875952,12.071533504690413,0.6565920910743674
50,default,factory_limited,5.7251972251774814e-05,635933.9744531893,4278177.060624999,2165.249398048666,125.61369309478567,1150.6758013175906,62.58729516363683,17.979309395587354,0.9779264869318255
50,default,factory_limited,4.6912132058134204e-05,780303.1992698932,5221124.3364415,2194.1450028997706,126.47560027832827,1713.8134304035082,93.217348362803,26.778334850054815,1.4565210681687968
50,default,factory_limited,3.843969120507633e-05,957424.636041045,6371905.358353557,2223.040607750874,127.33753884666393,2552.549094078651,138.83766686311046,39.88357959497892,2.169338544736101
50,default,factory_limited,3.149739300082433e-05,1174722.6940593566,7776328.483969189,2251.9362126019787,128.19950352398686,3801.7597260558864,206.78444601288183,59.402495719623225,3.2310069689512786
50,default,factory_limited,2.5808890101525137e-05,1441303.4902476494,9490298.629641883,2280.8318174530823,129.061489916234,5662.330667092422,307.9841953481849,88.4739166733191,4.8122530523153895
50,default,factory_limited,2.1147744140449004e-05,1768335.497373469,11582042.639460532,2309.727422304187,129.92349436474439,8433.460001102661,458.7108286585536,131.77281251722908,7.1673566977899
50,default,factory_limited,1.7328412049903184e-05,2169516.2912709164,14134825.144837808,2338.6230271552904,130.78551382399726,12560.77254610775,683.2026691848132,196.2620710329336,10.675041706012706
50,default,factory_limited,1.4198860274505597e-05,2661644.8591216444,17250263.023072854,2367.518632006395,131.6475457595103,18707.980702395645,1017.5602100919567,292.31219847493196,15.899378282686824
50,default,factory_limited,1.1634512874828548e-05,3265323.3273687325,21052370.391286492,2396.4142368574994,132.5095880626091,27863.615926208422,1515.5514283892492,435.3689988470066,23.68049106858202
50,default,factory_limited,9.533292617689702e-06,4005817.35695575,25692495.152051598,2425.309841708603,133.37163897930662,41499.99429836005,2257.2582038021164,648.4374109118758,35.26965943440807
50,default,factory_limited,7.811557657143072e-06,4914111.059270047,31355343.596434765,2454.2054465597075,134.23369705097826,61809.97941275774,3361.9542716853043,965.7809283243397,52.53053549508288
50,default,factory_limited,6.400772060394231e-06,6028200.3829041375,38266332.88172368,2483.101051410811,135.09576106489308,92059.6163830431,5007.285611306975,1438.4315059850485,78.23883767667148
50,default,factory_limited,5.244777644527709e-06,7394678.845510048,46700564.0589246,2511.9966562619156,135.9578300129776,137113.34397959488,7457.837664351501,2142.39599968117,116.5287135054922
50,default,factory_limited,4.297558525907499e-06,9070681.648826566,56993772.83322982,2540.8922611130192,136.81990305745165,204216.24416772425,11107.683272994276,3190.8788151206913,173.55755114053557
50,default,factory_limited,3.5214093971877605e-06,11126269.123572536,69555693.9669353,2569.7878659641237,137.6819795022009,304159.1224569528,16543.753463945424,4752.486288389888,258.49614787414725
50,default,factory_limited,2.885434617783073e-06,13647348.723355187,84886371.31250226,2598.6834708152282,138.54405876893418,453013.77542621864,24640.221723033115,7078.340241034666,385.0034644223924
50,default,factory_limited,2.364318372112592e-06,16739257.181629008,103596062.71816337,2627.579075666332,139.40614037733167,674717.4934888271,36699.0796788288,10542.460835762924,573.4231199817
50,default,factory_limited,1.937316940144021e-06,20531151.892613024,126429532.14711139,2656.4746805174364,140.26822392852029,1004922.4123295783,54659.51014613014,15701.912692649661,854.0548460332834
50,default,factory_limited,1.5874329662360128e-06,25181394.214999445,154295695.99014252,2685.3702853685404,141.13030909132195,1496728.726537786,81409.72677138945,23386.386352152906,1272.0269808029602
50,default,factory_limited,1.3007388569603548e-06,30884148.62201444,188303803.68236154,2714.2658902196445,141.9923955908124,2229223.7225063685,121251.42715830782,34831.62066416201,1894.5535493485597
50,default,factory_limited,1.0658223748611395e-06,37877472.14318889,229807592.84115535,2743.1614950707485,142.8544831988044,3320199.7909670593,180591.54809856514,51878.1217338603,2821.7429390400803
50,default,factory_limited,8.733323592786795e-07,46453230.4576762,280459176.5789864,2772.0570999218526,143.71657172593348,4945096.6005078545,268972.5639439766,77267.13438293523,4202.696311624634
50,default,factory_limited,7.156064910559172e-07,56969252.87385807,342274808.0466237,2800.952704772957,144.57866101507813,7365213.519645375,400607.0102190535,115081.46124445899,6259.484534672711
50,default,factory_limited,5.863662838101185e-07,69864231.41150239,417715140.0512625,2829.8483096240607,145.4407509358898,10969729.122055167,596662.9989446652,171402.017532112,9322.859358510394
50,default,factory_limited,4.804671604948061e-07,85675983.14577167,509783174.58957684,2858.743914475165,146.30284138024768,16338284.92416323,888668.2589877191,255285.70194005047,13885.44154668311
50,default,factory_limited,3.93693666719584e-07,105063834.60008262,622143801.3061588,2887.6395193262692,147.16493225848131,24334197.434870534,1323580.1045633527,380221.8349198521,20680.939133802385
50,default,factory_limited,3.22591669023728e-07,128836058.07408567,759269683.2634759,2916.5351241773733,148.0270234962329,36243287.93063859,1971336.6326276602,566301.373916228,30802.13488480719
50,default,factory_limited,2.64330858534326e-07,157983499.45396525,926619297.198987,2945.430729028478,148.8891150318513,53980655.14751021,2936103.455877955,843447.736679847,45876.61649809305
50,default,factory_limited,2.1659208678558458e-07,193720793.9615114,1130854215.3968651,2974.3263338795814,149.75120681422743,80398641.97009338,4373024.556504915,1256228.7807827091,68328.50869538929
50,default,factory_limited,1.7747504895287205e-07,237536881.09853244,1380104278.366045,3003.221938730686,150.61329880099754,119745520.1862885,6513170.96252548,1871023.752910758,101768.29628946063
50,default,factory_limited,1.45422639710772e-07,291256915.7728168,1684291213.8730679,3032.1175435817895,151.4753909570512,178348654.32202986,9700699.238924434,2786697.7237817165,151573.4256081943
50,default,factory_limited,1.1915897060022631e-07,357118145.22499883,2055523584.412509,3061.013148432894,152.33748325329333,265632004.0114629,14448195.243992254,4150500.0626791078,225753.05068737897
50,default,factory_limited,9.763858160424957e-08,437862900.48215073,2508578784.5203767,3089.9087532839976,153.19957566561658,395631589.2787206,21519102.970526237,6181743.58248001,336235.98391447245
50,default,factory_limited,8.000482523194604e-08,536852560.6185147,3061491274.4697733,3118.804358135102,154.0616681740487,589252620.4351932,32050493.839267727,9207072.194299893,500788.96623855823
50,default,factory_limited,6.555576653435989e-08,658207217.4773,3736270465.767556,3147.6999629862066,154.92376076204522,877631261.2518107,47735918.95293665,13712988.457059542,745873.7336396351
50,default,factory_limited,5.371624165727791e-08,806976833.680701,4559776834.831785,3176.59556783731,155.78585341590286,1307141629.9474156,71097748.7494901,20424087.96792837,1110902.3242107828
50,default,factory_limited,4.401496268479646e-08,989350991.8060211,5564791139.71137,3205.4911726884147,156.64794612427292,1946853212.9364834,105892794.94607171,30419581.452132553,1654574.9210323705
50,default,factory_limited,3.6065757401728826e-08,1212915931.5300617,6791319301.430807,3234.3867775395183,157.51003887775755,2899637916.7218347,157716442.7667087,45306842.44877867,2464319.4182298235
50,default,factory_limited,2.9552197198832463e-08,1486969530.4869862,8288184892.484365,3263.282382390623,158.3721316685755,4318712880.982493,234902443.85042807,67479888.76535146,3670350.6851629387
50,default,factory_limited,2.4215001214332402e-08,1822907284.5734663,10114972623.58633,3292.1779872417264,159.23422449028465,6432279299.703109,349863065.3781833,100504364.05786107,5466610.396534114
50,default,factory_limited,1.9841715316967552e-08,2234695283.724243,12344400191.732805,3321.073592092831,160.096317337552,9580219414.812458,521085104.5626358,149690928.35644466,8141954.758791184
50,default,factory_limited,1.6258255088856447e-08,2739449781.353712,15065212904.117983,3349.969196943935,160.95841020596333,14268752919.386724,776102747.2378197,222949264.36541757,12126605.425590932
50,default,factory_limited,1.3321976165452046e-08,3358147368.6452374,18385716302.230812,3378.864801795039,161.82050309186528,21251842056.948635,1155925335.412632,332060032.1398224,18061333.365822375
50,default,factory_limited,1.0915996088320412e-08,4116495171.096779,22438087406.897263,3407.760406646143,162.68259599223433,31652436156.48104,1721632072.3051991,494569314.94501626,26900501.129768737
50,default,factory_limited,8.944541644597905e-09,5045997107.654064,27383636199.067955,3436.656011497247,163.54468890456863,47143052915.38377,2564194158.208173,736610201.8028715,40065533.7220027
50,default,factory_limited,7.329136487832536e-09,6185260366.0872,33419226776.538986,3465.5516163483508,164.40678182679812,70214735674.54309,3819103853.1160154,1097105244.9147358,59673497.70493774
50,default,factory_limited,6.005477283424599e-09,7581596187.246851,40785113789.22565,3494.4472211994553,165.2688747572102,104577637657.34383,5688162963.087752,1634025588.3959973,88877546.29824613
50,default,factory_limited,4.9208740295126795e-09,9292981226.106981,49774506092.6378,3523.34282605056,166.13096769438812,155757651053.23627,8471934552.982782,2433713297.7068167,132373977.39035597
50,default,factory_limited,4.032152661898664e-09,11390460672.024307,60745238313.4093,3552.238430901664,166.99306063715994,231985024763.25403,12618076439.754725,3624766011.925844,197157444.37116757
50,default,factory_limited,3.30393645343254e-09,13961092580.453217,74134014928.95363,3581.134035752768,167.85515358455638,345517869269.9593,18793328966.810555,5398716707.343114,293645765.1064149
50,default,factory_limited,2.7072377966910252e-09,17111555247.971045,90473793865.63586,3610.0296406038724,168.7172465357758,514613381215.81464,27990733400.694637,8040834081.497104,437355209.3858537
50,default,factory_limited,2.218304314000376e-09,20972566876.021587,110415001592.53644,3638.925245454976,169.57933949015523,766463779965.7687,41689322721.50409,11975996561.965136,651395667.5235014
50,default,factory_limited,1.8176733626899397e-09,25704300348.115135,134751424205.61676,3667.82085030608,170.44143244714655,1141569083593.3528,62091964654.794846,17837016931.146137,970186947.7311695
50,default,factory_limited,1.4893972989099906e-09,31503017076.56683,164451805131.0661,3696.716455157185,171.30352540629653,1700249909623.0999,92479604440.86642,26566404837.860935,1444993819.388538
50,default,factory_limited,1.2204086606174117e-09,38609194255.98634,200698407236.1208,3725.612060008289,172.16561836723045,2532347622864.6104,137738873058.49136,39567931607.25954,2152169891.5389276
50,default,factory_limited,1e-09,47317481570.956635,244934074363.08197,3754.507664859393,173.02771132963846,3771671709395.6714,205147905488.22232,58932370459.307365,3205436023.2534738
50,qbest,optimistic,0.049999999999999996,191.03832914354123,4898.68148726164,1182.798833111126,37.104649864154844,0.0015086686837582689,8.205916219528895e-05,2.357294818372295e-05,1.2821744093013898e-06
50,qbest,optimistic,0.040969882969123315,231.68052384396248,5978.393312660302,1211.69443796223,37.40616793975262,0.002247007062539657,0.0001222186945244802,3.510948535218214e-05,1.909667101945003e-06
50,qbest,optimistic,0.03357062621007322,281.43869096544296,7296.082975347864,1240.590042813334,37.71186491924103,0.003346686249578237,0.00018203219350106605,5.2291972649659956e-05,2.844253023454157e-06
50,qbest,optimistic,0.027507692540537677,342.3759639161366,8904.202851697803,1269.4856476644381,38.02120263196907,0.004984545460421034,0.00027111825731514856,7.788352281907865e-05,4.236222770549196e-06
50,qbest,optimistic,0.022539738882729105,417.02240904475394,10866.766276106277,1298.3812525155422,38.33369509146157,0.007423968545045143,0.000403802800130366,0.00011599950851633036,6.309418752036969e-06
50,qbest,optimistic,0.0184690092836002,508.4806272675611,13261.895676265343,1327.2768573666465,38.648908214005225,0.011057238698182969,0.0006014227998064579,0.00017276935465910888,9.397231246975905e-06
50,qbest,optimistic,0.01513346297809504,620.5552227602076,16184.93233951887,1356.1724622177508,38.966457883358224,0.016468621450476752,0.0008957574935346234,0.00025732221016369926,1.399621083647849e-05
50,qbest,optimistic,0.012400324142602285,757.9115298117264,19752.231598655697,1385.0680670688548,39.2860069057729,0.02452832030511121,0.0013341387913488518,0.00038325500476736265,2.084591861482581e-05
50,qbest,optimistic,0.010160796578032203,926.2702059175764,24105.794509520365,1413.9636719199589,39.6072612978525,0.036532414009231705,0.001987062712206019,0.0005708189688942454,3.1047854878219046e-05
50,qbest,optimistic,0.008325732933500966,1132.6457907401839,29418.920390482344,1442.859276771063,39.92996624959561,0.05441127874801116,0.0029595258363244023,0.0008501762304376744,4.6242591192568785e-05
50,qbest,optimistic,0.0068220860783542074,1385.6391586053421,35903.1052305589,1471.754881622167,40.25390201494989,0.0810400115975264,0.004407909786675896,0.00126625018121135,6.887359041681088e-05
50,qbest,optimistic,0.005590001364709142,1695.7960326013663,43816.460566432506,1500.6504864732713,40.5788799063035,0.12070077437699037,0.006565128930114005,0.0018859495996404745,0.00010258013953303133
50,qbest,optimistic,0.004580434034187464,2076.0464740733364,53473.98795287563,1529.5460913243755,40.90473850848771,0.17977140733343372,0.009778085295507638,0.002808928239584902,0.00015278258274230684
50,qbest,optimistic,0.0037531969265689963,2542.243626274599,65260.11801544069,1558.4416961754796,41.23134018110363,0.2677510485036638,0.014563453827640573,0.004183610132869747,0.00022755396605688395
50,qbest,optimistic,0.0030753607768321026,3113.8241147373296,79644.01321895834,1587.3373010265836,41.55856788345148,0.3987876884216748,0.021690768793688232,0.006231057631588668,0.00033891826240137863
50,qbest,optimistic,0.0025199434222928684,3814.6175605879257,97198.2434987446,1616.2329058776877,41.88632233185187,0.5939533059738016,0.03230617245260038,0.00928052040584065,0.000504783944571881
50,qbest,optimistic,0.0020648357420030186,4673.838856126386,118621.57816266817,1645.1285107287918,42.2145194825697,0.8846324495960391,0.04811672598902335,0.013822382024938112,0.0007518238435784898
50,qbest,optimistic,0.0016919215740065319,5727.3044412845875,144766.80132582577,1674.0241155798958,42.543088322985156,1.3175691809564694,0.07166492172044353,0.020587018452444834,0.0011197644018819302
50,qbest,optimistic,0.0013863565775996507,7018.923119685494,176674.65810791828,1702.919720431,42.87196894751269,1.9623839792436142,0.10673754083702452,0.03066224967568147,0.0016677740755785082
50,qbest,optimistic,0.0011359773347546405,8602.523349411227,215615.28286652412,1731.8153252821041,43.20111089177624,2.9227693981096774,0.1589746050149591,0.04566827184546371,0.002483978203358736
50,qbest,optimistic,0.0009308171692094851,10544.09290852861,263138.7585717796,1760.7109301332084,43.53047169772093,4.353164846881333,0.23677634730456276,0.06801820073252082,0.003699630426633793
50,qbest,optimistic,0.0007627094097632645,12924.523947544132,321136.81990511494,1789.6065349843125,43.860015682940706,6.483591964654994,0.35265405212119033,0.10130612444773428,0.005510219564393599
50,qbest,optimistic,0.0006249623051490014,15842.977409181016,391918.15625533706,1818.5021398354168,44.189712888984054,9.656644359391668,0.525241992678964,0.15088506811549482,0.008206906135608812
50,qbest,optimistic,0.0005120926500413626,19421.0064887186,478300.3121472223,1847.3977446865206,44.519538185382714,14.382580025412345,0.7822940051701499,0.2247278128970679,0.012223343830783592
50,qbest,optimistic,0.000419607518830857,23807.610289667955,583721.8433204826,1876.2933495376249,44.84947050836224,21.421375841205933,1.1651465782538997,0.3347089975188427,0.018205415285217182
50,qbest,optimistic,0.0003438254187892884,29185.427403375037,712379.1929798783,1905.188954388729,45.17949221546005,31.904939316827846,1.7353661664855764,0.4985146768254351,0.02711509635133713
50,qbest,optimistic,0.00028172974339213923,35778.326404271036,869393.7367562877,1934.0845592398332,45.5095885394805,47.51913044037057,2.5846496809834028,0.7424864131307901,0.04038515126536567
50,qbest,optimistic,0.0002308486923139418,43860.70816141345,1061015.6458239097,1962.9801640909373,45.83974712728788,70.77486452443942,3.8495702534852487,1.105857258194366,0.06014953521070701
50,qbest,optimistic,0.0001891568781535471,53768.90581848981,1294872.6832140782,1991.8757689420413,46.16995765083993,105.41189205342059,5.733539537505177,1.6470608133346967,0.08958655527351839
50,qbest,optimistic,0.00015499470321511088,65915.15522478084,1580273.8369913702,2020.7713737931456,46.50021147957844,157.00018729735615,8.53951830035385,2.45312792652119,0.1334299734430289
50,qbest,optimistic,0.0001270022970311419,80804.71510560786,1928579.8768113805,2049.6669786442494,46.8305014048201,233.8356548890449,12.718735490539457,3.6536821076413264,0.198730242039679
50,qbest,optimistic,0.00010406538492351445,99056.84674875472,2353655.584353074,2078.5625834953535,47.16082140813393,348.2741927805922,18.9432502851601,5.441784262196753,0.2959882857056266
50,qbest,optimistic,8.527093282906315e-05,121430.52285085454,2872421.6592550324,2107.458188346458,47.49116646686575,518.7186420074713,28.21402580729336,8.10497878136674,0.44084415323895876
50,qbest,optimistic,6.987080277349386e-05,148855.93102666404,3505528.2698998847,2136.353793197562,47.82153239098831,772.5781443001864,42.02189382875952,12.071533504690413,0.6565920910743674
50,qbest,optimistic,5.7251972251774814e-05,182473.0774338108,4278177.060624999,2165.249398048666,48.151915686334505,1150.6758013175906,62.58729516363683,17.979309395587354,0.9779264869318255
50,qbest,optimistic,4.6912132058134204e-05,223679.0899271139,5221124.3364415,2194.1450028997706,48.482313440025834,1713.8134304035082,93.217348362803,26.778334850054815,1.4565210681687968
50,qbest,optimistic,3.843969120507633e-05,274186.18028256955,6371905.358353557,2223.040607750874,48.8127232245545,2552.549094078651,138.83766686311046,39.88357959497892,2.169338544736101
50,qbest,optimistic,3.149739300082433e-05,336092.66620735556,7776328.483969189,2251.9362126019787,49.143143017528296,3801.7597260558864,206.78444601288183,59.402495719623225,3.2310069689512786
50,qbest,optimistic,2.5808890101525137e-05,411969.994312191,9490298.629641883,2280.8318174530823,49.47357113455636,5662.330667092422,307.9841953481849,88.4739166733191,4.8122530523153895
50,qbest,optimistic,2.1147744140449004e-05,504969.36729975406,11582042.639460532,2309.727422304187,49.80400617315201,8433.460001102661,458.7108286585536,131.77281251722908,7.1673566977899
50,qbest,optimistic,1.7328412049903184e-05,618952.3896731081,14134825.144837808,2338.6230271552904,50.134446965865614,12560.77254610775,683.2026691848132,196.2620710329336,10.675041706012706
50,qbest,optimistic,1.4198860274505597e-05,758651.1397973503,17250263.023072854,2367.518632006395,50.46489254114561,18707.980702395645,1017.5602100919567,292.31219847493196,15.899378282686824
50,qbest,optimistic,1.1634512874828548e-05,929864.2931950886,21052370.391286492,2396.4142368574994,50.79534209066682,27863.615926208422,1515.5514283892492,435.3689988470066,23.68049106858202
50,qbest,optimistic,9.533292617689702e-06,1139697.4127868714,25692495.152051598,2425.309841708603,51.125794942067536,41499.99429836005,2257.2582038021164,648.4374109118758,35.26965943440807
50,qbest,optimistic,7.811557657143072e-06,1396857.3479656663,31355343.596434765,2454.2054465597075,51.45625053620832,61809.97941275774,3361.9542716853043,965.7809283243397,52.53053549508288
50,qbest,optimistic,6.400772060394231e-06,1712012.921322041,38266332.88172368,2483.101051410811,51.786708408209016,92059.6163830431,5007.285611306975,1438.4315059850485,78.23883767667148
50,qbest,optimistic,5.244777644527709e-06,2098236.8218643665,46700564.0589246,2511.9966562619156,52.11716817164141,137113.34397959488,7457.837664351501,2142.39599968117,116.5287135054922
50,qbest,optimistic,4.297558525907499e-06,2571546.979810366,56993772.83322982,2540.8922611130192,52.44762950535646,204216.24416772425,11107.683272994276,3190.8788151206913,173.55755114053557
50,qbest,optimistic,3.5214093971877605e-06,3151569.8089872897,69555693.9669353,2569.7878659641237,52.778092142510346,304159.1224569528,16543.753463945424,4752.486288389888,258.49614787414725
50,qbest,optimistic,2.885434617783073e-06,3862352.738217913,84886371.31250226,2598.6834708152282,53.10855586142476,453013.77542621864,24640.221723033115,7078.340241034666,385.0034644223924
50,qbest,optimistic,2.364318372112592e-06,4733359.620562487,103596062.71816337,2627.579075666332,53.43902047797714,674717.4934888271,36699.0796788288,10542.460835762924,573.4231199817
50,qbest,optimistic,1.937316940144021e-06,5800690.1633863775,126429532.14711139,2656.4746805174364,53.76948583926611,1004922.4123295783,54659.51014613014,15701.912692649661,854.0548460332834
50,qbest,optimistic,1.5874329662360128e-06,7108573.774555053,154295695.99014252,2685.3702853685404,54.09995181834008,1496728.726537786,81409.72677138945,23386.386352152906,1272.0269808029602
50,qbest,optimistic,1.3007388569603548e-06,8711199.55225309,188303803.68236154,2714.2658902196445,54.43041830981142,2229223.7225063685,121251.42715830782,34831.62066416201,1894.5535493485597
50,qbest,optimistic,1.0658223748611395e-06,10674958.025344277,229807592.84115535,2743.1614950707485,54.760885226208345,3320199.7909670593,180591.54809856514,51878.1217338603,2821.7429390400803
50,qbest,optimistic,8.733323592786795e-07,13081187.250178793,280459176.5789864,2772.0570999218526,55.09135249494117,4945096.6005078545,268972.5639439766,77267.13438293523,4202.696311624634
50,qbest,optimistic,7.156064910559172e-07,16029536.689208832,342274808.0466237,2800.952704772957,55.42182005577994,7365213.519645375,400607.0102190535,115081.46124445899,6259.484534672711
50,qbest,optimistic,5.863662838101185e-07,19642087.795012824,417715140.0512625,2829.8483096240607,55.752287858757754,10969729.122055167,596662.9989446652,171402.017532112,9322.859358510394
50,qbest,optimistic,4.804671604948061e-07,24068401.451431688,509783174.58957684,2858.743914475165,56.08275586242828,16338284.92416323,888668.2589877191,255285.70194005047,13885.44154668311
50,qbest,optimistic,3.93693666719584e-07,29491700.668606084,622143801.3061588,2887.6395193262692,56.41322403241783,24334197.434870534,1323580.1045633527,380221.8349198521,20680.939133802385
50,qbest,optimistic,3.22591669023728e-07,36136443.76692097,759269683.2634759,2916.5351241773733,56.743692340222616,36243287.93063859,1971336.6326276602,566301.373916228,30802.13488480719
50,qbest,optimistic,2.64330858534326e-07,44277600.64626549,926619297.198987,2945.430729028478,57.074160762209665,53980655.14751021,2936103.455877955,843447.736679847,45876.61649809305
50,qbest,optimistic,2.1659208678558458e-07,54252014.98500804,1130854215.3968651,2974.3263338795814,57.40462927878718,80398641.97009338,4373024.556504915,1256228.7807827091,68328.50869538929
50,qbest,optimistic,1.7747504895287205e-07,66472321.24168235,1380104278.366045,3003.221938730686,57.735097873715716,119745520.1862885,6513170.96252548,1871023.752910758,101768.29628946063
50,qbest,optimistic,1.45422639710772e-07,81443990.68529886,1684291213.8730679,3032.1175435817895,58.065566533536284,178348654.32202986,9700699.238924434,2786697.7237817165,151573.4256081943
50,qbest,optimistic,1.1915897060022631e-07,99786209.6966677,2055523584.412509,3061.013148432894,58.396035247095774,265632004.0114629,14448195.243992254,4150500.0626791078,225753.05068737897
50,qbest,optimistic,9.763858160424957e-08,122257451.57640217,2508578784.5203767,3089.9087532839976,58.72650400515302,395631589.2787206,21519102.970526237,6181743.58248001,336235.98391447245
50,qbest,optimistic,8.000482523194604e-08,149786796.57123265,3061491274.4697733,3118.804358135102,59.056972800051994,589252620.4351932,32050493.839267727,9207072.194299893,500788.96623855823
50,qbest,optimistic,6.555576653435989e-08,183512291.75496727,3736270465.767556,3147.6999629862066,59.38744162545066,877631261.2518107,47735918.95293665,13712988.457059542,745873.7336396351
50,qbest,optimistic,5.371624165727791e-08,224827932.52778664,4559776834.831785,3176.59556783731,59.7179104760961,1307141629.9474156,71097748.7494901,20424087.96792837,1110902.3242107828
50,qbest,optimistic,4.401496268479646e-08,275441202.77041084,5564791139.71137,3205.4911726884147,60.04837934763795,1946853212.9364834,105892794.94607171,30419581.452132553,1654574.9210323705
50,qbest,optimistic,3.6065757401728826e-08,337443545.7309089,6791319301.430807,3234.3867775395183,60.37884823647373,2899637916.7218347,157716442.7667087,45306842.44877867,2464319.4182298235
50,qbest,optimistic,2.9552197198832463e-08,413396670.43567055,8288184892.484365,3263.282382390623,60.7093171396206,4318712880.982493,234902443.85042807,67479888.76535146,3670350.6851629387
50,qbest,optimistic,2.4215001214332402e-08,506438250.7237734,10114972623.58633,3292.1779872417264,61.0397860546091,6432279299.703109,349863065.3781833,100504364.05786107,5466610.396534114
50,qbest,optimistic,1.9841715316967552e-08,620411372.7455263,12344400191.732805,3321.073592092831,61.37025497939492,9580219414.812458,521085104.5626358,149690928.35644466,8141954.758791184
50,qbest,optimistic,1.6258255088856447e-08,760023064.8028172,15065212904.117983,3349.969196943935,61.700723912285945,14268752919.386724,776102747.2378197,222949264.36541757,12126605.425590932
50,qbest,optimistic,1.3321976165452046e-08,931038440.9746879,18385716302.230812,3378.864801795039,62.031192851881684,21251842056.948635,1155925335.412632,332060032.1398224,18061333.365822375
50,qbest,optimistic,1.0915996088320412e-08,1140518456.3254356,22438087406.897263,3407.760406646143,62.36166179702315,31652436156.48104,1721632072.3051991,494569314.94501626,26900501.129768737
50,qbest,optimistic,8.944541644597905e-09,1397111066.943222,27383636199.067955,3436.656011497247,62.6921307467513,47143052915.38377,2564194158.208173,736610201.8028715,40065533.7220027
50,qbest,optimistic,7.329136487832536e-09,1711407786.4408205,33419226776.538986,3465.5516163483508,63.02259970027261,70214735674.54309,3819103853.1160154,1097105244.9147358,59673497.70493774
50,qbest,optimistic,6.005477283424599e-09,2096380322.2635996,40785113789.22565,3494.4472211994553,63.353068656930574,104577637657.34383,5688162963.087752,1634025588.3959973,88877546.29824613
50,qbest,optimistic,4.9208740295126795e-09,2567915270.8639393,49774506092.6378,3523.34282605056,63.68353761618211,155757651053.23627,8471934552.982782,2433713297.7068167,132373977.39035597
50,qbest,optimistic,4.032152661898664e-09,3145468886.0069065,60745238313.4093,3552.238430901664,64.01400657757797,231985024763.25403,12618076439.754725,3624766011.925844,197157444.37116757
50,qbest,optimistic,3.30393645343254e-09,3852868875.0436153,74134014928.95363,3581.134035752768,64.34447554074661,345517869269.9593,18793328966.810555,5398716707.343114,293645765.1064149
50,qbest,optimistic,2.7072377966910252e-09,4719296226.997298,90473793865.63586,3610.0296406038724,64.67494450538072,514613381215.81464,27990733400.694637,8040834081.497104,437355209.3858537
50,qbest,optimistic,2.218304314000376e-09,5780487482.358692,110415001592.53644,3638.925245454976,65.00541347122618,766463779965.7687,41689322721.50409,11975996561.965136,651395667.5235014
50,qbest,optimistic,1.8176733626899397e-09,7080206921.927933,134751424205.61676,3667.82085030608,65.33588243807284,1141569083593.3528,62091964654.794846,17837016931.146137,970186947.7311695
50,qbest,optimistic,1.4893972989099906e-09,8672049253.454037,164451805131.0661,3696.716455157185,65.666351405747,1700249909623.0999,92479604440.86642,26566404837.860935,1444993819.388538
50,qbest,optimistic,1.2204086606174117e-09,10621646966.324799,200698407236.1208,3725.612060008289,65.996820374105,2532347622864.6104,137738873058.49136,39567931607.25954,2152169891.5389276
50,qbest,optimistic,1e-09,13009373164.516478,244934074363.08197,3754.507664859393,66.32728934302807,3771671709395.6714,205147905488.22232,58932370459.307365,3205436023.2534738
50,qbest,moderate,0.049999999999999996,1910.3832914354123,4898.68148726164,1182.798833111126,37.104649864154844,0.0015086686837582689,8.205916219528895e-05,2.357294818372295e-05,1.2821744093013898e-06
50,qbest,moderate,0.040969882969123315,2316.8052384396246,5978.393312660302,1211.69443796223,37.40616793975262,0.002247007062539657,0.0001222186945244802,3.510948535218214e-05,1.909667101945003e-06
50,qbest,moderate,0.03357062621007322,2814.3869096544295,7296.082975347864,1240.590042813334,37.71186491924103,0.003346686249578237,0.00018203219350106605,5.2291972649659956e-05,2.844253023454157e-06
50,qbest,moderate,0.027507692540537677,3423.7596391613665,8904.202851697803,1269.4856476644381,38.02120263196907,0.004984545460421034,0.00027111825731514856,7.788352281907865e-05,4.236222770549196e-06
50,qbest,moderate,0.022539738882729105,4170.224090447539,10866.766276106277,1298.3812525155422,38.33369509146157,0.007423968545045143,0.000403802800130366,0.00011599950851633036,6.309418752036969e-06
50,qbest,moderate,0.0184690092836002,5084.806272675612,13261.895676265343,1327.2768573666465,38.648908214005225,0.011057238698182969,0.0006014227998064579,0.00017276935465910888,9.397231246975905e-06
50,qbest,moderate,0.01513346297809504,6205.5522276020765,16184.93233951887,1356.1724622177508,38.966457883358224,0.016468621450476752,0.0008957574935346234,0.00025732221016369926,1.399621083647849e-05
50,qbest,moderate,0.012400324142602285,7579.1152981172645,19752.231598655697,1385.0680670688548,39.2860069057729,0.02452832030511121,0.0013341387913488518,0.00038325500476736265,2.084591861482581e-05
50,qbest,moderate,0.010160796578032203,9262.702059175763,24105.794509520365,1413.9636719199589,39.6072612978525,0.036532414009231705,0.001987062712206019,0.0005708189688942454,3.1047854878219046e-05
50,qbest,moderate,0.008325732933500966,11326.457907401838,29418.920390482344,1442.859276771063,39.92996624959561,0.05441127874801116,0.0029595258363244023,0.0008501762304376744,4.6242591192568785e-05
50,qbest,moderate,0.0068220860783542074,13856.39158605342,35903.1052305589,1471.754881622167,40.25390201494989,0.0810400115975264,0.004407909786675896,0.00126625018121135,6.887359041681088e-05
50,qbest,moderate,0.005590001364709142,16957.96032601366,43816.460566432506,1500.6504864732713,40.5788799063035,0.12070077437699037,0.006565128930114005,0.0018859495996404745,0.00010258013953303133
50,qbest,moderate,0.004580434034187464,20760.46474073336,53473.98795287563,1529.5460913243755,40.90473850848771,0.17977140733343372,0.009778085295507638,0.002808928239584902,0.00015278258274230684
50,qbest,moderate,0.0037531969265689963,25422.43626274599,65260.11801544069,1558.4416961754796,41.23134018110363,0.2677510485036638,0.014563453827640573,0.004183610132869747,0.00022755396605688395
50,qbest,moderate,0.0030753607768321026,31138.241147373297,79644.01321895834,1587.3373010265836,41.55856788345148,0.3987876884216748,0.021690768793688232,0.006231057631588668,0.00033891826240137863
50,qbest,moderate,0.0025199434222928684,38146.17560587925,97198.2434987446,1616.2329058776877,41.88632233185187,0.5939533059738016,0.03230617245260038,0.00928052040584065,0.000504783944571881
50,qbest,moderate,0.0020648357420030186,46738.38856126387,118621.57816266817,1645.1285107287918,42.2145194825697,0.8846324495960391,0.04811672598902335,0.013822382024938112,0.0007518238435784898
50,qbest,moderate,0.0016919215740065319,57273.04441284588,144766.80132582577,1674.0241155798958,42.543088322985156,1.3175691809564694,0.07166492172044353,0.020587018452444834,0.0011197644018819302
50,qbest,moderate,0.0013863565775996507,70189.23119685495,176674.65810791828,1702.919720431,42.87196894751269,1.9623839792436142,0.10673754083702452,0.03066224967568147,0.0016677740755785082
50,qbest,moderate,0.0011359773347546405,86025.23349411227,215615.28286652412,1731.8153252821041,43.20111089177624,2.9227693981096774,0.1589746050149591,0.04566827184546371,0.002483978203358736
50,qbest,moderate,0.0009308171692094851,105440.9290852861,263138.7585717796,1760.7109301332084,43.53047169772093,4.353164846881333,0.23677634730456276,0.06801820073252082,0.003699630426633793
50,qbest,moderate,0.0007627094097632645,129245.23947544131,321136.81990511494,1789.6065349843125,43.860015682940706,6.483591964654994,0.35265405212119033,0.10130612444773428,0.005510219564393599
50,qbest,moderate,0.0006249623051490014,158429.77409181016,391918.15625533706,1818.5021398354168,44.189712888984054,9.656644359391668,0.525241992678964,0.15088506811549482,0.008206906135608812
50,qbest,moderate,0.0005120926500413626,194210.064887186,478300.3121472223,1847.3977446865206,44.519538185382714,14.382580025412345,0.7822940051701499,0.2247278128970679,0.012223343830783592
50,qbest,moderate,0.000419607518830857,238076.10289667954,583721.8433204826,1876.2933495376249,44.84947050836224,21.421375841205933,1.1651465782538997,0.3347089975188427,0.018205415285217182
50,qbest,moderate,0.0003438254187892884,291854.27403375035,712379.1929798783,1905.188954388729,45.17949221546005,31.904939316827846,1.7353661664855764,0.4985146768254351,0.02711509635133713
50,qbest,moderate,0.00028172974339213923,357783.2640427103,869393.7367562877,1934.0845592398332,45.5095885394805,47.51913044037057,2.5846496809834028,0.7424864131307901,0.04038515126536567
50,qbest,moderate,0.0002308486923139418,438607.0816141345,1061015.6458239097,1962.9801640909373,45.83974712728788,70.77486452443942,3.8495702534852487,1.105857258194366,0.06014953521070701
50,qbest,moderate,0.0001891568781535471,537689.0581848981,1294872.6832140782,1991.8757689420413,46.16995765083993,105.41189205342059,5.733539537505177,1.6470608133346967,0.08958655527351839
50,qbest,moderate,0.00015499470321511088,659151.5522478085,1580273.8369913702,2020.7713737931456,46.50021147957844,157.00018729735615,8.53951830035385,2.45312792652119,0.1334299734430289
50,qbest,moderate,0.0001270022970311419,808047.1510560786,1928579.8768113805,2049.6669786442494,46.8305014048201,233.8356548890449,12.718735490539457,3.6536821076413264,0.198730242039679
50,qbest,moderate,0.00010406538492351445,990568.4674875471,2353655.584353074,2078.5625834953535,47.16082140813393,348.2741927805922,18.9432502851601,5.441784262196753,0.2959882857056266
50,qbest,moderate,8.527093282906315e-05,1214305.2285085453,2872421.6592550324,2107.458188346458,47.49116646686575,518.7186420074713,28.21402580729336,8.10497878136674,0.44084415323895876
50,qbest,moderate,6.987080277349386e-05,1488559.3102666403,3505528.2698998847,2136.353793197562,47.82153239098831,772.5781443001864,42.02189382875952,12.071533504690413,0.6565920910743674
50,qbest,moderate,5.7251972251774814e-05,1824730.774338108,4278177.060624999,2165.249398048666,48.151915686334505,1150.6758013175906,62.58729516363683,17.979309395587354,0.9779264869318255
50,qbest,moderate,4.6912132058134204e-05,2236790.899271139,5221124.3364415,2194.1450028997706,48.482313440025834,1713.8134304035082,93.217348362803,26.778334850054815,1.4565210681687968
50,qbest,moderate,3.843969120507633e-05,2741861.802825696,6371905.358353557,2223.040607750874,48.8127232245545,2552.549094078651,138.83766686311046,39.88357959497892,2.169338544736101
50,qbest,moderate,3.149739300082433e-05,3360926.6620735554,7776328.483969189,2251.9362126019787,49.143143017528296,3801.7597260558864,206.78444601288183,59.402495719623225,3.2310069689512786
50,qbest,moderate,2.5808890101525137e-05,4119699.9431219096,9490298.629641883,2280.8318174530823,49.47357113455636,5662.330667092422,307.9841953481849,88.4739166733191,4.8122530523153895
50,qbest,moderate,2.1147744140449004e-05,5049693.672997541,11582042.639460532,2309.727422304187,49.80400617315201,8433.460001102661,458.7108286585536,131.77281251722908,7.1673566977899
50,qbest,moderate,1.7328412049903184e-05,6189523.896731081,14134825.144837808,2338.6230271552904,50.134446965865614,12560.77254610775,683.2026691848132,196.2620710329336,10.675041706012706
50,qbest,moderate,1.4198860274505597e-05,7586511.397973504,17250263.023072854,2367.518632006395,50.46489254114561,18707.980702395645,1017.5602100919567,292.31219847493196,15.899378282686824
50,qbest,moderate,1.1634512874828548e-05,9298642.931950886,21052370.391286492,2396.4142368574994,50.79534209066682,27863.615926208422,1515.5514283892492,435.3689988470066,23.68049106858202
50,qbest,moderate,9.533292617689702e-06,11396974.127868714,25692495.152051598,2425.309841708603,51.125794942067536,41499.99429836005,2257.2582038021164,648.4374109118758,35.26965943440807
50,qbest,moderate,7.811557657143072e-06,13968573.479656663,31355343.596434765,2454.2054465597075,51.45625053620832,61809.97941275774,3361.9542716853043,965.7809283243397,52.53053549508288
50,qbest,moderate,6.400772060394231e-06,17120129.21322041,38266332.88172368,2483.101051410811,51.786708408209016,92059.6163830431,5007.285611306975,1438.4315059850485,78.23883767667148
50,qbest,moderate,5.244777644527709e-06,20982368.21864366,46700564.0589246,2511.9966562619156,52.11716817164141,137113.34397959488,7457.837664351501,2142.39599968117,116.5287135054922
50,qbest,moderate,4.297558525907499e-06,25715469.798103664,56993772.83322982,2540.8922611130192,52.44762950535646,204216.24416772425,11107.683272994276,3190.8788151206913,173.55755114053557
50,qbest,moderate,3.5214093971877605e-06,31515698.089872897,69555693.9669353,2569.7878659641237,52.778092142510346,304159.1224569528,16543.753463945424,4752.486288389888,258.49614787414725
50,qbest,moderate,2.885434617783073e-06,38623527.38217913,84886371.31250226,2598.6834708152282,53.10855586142476,453013.77542621864,24640.221723033115,7078.340241034666,385.0034644223924
50,qbest,moderate,2.364318372112592e-06,47333596.20562487,103596062.71816337,2627.579075666332,53.43902047797714,674717.4934888271,36699.0796788288,10542.460835762924,573.4231199817
50,qbest,moderate,1.937316940144021e-06,58006901.63386378,126429532.14711139,2656.4746805174364,53.76948583926611,1004922.4123295783,54659.51014613014,15701.912692649661,854.0548460332834
50,qbest,moderate,1.5874329662360128e-06,71085737.74555053,154295695.99014252,2685.3702853685404,54.09995181834008,1496728.726537786,81409.72677138945,23386.386352152906,1272.0269808029602
50,qbest,moderate,1.3007388569603548e-06,87111995.5225309,188303803.68236154,2714.2658902196445,54.43041830981142,2229223.7225063685,121251.42715830782,34831.62066416201,1894.5535493485597
50,qbest,moderate,1.0658223748611395e-06,106749580.25344278,229807592.84115535,2743.1614950707485,54.760885226208345,3320199.7909670593,180591.54809856514,51878.1217338603,2821.7429390400803
50,qbest,moderate,8.733323592786795e-07,130811872.50178795,280459176.5789864,2772.0570999218526,55.09135249494117,4945096.6005078545,268972.5639439766,77267.13438293523,4202.696311624634
50,qbest,moderate,7.156064910559172e-07,160295366.8920883,342274808.0466237,2800.952704772957,55.42182005577994,7365213.519645375,400607.0102190535,115081.46124445899,6259.484534672711
50,qbest,moderate,5.863662838101185e-07,196420877.95012823,417715140.0512625,2829.8483096240607,55.752287858757754,10969729.122055167,596662.9989446652,171402.017532112,9322.859358510394
50,qbest,moderate,4.804671604948061e-07,240684014.51431686,509783174.58957684,2858.743914475165,56.08275586242828,16338284.92416323,888668.2589877191,255285.70194005047,13885.44154668311
50,qbest,moderate,3.93693666719584e-07,294917006.68606085,622143801.3061588,2887.6395193262692,56.41322403241783,24334197.434870534,1323580.1045633527,380221.8349198521,20680.939133802385
50,qbest,moderate,3.22591669023728e-07,361364437.66920966,759269683.2634759,2916.5351241773733,56.743692340222616,36243287.93063859,1971336.6326276602,566301.373916228,30802.13488480719
50,qbest,moderate,2.64330858534326e-07,442776006.4626549,926619297.198987,2945.430729028478,57.074160762209665,53980655.14751021,2936103.455877955,843447.736679847,45876.61649809305
50,qbest,moderate,2.1659208678558458e-07,542520149.8500804,1130854215.3968651,2974.3263338795814,57.40462927878718,80398641.97009338,4373024.556504915,1256228.7807827091,68328.50869538929
50,qbest,moderate,1.7747504895287205e-07,664723212.4168235,1380104278.366045,3003.221938730686,57.735097873715716,119745520.1862885,6513170.96252548,1871023.752910758,101768.29628946063
50,qbest,moderate,1.45422639710772e-07,814439906.8529886,1684291213.8730679,3032.1175435817895,58.065566533536284,178348654.32202986,9700699.238924434,2786697.7237817165,151573.4256081943
50,qbest,moderate,1.1915897060022631e-07,997862096.966677,2055523584.412509,3061.013148432894,58.396035247095774,265632004.0114629,14448195.243992254,4150500.0626791078,225753.05068737897
50,qbest,moderate,9.763858160424957e-08,1222574515.7640216,2508578784.5203767,3089.9087532839976,58.72650400515302,395631589.2787206,21519102.970526237,6181743.58248001,336235.98391447245
50,qbest,moderate,8.000482523194604e-08,1497867965.7123265,3061491274.4697733,3118.804358135102,59.056972800051994,589252620.4351932,32050493.839267727,9207072.194299893,500788.96623855823
50,qbest,moderate,6.555576653435989e-08,1835122917.5496726,3736270465.767556,3147.6999629862066,59.38744162545066,877631261.2518107,47735918.95293665,13712988.457059542,745873.7336396351
50,qbest,moderate,5.371624165727791e-08,2248279325.2778664,4559776834.831785,3176.59556783731,59.7179104760961,1307141629.9474156,71097748.7494901,20424087.96792837,1110902.3242107828
50,qbest,moderate,4.401496268479646e-08,2754412027.7041087,5564791139.71137,3205.4911726884147,60.04837934763795,1946853212.9364834,105892794.94607171,30419581.452132553,1654574.9210323705
50,qbest,moderate,3.6065757401728826e-08,3374435457.3090887,6791319301.430807,3234.3867775395183,60.37884823647373,2899637916.7218347,157716442.7667087,45306842.44877867,2464319.4182298235
50,qbest,moderate,2.9552197198832463e-08,4133966704.356705,8288184892.484365,3263.282382390623,60.7093171396206,4318712880.982493,234902443.85042807,67479888.76535146,3670350.6851629387
50,qbest,moderate,2.4215001214332402e-08,5064382507.237734,10114972623.58633,3292.1779872417264,61.0397860546091,6432279299.703109,349863065.3781833,100504364.05786107,5466610.396534114
50,qbest,moderate,1.9841715316967552e-08,6204113727.455264,12344400191.732805,3321.073592092831,61.37025497939492,9580219414.812458,521085104.5626358,149690928.35644466,8141954.758791184
50,qbest,moderate,1.6258255088856447e-08,7600230648.028172,15065212904.117983,3349.969196943935,61.700723912285945,14268752919.386724,776102747.2378197,222949264.36541757,12126605.425590932
50,qbest,moderate,1.3321976165452046e-08,9310384409.74688,18385716302.230812,3378.864801795039,62.031192851881684,21251842056.948635,1155925335.412632,332060032.1398224,18061333.365822375
50,qbest,moderate,1.0915996088320412e-08,11405184563.254358,22438087406.897263,3407.760406646143,62.36166179702315,31652436156.48104,1721632072.3051991,494569314.94501626,26900501.129768737
50,qbest,moderate,8.944541644597905e-09,13971110669.432219,27383636199.067955,3436.656011497247,62.6921307467513,47143052915.38377,2564194158.208173,736610201.8028715,40065533.7220027
50,qbest,moderate,7.329136487832536e-09,17114077864.408203,33419226776.538986,3465.5516163483508,63.02259970027261,70214735674.54309,3819103853.1160154,1097105244.9147358,59673497.70493774
50,qbest,moderate,6.005477283424599e-09,20963803222.635994,40785113789.22565,3494.4472211994553,63.353068656930574,104577637657.34383,5688162963.087752,1634025588.3959973,88877546.29824613
50,qbest,moderate,4.9208740295126795e-09,25679152708.639397,49774506092.6378,3523.34282605056,63.68353761618211,155757651053.23627,8471934552.982782,2433713297.7068167,132373977.39035597
50,qbest,moderate,4.032152661898664e-09,31454688860.06906,60745238313.4093,3552.238430901664,64.01400657757797,231985024763.25403,12618076439.754725,3624766011.925844,197157444.37116757
50,qbest,moderate,3.30393645343254e-09,38528688750.43615,74134014928.95363,3581.134035752768,64.34447554074661,345517869269.9593,18793328966.810555,5398716707.343114,293645765.1064149
50,qbest,moderate,2.7072377966910252e-09,47192962269.97298,90473793865.63586,3610.0296406038724,64.67494450538072,514613381215.81464,27990733400.694637,8040834081.497104,437355209.3858537
50,qbest,moderate,2.218304314000376e-09,57804874823.586914,110415001592.53644,3638.925245454976,65.00541347122618,766463779965.7687,41689322721.50409,11975996561.965136,651395667.5235014
50,qbest,moderate,1.8176733626899397e-09,70802069219.27933,134751424205.61676,3667.82085030608,65.33588243807284,1141569083593.3528,62091964654.794846,17837016931.146137,970186947.7311695
50,qbest,moderate,1.4893972989099906e-09,86720492534.54036,164451805131.0661,3696.716455157185,65.666351405747,1700249909623.0999,92479604440.86642,26566404837.860935,1444993819.388538
50,qbest,moderate,1.2204086606174117e-09,106216469663.248,200698407236.1208,3725.612060008289,65.996820374105,2532347622864.6104,137738873058.49136,39567931607.25954,2152169891.5389276
50,qbest,moderate,1e-09,130093731645.16478,244934074363.08197,3754.507664859393,66.32728934302807,3771671709395.6714,205147905488.22232,58932370459.307365,3205436023.2534738
50,qbest,factory_limited,0.049999999999999996,267.1642990658907,4898.68148726164,1182.798833111126,37.104649864154844,0.0015086686837582689,8.205916219528895e-05,2.357294818372295e-05,1.2821744093013898e-06
50,qbest,factory_limited,0.040969882969123315,323.7008498133124,5978.393312660302,1211.69443796223,37.40616793975262,0.002247007062539657,0.0001222186945244802,3.510948535218214e-05,1.909667101945003e-06
50,qbest,factory_limited,0.03357062621007322,392.9576485137008,7296.082975347864,1240.590042813334,37.71186491924103,0.003346686249578237,0.00018203219350106605,5.2291972649659956e-05,2.844253023454157e-06
50,qbest,factory_limited,0.027507692540537677,477.82630021790806,8904.202851697803,1269.4856476644381,38.02120263196907,0.004984545460421034,0.00027111825731514856,7.788352281907865e-05,4.236222770549196e-06
50,qbest,factory_limited,0.022539738882729105,581.8556552613203,10866.766276106277,1298.3812525155422,38.33369509146157,0.007423968545045143,0.000403802800130366,0.00011599950851633036,6.309418752036969e-06
50,qbest,factory_limited,0.0184690092836002,709.4010545062929,13261.895676265343,1327.2768573666465,38.648908214005225,0.011057238698182969,0.0006014227998064579,0.00017276935465910888,9.397231246975905e-06
50,qbest,factory_limited,0.01513346297809504,865.8074349080234,16184.93233951887,1356.1724622177508,38.966457883358224,0.016468621450476752,0.0008957574935346234,0.00025732221016369926,1.399621083647849e-05
50,qbest,factory_limited,0.012400324142602285,1057.6339716272942,19752.231598655697,1385.0680670688548,39.2860069057729,0.02452832030511121,0.0013341387913488518,0.00038325500476736265,2.084591861482581e-05
50,qbest,factory_limited,0.010160796578032203,1292.9296717135326,24105.794509520365,1413.9636719199589,39.6072612978525,0.036532414009231705,0.001987062712206019,0.0005708189688942454,3.1047854878219046e-05
50,qbest,factory_limited,0.008325732933500966,1581.5714667735203,29418.920390482344,1442.859276771063,39.92996624959561,0.05441127874801116,0.0029595258363244023,0.0008501762304376744,4.6242591192568785e-05
50,qbest,factory_limited,0.0068220860783542074,1935.6789670576372,35903.1052305589,1471.754881622167,40.25390201494989,0.0810400115975264,0.004407909786675896,0.00126625018121135,6.887359041681088e-05
50,qbest,factory_limited,0.005590001364709142,2370.123246194554,43816.460566432506,1500.6504864732713,40.5788799063035,0.12070077437699037,0.006565128930114005,0.0018859495996404745,0.00010258013953303133
50,qbest,factory_limited,0.004580434034187464,2903.1509582165263,53473.98795287563,1529.5460913243755,40.90473850848771,0.17977140733343372,0.009778085295507638,0.002808928239584902,0.00015278258274230684
50,qbest,factory_limited,0.0037531969265689963,3557.1499106157735,65260.11801544069,1558.4416961754796,41.23134018110363,0.2677510485036638,0.014563453827640573,0.004183610132869747,0.00022755396605688395
50,qbest,factory_limited,0.0030753607768321026,4359.588130109347,79644.01321895834,1587.3373010265836,41.55856788345148,0.3987876884216748,0.021690768793688232,0.006231057631588668,0.00033891826240137863
50,qbest,factory_limited,0.0025199434222928684,5344.165708167339,97198.2434987446,1616.2329058776877,41.88632233185187,0.5939533059738016,0.03230617245260038,0.00928052040584065,0.000504783944571881
50,qbest,factory_limited,0.0020648357420030186,6552.22760349217,118621.57816266817,1645.1285107287918,42.2145194825697,0.8846324495960391,0.04811672598902335,0.013822382024938112,0.0007518238435784898
50,qbest,factory_limited,0.0016919215740065319,8034.496479133799,144766.80132582577,1674.0241155798958,42.543088322985156,1.3175691809564694,0.07166492172044353,0.020587018452444834,0.0011197644018819302
50,qbest,factory_limited,0.0013863565775996507,9853.19801710646,176674.65810791828,1702.919720431,42.87196894751269,1.9623839792436142,0.10673754083702452,0.03066224967568147,0.0016677740755785082
50,qbest,factory_limited,0.0011359773347546405,12084.667540166176,215615.28286652412,1731.8153252821041,43.20111089177624,2.9227693981096774,0.1589746050149591,0.04566827184546371,0.002483978203358736
50,qbest,factory_limited,0.0009308171692094851,14822.546861512612,263138.7585717796,1760.7109301332084,43.53047169772093,4.353164846881333,0.23677634730456276,0.06801820073252082,0.003699630426633793
50,qbest,factory_limited,0.0007627094097632645,18181.704915448507,321136.81990511494,1789.6065349843125,43.860015682940706,6.483591964654994,0.35265405212119033,0.10130612444773428,0.005510219564393599
50,qbest,factory_limited,0.0006249623051490014,22303.045921262335,391918.15625533706,1818.5021398354168,44.189712888984054,9.656644359391668,0.525241992678964,0.15088506811549482,0.008206906135608812
50,qbest,factory_limited,0.0005120926500413626,27359.40585617501,478300.3121472223,1847.3977446865206,44.519538185382714,14.382580025412345,0.7822940051701499,0.2247278128970679,0.012223343830783592
50,qbest,factory_limited,0.000419607518830857,33562.78340231719,583721.8433204826,1876.2933495376249,44.84947050836224,21.421375841205933,1.1651465782538997,0.3347089975188427,0.018205415285217182
50,qbest,factory_limited,0.0003438254187892884,41173.20717645794,712379.1929798783,1905.188954388729,45.17949221546005,31.904939316827846,1.7353661664855764,0.4985146768254351,0.02711509635133713
50,qbest,factory_limited,0.00028172974339213923,50509.60926500057,869393.7367562877,1934.0845592398332,45.5095885394805,47.51913044037057,2.5846496809834028,0.7424864131307901,0.04038515126536567
50,qbest,factory_limited,0.0002308486923139418,61963.1587085188,1061015.6458239097,1962.9801640909373,45.83974712728788,70.77486452443942,3.8495702534852487,1.105857258194366,0.06014953521070701
50,qbest,factory_limited,0.0001891568781535471,76013.61108809603,1294872.6832140782,1991.8757689420413,46.16995765083993,105.41189205342059,5.733539537505177,1.6470608133346967,0.08958655527351839
50,qbest,factory_limited,0.00015499470321511088,93249.35602299013,1580273.8369913702,2020.7713737931456,46.50021147957844,157.00018729735615,8.53951830035385,2.45312792652119,0.1334299734430289
50,qbest,factory_limited,0.0001270022970311419,114391.99842043649,1928579.8768113805,2049.6669786442494,46.8305014048201,233.8356548890449,12.718735490539457,3.6536821076413264,0.198730242039679
50,qbest,factory_limited,0.00010406538492351445,140326.4981270613,2353655.584353074,2078.5625834953535,47.16082140813393,348.2741927805922,18.9432502851601,5.441784262196753,0.2959882857056266
50,qbest,factory_limited,8.527093282906315e-05,172138.12406503857,2872421.6592550324,2107.458188346458,47.49116646686575,518.7186420074713,28.21402580729336,8.10497878136674,0.44084415323895876
50,qbest,factory_limited,6.987080277349386e-05,211157.76261229813,3505528.2698998847,2136.353793197562,47.82153239098831,772.5781443001864,42.02189382875952,12.071533504690413,0.6565920910743674
50,qbest,factory_limited,5.7251972251774814e-05,259017.46769115306,4278177.060624999,2165.249398048666,48.151915686334505,1150.6758013175906,62.58729516363683,17.979309395587354,0.9779264869318255
50,qbest,factory_limited,4.6912132058134204e-05,317718.5662077104,5221124.3364415,2194.1450028997706,48.482313440025834,1713.8134304035082,93.217348362803,26.778334850054815,1.4565210681687968
50,qbest,factory_limited,3.843969120507633e-05,389715.1548360946,6371905.358353557,2223.040607750874,48.8127232245545,2552.549094078651,138.83766686311046,39.88357959497892,2.169338544736101
50,qbest,factory_limited,3.149739300082433e-05,478016.4643581423,7776328.483969189,2251.9362126019787,49.143143017528296,3801.7597260558864,206.78444601288183,59.402495719623225,3.2310069689512786
50,qbest,factory_limited,2.5808890101525137e-05,586312.352431914,9490298.629641883,2280.8318174530823,49.47357113455636,5662.330667092422,307.9841953481849,88.4739166733191,4.8122530523153895
50,qbest,factory_limited,2.1147744140449004e-05,719127.1473437155,11582042.639460532,2309.727422304187,49.80400617315201,8433.460001102661,458.7108286585536,131.77281251722908,7.1673566977899
50,qbest,factory_limited,1.7328412049903184e-05,882008.2439123403,14134825.144837808,2338.6230271552904,50.134446965865614,12560.77254610775,683.2026691848132,196.2620710329336,10.675041706012706
50,qbest,factory_limited,1.4198860274505597e-05,1081757.297170137,17250263.023072854,2367.518632006395,50.46489254114561,18707.980702395645,1017.5602100919567,292.31219847493196,15.899378282686824
50,qbest,factory_limited,1.1634512874828548e-05,1326713.6296739634,21052370.391286492,2396.4142368574994,50.79534209066682,27863.615926208422,1515.5514283892492,435.3689988470066,23.68049106858202
50,qbest,factory_limited,9.533292617689702e-06,1627101.6377345868,25692495.152051598,2425.309841708603,51.125794942067536,41499.99429836005,2257.2582038021164,648.4374109118758,35.26965943440807
50,qbest,factory_limited,7.811557657143072e-06,1995456.640475566,31355343.596434765,2454.2054465597075,51.45625053620832,61809.97941275774,3361.9542716853043,965.7809283243397,52.53053549508288
50,qbest,factory_limited,6.400772060394231e-06,2447146.87369254,38266332.88172368,2483.101051410811,51.786708408209016,92059.6163830431,5007.285611306975,1438.4315059850485,78.23883767667148
50,qbest,factory_limited,5.244777644527709e-06,3001013.3230687673,46700564.0589246,2511.9966562619156,52.11716817164141,137113.34397959488,7457.837664351501,2142.39599968117,116.5287135054922
50,qbest,factory_limited,4.297558525907499e-06,3680153.98392592,56993772.83322982,2540.8922611130192,52.44762950535646,204216.24416772425,11107.683272994276,3190.8788151206913,173.55755114053557
50,qbest,factory_limited,3.5214093971877605e-06,4512885.130145575,69555693.9669353,2569.7878659641237,52.778092142510346,304159.1224569528,16543.753463945424,4752.486288389888,258.49614787414725
50,qbest,factory_limited,2.885434617783073e-06,5533919.521648236,84886371.31250226,2598.6834708152282,53.10855586142476,453013.77542621864,24640.221723033115,7078.340241034666,385.0034644223924
50,qbest,factory_limited,2.364318372112592e-06,6785810.48228141,103596062.71816337,2627.579075666332,53.43902047797714,674717.4934888271,36699.0796788288,10542.460835762924,573.4231199817
50,qbest,factory_limited,1.937316940144021e-06,8320721.8111048145,126429532.14711139,2656.4746805174364,53.76948583926611,1004922.4123295783,54659.51014613014,15701.912692649661,854.0548460332834
50,qbest,factory_limited,1.5874329662360128e-06,10202597.006806713,154295695.99014252,2685.3702853685404,54.09995181834008,1496728.726537786,81409.72677138945,23386.386352152906,1272.0269808029602
50,qbest,factory_limited,1.3007388569603548e-06,12509817.847145338,188303803.68236154,2714.2658902196445,54.43041830981142,2229223.7225063685,121251.42715830782,34831.62066416201,1894.5535493485597
50,qbest,factory_limited,1.0658223748611395e-06,15338462.658712987,229807592.84115535,2743.1614950707485,54.760885226208345,3320199.7909670593,180591.54809856514,51878.1217338603,2821.7429390400803
50,qbest,factory_limited,8.733323592786795e-07,18806299.477174543,280459176.5789864,2772.0570999218526,55.09135249494117,4945096.6005078545,268972.5639439766,77267.13438293523,4202.696311624634
50,qbest,factory_limited,7.156064910559172e-07,23057679.763758242,342274808.0466237,2800.952704772957,55.42182005577994,7365213.519645375,400607.0102190535,115081.46124445899,6259.484534672711
50,qbest,factory_limited,5.863662838101185e-07,28269535.67115831,417715140.0512625,2829.8483096240607,55.752287858757754,10969729.122055167,596662.9989446652,171402.017532112,9322.859358510394
50,qbest,factory_limited,4.804671604948061e-07,34658729.58590723,509783174.58957684,2858.743914475165,56.08275586242828,16338284.92416323,888668.2589877191,255285.70194005047,13885.44154668311
50,qbest,factory_limited,3.93693666719584e-07,42491060.70706449,622143801.3061588,2887.6395193262692,56.41322403241783,24334197.434870534,1323580.1045633527,380221.8349198521,20680.939133802385
50,qbest,factory_limited,3.22591669023728e-07,52092302.0709284,759269683.2634759,2916.5351241773733,56.743692340222616,36243287.93063859,1971336.6326276602,566301.373916228,30802.13488480719
50,qbest,factory_limited,2.64330858534326e-07,63861725.53815534,926619297.198987,2945.430729028478,57.074160762209665,53980655.14751021,2936103.455877955,843447.736679847,45876.61649809305
50,qbest,factory_limited,2.1659208678558458e-07,78288675.30179667,1130854215.3968651,2974.3263338795814,57.40462927878718,80398641.97009338,4373024.556504915,1256228.7807827091,68328.50869538929
50,qbest,factory_limited,1.7747504895287205e-07,95972876.71350563,1380104278.366045,3003.221938730686,57.735097873715716,119745520.1862885,6513170.96252548,1871023.752910758,101768.29628946063
50,qbest,factory_limited,1.45422639710772e-07,117649321.88021268,1684291213.8730679,3032.1175435817895,58.065566533536284,178348654.32202986,9700699.238924434,2786697.7237817165,151573.4256081943
50,qbest,factory_limited,1.1915897060022631e-07,144218762.94864494,2055523584.412509,3061.013148432894,58.396035247095774,265632004.0114629,14448195.243992254,4150500.0626791078,225753.05068737897
50,qbest,factory_limited,9.763858160424957e-08,176785076.10189065,2508578784.5203767,3089.9087532839976,58.72650400515302,395631589.2787206,21519102.970526237,6181743.58248001,336235.98391447245
50,qbest,factory_limited,8.000482523194604e-08,216701043.63380742,3061491274.4697733,3118.804358135102,59.056972800051994,589252620.4351932,32050493.839267727,9207072.194299893,500788.96623855823
50,qbest,factory_limited,6.555576653435989e-08,265624449.79368037,3736270465.767556,3147.6999629862066,59.38744162545066,877631261.2518107,47735918.95293665,13712988.457059542,745873.7336396351
50,qbest,factory_limited,5.371624165727791e-08,325586812.79754955,4559776834.831785,3176.59556783731,59.7179104760961,1307141629.9474156,71097748.7494901,20424087.96792837,1110902.3242107828
50,qbest,factory_limited,4.401496268479646e-08,399077598.11246914,5564791139.71137,3205.4911726884147,60.04837934763795,1946853212.9364834,105892794.94607171,30419581.452132553,1654574.9210323705
50,qbest,factory_limited,3.6065757401728826e-08,489147398.4273847,6791319301.430807,3234.3867775395183,60.37884823647373,2899637916.7218347,157716442.7667087,45306842.44877867,2464319.4182298235
50,qbest,factory_limited,2.9552197198832463e-08,599534350.075146,8288184892.484365,3263.282382390623,60.7093171396206,4318712880.982493,234902443.85042807,67479888.76535146,3670350.6851629387
50,qbest,factory_limited,2.4215001214332402e-08,734819016.4551207,10114972623.58633,3292.1779872417264,61.0397860546091,6432279299.703109,349863065.3781833,100504364.05786107,5466610.396534114
50,qbest,factory_limited,1.9841715316967552e-08,900614145.8963951,12344400191.732805,3321.073592092831,61.37025497939492,9580219414.812458,521085104.5626358,149690928.35644466,8141954.758791184
50,qbest,factory_limited,1.6258255088856447e-08,1103797152.9858317,15065212904.117983,3349.969196943935,61.700723912285945,14268752919.386724,776102747.2378197,222949264.36541757,12126605.425590932
50,qbest,factory_limited,1.3321976165452046e-08,1352794938.171553,18385716302.230812,3378.864801795039,62.031192851881684,21251842056.948635,1155925335.412632,332060032.1398224,18061333.365822375
50,qbest,factory_limited,1.0915996088320412e-08,1657932823.3225045,22438087406.897263,3407.760406646143,62.36166179702315,31652436156.48104,1721632072.3051991,494569314.94501626,26900501.129768737
50,qbest,factory_limited,8.944541644597905e-09,2031862030.1381114,27383636199.067955,3436.656011497247,62.6921307467513,47143052915.38377,2564194158.208173,736610201.8028715,40065533.7220027
50,qbest,factory_limited,7.329136487832536e-09,2490083373.1751256,33419226776.538986,3465.5516163483508,63.02259970027261,70214735674.54309,3819103853.1160154,1097105244.9147358,59673497.70493774
50,qbest,factory_limited,6.005477283424599e-09,3051588813.6699133,40785113789.22565,3494.4472211994553,63.353068656930574,104577637657.34383,5688162963.087752,1634025588.3959973,88877546.29824613
50,qbest,factory_limited,4.9208740295126795e-09,3739647388.2406254,49774506092.6378,3523.34282605056,63.68353761618211,155757651053.23627,8471934552.982782,2433713297.7068167,132373977.39035597
50,qbest,factory_limited,4.032152661898664e-09,4582767988.746875,60745238313.4093,3552.238430901664,64.01400657757797,231985024763.25403,12618076439.754725,3624766011.925844,197157444.37116757
50,qbest,factory_limited,3.30393645343254e-09,5615878771.961567,74134014928.95363,3581.134035752768,64.34447554074661,345517869269.9593,18793328966.810555,5398716707.343114,293645765.1064149
50,qbest,factory_limited,2.7072377966910252e-09,6881771921.40407,90473793865.63586,3610.0296406038724,64.67494450538072,514613381215.81464,27990733400.694637,8040834081.497104,437355209.3858537
50,qbest,factory_limited,2.218304314000376e-09,8432873437.4684925,110415001592.53644,3638.925245454976,65.00541347122618,766463779965.7687,41689322721.50409,11975996561.965136,651395667.5235014
50,qbest,factory_limited,1.8176733626899397e-09,10333411047.451725,134751424205.61676,3667.82085030608,65.33588243807284,1141569083593.3528,62091964654.794846,17837016931.146137,970186947.7311695
50,qbest,factory_limited,1.4893972989099906e-09,12662069757.263857,164451805131.0661,3696.716455157185,65.666351405747,1700249909623.0999,92479604440.86642,26566404837.860935,1444993819.388538
50,qbest,factory_limited,1.2204086606174117e-09,15515244688.700478,200698407236.1208,3725.612060008289,65.996820374105,2532347622864.6104,137738873058.49136,39567931607.25954,2152169891.5389276
50,qbest,factory_limited,1e-09,19011025489.455654,244934074363.08197,3754.507664859393,66.32728934302807,3771671709395.6714,205147905488.22232,58932370459.307365,3205436023.2534738
100,default,optimistic,0.049999999999999996,1097.1052946589136,6576.5093890820945,1225.5327846753771,103.98475660545084,0.00528732190199636,0.00021482790436096584,8.261440471869312e-05,3.3566860056400913e-06
100,default,optimistic,0.040969882969123315,1332.0501392048332,8026.029015067528,1254.4283895264812,104.78694012104853,0.007874922959301015,0.00031996410048571643,0.00012304567123907836,4.999439070089319e-06
100,default,optimistic,0.03357062621007322,1620.056618202543,9795.035320355064,1283.3239943775852,105.59799728412469,0.0117288889847072,0.0004765536670115908,0.00018326389038605,7.4461510470561066e-06
100,default,optimistic,0.027507692540537677,1973.2079914430617,11953.945936014788,1312.2195992286895,106.41672550685635,0.01746897557303805,0.0007097777444327146,0.0002729527433287195,1.1090277256761165e-05
100,default,optimistic,0.022539738882729105,2406.33798096329,14588.699148864787,1341.1152040797938,107.24205562889574,0.026018245033207477,0.0010571410553845107,0.00040653507864386683,1.651782899038298e-05
100,default,optimistic,0.0184690092836002,2937.6561966676113,17804.174788416487,1370.0108089308978,108.07304532187942,0.03875150387483749,0.0015745030324565467,0.0006054922480443357,2.460160988213354e-05
100,default,optimistic,0.01513346297809504,3589.5156425667724,21728.36910692971,1398.906413782002,108.90887018525288,0.05771638519988305,0.0023450605636663726,0.0009018185187481727,3.664157130728707e-05
100,default,optimistic,0.012400324142602285,4389.354552799679,26517.489839188886,1427.802018633106,109.74881356052748,0.08596262821955439,0.0034927268693050358,0.0013431660659305373,5.4573857332891184e-05
100,default,optimistic,0.010160796578032203,5370.852120113121,32362.174257580395,1456.6976234842102,110.5922558404646,0.128032506277408,0.0052020579649732675,0.0020005079105845,8.12821557027073e-05
100,default,optimistic,0.008325732933500966,6575.346650277979,39495.07774036103,1485.593228335314,111.43866383175356,0.19069126902224776,0.0077479310818043805,0.002979551078472621,0.00012106142315319345
100,default,optimistic,0.0068220860783542074,8053.575679291188,48200.134926094644,1514.4888331864186,112.2875805506142,0.2840150610074542,0.011539747625380209,0.004437735328241472,0.00018030855664656576
100,default,optimistic,0.005590001364709142,9867.81108633562,58823.86210673387,1543.3844380375226,113.13861569010567,0.42301126471425937,0.017187268943344294,0.006609551011160303,0.0002685510772397546
100,default,optimistic,0.004580434034187464,12094.478788646482,71789.15076602253,1572.2800428886267,113.99143689189208,0.6300318350739169,0.025598671939856564,0.009844247423029952,0.0003999792490602588
100,default,optimistic,0.0037531969265689963,14827.372906617584,87612.10133322318,1601.1756477397307,114.84576187838866,0.9383677133863966,0.03812659284290533,0.014661995521662446,0.0005957280131703958
100,default,optimistic,0.0030753607768321026,18181.599187145246,106922.56724195604,1630.0712525908348,115.70135144787002,1.3976023377020432,0.056785644396864184,0.021837536526594425,0.0008872756937010029
100,default,optimistic,0.0025199434222928684,22298.41301071638,130489.22707753102,1658.9668574419388,116.55800329995068,2.0815851467237123,0.08457638538155278,0.032524767917558005,0.0013215060215867622
100,default,optimistic,0.0020648357420030186,27351.15475873098,159250.18284269123,1687.8624622930433,117.41554663727416,3.1003072949814534,0.12596783993885513,0.04844230148408521,0.0019682474990446114
100,default,optimistic,0.0016919215740065319,33552.531246074235,194350.3023461271,1716.7580671441474,118.27383747751912,4.617589310936316,0.18761616055445685,0.07214983298337994,0.002931502508663388
100,default,optimistic,0.0013863565775996507,41163.54824769468,237186.79217682648,1745.6536719952514,119.1327546050065,6.877425047184196,0.2794350027616712,0.10745976636225306,0.004366171918151113
100,default,optimistic,0.0011359773347546405,50504.46821808774,289464.81535666174,1774.5492768463555,119.99219609101996,10.243218288732056,0.41618973833413886,0.16005028576143837,0.00650296466147092
100,default,optimistic,0.0009308171692094851,61968.25200175366,353265.3676052906,1803.4448816974596,120.85207631476706,15.256221651382939,0.6198718721089221,0.23837846330285842,0.009685498001701908
100,default,optimistic,0.0007627094097632645,76037.0471950154,431128.11412169156,1832.3404865485638,121.71232342150574,22.722575319141914,0.9232354919893097,0.3550402393615924,0.014425554562332963
100,default,optimistic,0.0006249623051490014,93302.41317780662,526152.4843097653,1861.236091399668,122.57287715989241,33.84294230460879,1.3750644480267145,0.5287959735095124,0.021485382000417413
100,default,optimistic,0.0005120926500413626,114490.12899995004,642121.0486570057,1890.1316962507722,123.43368704649761,50.40558685565098,2.0480172747181458,0.7875872946195466,0.03200026991747103
100,default,optimistic,0.000419607518830857,140490.62179190107,783650.0889457456,1919.0273011018762,124.29471081129762,75.0739449127795,3.0503113970862064,1.1730303892621796,0.047661115579471974
100,default,optimistic,0.0003438254187892884,172396.28815787155,956373.3554429947,1947.9229059529803,125.15591308355275,111.81493077161122,4.543125555654556,1.7471082933064253,0.07098633680710244
100,default,optimistic,0.00028172974339213923,211547.26888578996,1167166.3257663674,1976.8185108040843,126.01726428268164,166.53685586904535,6.766518931200845,2.6021383729538337,0.1057268583000132
100,default,optimistic,0.0002308486923139418,259587.59027008744,1424419.892346281,2005.7141156551886,126.87873968347115,248.03954330031857,10.078035019153855,3.8756178640674777,0.157469297174279
100,default,optimistic,0.0001891568781535471,318534.01809537376,1738374.372975126,2034.6097205062924,127.74031862919735,369.4294258143621,15.010198135848047,5.772334778349408,0.23453434587262573
100,default,optimistic,0.00015499470321511088,390860.50089787657,2121527.1401742105,2063.505325357397,128.60198386998297,550.2271889457797,22.356148559635862,8.597299827277809,0.34931482124431035
100,default,optimistic,0.0001270022970311419,479601.729603283,2589130.0956035014,2092.400930208501,129.46372100700572,819.5068890026815,33.29718727875213,12.804795140666899,0.5202685512305021
100,default,optimistic,0.00010406538492351445,588480.1381190384,3159796.792139706,2121.296535059605,130.3255180260343,1220.5713469187233,49.59274079427353,19.07142729560505,0.7748865749105239
100,default,optimistic,8.527093282906315e-05,722061.6471349312,3856243.370918421,2150.192139910709,131.18736490624642,1817.9156672276754,73.86329418453428,28.404932300432428,1.1541139716333482
100,default,optimistic,6.987080277349386e-05,885946.6519500836,4706192.807317331,2179.087744761813,132.04925329241547,2707.5986844150534,110.0117908470394,42.30622944398521,1.7189342319849907
100,default,optimistic,5.7251972251774814e-05,1087004.2244732871,5743478.460585454,2207.983349612917,132.91117622038098,4032.690167100025,163.85126413583134,63.01078386093789,2.5601760021223647
100,default,optimistic,4.6912132058134204e-05,1333659.30076842,7009390.855368059,2236.8789544640217,133.77312788728048,6006.277842219655,244.0396302268946,93.84809128468211,3.813119222295228
100,default,optimistic,3.843969120507633e-05,1636244.833563044,8554321.305543685,2265.7745593151253,134.6351034593511,8945.733994704886,363.4719660869298,139.77709366726384,5.679249470108278
100,default,optimistic,3.149739300082433e-05,2007433.5958366506,10439767.80698958,2294.6701641662294,135.4970989112403,13323.752048480736,541.3541645193769,208.1836257575115,8.458658820615264
100,default,optimistic,2.5808890101525137e-05,2462767.639503121,12740783.046484947,2323.565769017334,136.35911089172458,19844.360312353663,806.2914303888347,310.068129880526,12.598303599825542
100,default,optimistic,2.1147744140449004e-05,3021307.480235739,15548961.972977754,2352.461373868438,137.22113661154546,29556.13664781616,1200.888278555403,461.8146351221275,18.763879352428173
100,default,optimistic,1.7328412049903184e-05,3706428.064701218,18976087.855432887,2381.356978719542,138.08317374976,44020.83008947198,1788.599758373086,687.8254701479997,27.946871224579468
100,default,optimistic,1.4198860274505597e-05,4546794.687046784,23158581.963407226,2410.252583570646,138.94522037557954,65564.50543103521,2663.9356489519364,1024.4453973599252,41.623994514874006
100,default,optimistic,1.1634512874828548e-05,5577559.511317538,28262933.995760474,2439.1481884217505,139.8072748831599,97651.59729335365,3967.658560019063,1525.8062077086508,61.99466500029786
100,default,optimistic,9.533292617689702e-06,6841828.536718102,34492329.422884345,2468.043793272854,140.6693359372159,145442.0252429665,5909.419942289472,2272.5316444213518,92.334686598273
100,default,optimistic,7.811557657143072e-06,8392460.094576659,42094737.55255701,2496.9393981239587,141.53140242767853,216620.9595448739,8801.47410017081,3384.702492888655,137.5230328151689
100,default,optimistic,6.400772060394231e-06,10294269.756788075,51372782.27555756,2525.8350029750627,142.3934734319035,322634.672033424,13108.891751220583,5041.16675052225,204.8264336128216
100,default,optimistic,5.244777644527709e-06,12626733.43801422,62695788.40910335,2554.7306078261668,143.2555481831828,480531.2090612946,19524.34796597148,7508.300141582728,305.06793696830437
100,default,optimistic,4.297558525907499e-06,15487301.189674787,76514483.15870646,2583.626212677271,144.1176260445161,715701.8848178413,29079.511123496577,11182.841950278771,454.367361304634
100,default,optimistic,3.5214093971877605e-06,18995459.57260479,93378937.90955085,2612.521817528375,144.97970648676886,1065964.4540724864,43310.94532095901,16655.6945948826,676.7335206399845
100,default,optimistic,2.885434617783073e-06,23297711.61078142,113960464.5440716,2641.4174223794794,145.84178907048891,1587644.5786296239,64507.20497427463,24806.946541087873,1007.9250777230411
100,default,optimistic,2.364318372112592e-06,28573681.461778156,139078337.8975687,2670.3130272305834,146.7038734307725,2364633.5470400522,96076.85684891774,36947.399172500816,1501.2008882643397
100,default,optimistic,1.937316940144021e-06,35043597.67251849,169732408.07446802,2699.2086320816875,147.56595926467088,3521878.817873405,143096.61107853995,55029.35652927195,2235.8845481021867
100,default,optimistic,1.5874329662360128e-06,42977466.15985483,207142900.80152985,2728.1042369327915,148.4280463207147,5245476.798428958,213127.70602355083,81960.57497545247,3330.1204066179816
100,default,optimistic,1.3007388569603548e-06,52706314.23954558,252798990.12360096,2756.9998417838956,149.29013439020085,7812598.975075117,317431.8296743591,122071.85898554871,4959.872338661861
100,default,optimistic,1.0658223748611395e-06,64635973.03444609,308518076.9421787,2785.895446635,150.1522232999473,11636063.81094384,472782.10970504675,181813.4970459975,7387.2204641413555
100,default,optimistic,8.733323592786795e-07,79263970.98876184,376518133.0572647,2814.7910514861037,151.01431290627045,17330722.00996405,704160.3971676636,270792.53140568826,11002.506205744743
100,default,optimistic,7.156064910559172e-07,97200240.36872217,459505990.4625857,2843.686656337208,151.8764030899786,25812330.549800377,1048774.5935409043,403317.6648406309,16387.10302407663
100,default,optimistic,5.863662838101185e-07,119192496.89358914,560785090.3661225,2872.5822611883127,152.73849375221235,38444815.39944452,1562042.0467852463,600700.2406163206,24406.906981019474
100,default,optimistic,4.804671604948061e-07,146157346.57245708,684386981.0279351,2901.4778660394163,153.60058481098787,57259604.21302589,2326501.205265779,894681.3158285295,36351.5813322778
100,default,optimistic,3.93693666719584e-07,179218411.4564499,835231798.8602977,2930.3734708905204,154.4626761983261,85282299.85153586,3465084.6110336883,1332535.9351802478,54141.94704740138
100,default,optimistic,3.22591669023728e-07,219753057.1963628,1019324120.9521694,2959.2690757416244,155.32476785786827,127019227.04370941,5160887.660168151,1984675.4225579596,80638.86969012737
100,default,optimistic,2.64330858534326e-07,269449662.08239007,1243991985.1862602,2988.164680592729,156.18685974289573,189182093.66853568,7686612.141032348,2955970.21357087,120103.31470363044
100,default,optimistic,2.1659208678558458e-07,330377804.41013,1518178592.4599621,3017.0602854438325,157.04895181468635,281767299.31205386,11448419.360622318,4402614.051750842,178881.55250972373
100,default,optimistic,1.7747504895287205e-07,405074280.6661764,1852798302.6020932,3045.955890294937,157.91104404114992,419663454.5165359,17051244.872499723,6557241.476820873,266425.7011328082
100,default,optimistic,1.45422639710772e-07,496648523.33210766,2261171094.872839,3074.8514951460406,158.77313639569556,625045615.6081643,25396078.056153916,9766337.743877567,396813.71962740493
100,default,optimistic,1.1915897060022631e-07,608911791.2331551,2759552787.320573,3103.747099997145,159.63522885629226,930941251.582332,37824850.05974293,14545957.055973938,591013.2821834832
100,default,optimistic,9.763858160424957e-08,746535490.5864446,3367782121.076952,3132.642704848249,160.49732140468896,1386541385.5506115,56336229.51065652,21664709.149228305,880253.5861040081
100,default,optimistic,8.000482523194604e-08,915245192.0015159,4110070467.634797,3161.5383096993532,161.35941402576788,2065110994.465997,83907028.06394513,32267359.288531203,1311047.3134991426
100,default,optimistic,6.555576653435989e-08,1122058387.5941877,5015965594.449371,3190.4339145504578,162.22150670700807,3075770737.1069803,124970900.95800465,48058917.76729657,1952670.3274688227
100,default,optimistic,5.371624165727791e-08,1375575844.2718124,6121527852.82499,3219.3295194015614,163.08359943804058,4581044627.913528,186131322.32920012,71578822.31114888,2908301.911393752
100,default,optimistic,4.401496268479646e-08,1686338629.075335,7470765607.798342,3248.225124252666,163.94569221027933,6822995495.000532,277223488.71965545,106609304.60938331,4331617.0112446165
100,default,optimistic,3.6065757401728826e-08,2067265602.0222285,9117387049.199814,3277.1207291037695,164.8077850166156,10162151060.728827,412895915.2934591,158783610.3238879,6451498.676460299
100,default,optimistic,2.9552197198832463e-08,2534189503.6353374,11126938117.044502,3306.016333954874,165.66987785116433,15135480340.964811,614966060.9690464,236491880.32757518,9608844.70264135
100,default,optimistic,2.4215001214332402e-08,3106513846.010412,13579411644.195133,3334.911938805978,166.53197070905395,22542743537.538254,915928790.1286143,352230367.7740352,14311387.345759599
100,default,optimistic,1.9841715316967552e-08,3808017816.594488,16572431576.6647,3363.807543657082,167.3940635862524,33575101334.830124,1364181866.0114539,524610958.3567207,21315341.656428967
100,default,optimistic,1.6258255088856447e-08,4667842529.488395,20225139023.651104,3392.7031485081866,168.2561564794226,50006665238.725204,2031808786.45945,781354144.3550813,31747012.288428906
100,default,optimistic,1.3321976165452046e-08,5721699463.195638,24682934826.655045,3421.59875335929,169.11824938580313,74479792134.05345,3026170518.4542913,1163746752.0945852,47283914.3508483
100,default,optimistic,1.0915996088320412e-08,7013351116.385464,30123267431.90501,3450.4943582103947,169.980342303109,110930001227.8368,4507170196.226868,1733281269.18495,70424534.3160448
100,default,optimistic,8.944541644597905e-09,8596425174.207087,36762696459.99136,3479.3899630614983,170.8424352294497,165218844196.82205,6712967115.987908,2581544440.5753446,104890111.18731107
100,default,optimistic,7.329136487832536e-09,10536637272.1589,44865513147.422516,3508.285567912603,171.70452816326122,246076500275.77634,9998275090.22394,3844945316.8090053,156223048.28474906
100,default,optimistic,6.005477283424599e-09,12914514342.233389,54754260808.15901,3537.181172763707,172.56662110324982,366505674835.9663,14891403913.138638,5726651169.311974,232678186.1427912
100,default,optimistic,4.9208740295126795e-09,15828731224.856062,66822574095.982025,3566.0767776148114,173.42871404834534,545872562135.8737,22179216765.20644,8529258783.373027,346550261.9563506
100,default,optimistic,4.032152661898664e-09,19400198584.708546,81550848151.48517,3594.9723824659145,174.2908069976627,813021119594.2433,33033665542.03753,12703454993.660051,516151024.0943364
100,default,optimistic,3.30393645343254e-09,23777071225.66794,99525361364.76837,3623.867987317019,175.15289995047,1210911459480.447,49200252231.40691,18920491554.381985,768753941.115733
100,default,optimistic,2.7072377966910252e-09,29140883941.874813,121461612960.64133,3652.7635921681235,176.01499290616192,1803528256969.3398,73278722779.148,28180129015.145935,1144980043.4241874
100,default,optimistic,2.218304314000376e-09,35714068638.5595,148232804389.72675,3681.6591970192276,176.87708586423796,2686170114437.9683,109141131774.83662,41971408038.093254,1705330183.9818223
100,default,optimistic,1.8176733626899397e-09,43769163530.75257,180904598264.8292,3710.5548018703316,177.73917882428435,4000774512856.6343,162554506865.42038,62512101763.38491,2539914169.7721934
100,default,optimistic,1.4893972989099906e-09,53640095135.55738,220777538467.91202,3739.450406721436,178.60127178595903,5958742752996.629,242108243451.0036,93105355515.57233,3782941303.9219313
100,default,optimistic,1.2204086606174117e-09,65735999398.6227,269438820016.03467,3768.34601157254,179.4633647489792,8874935361212.693,360595363839.7686,138670865018.94833,5634302559.996385
100,default,optimistic,1e-09,80558153170.21996,328825469454.1047,3797.241616423644,180.32545771311106,13218304754990.898,537069760902.41455,206536011796.7328,8391715014.100227
100,default,moderate,0.049999999999999996,10971.052946589136,6576.5093890820945,1225.5327846753771,103.98475660545084,0.00528732190199636,0.00021482790436096584,8.261440471869312e-05,3.3566860056400913e-06
100,default,moderate,0.040969882969123315,13320.501392048332,8026.029015067528,1254.4283895264812,104.78694012104853,0.007874922959301015,0.00031996410048571643,0.00012304567123907836,4.999439070089319e-06
100,default,moderate,0.03357062621007322,16200.56618202543,9795.035320355064,1283.3239943775852,105.59799728412469,0.0117288889847072,0.0004765536670115908,0.00018326389038605,7.4461510470561066e-06
100,default,moderate,0.027507692540537677,19732.07991443062,11953.945936014788,1312.2195992286895,106.41672550685635,0.01746897557303805,0.0007097777444327146,0.0002729527433287195,1.1090277256761165e-05
100,default,moderate,0.022539738882729105,24063.379809632905,14588.699148864787,1341.1152040797938,107.24205562889574,0.026018245033207477,0.0010571410553845107,0.00040653507864386683,1.651782899038298e-05
100,default,moderate,0.0184690092836002,29376.561966676116,17804.174788416487,1370.0108089308978,108.07304532187942,0.03875150387483749,0.0015745030324565467,0.0006054922480443357,2.460160988213354e-05
100,default,moderate,0.01513346297809504,35895.15642566772,21728.36910692971,1398.906413782002,108.90887018525288,0.05771638519988305,0.0023450605636663726,0.0009018185187481727,3.664157130728707e-05
100,default,moderate,0.012400324142602285,43893.545527996794,26517.489839188886,1427.802018633106,109.74881356052748,0.08596262821955439,0.0034927268693050358,0.0013431660659305373,5.4573857332891184e-05
100,default,moderate,0.010160796578032203,53708.52120113121,32362.174257580395,1456.6976234842102,110.5922558404646,0.128032506277408,0.0052020579649732675,0.0020005079105845,8.12821557027073e-05
100,default,moderate,0.008325732933500966,65753.4665027798,39495.07774036103,1485.593228335314,111.43866383175356,0.19069126902224776,0.0077479310818043805,0.002979551078472621,0.00012106142315319345
100,default,moderate,0.0068220860783542074,80535.75679291188,48200.134926094644,1514.4888331864186,112.2875805506142,0.2840150610074542,0.011539747625380209,0.004437735328241472,0.00018030855664656576
100,default,moderate,0.005590001364709142,98678.1108633562,58823.86210673387,1543.3844380375226,113.13861569010567,0.42301126471425937,0.017187268943344294,0.006609551011160303,0.0002685510772397546
100,default,moderate,0.004580434034187464,120944.78788646482,71789.15076602253,1572.2800428886267,113.99143689189208,0.6300318350739169,0.025598671939856564,0.009844247423029952,0.0003999792490602588
100,default,moderate,0.0037531969265689963,148273.72906617585,87612.10133322318,1601.1756477397307,114.84576187838866,0.9383677133863966,0.03812659284290533,0.014661995521662446,0.0005957280131703958
100,default,moderate,0.0030753607768321026,181815.99187145248,106922.56724195604,1630.0712525908348,115.70135144787002,1.3976023377020432,0.056785644396864184,0.021837536526594425,0.0008872756937010029
100,default,moderate,0.0025199434222928684,222984.1301071638,130489.22707753102,1658.9668574419388,116.55800329995068,2.0815851467237123,0.08457638538155278,0.032524767917558005,0.0013215060215867622
100,default,moderate,0.0020648357420030186,273511.5475873098,159250.18284269123,1687.8624622930433,117.41554663727416,3.1003072949814534,0.12596783993885513,0.04844230148408521,0.0019682474990446114
100,default,moderate,0.0016919215740065319,335525.3124607423,194350.3023461271,1716.7580671441474,118.27383747751912,4.617589310936316,0.18761616055445685,0.07214983298337994,0.002931502508663388
100,default,moderate,0.0013863565775996507,411635.4824769468,237186.79217682648,1745.6536719952514,119.1327546050065,6.877425047184196,0.2794350027616712,0.10745976636225306,0.004366171918151113
100,default,moderate,0.0011359773347546405,505044.6821808774,289464.81535666174,1774.5492768463555,119.99219609101996,10.243218288732056,0.41618973833413886,0.16005028576143837,0.00650296466147092
100,default,moderate,0.0009308171692094851,619682.5200175366,353265.3676052906,1803.4448816974596,120.85207631476706,15.256221651382939,0.6198718721089221,0.23837846330285842,0.009685498001701908
100,default,moderate,0.0007627094097632645,760370.471950154,431128.11412169156,1832.3404865485638,121.71232342150574,22.722575319141914,0.9232354919893097,0.3550402393615924,0.014425554562332963
100,default,moderate,0.0006249623051490014,933024.1317780663,526152.4843097653,1861.236091399668,122.57287715989241,33.84294230460879,1.3750644480267145,0.5287959735095124,0.021485382000417413
100,default,moderate,0.0005120926500413626,1144901.2899995004,642121.0486570057,1890.1316962507722,123.43368704649761,50.40558685565098,2.0480172747181458,0.7875872946195466,0.03200026991747103
100,default,moderate,0.000419607518830857,1404906.2179190107,783650.0889457456,1919.0273011018762,124.29471081129762,75.0739449127795,3.0503113970862064,1.1730303892621796,0.047661115579471974
100,default,moderate,0.0003438254187892884,1723962.8815787155,956373.3554429947,1947.9229059529803,125.15591308355275,111.81493077161122,4.543125555654556,1.7471082933064253,0.07098633680710244
100,default,moderate,0.00028172974339213923,2115472.6888579,1167166.3257663674,1976.8185108040843,126.01726428268164,166.53685586904535,6.766518931200845,2.6021383729538337,0.1057268583000132
100,default,moderate,0.0002308486923139418,2595875.9027008745,1424419.892346281,2005.7141156551886,126.87873968347115,248.03954330031857,10.078035019153855,3.8756178640674777,0.157469297174279
100,default,moderate,0.0001891568781535471,3185340.180953738,1738374.372975126,2034.6097205062924,127.74031862919735,369.4294258143621,15.010198135848047,5.772334778349408,0.23453434587262573
100,default,moderate,0.00015499470321511088,3908605.0089787655,2121527.1401742105,2063.505325357397,128.60198386998297,550.2271889457797,22.356148559635862,8.597299827277809,0.34931482124431035
100,default,moderate,0.0001270022970311419,4796017.29603283,2589130.0956035014,2092.400930208501,129.46372100700572,819.5068890026815,33.29718727875213,12.804795140666899,0.5202685512305021
100,default,moderate,0.00010406538492351445,5884801.381190385,3159796.792139706,2121.296535059605,130.3255180260343,1220.5713469187233,49.59274079427353,19.07142729560505,0.7748865749105239
100,default,moderate,8.527093282906315e-05,7220616.471349311,3856243.370918421,2150.192139910709,131.18736490624642,1817.9156672276754,73.86329418453428,28.404932300432428,1.1541139716333482
100,default,moderate,6.987080277349386e-05,8859466.519500835,4706192.807317331,2179.087744761813,132.04925329241547,2707.5986844150534,110.0117908470394,42.30622944398521,1.7189342319849907
100,default,moderate,5.7251972251774814e-05,10870042.24473287,5743478.460585454,2207.983349612917,132.91117622038098,4032.690167100025,163.85126413583134,63.01078386093789,2.5601760021223647
100,default,moderate,4.6912132058134204e-05,13336593.007684201,7009390.855368059,2236.8789544640217,133.77312788728048,6006.277842219655,244.0396302268946,93.84809128468211,3.813119222295228
100,default,moderate,3.843969120507633e-05,16362448.33563044,8554321.305543685,2265.7745593151253,134.6351034593511,8945.733994704886,363.4719660869298,139.77709366726384,5.679249470108278
100,default,moderate,3.149739300082433e-05,20074335.958366506,10439767.80698958,2294.6701641662294,135.4970989112403,13323.752048480736,541.3541645193769,208.1836257575115,8.458658820615264
100,default,moderate,2.5808890101525137e-05,24627676.39503121,12740783.046484947,2323.565769017334,136.35911089172458,19844.360312353663,806.2914303888347,310.068129880526,12.598303599825542
100,default,moderate,2.1147744140449004e-05,30213074.80235739,15548961.972977754,2352.461373868438,137.22113661154546,29556.13664781616,1200.888278555403,461.8146351221275,18.763879352428173
100,default,moderate,1.7328412049903184e-05,37064280.64701218,18976087.855432887,2381.356978719542,138.08317374976,44020.83008947198,1788.599758373086,687.8254701479997,27.946871224579468
100,default,moderate,1.4198860274505597e-05,45467946.87046784,23158581.963407226,2410.252583570646,138.94522037557954,65564.50543103521,2663.9356489519364,1024.4453973599252,41.623994514874006
100,default,moderate,1.1634512874828548e-05,55775595.11317538,28262933.995760474,2439.1481884217505,139.8072748831599,97651.59729335365,3967.658560019063,1525.8062077086508,61.99466500029786
100,default,moderate,9.533292617689702e-06,68418285.36718102,34492329.422884345,2468.043793272854,140.6693359372159,145442.0252429665,5909.419942289472,2272.5316444213518,92.334686598273
100,default,moderate,7.811557657143072e-06,83924600.94576658,42094737.55255701,2496.9393981239587,141.53140242767853,216620.9595448739,8801.47410017081,3384.702492888655,137.5230328151689
100,default,moderate,6.400772060394231e-06,102942697.56788076,51372782.27555756,2525.8350029750627,142.3934734319035,322634.672033424,13108.891751220583,5041.16675052225,204.8264336128216
100,default,moderate,5.244777644527709e-06,126267334.3801422,62695788.40910335,2554.7306078261668,143.2555481831828,480531.2090612946,19524.34796597148,7508.300141582728,305.06793696830437
100,default,moderate,4.297558525907499e-06,154873011.89674786,76514483.15870646,2583.626212677271,144.1176260445161,715701.8848178413,29079.511123496577,11182.841950278771,454.367361304634
100,default,moderate,3.5214093971877605e-06,189954595.72604793,93378937.90955085,2612.521817528375,144.97970648676886,1065964.4540724864,43310.94532095901,16655.6945948826,676.7335206399845
100,default,moderate,2.885434617783073e-06,232977116.10781422,113960464.5440716,2641.4174223794794,145.84178907048891,1587644.5786296239,64507.20497427463,24806.946541087873,1007.9250777230411
100,default,moderate,2.364318372112592e-06,285736814.6177815,139078337.8975687,2670.3130272305834,146.7038734307725,2364633.5470400522,96076.85684891774,36947.399172500816,1501.2008882643397
100,default,moderate,1.937316940144021e-06,350435976.7251849,169732408.07446802,2699.2086320816875,147.56595926467088,3521878.817873405,143096.61107853995,55029.35652927195,2235.8845481021867
100,default,moderate,1.5874329662360128e-06,429774661.59854823,207142900.80152985,2728.1042369327915,148.4280463207147,5245476.798428958,213127.70602355083,81960.57497545247,3330.1204066179816
100,default,moderate,1.3007388569603548e-06,527063142.39545584,252798990.12360096,2756.9998417838956,149.29013439020085,7812598.975075117,317431.8296743591,122071.85898554871,4959.872338661861
100,default,moderate,1.0658223748611395e-06,646359730.344461,308518076.9421787,2785.895446635,150.1522232999473,11636063.81094384,472782.10970504675,181813.4970459975,7387.2204641413555
100,default,moderate,8.733323592786795e-07,792639709.8876184,376518133.0572647,2814.7910514861037,151.01431290627045,17330722.00996405,704160.3971676636,270792.53140568826,11002.506205744743
100,default,moderate,7.156064910559172e-07,972002403.6872218,459505990.4625857,2843.686656337208,151.8764030899786,25812330.549800377,1048774.5935409043,403317.6648406309,16387.10302407663
100,default,moderate,5.863662838101185e-07,1191924968.9358914,560785090.3661225,2872.5822611883127,152.73849375221235,38444815.39944452,1562042.0467852463,600700.2406163206,24406.906981019474
100,default,moderate,4.804671604948061e-07,1461573465.724571,684386981.0279351,2901.4778660394163,153.60058481098787,57259604.21302589,2326501.205265779,894681.3158285295,36351.5813322778
100,default,moderate,3.93693666719584e-07,1792184114.564499,835231798.8602977,2930.3734708905204,154.4626761983261,85282299.85153586,3465084.6110336883,1332535.9351802478,54141.94704740138
100,default,moderate,3.22591669023728e-07,2197530571.963628,1019324120.9521694,2959.2690757416244,155.32476785786827,127019227.04370941,5160887.660168151,1984675.4225579596,80638.86969012737
100,default,moderate,2.64330858534326e-07,2694496620.8239007,1243991985.1862602,2988.164680592729,156.18685974289573,189182093.66853568,7686612.141032348,2955970.21357087,120103.31470363044
100,default,moderate,2.1659208678558458e-07,3303778044.1013002,1518178592.4599621,3017.0602854438325,157.04895181468635,281767299.31205386,11448419.360622318,4402614.051750842,178881.55250972373
100,default,moderate,1.7747504895287205e-07,4050742806.6617637,1852798302.6020932,3045.955890294937,157.91104404114992,419663454.5165359,17051244.872499723,6557241.476820873,266425.7011328082
100,default,moderate,1.45422639710772e-07,4966485233.321076,2261171094.872839,3074.8514951460406,158.77313639569556,625045615.6081643,25396078.056153916,9766337.743877567,396813.71962740493
100,default,moderate,1.1915897060022631e-07,6089117912.331551,2759552787.320573,3103.747099997145,159.63522885629226,930941251.582332,37824850.05974293,14545957.055973938,591013.2821834832
100,default,moderate,9.763858160424957e-08,7465354905.864446,3367782121.076952,3132.642704848249,160.49732140468896,1386541385.5506115,56336229.51065652,21664709.149228305,880253.5861040081
100,default,moderate,8.000482523194604e-08,9152451920.015158,4110070467.634797,3161.5383096993532,161.35941402576788,2065110994.465997,83907028.06394513,32267359.288531203,1311047.3134991426
100,default,moderate,6.555576653435989e-08,11220583875.941877,5015965594.449371,3190.4339145504578,162.22150670700807,3075770737.1069803,124970900.95800465,48058917.76729657,1952670.3274688227
100,default,moderate,5.371624165727791e-08,13755758442.718122,6121527852.82499,3219.3295194015614,163.08359943804058,4581044627.913528,186131322.32920012,71578822.31114888,2908301.911393752
100,default,moderate,4.401496268479646e-08,16863386290.75335,7470765607.798342,3248.225124252666,163.94569221027933,6822995495.000532,277223488.71965545,106609304.60938331,4331617.0112446165
100,default,moderate,3.6065757401728826e-08,20672656020.222282,9117387049.199814,3277.1207291037695,164.8077850166156,10162151060.728827,412895915.2934591,158783610.3238879,6451498.676460299
100,default,moderate,2.9552197198832463e-08,25341895036.353374,11126938117.044502,3306.016333954874,165.66987785116433,15135480340.964811,614966060.9690464,236491880.32757518,9608844.70264135
100,default,moderate,2.4215001214332402e-08,31065138460.104122,13579411644.195133,3334.911938805978,166.53197070905395,22542743537.538254,915928790.1286143,352230367.7740352,14311387.345759599
100,default,moderate,1.9841715316967552e-08,38080178165.944885,16572431576.6647,3363.807543657082,167.3940635862524,33575101334.830124,1364181866.0114539,524610958.3567207,21315341.656428967
100,default,moderate,1.6258255088856447e-08,46678425294.88395,20225139023.651104,3392.7031485081866,168.2561564794226,50006665238.725204,2031808786.45945,781354144.3550813,31747012.288428906
100,default,moderate,1.3321976165452046e-08,57216994631.95638,24682934826.655045,3421.59875335929,169.11824938580313,74479792134.05345,3026170518.4542913,1163746752.0945852,47283914.3508483
100,default,moderate,1.0915996088320412e-08,70133511163.85463,30123267431.90501,3450.4943582103947,169.980342303109,110930001227.8368,4507170196.226868,1733281269.18495,70424534.3160448
100,default,moderate,8.944541644597905e-09,85964251742.07086,36762696459.99136,3479.3899630614983,170.8424352294497,165218844196.82205,6712967115.987908,2581544440.5753446,104890111.18731107
100,default,moderate,7.329136487832536e-09,105366372721.58899,44865513147.422516,3508.285567912603,171.70452816326122,246076500275.77634,9998275090.22394,3844945316.8090053,156223048.28474906
100,default,moderate,6.005477283424599e-09,129145143422.3339,54754260808.15901,3537.181172763707,172.56662110324982,366505674835.9663,14891403913.138638,5726651169.311974,232678186.1427912
100,default,moderate,4.9208740295126795e-09,158287312248.5606,66822574095.982025,3566.0767776148114,173.42871404834534,545872562135.8737,22179216765.20644,8529258783.373027,346550261.9563506
100,default,moderate,4.032152661898664e-09,194001985847.08545,81550848151.48517,3594.9723824659145,174.2908069976627,813021119594.2433,33033665542.03753,12703454993.660051,516151024.0943364
100,default,moderate,3.30393645343254e-09,237770712256.67938,99525361364.76837,3623.867987317019,175.15289995047,1210911459480.447,49200252231.40691,18920491554.381985,768753941.115733
100,default,moderate,2.7072377966910252e-09,291408839418.74817,121461612960.64133,3652.7635921681235,176.01499290616192,1803528256969.3398,73278722779.148,28180129015.145935,1144980043.4241874
100,default,moderate,2.218304314000376e-09,357140686385.595,148232804389.72675,3681.6591970192276,176.87708586423796,2686170114437.9683,109141131774.83662,41971408038.093254,1705330183.9818223
100,default,moderate,1.8176733626899397e-09,437691635307.52576,180904598264.8292,3710.5548018703316,177.73917882428435,4000774512856.6343,162554506865.42038,62512101763.38491,2539914169.7721934
100,default,moderate,1.4893972989099906e-09,536400951355.5738,220777538467.91202,3739.450406721436,178.60127178595903,5958742752996.629,242108243451.0036,93105355515.57233,3782941303.9219313
100,default,moderate,1.2204086606174117e-09,657359993986.227,269438820016.03467,3768.34601157254,179.4633647489792,8874935361212.693,360595363839.7686,138670865018.94833,5634302559.996385
100,default,moderate,1e-09,805581531702.1995,328825469454.1047,3797.241616423644,180.32545771311106,13218304754990.898,537069760902.41455,206536011796.7328,8391715014.100227
100,default,factory_limited,0.049999999999999996,3325.588590061804,6576.5093890820945,1225.5327846753771,103.98475660545084,0.00528732190199636,0.00021482790436096584,8.261440471869312e-05,3.3566860056400913e-06
100,default,factory_limited,0.040969882969123315,4035.7756200132117,8026.029015067528,1254.4283895264812,104.78694012104853,0.007874922959301015,0.00031996410048571643,0.00012304567123907836,4.999439070089319e-06
100,default,factory_limited,0.03357062621007322,4906.581818955205,9795.035320355064,1283.3239943775852,105.59799728412469,0.0117288889847072,0.0004765536670115908,0.00018326389038605,7.4461510470561066e-06
100,default,factory_limited,0.027507692540537677,5974.6562371166065,11953.945936014788,1312.2195992286895,106.41672550685635,0.01746897557303805,0.0007097777444327146,0.0002729527433287195,1.1090277256761165e-05
100,default,factory_limited,0.022539738882729105,7285.006001462598,14588.699148864787,1341.1152040797938,107.24205562889574,0.026018245033207477,0.0010571410553845107,0.00040653507864386683,1.651782899038298e-05
100,default,factory_limited,0.0184690092836002,8892.900222228222,17804.174788416487,1370.0108089308978,108.07304532187942,0.03875150387483749,0.0015745030324565467,0.0006054922480443357,2.460160988213354e-05
100,default,factory_limited,0.01513346297809504,10866.207137849204,21728.36910692971,1398.906413782002,108.90887018525288,0.05771638519988305,0.0023450605636663726,0.0009018185187481727,3.664157130728707e-05
100,default,factory_limited,0.012400324142602285,13288.262987893497,26517.489839188886,1427.802018633106,109.74881356052748,0.08596262821955439,0.0034927268693050358,0.0013431660659305373,5.4573857332891184e-05
100,default,factory_limited,0.010160796578032203,16261.393472139021,32362.174257580395,1456.6976234842102,110.5922558404646,0.128032506277408,0.0052020579649732675,0.0020005079105845,8.12821557027073e-05
100,default,factory_limited,0.008325732933500966,19911.236098420264,39495.07774036103,1485.593228335314,111.43866383175356,0.19069126902224776,0.0077479310818043805,0.002979551078472621,0.00012106142315319345
100,default,factory_limited,0.0068220860783542074,24392.04539317179,48200.134926094644,1514.4888331864186,112.2875805506142,0.2840150610074542,0.011539747625380209,0.004437735328241472,0.00018030855664656576
100,default,factory_limited,0.005590001364709142,29893.20425835973,58823.86210673387,1543.3844380375226,113.13861569010567,0.42301126471425937,0.017187268943344294,0.006609551011160303,0.0002685510772397546
100,default,factory_limited,0.004580434034187464,36647.215438111896,71789.15076602253,1572.2800428886267,113.99143689189208,0.6300318350739169,0.025598671939856564,0.009844247423029952,0.0003999792490602588
100,default,factory_limited,0.0037531969265689963,44939.50923138603,87612.10133322318,1601.1756477397307,114.84576187838866,0.9383677133863966,0.03812659284290533,0.014661995521662446,0.0005957280131703958
100,default,factory_limited,0.0030753607768321026,55120.47985791653,106922.56724195604,1630.0712525908348,115.70135144787002,1.3976023377020432,0.056785644396864184,0.021837536526594425,0.0008872756937010029
100,default,factory_limited,0.0025199434222928684,67620.25644766538,130489.22707753102,1658.9668574419388,116.55800329995068,2.0815851467237123,0.08457638538155278,0.032524767917558005,0.0013215060215867622
100,default,factory_limited,0.0020648357420030186,82966.82939647026,159250.18284269123,1687.8624622930433,117.41554663727416,3.1003072949814534,0.12596783993885513,0.04844230148408521,0.0019682474990446114
100,default,factory_limited,0.0016919215740065319,101808.29361674459,194350.3023461271,1716.7580671441474,118.27383747751912,4.617589310936316,0.18761616055445685,0.07214983298337994,0.002931502508663388
100,default,factory_limited,0.0013863565775996507,124940.14290357585,237186.79217682648,1745.6536719952514,119.1327546050065,6.877425047184196,0.2794350027616712,0.10745976636225306,0.004366171918151113
100,default,factory_limited,0.0011359773347546405,153338.76145841822,289464.81535666174,1774.5492768463555,119.99219609101996,10.243218288732056,0.41618973833413886,0.16005028576143837,0.00650296466147092
100,default,factory_limited,0.0009308171692094851,188202.51842477018,353265.3676052906,1803.4448816974596,120.85207631476706,15.256221651382939,0.6198718721089221,0.23837846330285842,0.009685498001701908
100,default,factory_limited,0.0007627094097632645,231002.18995743932,431128.11412169156,1832.3404865485638,121.71232342150574,22.722575319141914,0.9232354919893097,0.3550402393615924,0.014425554562332963
100,default,factory_limited,0.0006249623051490014,283542.8241918557,526152.4843097653,1861.236091399668,122.57287715989241,33.84294230460879,1.3750644480267145,0.5287959735095124,0.021485382000417413
100,default,factory_limited,0.0005120926500413626,348039.6438387375,642121.0486570057,1890.1316962507722,123.43368704649761,50.40558685565098,2.0480172747181458,0.7875872946195466,0.03200026991747103
100,default,factory_limited,0.000419607518830857,427211.1690334459,783650.0889457456,1919.0273011018762,124.29471081129762,75.0739449127795,3.0503113970862064,1.1730303892621796,0.047661115579471974
100,default,factory_limited,0.0003438254187892884,524393.4640800235,956373.3554429947,1947.9229059529803,125.15591308355275,111.81493077161122,4.543125555654556,1.7471082933064253,0.07098633680710244
100,default,factory_limited,0.00028172974339213923,643680.2959624559,1167166.3257663674,1976.8185108040843,126.01726428268164,166.53685586904535,6.766518931200845,2.6021383729538337,0.1057268583000132
100,default,factory_limited,0.0002308486923139418,790095.076874537,1424419.892346281,2005.7141156551886,126.87873968347115,248.03954330031857,10.078035019153855,3.8756178640674777,0.157469297174279
100,default,factory_limited,0.0001891568781535471,969801.7928167921,1738374.372975126,2034.6097205062924,127.74031862919735,369.4294258143621,15.010198135848047,5.772334778349408,0.23453434587262573
100,default,factory_limited,0.00015499470321511088,1190363.7510297142,2121527.1401742105,2063.505325357397,128.60198386998297,550.2271889457797,22.356148559635862,8.597299827277809,0.34931482124431035
100,default,factory_limited,0.0001270022970311419,1461060.9787280038,2589130.0956035014,2092.400930208501,129.46372100700572,819.5068890026815,33.29718727875213,12.804795140666899,0.5202685512305021
100,default,factory_limited,0.00010406538492351445,1793279.5577005888,3159796.792139706,2121.296535059605,130.3255180260343,1220.5713469187233,49.59274079427353,19.07142729560505,0.7748865749105239
100,default,factory_limited,8.527093282906315e-05,2200989.186128564,3856243.370918421,2150.192139910709,131.18736490624642,1817.9156672276754,73.86329418453428,28.404932300432428,1.1541139716333482
100,default,factory_limited,6.987080277349386e-05,2701328.945840679,4706192.807317331,2179.087744761813,132.04925329241547,2707.5986844150534,110.0117908470394,42.30622944398521,1.7189342319849907
100,default,factory_limited,5.7251972251774814e-05,3315325.7738949615,5743478.460585454,2207.983349612917,132.91117622038098,4032.690167100025,163.85126413583134,63.01078386093789,2.5601760021223647
100,default,factory_limited,4.6912132058134204e-05,4068775.680291817,7009390.855368059,2236.8789544640217,133.77312788728048,6006.277842219655,244.0396302268946,93.84809128468211,3.813119222295228
100,default,factory_limited,3.843969120507633e-05,4993324.549798863,8554321.305543685,2265.7745593151253,134.6351034593511,8945.733994704886,363.4719660869298,139.77709366726384,5.679249470108278
100,default,factory_limited,3.149739300082433e-05,6127793.698484124,10439767.80698958,2294.6701641662294,135.4970989112403,13323.752048480736,541.3541645193769,208.1836257575115,8.458658820615264
100,default,factory_limited,2.5808890101525137e-05,7519805.571743957,12740783.046484947,2323.565769017334,136.35911089172458,19844.360312353663,806.2914303888347,310.068129880526,12.598303599825542
100,default,factory_limited,2.1147744140449004e-05,9227777.495888555,15548961.972977754,2352.461373868438,137.22113661154546,29556.13664781616,1200.888278555403,461.8146351221275,18.763879352428173
100,default,factory_limited,1.7328412049903184e-05,11323366.75129443,18976087.855432887,2381.356978719542,138.08317374976,44020.83008947198,1788.599758373086,687.8254701479997,27.946871224579468
100,default,factory_limited,1.4198860274505597e-05,13894469.061080553,23158581.963407226,2410.252583570646,138.94522037557954,65564.50543103521,2663.9356489519364,1024.4453973599252,41.623994514874006
100,default,factory_limited,1.1634512874828548e-05,17048895.668857567,28262933.995760474,2439.1481884217505,139.8072748831599,97651.59729335365,3967.658560019063,1525.8062077086508,61.99466500029786
100,default,factory_limited,9.533292617689702e-06,20918882.472854447,34492329.422884345,2468.043793272854,140.6693359372159,145442.0252429665,5909.419942289472,2272.5316444213518,92.334686598273
100,default,factory_limited,7.811557657143072e-06,25666619.36893171,42094737.55255701,2496.9393981239587,141.53140242767853,216620.9595448739,8801.47410017081,3384.702492888655,137.5230328151689
100,default,factory_limited,6.400772060394231e-06,31491030.474592727,51372782.27555756,2525.8350029750627,142.3934734319035,322634.672033424,13108.891751220583,5041.16675052225,204.8264336128216
100,default,factory_limited,5.244777644527709e-06,38636088.02864657,62695788.40910335,2554.7306078261668,143.2555481831828,480531.2090612946,19524.34796597148,7508.300141582728,305.06793696830437
100,default,factory_limited,4.297558525907499e-06,47401006.65417999,76514483.15870646,2583.626212677271,144.1176260445161,715701.8848178413,29079.511123496577,11182.841950278771,454.367361304634
100,default,factory_limited,3.5214093971877605e-06,58152742.99249962,93378937.90955085,2612.521817528375,144.97970648676886,1065964.4540724864,43310.94532095901,16655.6945948826,676.7335206399845
100,default,factory_limited,2.885434617783073e-06,71341321.71842746,113960464.5440716,2641.4174223794794,145.84178907048891,1587644.5786296239,64507.20497427463,24806.946541087873,1007.9250777230411
100,default,factory_limited,2.364318372112592e-06,87518626.62287414,139078337.8975687,2670.3130272305834,146.7038734307725,2364633.5470400522,96076.85684891774,36947.399172500816,1501.2008882643397
100,default,factory_limited,1.937316940144021e-06,107361439.68687941,169732408.07446802,2699.2086320816875,147.56595926467088,3521878.817873405,143096.61107853995,55029.35652927195,2235.8845481021867
100,default,factory_limited,1.5874329662360128e-06,131699687.86497033,207142900.80152985,2728.1042369327915,148.4280463207147,5245476.798428958,213127.70602355083,81960.57497545247,3330.1204066179816
100,default,factory_limited,1.3007388569603548e-06,161551073.9886046,252798990.12360096,2756.9998417838956,149.29013439020085,7812598.975075117,317431.8296743591,122071.85898554871,4959.872338661861
100,default,factory_limited,1.0658223748611395e-06,198163533.79230854,308518076.9421787,2785.895446635,150.1522232999473,11636063.81094384,472782.10970504675,181813.4970459975,7387.2204641413555
100,default,factory_limited,8.733323592786795e-07,243067286.58443582,376518133.0572647,2814.7910514861037,151.01431290627045,17330722.00996405,704160.3971676636,270792.53140568826,11002.506205744743
100,default,factory_limited,7.156064910559172e-07,298138646.04588693,459505990.4625857,2843.686656337208,151.8764030899786,25812330.549800377,1048774.5935409043,403317.6648406309,16387.10302407663
100,default,factory_limited,5.863662838101185e-07,365678246.60447246,560785090.3661225,2872.5822611883127,152.73849375221235,38444815.39944452,1562042.0467852463,600700.2406163206,24406.906981019474
100,default,factory_limited,4.804671604948061e-07,448506940.0931795,684386981.0279351,2901.4778660394163,153.60058481098787,57259604.21302589,2326501.205265779,894681.3158285295,36351.5813322778
100,default,factory_limited,3.93693666719584e-07,550083351.8240405,835231798.8602977,2930.3734708905204,154.4626761983261,85282299.85153586,3465084.6110336883,1332535.9351802478,54141.94704740138
100,default,factory_limited,3.22591669023728e-07,674647985.265649,1019324120.9521694,2959.2690757416244,155.32476785786827,127019227.04370941,5160887.660168151,1984675.4225579596,80638.86969012737
100,default,factory_limited,2.64330858534326e-07,827399867.5372207,1243991985.1862602,2988.164680592729,156.18685974289573,189182093.66853568,7686612.141032348,2955970.21357087,120103.31470363044
100,default,factory_limited,2.1659208678558458e-07,1014713079.6727666,1518178592.4599621,3017.0602854438325,157.04895181468635,281767299.31205386,11448419.360622318,4402614.051750842,178881.55250972373
100,default,factory_limited,1.7747504895287205e-07,1244402172.1187344,1852798302.6020932,3045.955890294937,157.91104404114992,419663454.5165359,17051244.872499723,6557241.476820873,266425.7011328082
100,default,factory_limited,1.45422639710772e-07,1526047495.8873878,2261171094.872839,3074.8514951460406,158.77313639569556,625045615.6081643,25396078.056153916,9766337.743877567,396813.71962740493
100,default,factory_limited,1.1915897060022631e-07,1871393967.3458352,2759552787.320573,3103.747099997145,159.63522885629226,930941251.582332,37824850.05974293,14545957.055973938,591013.2821834832
100,default,factory_limited,9.763858160424957e-08,2294839832.8790927,3367782121.076952,3132.642704848249,160.49732140468896,1386541385.5506115,56336229.51065652,21664709.149228305,880253.5861040081
100,default,factory_limited,8.000482523194604e-08,2814035734.946024,4110070467.634797,3161.5383096993532,161.35941402576788,2065110994.465997,83907028.06394513,32267359.288531203,1311047.3134991426
100,default,factory_limited,6.555576653435989e-08,3450618958.1162534,5015965594.449371,3190.4339145504578,162.22150670700807,3075770737.1069803,124970900.95800465,48058917.76729657,1952670.3274688227
100,default,factory_limited,5.371624165727791e-08,4231113342.149561,6121527852.82499,3219.3295194015614,163.08359943804058,4581044627.913528,186131322.32920012,71578822.31114888,2908301.911393752
100,default,factory_limited,4.401496268479646e-08,5188032221.363517,7470765607.798342,3248.225124252666,163.94569221027933,6822995495.000532,277223488.71965545,106609304.60938331,4331617.0112446165
100,default,factory_limited,3.6065757401728826e-08,6361230170.036619,9117387049.199814,3277.1207291037695,164.8077850166156,10162151060.728827,412895915.2934591,158783610.3238879,6451498.676460299
100,default,factory_limited,2.9552197198832463e-08,7799559651.08712,11126938117.044502,3306.016333954874,165.66987785116433,15135480340.964811,614966060.9690464,236491880.32757518,9608844.70264135
100,default,factory_limited,2.4215001214332402e-08,9562901306.911247,13579411644.195133,3334.911938805978,166.53197070905395,22542743537.538254,915928790.1286143,352230367.7740352,14311387.345759599
100,default,factory_limited,1.9841715316967552e-08,11724652120.360878,16572431576.6647,3363.807543657082,167.3940635862524,33575101334.830124,1364181866.0114539,524610958.3567207,21315341.656428967
100,default,factory_limited,1.6258255088856447e-08,14374774651.46526,20225139023.651104,3392.7031485081866,168.2561564794226,50006665238.725204,2031808786.45945,781354144.3550813,31747012.288428906
100,default,factory_limited,1.3321976165452046e-08,17623533806.998734,24682934826.655045,3421.59875335929,169.11824938580313,74479792134.05345,3026170518.4542913,1163746752.0945852,47283914.3508483
100,default,factory_limited,1.0915996088320412e-08,21606076087.429825,30123267431.90501,3450.4943582103947,169.980342303109,110930001227.8368,4507170196.226868,1733281269.18495,70424534.3160448
100,default,factory_limited,8.944541644597905e-09,26488041157.692112,36762696459.99136,3479.3899630614983,170.8424352294497,165218844196.82205,6712967115.987908,2581544440.5753446,104890111.18731107
100,default,factory_limited,7.329136487832536e-09,32472438348.284046,44865513147.422516,3508.285567912603,171.70452816326122,246076500275.77634,9998275090.22394,3844945316.8090053,156223048.28474906
100,default,factory_limited,6.005477283424599e-09,39808073079.91438,54754260808.15901,3537.181172763707,172.56662110324982,366505674835.9663,14891403913.138638,5726651169.311974,232678186.1427912
100,default,factory_limited,4.9208740295126795e-09,48799872384.56761,66822574095.982025,3566.0767776148114,173.42871404834534,545872562135.8737,22179216765.20644,8529258783.373027,346550261.9563506
100,default,factory_limited,4.032152661898664e-09,59821537322.06673,81550848151.48517,3594.9723824659145,174.2908069976627,813021119594.2433,33033665542.03753,12703454993.660051,516151024.0943364
100,default,factory_limited,3.30393645343254e-09,73331046414.39001,99525361364.76837,3623.867987317019,175.15289995047,1210911459480.447,49200252231.40691,18920491554.381985,768753941.115733
100,default,factory_limited,2.7072377966910252e-09,89889652221.63382,121461612960.64133,3652.7635921681235,176.01499290616192,1803528256969.3398,73278722779.148,28180129015.145935,1144980043.4241874
100,default,factory_limited,2.218304314000376e-09,110185157740.47615,148232804389.72675,3681.6591970192276,176.87708586423796,2686170114437.9683,109141131774.83662,41971408038.093254,1705330183.9818223
100,default,factory_limited,1.8176733626899397e-09,135060436391.79297,180904598264.8292,3710.5548018703316,177.73917882428435,4000774512856.6343,162554506865.42038,62512101763.38491,2539914169.7721934
100,default,factory_limited,1.4893972989099906e-09,165548376295.4322,220777538467.91202,3739.450406721436,178.60127178595903,5958742752996.629,242108243451.0036,93105355515.57233,3782941303.9219313
100,default,factory_limited,1.2204086606174117e-09,202914695268.8383,269438820016.03467,3768.34601157254,179.4633647489792,8874935361212.693,360595363839.7686,138670865018.94833,5634302559.996385
100,default,factory_limited,1e-09,248710398508.84918,328825469454.1047,3797.241616423644,180.32545771311106,13218304754990.898,537069760902.41455,206536011796.7328,8391715014.100227
100,qbest,optimistic,0.049999999999999996,554.9638377226645,6576.5093890820945,1225.5327846753771,39.86082336542282,0.00528732190199636,0.00021482790436096584,8.261440471869312e-05,3.3566860056400913e-06
100,qbest,optimistic,0.040969882969123315,674.477303220197,8026.029015067528,1254.4283895264812,40.168327046401934,0.007874922959301015,0.00031996410048571643,0.00012304567123907836,4.999439070089319e-06
100,qbest,optimistic,0.03357062621007322,820.817806465454,9795.035320355064,1283.3239943775852,40.479232292247794,0.0117288889847072,0.0004765536670115908,0.00018326389038605,7.4461510470561066e-06
100,qbest,optimistic,0.027507692540537677,1000.0469983877546,11953.945936014788,1312.2195992286895,40.793078110961595,0.01746897557303805,0.0007097777444327146,0.0002729527433287195,1.1090277256761165e-05
100,qbest,optimistic,0.022539738882729105,1219.5959996823337,14588.699148864787,1341.1152040797938,41.10945465774336,0.026018245033207477,0.0010571410553845107,0.00040653507864386683,1.651782899038298e-05
100,qbest,optimistic,0.0184690092836002,1488.5746037772717,17804.174788416487,1370.0108089308978,41.42800070672045,0.03875150387483749,0.0015745030324565467,0.0006054922480443357,2.460160988213354e-05
100,qbest,optimistic,0.01513346297809504,1818.150252846472,21728.36910692971,1398.906413782002,41.748400237680265,0.05771638519988305,0.0023450605636663726,0.0009018185187481727,3.664157130728707e-05
100,qbest,optimistic,0.012400324142602285,2222.012523243039,26517.489839188886,1427.802018633106,42.070378531535525,0.08596262821955439,0.0034927268693050358,0.0013431660659305373,5.4573857332891184e-05
100,qbest,optimistic,0.010160796578032203,2716.9424039409355,32362.174257580395,1456.6976234842102,42.3936980721781,0.128032506277408,0.0052020579649732675,0.0020005079105845,8.12821557027073e-05
100,qbest,optimistic,0.008325732933500966,3323.509998000752,39495.07774036103,1485.593228335314,42.71815446883886,0.19069126902224776,0.0077479310818043805,0.002979551078472621,0.00012106142315319345
100,qbest,optimistic,0.0068220860783542074,4066.929602701337,48200.134926094644,1514.4888331864186,43.04357254440211,0.2840150610074542,0.011539747625380209,0.004437735328241472,0.00018030855664656576
100,qbest,optimistic,0.005590001364709142,4978.107649299478,58823.86210673387,1543.3844380375226,43.36980268120717,0.42301126471425937,0.017187268943344294,0.006609551011160303,0.0002685510772397546
100,qbest,optimistic,0.004580434034187464,6094.926978520613,71789.15076602253,1572.2800428886267,43.69671747522529,0.6300318350739169,0.025598671939856564,0.009844247423029952,0.0003999792490602588
100,qbest,optimistic,0.0037531969265689963,7463.820723764849,87612.10133322318,1601.1756477397307,44.02420872004898,0.9383677133863966,0.03812659284290533,0.014661995521662446,0.0005957280131703958
100,qbest,optimistic,0.0030753607768321026,9141.701076026835,106922.56724195604,1630.0712525908348,44.3521847216835,1.3976023377020432,0.056785644396864184,0.021837536526594425,0.0008872756937010029
100,qbest,optimistic,0.0025199434222928684,11198.32290929146,130489.22707753102,1658.9668574419388,44.68056793164776,2.0815851467237123,0.08457638538155278,0.032524767917558005,0.0013215060215867622
100,qbest,optimistic,0.0020648357420030186,13719.180261039908,159250.18284269123,1687.8624622930433,45.00929287762176,3.1003072949814534,0.12596783993885513,0.04844230148408521,0.0019682474990446114
100,qbest,optimistic,0.0016919215740065319,16809.05573471816,194350.3023461271,1716.7580671441474,45.33830436638233,4.617589310936316,0.18761616055445685,0.07214983298337994,0.002931502508663388
100,qbest,optimistic,0.0013863565775996507,20596.369932478352,237186.79217682648,1745.6536719952514,45.66755593191915,6.877425047184196,0.2794350027616712,0.10745976636225306,0.004366171918151113
100,qbest,optimistic,0.0011359773347546405,25238.51115546152,289464.81535666174,1774.5492768463555,45.997008501557644,10.243218288732056,0.41618973833413886,0.16005028576143837,0.00650296466147092
100,qbest,optimistic,0.0009308171692094851,30928.366195149396,353265.3676052906,1803.4448816974596,46.32662925399404,15.256221651382939,0.6198718721089221,0.23837846330285842,0.009685498001701908
100,qbest,optimistic,0.0007627094097632645,37902.32276077596,431128.11412169156,1832.3404865485638,46.65639064491054,22.722575319141914,0.9232354919893097,0.3550402393615924,0.014425554562332963
100,qbest,optimistic,0.0006249623051490014,46450.07499973322,526152.4843097653,1861.236091399668,46.98626957795876,33.84294230460879,1.3750644480267145,0.5287959735095124,0.021485382000417413
100,qbest,optimistic,0.0005120926500413626,56926.638187820114,642121.0486570057,1890.1316962507722,47.31624670115741,50.40558685565098,2.0480172747181458,0.7875872946195466,0.03200026991747103
100,qbest,optimistic,0.000419607518830857,69767.07007767665,783650.0889457456,1919.0273011018762,47.64630581099741,75.0739449127795,3.0503113970862064,1.1730303892621796,0.047661115579471974
100,qbest,optimistic,0.0003438254187892884,85504.50837380635,956373.3554429947,1947.9229059529803,47.97643334869522,111.81493077161122,4.543125555654556,1.7471082933064253,0.07098633680710244
100,qbest,optimistic,0.00028172974339213923,104792.27097742612,1167166.3257663674,1976.8185108040843,48.306617975027955,166.53685586904535,6.766518931200845,2.6021383729538337,0.1057268583000132
100,qbest,optimistic,0.0002308486923139418,128430.93368030268,1424419.892346281,2005.7141156551886,48.63685021199727,248.03954330031857,10.078035019153855,3.8756178640674777,0.157469297174279
100,qbest,optimistic,0.0001891568781535471,157401.5058238868,1738374.372975126,2034.6097205062924,48.96712214119231,369.4294258143621,15.010198135848047,5.772334778349408,0.23453434587262573
100,qbest,optimistic,0.00015499470321511088,192906.07657869524,2121527.1401742105,2063.505325357397,49.29742715016014,550.2271889457797,22.356148559635862,8.597299827277809,0.34931482124431035
100,qbest,optimistic,0.0001270022970311419,236417.61334995297,2589130.0956035014,2092.400930208501,49.627759719352184,819.5068890026815,33.29718727875213,12.804795140666899,0.5202685512305021
100,qbest,optimistic,0.00010406538492351445,289740.9721299225,3159796.792139706,2121.296535059605,49.958115243313145,1220.5713469187233,49.59274079427353,19.07142729560505,0.7748865749105239
100,qbest,optimistic,8.527093282906315e-05,355087.64301177824,3856243.370918421,2150.192139910709,50.288489880727795,1817.9156672276754,73.86329418453428,28.404932300432428,1.1541139716333482
100,qbest,optimistic,6.987080277349386e-05,435167.3216805849,4706192.807317331,2179.087744761813,50.618880428759255,2707.5986844150534,110.0117908470394,42.30622944398521,1.7189342319849907
100,qbest,optimistic,5.7251972251774814e-05,533300.09292813,5743478.460585454,2207.983349612917,50.9492842178127,4032.690167100025,163.85126413583134,63.01078386093789,2.5601760021223647
100,qbest,optimistic,4.6912132058134204e-05,653553.863787756,7009390.855368059,2236.8789544640217,51.27969902345751,6006.277842219655,244.0396302268946,93.84809128468211,3.813119222295228
100,qbest,optimistic,3.843969120507633e-05,800912.7268863957,8554321.305543685,2265.7745593151253,51.61012299275125,8945.733994704886,363.4719660869298,139.77709366726384,5.679249470108278
100,qbest,optimistic,3.149739300082433e-05,981483.2120906705,10439767.80698958,2294.6701641662294,51.940554582642115,13323.752048480736,541.3541645193769,208.1836257575115,8.458658820615264
100,qbest,optimistic,2.5808890101525137e-05,1202746.9491754638,12740783.046484947,2323.565769017334,52.270992508494416,19844.360312353663,806.2914303888347,310.068129880526,12.598303599825542
100,qbest,optimistic,2.1147744140449004e-05,1473870.180597208,15548961.972977754,2352.461373868438,52.60143570109242,29556.13664781616,1200.888278555403,461.8146351221275,18.763879352428173
100,qbest,optimistic,1.7328412049903184e-05,1806082.910535946,18976087.855432887,2381.356978719542,52.931883270741324,44020.83008947198,1788.599758373086,687.8254701479997,27.946871224579468
100,qbest,optimistic,1.4198860274505597e-05,2213143.3509560227,23158581.963407226,2410.252583570646,53.26233447730549,65564.50543103521,2663.9356489519364,1024.4453973599252,41.623994514874006
100,qbest,optimistic,1.1634512874828548e-05,2711906.8460366656,28262933.995760474,2439.1481884217505,53.59278870521129,97651.59729335365,3967.658560019063,1525.8062077086508,61.99466500029786
100,qbest,optimistic,9.533292617689702e-06,3323022.768068289,34492329.422884345,2468.043793272854,53.92324544259942,145442.0252429665,5909.419942289472,2272.5316444213518,92.334686598273
100,qbest,optimistic,7.811557657143072e-06,4071788.1585172536,42094737.55255701,2496.9393981239587,54.25370426394343,216620.9595448739,8801.47410017081,3384.702492888655,137.5230328151689
100,qbest,optimistic,6.400772060394231e-06,4989193.355056953,51372782.27555756,2525.8350029750627,54.584164815563,322634.672033424,13108.891751220583,5041.16675052225,204.8264336128216
100,qbest,optimistic,5.244777644527709e-06,6113202.76544123,62695788.40910335,2554.7306078261668,54.9146268035534,480531.2090612946,19524.34796597148,7508.300141582728,305.06793696830437
100,qbest,optimistic,4.297558525907499e-06,7490323.648482812,76514483.15870646,2583.626212677271,55.24508998373116,715701.8848178413,29079.511123496577,11182.841950278771,454.367361304634
100,qbest,optimistic,3.5214093971877605e-06,9177527.640691867,93378937.90955085,2612.521817528375,55.57555415326139,1065964.4540724864,43310.94532095901,16655.6945948826,676.7335206399845
100,qbest,optimistic,2.885434617783073e-06,11244604.31362583,113960464.5440716,2641.4174223794794,55.906019143687416,1587644.5786296239,64507.20497427463,24806.946541087873,1007.9250777230411
100,qbest,optimistic,2.364318372112592e-06,13777043.860851148,139078337.8975687,2670.3130272305834,56.236484815129444,2364633.5470400522,96076.85684891774,36947.399172500816,1501.2008882643397
100,qbest,optimistic,1.937316940144021e-06,16879567.82825065,169732408.07446802,2699.2086320816875,56.56695105145717,3521878.817873405,143096.61107853995,55029.35652927195,2235.8845481021867
100,qbest,optimistic,1.5874329662360128e-06,20680453.515540477,207142900.80152985,2728.1042369327915,56.897417756273974,5245476.798428958,213127.70602355083,81960.57497545247,3330.1204066179816
100,qbest,optimistic,1.3007388569603548e-06,25336830.39021347,252798990.12360096,2756.9998417838956,57.22788484957699,7812598.975075117,317431.8296743591,122071.85898554871,4959.872338661861
100,qbest,optimistic,1.0658223748611395e-06,31041166.914493825,308518076.9421787,2785.895446635,57.5583522649798,11636063.81094384,472782.10970504675,181813.4970459975,7387.2204641413555
100,qbest,optimistic,8.733323592786795e-07,38029215.24030684,376518133.0572647,2814.7910514861037,57.88881994740366,17330722.00996405,704160.3971676636,270792.53140568826,11002.506205744743
100,qbest,optimistic,7.156064910559172e-07,46589741.29582801,459505990.4625857,2843.686656337208,58.21928785115846,25812330.549800377,1048774.5935409043,403317.6648406309,16387.10302407663
100,qbest,optimistic,5.863662838101185e-07,57076441.3420408,560785090.3661225,2872.5822611883127,58.54975593834806,38444815.39944452,1562042.0467852463,600700.2406163206,24406.906981019474
100,qbest,optimistic,4.804671604948061e-07,69922536.1457679,684386981.0279351,2901.4778660394163,58.880224177545344,57259604.21302589,2326501.205265779,894681.3158285295,36351.5813322778
100,qbest,optimistic,3.93693666719584e-07,85658644.20284529,835231798.8602977,2930.3734708905204,59.21069254269167,85282299.85153586,3465084.6110336883,1332535.9351802478,54141.94704740138
100,qbest,optimistic,3.22591669023728e-07,104934670.4889397,1019324120.9521694,2959.2690757416244,59.541161012182826,127019227.04370941,5160887.660168151,1984675.4225579596,80638.86969012737
100,qbest,optimistic,2.64330858534326e-07,128546612.57136528,1243991985.1862602,2988.164680592729,59.87162956811002,189182093.66853568,7686612.141032348,2955970.21357087,120103.31470363044
100,qbest,optimistic,2.1659208678558458e-07,157469388.3847771,1518178592.4599621,3017.0602854438325,60.202098195629766,281767299.31205386,11448419.360622318,4402614.051750842,178881.55250972373
100,qbest,optimistic,1.7747504895287205e-07,192897037.88416684,1852798302.6020932,3045.955890294937,60.53256688244079,419663454.5165359,17051244.872499723,6557241.476820873,266425.7011328082
100,qbest,optimistic,1.45422639710772e-07,236291954.3353911,2261171094.872839,3074.8514951460406,60.86303561834996,625045615.6081643,25396078.056153916,9766337.743877567,396813.71962740493
100,qbest,optimistic,1.1915897060022631e-07,289445172.66845393,2759552787.320573,3103.747099997145,61.193504394912026,930941251.582332,37824850.05974293,14545957.055973938,591013.2821834832
100,qbest,optimistic,9.763858160424957e-08,354550197.3833353,3367782121.076952,3132.642704848249,61.523973205130766,1386541385.5506115,56336229.51065652,21664709.149228305,880253.5861040081
100,qbest,optimistic,8.000482523194604e-08,434293409.67079103,4110070467.634797,3161.5383096993532,61.854442043211016,2065110994.465997,83907028.06394513,32267359.288531203,1311047.3134991426
100,qbest,optimistic,6.555576653435989e-08,531964775.5952407,5015965594.449371,3190.4339145504578,62.184910904353096,3075770737.1069803,124970900.95800465,48058917.76729657,1952670.3274688227
100,qbest,optimistic,5.371624165727791e-08,651593412.42364,6121527852.82499,3219.3295194015614,62.515379784582215,4581044627.913528,186131322.32920012,71578822.31114888,2908301.911393752
100,qbest,optimistic,4.401496268479646e-08,798113592.8006079,7470765607.798342,3248.225124252666,62.84584868060707,6822995495.000532,277223488.71965545,106609304.60938331,4331617.0112446165
100,qbest,optimistic,3.6065757401728826e-08,977568018.4904311,9117387049.199814,3277.1207291037695,63.17631758970264,10162151060.728827,412895915.2934591,158783610.3238879,6451498.676460299
100,qbest,optimistic,2.9552197198832463e-08,1197356728.277456,11126938117.044502,3306.016333954874,63.506786509612986,15135480340.964811,614966060.9690464,236491880.32757518,9608844.70264135
100,qbest,optimistic,2.4215001214332402e-08,1466541881.3184762,13579411644.195133,3334.911938805978,63.837255438470685,22542743537.538254,915928790.1286143,352230367.7740352,14311387.345759599
100,qbest,optimistic,1.9841715316967552e-08,1796220954.8739476,16572431576.6647,3363.807543657082,64.16772437473007,33575101334.830124,1364181866.0114539,524610958.3567207,21315341.656428967
100,qbest,optimistic,1.6258255088856447e-08,2199983708.2927785,20225139023.651104,3392.7031485081866,64.498193317112,50006665238.725204,2031808786.45945,781354144.3550813,31747012.288428906
100,qbest,optimistic,1.3321976165452046e-08,2694471708.928759,24682934826.655045,3421.59875335929,64.82866226455786,74479792134.05345,3026170518.4542913,1163746752.0945852,47283914.3508483
100,qbest,optimistic,1.0915996088320412e-08,3300063431.7644143,30123267431.90501,3450.4943582103947,65.15913121619178,110930001227.8368,4507170196.226868,1733281269.18495,70424534.3160448
100,qbest,optimistic,8.944541644597905e-09,4041713106.051082,36762696459.99136,3479.3899630614983,65.48960017128906,165218844196.82205,6712967115.987908,2581544440.5753446,104890111.18731107
100,qbest,optimistic,7.329136487832536e-09,4949977801.1886015,44865513147.422516,3508.285567912603,65.82006912925013,246076500275.77634,9998275090.22394,3844945316.8090053,156223048.28474906
100,qbest,optimistic,6.005477283424599e-09,6062274979.81101,54754260808.15901,3537.181172763707,66.1505380895791,366505674835.9663,14891403913.138638,5726651169.311974,232678186.1427912
100,qbest,optimistic,4.9208740295126795e-09,7424422216.205285,66822574095.982025,3566.0767776148114,66.4810070518657,545872562135.8737,22179216765.20644,8529258783.373027,346550261.9563506
100,qbest,optimistic,4.032152661898664e-09,9092522371.528904,81550848151.48517,3594.9723824659145,66.81147601577071,813021119594.2433,33033665542.03753,12703454993.660051,516151024.0943364
100,qbest,optimistic,3.30393645343254e-09,11135271709.680353,99525361364.76837,3623.867987317019,67.1419449810135,1210911459480.447,49200252231.40691,18920491554.381985,768753941.115733
100,qbest,optimistic,2.7072377966910252e-09,13636785811.617878,121461612960.64133,3652.7635921681235,67.47241394736206,1803528256969.3398,73278722779.148,28180129015.145935,1144980043.4241874
100,qbest,optimistic,2.218304314000376e-09,16700059414.43458,148232804389.72675,3681.6591970192276,67.80288291462455,2686170114437.9683,109141131774.83662,41971408038.093254,1705330183.9818223
100,qbest,optimistic,1.8176733626899397e-09,20451202337.34801,180904598264.8292,3710.5548018703316,68.13335188264233,4000774512856.6343,162554506865.42038,62512101763.38491,2539914169.7721934
100,qbest,optimistic,1.4893972989099906e-09,25044625528.253696,220777538467.91202,3739.450406721436,68.4638208512843,5958742752996.629,242108243451.0036,93105355515.57233,3782941303.9219313
100,qbest,optimistic,1.2204086606174117e-09,30669390279.254406,269438820016.03467,3768.34601157254,68.79428982044202,8874935361212.693,360595363839.7686,138670865018.94833,5634302559.996385
100,qbest,optimistic,1e-09,37556981418.17202,328825469454.1047,3797.241616423644,69.12475879002591,13218304754990.898,537069760902.41455,206536011796.7328,8391715014.100227
100,qbest,moderate,0.049999999999999996,5549.6383772266445,6576.5093890820945,1225.5327846753771,39.86082336542282,0.00528732190199636,0.00021482790436096584,8.261440471869312e-05,3.3566860056400913e-06
100,qbest,moderate,0.040969882969123315,6744.773032201969,8026.029015067528,1254.4283895264812,40.168327046401934,0.007874922959301015,0.00031996410048571643,0.00012304567123907836,4.999439070089319e-06
100,qbest,moderate,0.03357062621007322,8208.178064654541,9795.035320355064,1283.3239943775852,40.479232292247794,0.0117288889847072,0.0004765536670115908,0.00018326389038605,7.4461510470561066e-06
100,qbest,moderate,0.027507692540537677,10000.469983877545,11953.945936014788,1312.2195992286895,40.793078110961595,0.01746897557303805,0.0007097777444327146,0.0002729527433287195,1.1090277256761165e-05
100,qbest,moderate,0.022539738882729105,12195.959996823338,14588.699148864787,1341.1152040797938,41.10945465774336,0.026018245033207477,0.0010571410553845107,0.00040653507864386683,1.651782899038298e-05
100,qbest,moderate,0.0184690092836002,14885.746037772717,17804.174788416487,1370.0108089308978,41.42800070672045,0.03875150387483749,0.0015745030324565467,0.0006054922480443357,2.460160988213354e-05
100,qbest,moderate,0.01513346297809504,18181.50252846472,21728.36910692971,1398.906413782002,41.748400237680265,0.05771638519988305,0.0023450605636663726,0.0009018185187481727,3.664157130728707e-05
100,qbest,moderate,0.012400324142602285,22220.12523243039,26517.489839188886,1427.802018633106,42.070378531535525,0.08596262821955439,0.0034927268693050358,0.0013431660659305373,5.4573857332891184e-05
100,qbest,moderate,0.010160796578032203,27169.424039409354,32362.174257580395,1456.6976234842102,42.3936980721781,0.128032506277408,0.0052020579649732675,0.0020005079105845,8.12821557027073e-05
100,qbest,moderate,0.008325732933500966,33235.09998000752,39495.07774036103,1485.593228335314,42.71815446883886,0.19069126902224776,0.0077479310818043805,0.002979551078472621,0.00012106142315319345
100,qbest,moderate,0.0068220860783542074,40669.29602701337,48200.134926094644,1514.4888331864186,43.04357254440211,0.2840150610074542,0.011539747625380209,0.004437735328241472,0.00018030855664656576
100,qbest,moderate,0.005590001364709142,49781.076492994776,58823.86210673387,1543.3844380375226,43.36980268120717,0.42301126471425937,0.017187268943344294,0.006609551011160303,0.0002685510772397546
100,qbest,moderate,0.004580434034187464,60949.26978520614,71789.15076602253,1572.2800428886267,43.69671747522529,0.6300318350739169,0.025598671939856564,0.009844247423029952,0.0003999792490602588
100,qbest,moderate,0.0037531969265689963,74638.2072376485,87612.10133322318,1601.1756477397307,44.02420872004898,0.9383677133863966,0.03812659284290533,0.014661995521662446,0.0005957280131703958
100,qbest,moderate,0.0030753607768321026,91417.01076026834,106922.56724195604,1630.0712525908348,44.3521847216835,1.3976023377020432,0.056785644396864184,0.021837536526594425,0.0008872756937010029
100,qbest,moderate,0.0025199434222928684,111983.22909291461,130489.22707753102,1658.9668574419388,44.68056793164776,2.0815851467237123,0.08457638538155278,0.032524767917558005,0.0013215060215867622
100,qbest,moderate,0.0020648357420030186,137191.80261039909,159250.18284269123,1687.8624622930433,45.00929287762176,3.1003072949814534,0.12596783993885513,0.04844230148408521,0.0019682474990446114
100,qbest,moderate,0.0016919215740065319,168090.5573471816,194350.3023461271,1716.7580671441474,45.33830436638233,4.617589310936316,0.18761616055445685,0.07214983298337994,0.002931502508663388
100,qbest,moderate,0.0013863565775996507,205963.6993247835,237186.79217682648,1745.6536719952514,45.66755593191915,6.877425047184196,0.2794350027616712,0.10745976636225306,0.004366171918151113
100,qbest,moderate,0.0011359773347546405,252385.1115546152,289464.81535666174,1774.5492768463555,45.997008501557644,10.243218288732056,0.41618973833413886,0.16005028576143837,0.00650296466147092
100,qbest,moderate,0.0009308171692094851,309283.661951494,353265.3676052906,1803.4448816974596,46.32662925399404,15.256221651382939,0.6198718721089221,0.23837846330285842,0.009685498001701908
100,qbest,moderate,0.0007627094097632645,379023.22760775965,431128.11412169156,1832.3404865485638,46.65639064491054,22.722575319141914,0.9232354919893097,0.3550402393615924,0.014425554562332963
100,qbest,moderate,0.0006249623051490014,464500.7499973321,526152.4843097653,1861.236091399668,46.98626957795876,33.84294230460879,1.3750644480267145,0.5287959735095124,0.021485382000417413
100,qbest,moderate,0.0005120926500413626,569266.3818782012,642121.0486570057,1890.1316962507722,47.31624670115741,50.40558685565098,2.0480172747181458,0.7875872946195466,0.03200026991747103
100,qbest,moderate,0.000419607518830857,697670.7007767664,783650.0889457456,1919.0273011018762,47.64630581099741,75.0739449127795,3.0503113970862064,1.1730303892621796,0.047661115579471974
100,qbest,moderate,0.0003438254187892884,855045.0837380637,956373.3554429947,1947.9229059529803,47.97643334869522,111.81493077161122,4.543125555654556,1.7471082933064253,0.07098633680710244
100,qbest,moderate,0.00028172974339213923,1047922.7097742612,1167166.3257663674,1976.8185108040843,48.306617975027955,166.53685586904535,6.766518931200845,2.6021383729538337,0.1057268583000132
100,qbest,moderate,0.0002308486923139418,1284309.3368030267,1424419.892346281,2005.7141156551886,48.63685021199727,248.03954330031857,10.078035019153855,3.8756178640674777,0.157469297174279
100,qbest,moderate,0.0001891568781535471,1574015.0582388681,1738374.372975126,2034.6097205062924,48.96712214119231,369.4294258143621,15.010198135848047,5.772334778349408,0.23453434587262573
100,qbest,moderate,0.00015499470321511088,1929060.7657869526,2121527.1401742105,2063.505325357397,49.29742715016014,550.2271889457797,22.356148559635862,8.597299827277809,0.34931482124431035
100,qbest,moderate,0.0001270022970311419,2364176.1334995297,2589130.0956035014,2092.400930208501,49.627759719352184,819.5068890026815,33.29718727875213,12.804795140666899,0.5202685512305021
100,qbest,moderate,0.00010406538492351445,2897409.7212992245,3159796.792139706,2121.296535059605,49.958115243313145,1220.5713469187233,49.59274079427353,19.07142729560505,0.7748865749105239
100,qbest,moderate,8.527093282906315e-05,3550876.4301177827,3856243.370918421,2150.192139910709,50.288489880727795,1817.9156672276754,73.86329418453428,28.404932300432428,1.1541139716333482
100,qbest,moderate,6.987080277349386e-05,4351673.216805849,4706192.807317331,2179.087744761813,50.618880428759255,2707.5986844150534,110.0117908470394,42.30622944398521,1.7189342319849907
100,qbest,moderate,5.7251972251774814e-05,5333000.9292813,5743478.460585454,2207.983349612917,50.9492842178127,4032.690167100025,163.85126413583134,63.01078386093789,2.5601760021223647
100,qbest,moderate,4.6912132058134204e-05,6535538.637877559,7009390.855368059,2236.8789544640217,51.27969902345751,6006.277842219655,244.0396302268946,93.84809128468211,3.813119222295228
100,qbest,moderate,3.843969120507633e-05,8009127.268863956,8554321.305543685,2265.7745593151253,51.61012299275125,8945.733994704886,363.4719660869298,139.77709366726384,5.679249470108278
100,qbest,moderate,3.149739300082433e-05,9814832.120906705,10439767.80698958,2294.6701641662294,51.940554582642115,13323.752048480736,541.3541645193769,208.1836257575115,8.458658820615264
100,qbest,moderate,2.5808890101525137e-05,12027469.491754638,12740783.046484947,2323.565769017334,52.270992508494416,19844.360312353663,806.2914303888347,310.068129880526,12.598303599825542
100,qbest,moderate,2.1147744140449004e-05,14738701.805972079,15548961.972977754,2352.461373868438,52.60143570109242,29556.13664781616,1200.888278555403,461.8146351221275,18.763879352428173
100,qbest,moderate,1.7328412049903184e-05,18060829.10535946,18976087.855432887,2381.356978719542,52.931883270741324,44020.83008947198,1788.599758373086,687.8254701479997,27.946871224579468
100,qbest,moderate,1.4198860274505597e-05,22131433.50956023,23158581.963407226,2410.252583570646,53.26233447730549,65564.50543103521,2663.9356489519364,1024.4453973599252,41.623994514874006
100,qbest,moderate,1.1634512874828548e-05,27119068.460366655,28262933.995760474,2439.1481884217505,53.59278870521129,97651.59729335365,3967.658560019063,1525.8062077086508,61.99466500029786
100,qbest,moderate,9.533292617689702e-06,33230227.68068289,34492329.422884345,2468.043793272854,53.92324544259942,145442.0252429665,5909.419942289472,2272.5316444213518,92.334686598273
100,qbest,moderate,7.811557657143072e-06,40717881.585172534,42094737.55255701,2496.9393981239587,54.25370426394343,216620.9595448739,8801.47410017081,3384.702492888655,137.5230328151689
100,qbest,moderate,6.400772060394231e-06,49891933.55056953,51372782.27555756,2525.8350029750627,54.584164815563,322634.672033424,13108.891751220583,5041.16675052225,204.8264336128216
100,qbest,moderate,5.244777644527709e-06,61132027.65441229,62695788.40910335,2554.7306078261668,54.9146268035534,480531.2090612946,19524.34796597148,7508.300141582728,305.06793696830437
100,qbest,moderate,4.297558525907499e-06,74903236.4848281,76514483.15870646,2583.626212677271,55.24508998373116,715701.8848178413,29079.511123496577,11182.841950278771,454.367361304634
100,qbest,moderate,3.5214093971877605e-06,91775276.40691867,93378937.90955085,2612.521817528375,55.57555415326139,1065964.4540724864,43310.94532095901,16655.6945948826,676.7335206399845
100,qbest,moderate,2.885434617783073e-06,112446043.13625829,113960464.5440716,2641.4174223794794,55.906019143687416,1587644.5786296239,64507.20497427463,24806.946541087873,1007.9250777230411
100,qbest,moderate,2.364318372112592e-06,137770438.60851148,139078337.8975687,2670.3130272305834,56.236484815129444,2364633.5470400522,96076.85684891774,36947.399172500816,1501.2008882643397
100,qbest,moderate,1.937316940144021e-06,168795678.2825065,169732408.07446802,2699.2086320816875,56.56695105145717,3521878.817873405,143096.61107853995,55029.35652927195,2235.8845481021867
100,qbest,moderate,1.5874329662360128e-06,206804535.15540475,207142900.80152985,2728.1042369327915,56.897417756273974,5245476.798428958,213127.70602355083,81960.57497545247,3330.1204066179816
100,qbest,moderate,1.3007388569603548e-06,253368303.90213472,252798990.12360096,2756.9998417838956,57.22788484957699,7812598.975075117,317431.8296743591,122071.85898554871,4959.872338661861
100,qbest,moderate,1.0658223748611395e-06,310411669.14493823,308518076.9421787,2785.895446635,57.5583522649798,11636063.81094384,472782.10970504675,181813.4970459975,7387.2204641413555
100,qbest,moderate,8.733323592786795e-07,380292152.4030684,376518133.0572647,2814.7910514861037,57.88881994740366,17330722.00996405,704160.3971676636,270792.53140568826,11002.506205744743
100,qbest,moderate,7.156064910559172e-07,465897412.95828,459505990.4625857,2843.686656337208,58.21928785115846,25812330.549800377,1048774.5935409043,403317.6648406309,16387.10302407663
100,qbest,moderate,5.863662838101185e-07,570764413.420408,560785090.3661225,2872.5822611883127,58.54975593834806,38444815.39944452,1562042.0467852463,600700.2406163206,24406.906981019474
100,qbest,moderate,4.804671604948061e-07,699225361.4576789,684386981.0279351,2901.4778660394163,58.880224177545344,57259604.21302589,2326501.205265779,894681.3158285295,36351.5813322778
100,qbest,moderate,3.93693666719584e-07,856586442.028453,835231798.8602977,2930.3734708905204,59.21069254269167,85282299.85153586,3465084.6110336883,1332535.9351802478,54141.94704740138
100,qbest,moderate,3.22591669023728e-07,1049346704.8893969,1019324120.9521694,2959.2690757416244,59.541161012182826,127019227.04370941,5160887.660168151,1984675.4225579596,80638.86969012737
100,qbest,moderate,2.64330858534326e-07,1285466125.7136526,1243991985.1862602,2988.164680592729,59.87162956811002,189182093.66853568,7686612.141032348,2955970.21357087,120103.31470363044
100,qbest,moderate,2.1659208678558458e-07,1574693883.847771,1518178592.4599621,3017.0602854438325,60.202098195629766,281767299.31205386,11448419.360622318,4402614.051750842,178881.55250972373
100,qbest,moderate,1.7747504895287205e-07,1928970378.8416684,1852798302.6020932,3045.955890294937,60.53256688244079,419663454.5165359,17051244.872499723,6557241.476820873,266425.7011328082
100,qbest,moderate,1.45422639710772e-07,2362919543.353911,2261171094.872839,3074.8514951460406,60.86303561834996,625045615.6081643,25396078.056153916,9766337.743877567,396813.71962740493
100,qbest,moderate,1.1915897060022631e-07,2894451726.6845393,2759552787.320573,3103.747099997145,61.193504394912026,930941251.582332,37824850.05974293,14545957.055973938,591013.2821834832
100,qbest,moderate,9.763858160424957e-08,3545501973.833353,3367782121.076952,3132.642704848249,61.523973205130766,1386541385.5506115,56336229.51065652,21664709.149228305,880253.5861040081
100,qbest,moderate,8.000482523194604e-08,4342934096.707911,4110070467.634797,3161.5383096993532,61.854442043211016,2065110994.465997,83907028.06394513,32267359.288531203,1311047.3134991426
100,qbest,moderate,6.555576653435989e-08,5319647755.952408,5015965594.449371,3190.4339145504578,62.184910904353096,3075770737.1069803,124970900.95800465,48058917.76729657,1952670.3274688227
100,qbest,moderate,5.371624165727791e-08,6515934124.2364,6121527852.82499,3219.3295194015614,62.515379784582215,4581044627.913528,186131322.32920012,71578822.31114888,2908301.911393752
100,qbest,moderate,4.401496268479646e-08,7981135928.00608,7470765607.798342,3248.225124252666,62.84584868060707,6822995495.000532,277223488.71965545,106609304.60938331,4331617.0112446165
100,qbest,moderate,3.6065757401728826e-08,9775680184.904312,9117387049.199814,3277.1207291037695,63.17631758970264,10162151060.728827,412895915.2934591,158783610.3238879,6451498.676460299
100,qbest,moderate,2.9552197198832463e-08,11973567282.774559,11126938117.044502,3306.016333954874,63.506786509612986,15135480340.964811,614966060.9690464,236491880.32757518,9608844.70264135
100,qbest,moderate,2.4215001214332402e-08,14665418813.184761,13579411644.195133,3334.911938805978,63.837255438470685,22542743537.538254,915928790.1286143,352230367.7740352,14311387.345759599
100,qbest,moderate,1.9841715316967552e-08,17962209548.73948,16572431576.6647,3363.807543657082,64.16772437473007,33575101334.830124,1364181866.0114539,524610958.3567207,21315341.656428967
100,qbest,moderate,1.6258255088856447e-08,21999837082.927784,20225139023.651104,3392.7031485081866,64.498193317112,50006665238.725204,2031808786.45945,781354144.3550813,31747012.288428906
100,qbest,moderate,1.3321976165452046e-08,26944717089.28759,24682934826.655045,3421.59875335929,64.82866226455786,74479792134.05345,3026170518.4542913,1163746752.0945852,47283914.3508483
100,qbest,moderate,1.0915996088320412e-08,33000634317.644142,30123267431.90501,3450.4943582103947,65.15913121619178,110930001227.8368,4507170196.226868,1733281269.18495,70424534.3160448
100,qbest,moderate,8.944541644597905e-09,40417131060.51082,36762696459.99136,3479.3899630614983,65.48960017128906,165218844196.82205,6712967115.987908,2581544440.5753446,104890111.18731107
100,qbest,moderate,7.329136487832536e-09,49499778011.88602,44865513147.422516,3508.285567912603,65.82006912925013,246076500275.77634,9998275090.22394,3844945316.8090053,156223048.28474906
100,qbest,moderate,6.005477283424599e-09,60622749798.11011,54754260808.15901,3537.181172763707,66.1505380895791,366505674835.9663,14891403913.138638,5726651169.311974,232678186.1427912
100,qbest,moderate,4.9208740295126795e-09,74244222162.05284,66822574095.982025,3566.0767776148114,66.4810070518657,545872562135.8737,22179216765.20644,8529258783.373027,346550261.9563506
100,qbest,moderate,4.032152661898664e-09,90925223715.28903,81550848151.48517,3594.9723824659145,66.81147601577071,813021119594.2433,33033665542.03753,12703454993.660051,516151024.0943364
100,qbest,moderate,3.30393645343254e-09,111352717096.80353,99525361364.76837,3623.867987317019,67.1419449810135,1210911459480.447,49200252231.40691,18920491554.381985,768753941.115733
100,qbest,moderate,2.7072377966910252e-09,136367858116.17877,121461612960.64133,3652.7635921681235,67.47241394736206,1803528256969.3398,73278722779.148,28180129015.145935,1144980043.4241874
100,qbest,moderate,2.218304314000376e-09,167000594144.3458,148232804389.72675,3681.6591970192276,67.80288291462455,2686170114437.9683,109141131774.83662,41971408038.093254,1705330183.9818223
100,qbest,moderate,1.8176733626899397e-09,204512023373.48013,180904598264.8292,3710.5548018703316,68.13335188264233,4000774512856.6343,162554506865.42038,62512101763.38491,2539914169.7721934
100,qbest,moderate,1.4893972989099906e-09,250446255282.53696,220777538467.91202,3739.450406721436,68.4638208512843,5958742752996.629,242108243451.0036,93105355515.57233,3782941303.9219313
100,qbest,moderate,1.2204086606174117e-09,306693902792.54407,269438820016.03467,3768.34601157254,68.79428982044202,8874935361212.693,360595363839.7686,138670865018.94833,5634302559.996385
100,qbest,moderate,1e-09,375569814181.7202,328825469454.1047,3797.241616423644,69.12475879002591,13218304754990.898,537069760902.41455,206536011796.7328,8391715014.100227
100,qbest,factory_limited,0.049999999999999996,1333.1136793264259,6576.5093890820945,1225.5327846753771,39.86082336542282,0.00528732190199636,0.00021482790436096584,8.261440471869312e-05,3.3566860056400913e-06
100,qbest,factory_limited,0.040969882969123315,1618.0124367727055,8026.029015067528,1254.4283895264812,40.168327046401934,0.007874922959301015,0.00031996410048571643,0.00012304567123907836,4.999439070089319e-06
100,qbest,factory_limited,0.03357062621007322,1967.2673077455886,9795.035320355064,1283.3239943775852,40.479232292247794,0.0117288889847072,0.0004765536670115908,0.00018326389038605,7.4461510470561066e-06
100,qbest,factory_limited,0.027507692540537677,2395.541028186832,11953.945936014788,1312.2195992286895,40.793078110961595,0.01746897557303805,0.0007097777444327146,0.0002729527433287195,1.1090277256761165e-05
100,qbest,factory_limited,0.022539738882729105,2920.8355796820683,14588.699148864787,1341.1152040797938,41.10945465774336,0.026018245033207477,0.0010571410553845107,0.00040653507864386683,1.651782899038298e-05
100,qbest,factory_limited,0.0184690092836002,3565.251845167282,17804.174788416487,1370.0108089308978,41.42800070672045,0.03875150387483749,0.0015745030324565467,0.0006054922480443357,2.460160988213354e-05
100,qbest,factory_limited,0.01513346297809504,4355.921913013608,21728.36910692971,1398.906413782002,41.748400237680265,0.05771638519988305,0.0023450605636663726,0.0009018185187481727,3.664157130728707e-05
100,qbest,factory_limited,0.012400324142602285,5326.153232729872,26517.489839188886,1427.802018633106,42.070378531535525,0.08596262821955439,0.0034927268693050358,0.0013431660659305373,5.4573857332891184e-05
100,qbest,factory_limited,0.010160796578032203,6516.832719478318,32362.174257580395,1456.6976234842102,42.3936980721781,0.128032506277408,0.0052020579649732675,0.0020005079105845,8.12821557027073e-05
100,qbest,factory_limited,0.008325732933500966,7978.14981471722,39495.07774036103,1485.593228335314,42.71815446883886,0.19069126902224776,0.0077479310818043805,0.002979551078472621,0.00012106142315319345
100,qbest,factory_limited,0.0068220860783542074,9771.71089325423,48200.134926094644,1514.4888331864186,43.04357254440211,0.2840150610074542,0.011539747625380209,0.004437735328241472,0.00018030855664656576
100,qbest,factory_limited,0.005590001364709142,11973.1338228741,58823.86210673387,1543.3844380375226,43.36980268120717,0.42301126471425937,0.017187268943344294,0.006609551011160303,0.0002685510772397546
100,qbest,factory_limited,0.004580434034187464,14675.231618303731,71789.15076602253,1572.2800428886267,43.69671747522529,0.6300318350739169,0.025598671939856564,0.009844247423029952,0.0003999792490602588
100,qbest,factory_limited,0.0037531969265689963,17991.918828823113,87612.10133322318,1601.1756477397307,44.02420872004898,0.9383677133863966,0.03812659284290533,0.014661995521662446,0.0005957280131703958
100,qbest,factory_limited,0.0030753607768321026,22063.00459111598,106922.56724195604,1630.0712525908348,44.3521847216835,1.3976023377020432,0.056785644396864184,0.021837536526594425,0.0008872756937010029
100,qbest,factory_limited,0.0025199434222928684,27060.07343242565,130489.22707753102,1658.9668574419388,44.68056793164776,2.0815851467237123,0.08457638538155278,0.032524767917558005,0.0013215060215867622
100,qbest,factory_limited,0.0020648357420030186,33193.70047666623,159250.18284269123,1687.8624622930433,45.00929287762176,3.1003072949814534,0.12596783993885513,0.04844230148408521,0.0019682474990446114
100,qbest,factory_limited,0.0016919215740065319,40722.303592007105,194350.3023461271,1716.7580671441474,45.33830436638233,4.617589310936316,0.18761616055445685,0.07214983298337994,0.002931502508663388
100,qbest,factory_limited,0.0013863565775996507,49963.003557399614,237186.79217682648,1745.6536719952514,45.66755593191915,6.877425047184196,0.2794350027616712,0.10745976636225306,0.004366171918151113
100,qbest,factory_limited,0.0011359773347546405,61304.94738031476,289464.81535666174,1774.5492768463555,45.997008501557644,10.243218288732056,0.41618973833413886,0.16005028576143837,0.00650296466147092
100,qbest,factory_limited,0.0009308171692094851,75225.65297863928,353265.3676052906,1803.4448816974596,46.32662925399404,15.256221651382939,0.6198718721089221,0.23837846330285842,0.009685498001701908
100,qbest,factory_limited,0.0007627094097632645,92311.05984979025,431128.11412169156,1832.3404865485638,46.65639064491054,22.722575319141914,0.9232354919893097,0.3550402393615924,0.014425554562332963
100,qbest,factory_limited,0.0006249623051490014,113280.1253660184,526152.4843097653,1861.236091399668,46.98626957795876,33.84294230460879,1.3750644480267145,0.5287959735095124,0.021485382000417413
100,qbest,factory_limited,0.0005120926500413626,139014.996425506,642121.0486570057,1890.1316962507722,47.31624670115741,50.40558685565098,2.0480172747181458,0.7875872946195466,0.03200026991747103
100,qbest,factory_limited,0.000419607518830857,170598.01928509996,783650.0889457456,1919.0273011018762,47.64630581099741,75.0739449127795,3.0503113970862064,1.1730303892621796,0.047661115579471974
100,qbest,factory_limited,0.0003438254187892884,209357.1362253775,956373.3554429947,1947.9229059529803,47.97643334869522,111.81493077161122,4.543125555654556,1.7471082933064253,0.07098633680710244
100,qbest,factory_limited,0.00028172974339213923,256921.5681720877,1167166.3257663674,1976.8185108040843,48.306617975027955,166.53685586904535,6.766518931200845,2.6021383729538337,0.1057268583000132
100,qbest,factory_limited,0.0002308486923139418,315290.11213266954,1424419.892346281,2005.7141156551886,48.63685021199727,248.03954330031857,10.078035019153855,3.8756178640674777,0.157469297174279
100,qbest,factory_limited,0.0001891568781535471,386914.90921627556,1738374.372975126,2034.6097205062924,48.96712214119231,369.4294258143621,15.010198135848047,5.772334778349408,0.23453434587262573
100,qbest,factory_limited,0.00015499470321511088,474804.1850504901,2121527.1401742105,2063.505325357397,49.29742715016014,550.2271889457797,22.356148559635862,8.597299827277809,0.34931482124431035
100,qbest,factory_limited,0.0001270022970311419,582648.256507247,2589130.0956035014,2092.400930208501,49.627759719352184,819.5068890026815,33.29718727875213,12.804795140666899,0.5202685512305021
100,qbest,factory_limited,0.00010406538492351445,714974.0698028589,3159796.792139706,2121.296535059605,49.958115243313145,1220.5713469187233,49.59274079427353,19.07142729560505,0.7748865749105239
100,qbest,factory_limited,8.527093282906315e-05,877334.7256920947,3856243.370918421,2150.192139910709,50.288489880727795,1817.9156672276754,73.86329418453428,28.404932300432428,1.1541139716333482
100,qbest,factory_limited,6.987080277349386e-05,1076541.9072159145,4706192.807317331,2179.087744761813,50.618880428759255,2707.5986844150534,110.0117908470394,42.30622944398521,1.7189342319849907
100,qbest,factory_limited,5.7251972251774814e-05,1320950.9150619125,5743478.460585454,2207.983349612917,50.9492842178127,4032.690167100025,163.85126413583134,63.01078386093789,2.5601760021223647
100,qbest,factory_limited,4.6912132058134204e-05,1620810.209549559,7009390.855368059,2236.8789544640217,51.27969902345751,6006.277842219655,244.0396302268946,93.84809128468211,3.813119222295228
100,qbest,factory_limited,3.843969120507633e-05,1988690.047866335,8554321.305543685,2265.7745593151253,51.61012299275125,8945.733994704886,363.4719660869298,139.77709366726384,5.679249470108278
100,qbest,factory_limited,3.149739300082433e-05,2440008.102369507,10439767.80698958,2294.6701641662294,51.940554582642115,13323.752048480736,541.3541645193769,208.1836257575115,8.458658820615264
100,qbest,factory_limited,2.5808890101525137e-05,2993673.987699754,12740783.046484947,2323.565769017334,52.270992508494416,19844.360312353663,806.2914303888347,310.068129880526,12.598303599825542
100,qbest,factory_limited,2.1147744140449004e-05,3672879.579245171,15548961.972977754,2352.461373868438,52.60143570109242,29556.13664781616,1200.888278555403,461.8146351221275,18.763879352428173
100,qbest,factory_limited,1.7328412049903184e-05,4506068.079195362,18976087.855432887,2381.356978719542,52.931883270741324,44020.83008947198,1788.599758373086,687.8254701479997,27.946871224579468
100,qbest,factory_limited,1.4198860274505597e-05,5528122.231566164,23158581.963407226,2410.252583570646,53.26233447730549,65564.50543103521,2663.9356489519364,1024.4453973599252,41.623994514874006
100,qbest,factory_limited,1.1634512874828548e-05,6781821.213649874,28262933.995760474,2439.1481884217505,53.59278870521129,97651.59729335365,3967.658560019063,1525.8062077086508,61.99466500029786
100,qbest,factory_limited,9.533292617689702e-06,8319626.917653689,34492329.422884345,2468.043793272854,53.92324544259942,145442.0252429665,5909.419942289472,2272.5316444213518,92.334686598273
100,qbest,factory_limited,7.811557657143072e-06,10205874.047672972,42094737.55255701,2496.9393981239587,54.25370426394343,216620.9595448739,8801.47410017081,3384.702492888655,137.5230328151689
100,qbest,factory_limited,6.400772060394231e-06,12519455.263270682,51372782.27555756,2525.8350029750627,54.584164815563,322634.672033424,13108.891751220583,5041.16675052225,204.8264336128216
100,qbest,factory_limited,5.244777644527709e-06,15357113.199920794,62695788.40910335,2554.7306078261668,54.9146268035534,480531.2090612946,19524.34796597148,7508.300141582728,305.06793696830437
100,qbest,factory_limited,4.297558525907499e-06,18837476.443932716,76514483.15870646,2583.626212677271,55.24508998373116,715701.8848178413,29079.511123496577,11182.841950278771,454.367361304634
100,qbest,factory_limited,3.5214093971877605e-06,23106007.483600054,93378937.90955085,2612.521817528375,55.57555415326139,1065964.4540724864,43310.94532095901,16655.6945948826,676.7335206399845
100,qbest,factory_limited,2.885434617783073e-06,28341068.583916407,113960464.5440716,2641.4174223794794,55.906019143687416,1587644.5786296239,64507.20497427463,24806.946541087873,1007.9250777230411
100,qbest,factory_limited,2.364318372112592e-06,34761358.013576046,139078337.8975687,2670.3130272305834,56.236484815129444,2364633.5470400522,96076.85684891774,36947.399172500816,1501.2008882643397
100,qbest,factory_limited,1.937316940144021e-06,42635026.01922277,169732408.07446802,2699.2086320816875,56.56695105145717,3521878.817873405,143096.61107853995,55029.35652927195,2235.8845481021867
100,qbest,factory_limited,1.5874329662360128e-06,52290849.756888606,207142900.80152985,2728.1042369327915,56.897417756273974,5245476.798428958,213127.70602355083,81960.57497545247,3330.1204066179816
100,qbest,factory_limited,1.3007388569603548e-06,64131931.95078953,252798990.12360096,2756.9998417838956,57.22788484957699,7812598.975075117,317431.8296743591,122071.85898554871,4959.872338661861
100,qbest,factory_limited,1.0658223748611395e-06,78652492.90429142,308518076.9421787,2785.895446635,57.5583522649798,11636063.81094384,472782.10970504675,181813.4970459975,7387.2204641413555
100,qbest,factory_limited,8.733323592786795e-07,96458453.985725,376518133.0572647,2814.7910514861037,57.88881994740366,17330722.00996405,704160.3971676636,270792.53140568826,11002.506205744743
100,qbest,factory_limited,7.156064910559172e-07,118292668.18131866,459505990.4625857,2843.686656337208,58.21928785115846,25812330.549800377,1048774.5935409043,403317.6648406309,16387.10302407663
100,qbest,factory_limited,5.863662838101185e-07,145065846.27764606,560785090.3661225,2872.5822611883127,58.54975593834806,38444815.39944452,1562042.0467852463,600700.2406163206,24406.906981019474
100,qbest,factory_limited,4.804671604948061e-07,177894463.70603552,684386981.0279351,2901.4778660394163,58.880224177545344,57259604.21302589,2326501.205265779,894681.3158285295,36351.5813322778
100,qbest,factory_limited,3.93693666719584e-07,218147222.8523958,835231798.8602977,2930.3734708905204,59.21069254269167,85282299.85153586,3465084.6110336883,1332535.9351802478,54141.94704740138
100,qbest,factory_limited,3.22591669023728e-07,267502000.71614826,1019324120.9521694,2959.2690757416244,59.541161012182826,127019227.04370941,5160887.660168151,1984675.4225579596,80638.86969012737
100,qbest,factory_limited,2.64330858534326e-07,328015646.9037979,1243991985.1862602,2988.164680592729,59.87162956811002,189182093.66853568,7686612.141032348,2955970.21357087,120103.31470363044
100,qbest,factory_limited,2.1659208678558458e-07,402209530.0912362,1518178592.4599621,3017.0602854438325,60.202098195629766,281767299.31205386,11448419.360622318,4402614.051750842,178881.55250972373
100,qbest,factory_limited,1.7747504895287205e-07,493174384.36760455,1852798302.6020932,3045.955890294937,60.53256688244079,419663454.5165359,17051244.872499723,6557241.476820873,266425.7011328082
100,qbest,factory_limited,1.45422639710772e-07,604698807.3375823,2261171094.872839,3074.8514951460406,60.86303561834996,625045615.6081643,25396078.056153916,9766337.743877567,396813.71962740493
100,qbest,factory_limited,1.1915897060022631e-07,741426742.6538424,2759552787.320573,3103.747099997145,61.193504394912026,930941251.582332,37824850.05974293,14545957.055973938,591013.2821834832
100,qbest,factory_limited,9.763858160424957e-08,909050481.3836017,3367782121.076952,3132.642704848249,61.523973205130766,1386541385.5506115,56336229.51065652,21664709.149228305,880253.5861040081
100,qbest,factory_limited,8.000482523194604e-08,1114547189.0286522,4110070467.634797,3161.5383096993532,61.854442043211016,2065110994.465997,83907028.06394513,32267359.288531203,1311047.3134991426
100,qbest,factory_limited,6.555576653435989e-08,1366468769.0587676,5015965594.449371,3190.4339145504578,62.184910904353096,3075770737.1069803,124970900.95800465,48058917.76729657,1952670.3274688227
100,qbest,factory_limited,5.371624165727791e-08,1675297084.140081,6121527852.82499,3219.3295194015614,62.515379784582215,4581044627.913528,186131322.32920012,71578822.31114888,2908301.911393752
100,qbest,factory_limited,4.401496268479646e-08,2053879264.298478,7470765607.798342,3248.225124252666,62.84584868060707,6822995495.000532,277223488.71965545,106609304.60938331,4331617.0112446165
100,qbest,factory_limited,3.6065757401728826e-08,2517961149.0868115,9117387049.199814,3277.1207291037695,63.17631758970264,10162151060.728827,412895915.2934591,158783610.3238879,6451498.676460299
100,qbest,factory_limited,2.9552197198832463e-08,3086840975.6637664,11126938117.044502,3306.016333954874,63.506786509612986,15135480340.964811,614966060.9690464,236491880.32757518,9608844.70264135
100,qbest,factory_limited,2.4215001214332402e-08,3784170404.656475,13579411644.195133,3334.911938805978,63.837255438470685,22542743537.538254,915928790.1286143,352230367.7740352,14311387.345759599
100,qbest,factory_limited,1.9841715316967552e-08,4638936076.701731,16572431576.6647,3363.807543657082,64.16772437473007,33575101334.830124,1364181866.0114539,524610958.3567207,21315341.656428967
100,qbest,factory_limited,1.6258255088856447e-08,5686662366.897457,20225139023.651104,3392.7031485081866,64.498193317112,50006665238.725204,2031808786.45945,781354144.3550813,31747012.288428906
100,qbest,factory_limited,1.3321976165452046e-08,6970885161.039776,24682934826.655045,3421.59875335929,64.82866226455786,74479792134.05345,3026170518.4542913,1163746752.0945852,47283914.3508483
100,qbest,factory_limited,1.0915996088320412e-08,8544957694.958867,30123267431.90501,3450.4943582103947,65.15913121619178,110930001227.8368,4507170196.226868,1733281269.18495,70424534.3160448
100,qbest,factory_limited,8.944541644597905e-09,10474263240.10254,36762696459.99136,3479.3899630614983,65.48960017128906,165218844196.82205,6712967115.987908,2581544440.5753446,104890111.18731107
100,qbest,factory_limited,7.329136487832536e-09,12838926252.606031,44865513147.422516,3508.285567912603,65.82006912925013,246076500275.77634,9998275090.22394,3844945316.8090053,156223048.28474906
100,qbest,factory_limited,6.005477283424599e-09,15737134224.970612,54754260808.15901,3537.181172763707,66.1505380895791,366505674835.9663,14891403913.138638,5726651169.311974,232678186.1427912
100,qbest,factory_limited,4.9208740295126795e-09,19289207741.07725,66822574095.982025,3566.0767776148114,66.4810070518657,545872562135.8737,22179216765.20644,8529258783.373027,346550261.9563506
100,qbest,factory_limited,4.032152661898664e-09,23642587180.04574,81550848151.48517,3594.9723824659145,66.81147601577071,813021119594.2433,33033665542.03753,12703454993.660051,516151024.0943364
100,qbest,factory_limited,3.30393645343254e-09,28977942420.44581,99525361364.76837,3623.867987317019,67.1419449810135,1210911459480.447,49200252231.40691,18920491554.381985,768753941.115733
100,qbest,factory_limited,2.7072377966910252e-09,35516658328.90391,121461612960.64133,3652.7635921681235,67.47241394736206,1803528256969.3398,73278722779.148,28180129015.145935,1144980043.4241874
100,qbest,factory_limited,2.218304314000376e-09,43530005693.40534,148232804389.72675,3681.6591970192276,67.80288291462455,2686170114437.9683,109141131774.83662,41971408038.093254,1705330183.9818223
100,qbest,factory_limited,1.8176733626899397e-09,53350376929.63697,180904598264.8292,3710.5548018703316,68.13335188264233,4000774512856.6343,162554506865.42038,62512101763.38491,2539914169.7721934
100,qbest,factory_limited,1.4893972989099906e-09,65385051224.35575,220777538467.91202,3739.450406721436,68.4638208512843,5958742752996.629,242108243451.0036,93105355515.57233,3782941303.9219313
100,qbest,factory_limited,1.2204086606174117e-09,80133058305.07355,269438820016.03467,3768.34601157254,68.79428982044202,8874935361212.693,360595363839.7686,138670865018.94833,5634302559.996385
100,qbest,factory_limited,1e-09,98205838053.8549,328825469454.1047,3797.241616423644,69.12475879002591,13218304754990.898,537069760902.41455,206536011796.7328,8391715014.100227
150,default,optimistic,0.049999999999999996,2544.135594565623,9814.28026465328,1283.6122959513104,109.12343204561692,0.020541013879772148,0.00061749842503263,0.0003209533418714398,9.648412891134844e-06
150,default,optimistic,0.040969882969123315,3098.193438539088,11977.432632709433,1312.5079008024145,109.94223020002866,0.030593730589405267,0.0009197004863247726,0.0004780270404594573,1.4370320098824572e-05
150,default,optimistic,0.03357062621007322,3777.591656424803,14617.362516920228,1341.4035056535186,110.76762038320531,0.045566219703440165,0.0013697994201383214,0.0007119721828662526,2.140311593966127e-05
150,default,optimistic,0.027507692540537677,4610.836480527459,17839.15581103381,1370.2991105046226,111.59866147189896,0.06786620454784298,0.0020401755564024874,0.0010604094460600465,3.1877743068788866e-05
150,default,optimistic,0.022539738882729105,5632.913631045372,21771.06024988913,1399.194715355727,112.43453017551877,0.10107974174083026,0.003038631963008052,0.0015793709647004728,4.7478624422000815e-05
150,default,optimistic,0.0184690092836002,6886.759722088073,26569.59047978821,1428.0903202068312,113.27451084197264,0.150547894323312,0.004525730238085755,0.00235231084880175,7.071453497008992e-05
150,default,optimistic,0.01513346297809504,8425.067516818957,32425.758330591554,1456.9859250579352,114.11798476493846,0.22422562716172786,0.006740610392200199,0.003503525424401998,0.0001053220373781281
150,default,optimistic,0.012400324142602285,10312.500717856581,39572.6762937412,1485.8815299090393,114.96441954917594,0.33396104344107613,0.01003944691114759,0.005218141303766815,0.0001568663579866811
150,default,optimistic,0.010160796578032203,12628.411124238097,48294.83687269119,1514.7771347601433,115.81335891174336,0.4974006760423008,0.014952725112013468,0.00777188556316095,0.00023363632987521044
150,default,optimistic,0.008325732933500966,15470.172012522642,58939.43718253752,1543.6727396112474,116.66441315669587,0.7408272233734053,0.022270548393176423,0.011575425365209458,0.0003479773186433816
150,default,optimistic,0.0068220860783542074,18957.26738493106,71930.19958948484,1572.5683444623514,117.51725045512708,1.1033860654513385,0.03316969462204121,0.017240407272677165,0.0005182764784693939
150,default,optimistic,0.005590001364709142,23236.308348186718,87784.23853894653,1601.463949313456,118.37158898584647,1.6433802255381487,0.0494028535757375,0.025677816024033573,0.0007719195871208985
150,default,optimistic,0.004580434034187464,28487.186662650904,107132.64497863536,1630.35955416456,119.2271899388475,2.44764606899861,0.07358047667414923,0.038244469828103284,0.0011496949480335817
150,default,optimistic,0.0037531969265689963,34930.62305041188,130745.6077667773,1659.255159015664,120.08385134870423,3.6455174438541866,0.10959056321098742,0.056961210060221666,0.0017123525501716785
150,default,optimistic,0.0030753607768321026,42837.42615680025,159563.07205626246,1688.150763866768,120.94140270357411,5.429623834005678,0.16322388883246924,0.08483787240633872,0.002550373263007332
150,default,optimistic,0.0025199434222928684,52539.849554190565,194732.15505218323,1717.0463687178724,121.7997002638383,8.086867072465367,0.24310521914466432,0.12635729800727136,0.00379851904913538
150,default,optimistic,0.0020648357420030186,64445.5218411617,237652.80852637754,1745.9419735689767,122.65862301964182,12.044557974374062,0.36208025674498445,0.1881962183495947,0.005657504011640382
150,default,optimistic,0.0016919215740065319,79054.53237886824,290033.5457456432,1774.8375784200805,123.51806921646102,17.939132113597516,0.5392813563846157,0.2802989392749612,0.00842627119350962
150,default,optimistic,0.0013863565775996507,96980.38700010677,353959.4510975599,1803.7331832711848,124.37795338066366,26.718494914781616,0.8032041955517628,0.41747648304346274,0.012550065555496294
150,default,optimistic,0.0011359773347546405,118975.70961724049,431975.1796268482,1832.6287881222888,125.23820378163697,39.79445415701605,1.1962901593279671,0.6217883462033758,0.018692033739499486
150,default,optimistic,0.0009308171692094851,145963.7637753941,527186.2503883685,1861.5243929733929,126.09876027259702,59.26975253305715,1.7817513320156768,0.926089883329018,0.02783986456274495
150,default,optimistic,0.0007627094097632645,179077.11109994643,643382.6657323862,1890.4199978244972,126.95957245808313,88.27620932979909,2.6537356212334324,1.3793157707781107,0.04146461908177238
150,default,optimistic,0.0006249623051490014,219705.0213884867,785189.777350923,1919.3156026756014,127.8205981420027,131.4783477338157,3.952466666286301,2.0543491833408702,0.061757291660723454
150,default,optimistic,0.0005120926500413626,269551.6141970952,958252.4045073256,1948.2112075267053,128.68180201568993,195.82349597989358,5.886793176798592,3.059742124685837,0.091981143387478
150,default,optimistic,0.000419607518830857,330707.1593682332,1169459.5335182017,1977.1068123778095,129.54315455063718,291.65898597556486,8.767773856765585,4.557171655868201,0.13699646651196226
150,default,optimistic,0.0003438254187892884,405735.5126725927,1427218.5429472146,2006.0024172289136,130.40463106528193,434.39610591483324,13.058698699720294,6.787439154919269,0.2040421671831296
150,default,optimistic,0.00028172974339213923,497781.33542450366,1741789.8704065476,2034.8980220800177,131.26621093946454,646.9883868065708,19.449590570642815,10.109193543852669,0.303899852666294
150,default,optimistic,0.0002308486923139418,610701.5715675364,2125695.4428198338,2063.7936269311217,132.1278769539165,963.6227557358387,28.96816766082063,15.05660555837248,0.45262761970032234
150,default,optimistic,0.0001891568781535471,749226.666616756,2594217.1282522944,2092.6892317822258,132.98961473542371,1435.21712956116,43.14511066839798,22.425267649393124,0.6741423541937185
150,default,optimistic,0.00015499470321511088,919158.2520292827,3166005.050841137,2121.5848366333303,133.8514122911679,2137.6085161177416,64.26021129068458,33.40013306433971,1.0040658014169466
150,default,optimistic,0.0001270022970311419,1127611.5375829225,3863819.983605,2150.480441484434,134.7132596182228,3183.748350032758,95.70898512373091,49.746067969261844,1.4954528925582955
150,default,optimistic,0.00010406538492351445,1383312.5163248884,4715439.371058177,2179.3760463355384,135.57514837631174,4741.866192947929,142.5487039247013,74.0916592648114,2.227323498823458
150,default,optimistic,8.527093282906315e-05,1696962.3690045497,5754763.047055731,2208.271651186642,136.43707161375755,7062.522699569246,212.3116545885701,110.35191718076946,3.3173696029464077
150,default,optimistic,6.987080277349386e-05,2081684.2524769574,7023162.662427874,2237.1672560377465,137.2990235381171,10518.902232228933,316.21640487132726,164.35784737857708,4.940881326114488
150,default,optimistic,5.7251972251774814e-05,2553571.085599219,8571128.538151834,2266.0628608888505,138.16099932432093,15666.824572180043,470.9718592863828,244.79413394031317,7.358935301349732
150,default,optimistic,4.6912132058134204e-05,3132357.1490932847,10460279.499225572,2294.9584657399546,139.0229949542673,23334.12620030162,701.4642150837547,364.5957218797128,10.960378360683666
150,default,optimistic,3.843969120507633e-05,3842241.46728954,12765815.693333678,2323.854070591059,139.88500708277797,34753.78453515408,1044.758907227761,543.0278833617825,16.324357925433766
150,default,optimistic,3.149739300082433e-05,4712897.253526905,15579512.031990122,2352.7496754421627,140.74703292563336,51762.1928135583,1556.0610944371808,808.7842627118484,24.31345460058095
150,default,optimistic,2.5808890101525137e-05,5780709.439425415,19013371.41203395,2381.645280293267,141.609070166089,77094.47016217186,2317.593190993661,1204.6010962839352,36.212393609275956
150,default,optimistic,2.1147744140449004e-05,7090291.792517917,23204083.138781786,2410.540885144371,142.4711168768535,114824.29562043565,3451.8170386381453,1794.129619069307,53.93464122872102
150,default,optimistic,1.7328412049903184e-05,8696346.750487931,28318464.0242558,2439.4364899954753,143.33317145499507,171018.9957463191,5141.1269736791355,2672.171808536236,80.33010896373649
150,default,optimistic,1.4198860274505597e-05,10665945.345889334,34560098.75058445,2468.332094846579,144.19523256765322,254715.23032686682,7657.180627950998,3979.925473857294,119.64344731173435
150,default,optimistic,1.1634512874828548e-05,13081322.053802913,42177443.827006415,2497.227699697684,145.05729910677692,379372.1760400732,11404.584144536171,5927.690250626144,178.19662725837767
150,default,optimistic,9.533292617689702e-06,16043300.790687406,51473717.729183026,2526.123304548788,145.91937015140115,565035.8942756882,16985.956820063813,8828.685848057628,265.4055753134971
150,default,optimistic,7.811557657143072e-06,19675494.513167556,62818970.91087122,2555.0189093998924,146.7814449362149,841562.9347214047,25298.838207204884,13149.420855021948,395.2943469875763
150,default,optimistic,6.400772060394231e-06,24129452.998062328,76664816.15070048,2583.914514250996,147.64352282537962,1253421.5618368194,37680.02129137166,19584.711903700303,588.7503326776822
150,default,optimistic,5.244777644527709e-06,29590972.761954125,93562405.59495687,2612.8101191021,148.50560329072695,1866842.688595308,56120.52193424011,29169.417009301687,876.8831552225017
150,default,optimistic,4.297558525907499e-06,36287831.33249683,114184370.09628436,2641.705723953204,149.36768589360793,2780470.4578837063,83585.75378227579,43444.85090443291,1306.0274028480592
150,default,optimistic,3.5214093971877605e-06,44499267.21463235,139351594.17264974,2670.6013288043087,150.22977026978626,4141225.1896710326,124492.39591067757,64706.643588609884,1945.193686104337
150,default,optimistic,2.885434617783073e-06,54567599.35353737,170065892.39914498,2699.4969336554122,151.09185611686806,6167929.611674051,185418.63820419635,96373.90018240704,2897.166221940568
150,default,optimistic,2.364318372112592e-06,66912468.68497465,207549887.95954573,2728.3925385065168,151.9539431838449,9186497.703494277,276162.0189088988,143539.02661709808,4315.031545451544
150,default,optimistic,1.937316940144021e-06,82048293.16134076,253295680.7760036,2757.2881433576213,152.8160312623964,13682344.866027212,411314.9650244438,213786.63853167518,6426.7963285069345
150,default,optimistic,1.5874329662360128e-06,100605660.95496248,309124242.5160186,2786.183748208725,153.6781201796586,20378447.486215904,612611.3979086637,318413.2419721235,9572.05309232287
150,default,optimistic,1.3007388569603548e-06,123357549.89061026,377257902.773347,2815.079353059829,154.54020979221193,30351604.64194906,912421.7613266375,474243.8225304541,14256.59002072871
150,default,optimistic,1.0658223748611395e-06,151251461.31132644,460408811.830955,2843.974957910933,155.4022999810839,45205597.97130287,1358958.50678659,706337.4683016073,21233.72666854047
150,default,optimistic,8.733323592786795e-07,185448801.82277128,561886901.383071,2872.8705627620375,156.26439064759705,67329095.51406944,2024029.1293387013,1052017.117407335,31625.455145917207
150,default,optimistic,7.156064910559172e-07,227373146.8439964,685731640.7353827,2901.766167613141,157.12648170991864,100279772.99670778,3014583.5181522015,1566871.453073559,47102.86747112815
150,default,optimistic,5.863662838101185e-07,278769388.0544998,836872833.2128501,2930.6617724642456,157.98857310019486,149356423.03660363,4489912.549274467,2333694.1099469317,70154.88358241355
150,default,optimistic,4.804671604948061e-07,341776217.90534955,1021326853.4883949,2959.55737731535,158.85066476217088,222451053.04557538,6687263.623231461,3475797.7038371153,104488.49411299158
150,default,optimistic,3.93693666719584e-07,419014957.0215714,1246436137.3183699,2988.4529821664537,159.7127566492144,331317997.5457629,9959992.377539972,5176843.711652545,155624.88089906206
150,default,optimistic,3.22591669023728e-07,513698407.4294176,1521161456.8898554,3017.3485870175573,160.57484872267477,493464130.62492615,14834385.744272131,7710377.041014471,231787.27725425205
150,default,optimistic,2.64330858534326e-07,629764244.1057744,1856438616.185783,3046.244191868662,161.4369409505211,734964143.2617321,22094294.05850779,11483814.738464564,345223.3446641842
150,default,optimistic,2.1659208678558458e-07,772038473.6797837,2265613765.097737,3075.1397967197663,162.29903330621175,1094653609.7697191,32907181.892064556,17103962.65265186,514174.7170635087
150,default,optimistic,1.7747504895287205e-07,946435734.2496921,2764974660.5393057,3104.03540157087,163.16112576775646,1630374129.6330905,49011867.82478071,25474595.77551704,765810.4347621986
150,default,optimistic,1.45422639710772e-07,1160204735.696567,3374399022.1098633,3132.9310064219744,164.02321831693797,2428274824.888252,72998143.55276185,37941794.138878934,1140595.993011904
150,default,optimistic,1.1915897060022631e-07,1422229008.647166,4118145790.96181,3161.8266112730785,164.88531093866655,3616665965.1996927,108723237.83292726,56510405.7062452,1698800.5911394884
150,default,optimistic,9.763858160424957e-08,1743395419.6115572,5025820788.974945,3190.7222161241825,165.74740362044446,5386652519.628117,161932096.7571104,84166445.61918932,2530189.01182985
150,default,optimistic,8.000482523194604e-08,2137045714.4212062,6133555217.576068,3219.6178209752866,166.60949635192196,8022865712.900813,241181227.51687145,125357276.7640752,3768456.6799511164
150,default,optimistic,6.555576653435989e-08,2619529787.8233786,7485443907.904961,3248.5134258263906,167.47158912452898,11949234522.312046,359214668.8114242,186706789.41112572,5612729.200178503
150,default,optimistic,5.371624165727791e-08,3210883585.913439,9135300573.773075,3277.409030677495,168.33368193116996,17797157621.573578,535013357.4565822,278080587.83708715,8359583.710259097
150,default,optimistic,4.401496268479646e-08,3935659703.894242,11148799937.575893,3306.3046355285987,169.1957747659708,26507038489.847042,796847449.4765989,414172476.40386003,12450741.398071857
150,default,optimistic,3.6065757401728826e-08,4823945057.422636,13606091999.308504,3335.2002403797032,170.057867624069,39479511528.88133,1186822438.8937614,616867367.6387708,18544100.60771502
150,default,optimistic,2.9552197198832463e-08,5912607742.400029,16604992513.113407,3364.0958452308073,170.91996050144,58800677833.4017,1767650134.7741358,918760591.1469016,27619533.355845872
150,default,optimistic,2.4215001214332402e-08,7246824674.991678,20264876672.49092,3392.9914500819114,171.7820533947529,87577570739.14505,2632733336.150479,1368399542.7991414,41136458.37735123
150,default,optimistic,1.9841715316967552e-08,8881953212.242218,24731430997.45173,3421.8870549330154,172.64414630125145,130437797303.9813,3921185919.612812,2038090582.8747077,61268529.99395019
150,default,optimistic,1.6258255088856447e-08,10885824173.174328,30182452578.75206,3450.7826597841195,173.5062392186549,194273702980.31857,5840203717.1952095,3035526609.0674777,91253183.08117515
150,default,optimistic,1.3321976165452046e-08,13341551097.715073,36834926525.78342,3479.6782646352235,174.36833214507635,289350728468.1283,8698383641.474632,4521105132.314505,135912244.39804113
150,default,optimistic,1.0915996088320412e-08,16350971915.112303,44953663345.2722,3508.5738694863276,175.23042507895462,430958193418.06854,12955349100.495169,6733721772.157321,202427329.695237
150,default,optimistic,8.944541644597905e-09,20038865325.162678,54861840073.04979,3537.469474337432,176.0925180189984,641867969220.0004,19295661956.713478,10029187019.062506,301494718.0736481
150,default,optimistic,7.329136487832536e-09,24558116202.902653,66953864762.55734,3566.3650791885357,176.95461096413953,955996419613.1061,28738906799.00921,14937444056.454782,449045418.7345189
150,default,optimistic,6.005477283424599e-09,30096043541.037598,81711076418.03224,3595.26068403964,177.81670391349462,1423858485139.3875,42803650160.070435,22247788830.30293,668807033.7511005
150,default,optimistic,4.9208740295126795e-09,36882152461.63513,99720905328.93811,3624.1562888907447,178.67879686633307,2120690981796.6833,63751640931.89736,33135796590.573177,996119389.5608963
150,default,optimistic,4.032152661898664e-09,45197630640.180275,121700256508.04506,3653.0518937418483,179.54088982205076,3158551420110.744,94951521805.04716,49352365939.23038,1483617528.203862
150,default,optimistic,3.30393645343254e-09,55386981516.62176,148524047041.7793,3681.947498592953,180.4029827801481,4704337953581.276,141420540103.83087,73505280524.70744,2209695939.1223574
150,default,optimistic,2.7072377966910252e-09,67872274890.05599,181260033319.73602,3710.8431034440573,181.26507574021213,7006628241223.734,210631370441.0386,109478566269.12085,3291115163.141228
150,default,optimistic,2.218304314000376e-09,83170603543.96341,221211314487.20648,3739.738708295161,182.12716870190133,10435653176945.047,313713794200.59125,163057080889.76636,4901778034.384238
150,default,optimistic,1.8176733626899397e-09,101915466882.22354,269968204026.74872,3768.6343131462645,182.98926166493348,15542833654103.354,467244477713.1635,242856775845.3649,7300694964.26818
150,default,optimistic,1.4893972989099906e-09,124882964627.81544,329471534285.57385,3797.529917997369,183.85135462907527,23149454461828.93,695912663036.5979,361710225966.077,10873635359.946842
150,default,optimistic,1.2204086606174117e-09,153023882126.59164,402089913869.0224,3826.4255228484735,184.71344759413387,34478734946687.977,1036490440603.9714,538730233541.99963,16195163134.437054
150,default,optimistic,1e-09,187502991888.3957,490714013232.664,3855.321127699578,185.57554055994984,51352534699430.36,1543746062581.5747,802383354678.5994,24121032227.837105
150,default,moderate,0.049999999999999996,25441.355945656225,9814.28026465328,1283.6122959513104,109.12343204561692,0.020541013879772148,0.00061749842503263,0.0003209533418714398,9.648412891134844e-06
150,default,moderate,0.040969882969123315,30981.934385390883,11977.432632709433,1312.5079008024145,109.94223020002866,0.030593730589405267,0.0009197004863247726,0.0004780270404594573,1.4370320098824572e-05
150,default,moderate,0.03357062621007322,37775.91656424803,14617.362516920228,1341.4035056535186,110.76762038320531,0.045566219703440165,0.0013697994201383214,0.0007119721828662526,2.140311593966127e-05
150,default,moderate,0.027507692540537677,46108.364805274585,17839.15581103381,1370.2991105046226,111.59866147189896,0.06786620454784298,0.0020401755564024874,0.0010604094460600465,3.1877743068788866e-05
150,default,moderate,0.022539738882729105,56329.13631045372,21771.06024988913,1399.194715355727,112.43453017551877,0.10107974174083026,0.003038631963008052,0.0015793709647004728,4.7478624422000815e-05
150,default,moderate,0.0184690092836002,68867.59722088074,26569.59047978821,1428.0903202068312,113.27451084197264,0.150547894323312,0.004525730238085755,0.00235231084880175,7.071453497008992e-05
150,default,moderate,0.01513346297809504,84250.67516818957,32425.758330591554,1456.9859250579352,114.11798476493846,0.22422562716172786,0.006740610392200199,0.003503525424401998,0.0001053220373781281
150,default,moderate,0.012400324142602285,103125.00717856581,39572.6762937412,1485.8815299090393,114.96441954917594,0.33396104344107613,0.01003944691114759,0.005218141303766815,0.0001568663579866811
150,default,moderate,0.010160796578032203,126284.11124238098,48294.83687269119,1514.7771347601433,115.81335891174336,0.4974006760423008,0.014952725112013468,0.00777188556316095,0.00023363632987521044
150,default,moderate,0.008325732933500966,154701.7201252264,58939.43718253752,1543.6727396112474,116.66441315669587,0.7408272233734053,0.022270548393176423,0.011575425365209458,0.0003479773186433816
150,default,moderate,0.0068220860783542074,189572.6738493106,71930.19958948484,1572.5683444623514,117.51725045512708,1.1033860654513385,0.03316969462204121,0.017240407272677165,0.0005182764784693939
150,default,moderate,0.005590001364709142,232363.0834818672,87784.23853894653,1601.463949313456,118.37158898584647,1.6433802255381487,0.0494028535757375,0.025677816024033573,0.0007719195871208985
150,default,moderate,0.004580434034187464,284871.866626509,107132.64497863536,1630.35955416456,119.2271899388475,2.44764606899861,0.07358047667414923,0.038244469828103284,0.0011496949480335817
150,default,moderate,0.0037531969265689963,349306.2305041188,130745.6077667773,1659.255159015664,120.08385134870423,3.6455174438541866,0.10959056321098742,0.056961210060221666,0.0017123525501716785
150,default,moderate,0.0030753607768321026,428374.2615680024,159563.07205626246,1688.150763866768,120.94140270357411,5.429623834005678,0.16322388883246924,0.08483787240633872,0.002550373263007332
150,default,moderate,0.0025199434222928684,525398.4955419056,194732.15505218323,1717.0463687178724,121.7997002638383,8.086867072465367,0.24310521914466432,0.12635729800727136,0.00379851904913538
150,default,moderate,0.0020648357420030186,644455.218411617,237652.80852637754,1745.9419735689767,122.65862301964182,12.044557974374062,0.36208025674498445,0.1881962183495947,0.005657504011640382
150,default,moderate,0.0016919215740065319,790545.3237886823,290033.5457456432,1774.8375784200805,123.51806921646102,17.939132113597516,0.5392813563846157,0.2802989392749612,0.00842627119350962
150,default,moderate,0.0013863565775996507,969803.8700010679,353959.4510975599,1803.7331832711848,124.37795338066366,26.718494914781616,0.8032041955517628,0.41747648304346274,0.012550065555496294
150,default,moderate,0.0011359773347546405,1189757.096172405,431975.1796268482,1832.6287881222888,125.23820378163697,39.79445415701605,1.1962901593279671,0.6217883462033758,0.018692033739499486
150,default,moderate,0.0009308171692094851,1459637.637753941,527186.2503883685,1861.5243929733929,126.09876027259702,59.26975253305715,1.7817513320156768,0.926089883329018,0.02783986456274495
150,default,moderate,0.0007627094097632645,1790771.1109994643,643382.6657323862,1890.4199978244972,126.95957245808313,88.27620932979909,2.6537356212334324,1.3793157707781107,0.04146461908177238
150,default,moderate,0.0006249623051490014,2197050.213884867,785189.777350923,1919.3156026756014,127.8205981420027,131.4783477338157,3.952466666286301,2.0543491833408702,0.061757291660723454
150,default,moderate,0.0005120926500413626,2695516.1419709525,958252.4045073256,1948.2112075267053,128.68180201568993,195.82349597989358,5.886793176798592,3.059742124685837,0.091981143387478
150,default,moderate,0.000419607518830857,3307071.593682332,1169459.5335182017,1977.1068123778095,129.54315455063718,291.65898597556486,8.767773856765585,4.557171655868201,0.13699646651196226
150,default,moderate,0.0003438254187892884,4057355.126725927,1427218.5429472146,2006.0024172289136,130.40463106528193,434.39610591483324,13.058698699720294,6.787439154919269,0.2040421671831296
150,default,moderate,0.00028172974339213923,4977813.354245037,1741789.8704065476,2034.8980220800177,131.26621093946454,646.9883868065708,19.449590570642815,10.109193543852669,0.303899852666294
150,default,moderate,0.0002308486923139418,6107015.715675365,2125695.4428198338,2063.7936269311217,132.1278769539165,963.6227557358387,28.96816766082063,15.05660555837248,0.45262761970032234
150,default,moderate,0.0001891568781535471,7492266.666167559,2594217.1282522944,2092.6892317822258,132.98961473542371,1435.21712956116,43.14511066839798,22.425267649393124,0.6741423541937185
150,default,moderate,0.00015499470321511088,9191582.520292828,3166005.050841137,2121.5848366333303,133.8514122911679,2137.6085161177416,64.26021129068458,33.40013306433971,1.0040658014169466
150,default,moderate,0.0001270022970311419,11276115.375829225,3863819.983605,2150.480441484434,134.7132596182228,3183.748350032758,95.70898512373091,49.746067969261844,1.4954528925582955
150,default,moderate,0.00010406538492351445,13833125.163248884,4715439.371058177,2179.3760463355384,135.57514837631174,4741.866192947929,142.5487039247013,74.0916592648114,2.227323498823458
150,default,moderate,8.527093282906315e-05,16969623.6900455,5754763.047055731,2208.271651186642,136.43707161375755,7062.522699569246,212.3116545885701,110.35191718076946,3.3173696029464077
150,default,moderate,6.987080277349386e-05,20816842.524769574,7023162.662427874,2237.1672560377465,137.2990235381171,10518.902232228933,316.21640487132726,164.35784737857708,4.940881326114488
150,default,moderate,5.7251972251774814e-05,25535710.85599219,8571128.538151834,2266.0628608888505,138.16099932432093,15666.824572180043,470.9718592863828,244.79413394031317,7.358935301349732
150,default,moderate,4.6912132058134204e-05,31323571.490932845,10460279.499225572,2294.9584657399546,139.0229949542673,23334.12620030162,701.4642150837547,364.5957218797128,10.960378360683666
150,default,moderate,3.843969120507633e-05,38422414.672895394,12765815.693333678,2323.854070591059,139.88500708277797,34753.78453515408,1044.758907227761,543.0278833617825,16.324357925433766
150,default,moderate,3.149739300082433e-05,47128972.53526905,15579512.031990122,2352.7496754421627,140.74703292563336,51762.1928135583,1556.0610944371808,808.7842627118484,24.31345460058095
150,default,moderate,2.5808890101525137e-05,57807094.394254155,19013371.41203395,2381.645280293267,141.609070166089,77094.47016217186,2317.593190993661,1204.6010962839352,36.212393609275956
150,default,moderate,2.1147744140449004e-05,70902917.92517918,23204083.138781786,2410.540885144371,142.4711168768535,114824.29562043565,3451.8170386381453,1794.129619069307,53.93464122872102
150,default,moderate,1.7328412049903184e-05,86963467.50487931,28318464.0242558,2439.4364899954753,143.33317145499507,171018.9957463191,5141.1269736791355,2672.171808536236,80.33010896373649
150,default,moderate,1.4198860274505597e-05,106659453.45889334,34560098.75058445,2468.332094846579,144.19523256765322,254715.23032686682,7657.180627950998,3979.925473857294,119.64344731173435
150,default,moderate,1.1634512874828548e-05,130813220.53802913,42177443.827006415,2497.227699697684,145.05729910677692,379372.1760400732,11404.584144536171,5927.690250626144,178.19662725837767
150,default,moderate,9.533292617689702e-06,160433007.90687406,51473717.729183026,2526.123304548788,145.91937015140115,565035.8942756882,16985.956820063813,8828.685848057628,265.4055753134971
150,default,moderate,7.811557657143072e-06,196754945.13167557,62818970.91087122,2555.0189093998924,146.7814449362149,841562.9347214047,25298.838207204884,13149.420855021948,395.2943469875763
150,default,moderate,6.400772060394231e-06,241294529.98062328,76664816.15070048,2583.914514250996,147.64352282537962,1253421.5618368194,37680.02129137166,19584.711903700303,588.7503326776822
150,default,moderate,5.244777644527709e-06,295909727.6195412,93562405.59495687,2612.8101191021,148.50560329072695,1866842.688595308,56120.52193424011,29169.417009301687,876.8831552225017
150,default,moderate,4.297558525907499e-06,362878313.3249682,114184370.09628436,2641.705723953204,149.36768589360793,2780470.4578837063,83585.75378227579,43444.85090443291,1306.0274028480592
150,default,moderate,3.5214093971877605e-06,444992672.1463235,139351594.17264974,2670.6013288043087,150.22977026978626,4141225.1896710326,124492.39591067757,64706.643588609884,1945.193686104337
150,default,moderate,2.885434617783073e-06,545675993.5353737,170065892.39914498,2699.4969336554122,151.09185611686806,6167929.611674051,185418.63820419635,96373.90018240704,2897.166221940568
150,default,moderate,2.364318372112592e-06,669124686.8497465,207549887.95954573,2728.3925385065168,151.9539431838449,9186497.703494277,276162.0189088988,143539.02661709808,4315.031545451544
150,default,moderate,1.937316940144021e-06,820482931.6134076,253295680.7760036,2757.2881433576213,152.8160312623964,13682344.866027212,411314.9650244438,213786.63853167518,6426.7963285069345
150,default,moderate,1.5874329662360128e-06,1006056609.5496248,309124242.5160186,2786.183748208725,153.6781201796586,20378447.486215904,612611.3979086637,318413.2419721235,9572.05309232287
150,default,moderate,1.3007388569603548e-06,1233575498.9061027,377257902.773347,2815.079353059829,154.54020979221193,30351604.64194906,912421.7613266375,474243.8225304541,14256.59002072871
150,default,moderate,1.0658223748611395e-06,1512514613.1132643,460408811.830955,2843.974957910933,155.4022999810839,45205597.97130287,1358958.50678659,706337.4683016073,21233.72666854047
150,default,moderate,8.733323592786795e-07,1854488018.2277126,561886901.383071,2872.8705627620375,156.26439064759705,67329095.51406944,2024029.1293387013,1052017.117407335,31625.455145917207
150,default,moderate,7.156064910559172e-07,2273731468.439964,685731640.7353827,2901.766167613141,157.12648170991864,100279772.99670778,3014583.5181522015,1566871.453073559,47102.86747112815
150,default,moderate,5.863662838101185e-07,2787693880.5449977,836872833.2128501,2930.6617724642456,157.98857310019486,149356423.03660363,4489912.549274467,2333694.1099469317,70154.88358241355
150,default,moderate,4.804671604948061e-07,3417762179.0534954,1021326853.4883949,2959.55737731535,158.85066476217088,222451053.04557538,6687263.623231461,3475797.7038371153,104488.49411299158
150,default,moderate,3.93693666719584e-07,4190149570.2157145,1246436137.3183699,2988.4529821664537,159.7127566492144,331317997.5457629,9959992.377539972,5176843.711652545,155624.88089906206
150,default,moderate,3.22591669023728e-07,5136984074.294176,1521161456.8898554,3017.3485870175573,160.57484872267477,493464130.62492615,14834385.744272131,7710377.041014471,231787.27725425205
150,default,moderate,2.64330858534326e-07,6297642441.057744,1856438616.185783,3046.244191868662,161.4369409505211,734964143.2617321,22094294.05850779,11483814.738464564,345223.3446641842
150,default,moderate,2.1659208678558458e-07,7720384736.797837,2265613765.097737,3075.1397967197663,162.29903330621175,1094653609.7697191,32907181.892064556,17103962.65265186,514174.7170635087
150,default,moderate,1.7747504895287205e-07,9464357342.496922,2764974660.5393057,3104.03540157087,163.16112576775646,1630374129.6330905,49011867.82478071,25474595.77551704,765810.4347621986
150,default,moderate,1.45422639710772e-07,11602047356.96567,3374399022.1098633,3132.9310064219744,164.02321831693797,2428274824.888252,72998143.55276185,37941794.138878934,1140595.993011904
150,default,moderate,1.1915897060022631e-07,14222290086.471659,4118145790.96181,3161.8266112730785,164.88531093866655,3616665965.1996927,108723237.83292726,56510405.7062452,1698800.5911394884
150,default,moderate,9.763858160424957e-08,17433954196.11557,5025820788.974945,3190.7222161241825,165.74740362044446,5386652519.628117,161932096.7571104,84166445.61918932,2530189.01182985
150,default,moderate,8.000482523194604e-08,21370457144.212063,6133555217.576068,3219.6178209752866,166.60949635192196,8022865712.900813,241181227.51687145,125357276.7640752,3768456.6799511164
150,default,moderate,6.555576653435989e-08,26195297878.233784,7485443907.904961,3248.5134258263906,167.47158912452898,11949234522.312046,359214668.8114242,186706789.41112572,5612729.200178503
150,default,moderate,5.371624165727791e-08,32108835859.13439,9135300573.773075,3277.409030677495,168.33368193116996,17797157621.573578,535013357.4565822,278080587.83708715,8359583.710259097
150,default,moderate,4.401496268479646e-08,39356597038.94241,11148799937.575893,3306.3046355285987,169.1957747659708,26507038489.847042,796847449.4765989,414172476.40386003,12450741.398071857
150,default,moderate,3.6065757401728826e-08,48239450574.22636,13606091999.308504,3335.2002403797032,170.057867624069,39479511528.88133,1186822438.8937614,616867367.6387708,18544100.60771502
150,default,moderate,2.9552197198832463e-08,59126077424.00028,16604992513.113407,3364.0958452308073,170.91996050144,58800677833.4017,1767650134.7741358,918760591.1469016,27619533.355845872
150,default,moderate,2.4215001214332402e-08,72468246749.91678,20264876672.49092,3392.9914500819114,171.7820533947529,87577570739.14505,2632733336.150479,1368399542.7991414,41136458.37735123
150,default,moderate,1.9841715316967552e-08,88819532122.42216,24731430997.45173,3421.8870549330154,172.64414630125145,130437797303.9813,3921185919.612812,2038090582.8747077,61268529.99395019
150,default,moderate,1.6258255088856447e-08,108858241731.74327,30182452578.75206,3450.7826597841195,173.5062392186549,194273702980.31857,5840203717.1952095,3035526609.0674777,91253183.08117515
150,default,moderate,1.3321976165452046e-08,133415510977.15073,36834926525.78342,3479.6782646352235,174.36833214507635,289350728468.1283,8698383641.474632,4521105132.314505,135912244.39804113
150,default,moderate,1.0915996088320412e-08,163509719151.12305,44953663345.2722,3508.5738694863276,175.23042507895462,430958193418.06854,12955349100.495169,6733721772.157321,202427329.695237
150,default,moderate,8.944541644597905e-09,200388653251.6268,54861840073.04979,3537.469474337432,176.0925180189984,641867969220.0004,19295661956.713478,10029187019.062506,301494718.0736481
150,default,moderate,7.329136487832536e-09,245581162029.02652,66953864762.55734,3566.3650791885357,176.95461096413953,955996419613.1061,28738906799.00921,14937444056.454782,449045418.7345189
150,default,moderate,6.005477283424599e-09,300960435410.376,81711076418.03224,3595.26068403964,177.81670391349462,1423858485139.3875,42803650160.070435,22247788830.30293,668807033.7511005
150,default,moderate,4.9208740295126795e-09,368821524616.3513,99720905328.93811,3624.1562888907447,178.67879686633307,2120690981796.6833,63751640931.89736,33135796590.573177,996119389.5608963
150,default,moderate,4.032152661898664e-09,451976306401.8028,121700256508.04506,3653.0518937418483,179.54088982205076,3158551420110.744,94951521805.04716,49352365939.23038,1483617528.203862
150,default,moderate,3.30393645343254e-09,553869815166.2175,148524047041.7793,3681.947498592953,180.4029827801481,4704337953581.276,141420540103.83087,73505280524.70744,2209695939.1223574
150,default,moderate,2.7072377966910252e-09,678722748900.5598,181260033319.73602,3710.8431034440573,181.26507574021213,7006628241223.734,210631370441.0386,109478566269.12085,3291115163.141228
150,default,moderate,2.218304314000376e-09,831706035439.634,221211314487.20648,3739.738708295161,182.12716870190133,10435653176945.047,313713794200.59125,163057080889.76636,4901778034.384238
150,default,moderate,1.8176733626899397e-09,1019154668822.2355,269968204026.74872,3768.6343131462645,182.98926166493348,15542833654103.354,467244477713.1635,242856775845.3649,7300694964.26818
150,default,moderate,1.4893972989099906e-09,1248829646278.1545,329471534285.57385,3797.529917997369,183.85135462907527,23149454461828.93,695912663036.5979,361710225966.077,10873635359.946842
150,default,moderate,1.2204086606174117e-09,1530238821265.9163,402089913869.0224,3826.4255228484735,184.71344759413387,34478734946687.977,1036490440603.9714,538730233541.99963,16195163134.437054
150,default,moderate,1e-09,1875029918883.9573,490714013232.664,3855.321127699578,185.57554055994984,51352534699430.36,1543746062581.5747,802383354678.5994,24121032227.837105
150,default,factory_limited,0.049999999999999996,11014.41720477291,9814.28026465328,1283.6122959513104,109.12343204561692,0.020541013879772148,0.00061749842503263,0.0003209533418714398,9.648412891134844e-06
150,default,factory_limited,0.040969882969123315,13408.112085747787,11977.432632709433,1312.5079008024145,109.94223020002866,0.030593730589405267,0.0009197004863247726,0.0004780270404594573,1.4370320098824572e-05
150,default,factory_limited,0.03357062621007322,16344.804193601456,14617.362516920228,1341.4035056535186,110.76762038320531,0.045566219703440165,0.0013697994201383214,0.0007119721828662526,2.140311593966127e-05
150,default,factory_limited,0.027507692540537677,19948.39705727706,17839.15581103381,1370.2991105046226,111.59866147189896,0.06786620454784298,0.0020401755564024874,0.0010604094460600465,3.1877743068788866e-05
150,default,factory_limited,0.022539738882729105,24371.04612916297,21771.06024988913,1399.194715355727,112.43453017551877,0.10107974174083026,0.003038631963008052,0.0015793709647004728,4.7478624422000815e-05
150,default,factory_limited,0.0184690092836002,29799.593336444577,26569.59047978821,1428.0903202068312,113.27451084197264,0.150547894323312,0.004525730238085755,0.00235231084880175,7.071453497008992e-05
150,default,factory_limited,0.01513346297809504,36463.465622299984,32425.758330591554,1456.9859250579352,114.11798476493846,0.22422562716172786,0.006740610392200199,0.003503525424401998,0.0001053220373781281
150,default,factory_limited,0.012400324142602285,44644.370241193035,39572.6762937412,1485.8815299090393,114.96441954917594,0.33396104344107613,0.01003944691114759,0.005218141303766815,0.0001568663579866811
150,default,factory_limited,0.010160796578032203,54688.19513918321,48294.83687269119,1514.7771347601433,115.81335891174336,0.4974006760423008,0.014952725112013468,0.00777188556316095,0.00023363632987521044
150,default,factory_limited,0.008325732933500966,67019.61546247991,58939.43718253752,1543.6727396112474,116.66441315669587,0.7408272233734053,0.022270548393176423,0.011575425365209458,0.0003479773186433816
150,default,factory_limited,0.0068220860783542074,82160.02098245748,71930.19958948484,1572.5683444623514,117.51725045512708,1.1033860654513385,0.03316969462204121,0.017240407272677165,0.0005182764784693939
150,default,factory_limited,0.005590001364709142,100749.51877058778,87784.23853894653,1601.463949313456,118.37158898584647,1.6433802255381487,0.0494028535757375,0.025677816024033573,0.0007719195871208985
150,default,factory_limited,0.004580434034187464,123573.9366496792,107132.64497863536,1630.35955416456,119.2271899388475,2.44764606899861,0.07358047667414923,0.038244469828103284,0.0011496949480335817
150,default,factory_limited,0.0037531969265689963,151597.9629601468,130745.6077667773,1659.255159015664,120.08385134870423,3.6455174438541866,0.10959056321098742,0.056961210060221666,0.0017123525501716785
150,default,factory_limited,0.0030753607768321026,186005.81580747446,159563.07205626246,1688.150763866768,120.94140270357411,5.429623834005678,0.16322388883246924,0.08483787240633872,0.002550373263007332
150,default,factory_limited,0.0025199434222928684,228251.15098671234,194732.15505218323,1717.0463687178724,121.7997002638383,8.086867072465367,0.24310521914466432,0.12635729800727136,0.00379851904913538
150,default,factory_limited,0.0020648357420030186,280118.30544095085,237652.80852637754,1745.9419735689767,122.65862301964182,12.044557974374062,0.36208025674498445,0.1881962183495947,0.005657504011640382
150,default,factory_limited,0.0016919215740065319,343797.44862686744,290033.5457456432,1774.8375784200805,123.51806921646102,17.939132113597516,0.5392813563846157,0.2802989392749612,0.00842627119350962
150,default,factory_limited,0.0013863565775996507,421976.79742711276,353959.4510975599,1803.7331832711848,124.37795338066366,26.718494914781616,0.8032041955517628,0.41747648304346274,0.012550065555496294
150,default,factory_limited,0.0011359773347546405,517955.7656642029,431975.1796268482,1832.6287881222888,125.23820378163697,39.79445415701605,1.1962901593279671,0.6217883462033758,0.018692033739499486
150,default,factory_limited,0.0009308171692094851,635783.7967518617,527186.2503883685,1861.5243929733929,126.09876027259702,59.26975253305715,1.7817513320156768,0.926089883329018,0.02783986456274495
150,default,factory_limited,0.0007627094097632645,780430.7042542435,643382.6657323862,1890.4199978244972,126.95957245808313,88.27620932979909,2.6537356212334324,1.3793157707781107,0.04146461908177238
150,default,factory_limited,0.0006249623051490014,957995.6650969576,785189.777350923,1919.3156026756014,127.8205981420027,131.4783477338157,3.952466666286301,2.0543491833408702,0.061757291660723454
150,default,factory_limited,0.0005120926500413626,1175963.629047315,958252.4045073256,1948.2112075267053,128.68180201568993,195.82349597989358,5.886793176798592,3.059742124685837,0.091981143387478
150,default,factory_limited,0.000419607518830857,1443519.893490629,1169459.5335182017,1977.1068123778095,129.54315455063718,291.65898597556486,8.767773856765585,4.557171655868201,0.13699646651196226
150,default,factory_limited,0.0003438254187892884,1771936.0274053817,1427218.5429472146,2006.0024172289136,130.40463106528193,434.39610591483324,13.058698699720294,6.787439154919269,0.2040421671831296
150,default,factory_limited,0.00028172974339213923,2175043.3144640555,1741789.8704065476,2034.8980220800177,131.26621093946454,646.9883868065708,19.449590570642815,10.109193543852669,0.303899852666294
150,default,factory_limited,0.0002308486923139418,2669813.547027772,2125695.4428198338,2063.7936269311217,132.1278769539165,963.6227557358387,28.96816766082063,15.05660555837248,0.45262761970032234
150,default,factory_limited,0.0001891568781535471,3277071.4933126755,2594217.1282522944,2092.6892317822258,132.98961473542371,1435.21712956116,43.14511066839798,22.425267649393124,0.6741423541937185
150,default,factory_limited,0.00015499470321511088,4022368.8665834,3166005.050841137,2121.5848366333303,133.8514122911679,2137.6085161177416,64.26021129068458,33.40013306433971,1.0040658014169466
150,default,factory_limited,0.0001270022970311419,4937056.3776253415,3863819.983605,2150.480441484434,134.7132596182228,3183.748350032758,95.70898512373091,49.746067969261844,1.4954528925582955
150,default,factory_limited,0.00010406538492351445,6059598.731632041,4715439.371058177,2179.3760463355384,135.57514837631174,4741.866192947929,142.5487039247013,74.0916592648114,2.227323498823458
150,default,factory_limited,8.527093282906315e-05,7437187.583328614,5754763.047055731,2208.271651186642,136.43707161375755,7062.522699569246,212.3116545885701,110.35191718076946,3.3173696029464077
150,default,factory_limited,6.987080277349386e-05,9127719.912963146,7023162.662427874,2237.1672560377465,137.2990235381171,10518.902232228933,316.21640487132726,164.35784737857708,4.940881326114488
150,default,factory_limited,5.7251972251774814e-05,11202224.54969021,8571128.538151834,2266.0628608888505,138.16099932432093,15666.824572180043,470.9718592863828,244.79413394031317,7.358935301349732
150,default,factory_limited,4.6912132058134204e-05,13747838.284017801,10460279.499225572,2294.9584657399546,139.0229949542673,23334.12620030162,701.4642150837547,364.5957218797128,10.960378360683666
150,default,factory_limited,3.843969120507633e-05,16871455.95724465,12765815.693333678,2323.854070591059,139.88500708277797,34753.78453515408,1044.758907227761,543.0278833617825,16.324357925433766
150,default,factory_limited,3.149739300082433e-05,20704207.04914282,15579512.031990122,2352.7496754421627,140.74703292563336,51762.1928135583,1556.0610944371808,808.7842627118484,24.31345460058095
150,default,factory_limited,2.5808890101525137e-05,25406945.777364995,19013371.41203395,2381.645280293267,141.609070166089,77094.47016217186,2317.593190993661,1204.6010962839352,36.212393609275956
150,default,factory_limited,2.1147744140449004e-05,31176984.00957003,23204083.138781786,2410.540885144371,142.4711168768535,114824.29562043565,3451.8170386381453,1794.129619069307,53.93464122872102
150,default,factory_limited,1.7328412049903184e-05,38256348.13273331,28318464.0242558,2439.4364899954753,143.33317145499507,171018.9957463191,5141.1269736791355,2672.171808536236,80.33010896373649
150,default,factory_limited,1.4198860274505597e-05,46941904.581645206,34560098.75058445,2468.332094846579,144.19523256765322,254715.23032686682,7657.180627950998,3979.925473857294,119.64344731173435
150,default,factory_limited,1.1634512874828548e-05,57597776.64540829,42177443.827006415,2497.227699697684,145.05729910677692,379372.1760400732,11404.584144536171,5927.690250626144,178.19662725837767
150,default,factory_limited,9.533292617689702e-06,70670570.68901406,51473717.729183026,2526.123304548788,145.91937015140115,565035.8942756882,16985.956820063813,8828.685848057628,265.4055753134971
150,default,factory_limited,7.811557657143072e-06,86708047.0206486,62818970.91087122,2555.0189093998924,146.7814449362149,841562.9347214047,25298.838207204884,13149.420855021948,395.2943469875763
150,default,factory_limited,6.400772060394231e-06,106382014.17472018,76664816.15070048,2583.914514250996,147.64352282537962,1253421.5618368194,37680.02129137166,19584.711903700303,588.7503326776822
150,default,factory_limited,5.244777644527709e-06,130516401.33510613,93562405.59495687,2612.8101191021,148.50560329072695,1866842.688595308,56120.52193424011,29169.417009301687,876.8831552225017
150,default,factory_limited,4.297558525907499e-06,160121679.3087484,114184370.09628436,2641.705723953204,149.36768589360793,2780470.4578837063,83585.75378227579,43444.85090443291,1306.0274028480592
150,default,factory_limited,3.5214093971877605e-06,196437064.8428774,139351594.17264974,2670.6013288043087,150.22977026978626,4141225.1896710326,124492.39591067757,64706.643588609884,1945.193686104337
150,default,factory_limited,2.885434617783073e-06,240982267.1484052,170065892.39914498,2699.4969336554122,151.09185611686806,6167929.611674051,185418.63820419635,96373.90018240704,2897.166221940568
150,default,factory_limited,2.364318372112592e-06,295620932.71448123,207549887.95954573,2728.3925385065168,151.9539431838449,9186497.703494277,276162.0189088988,143539.02661709808,4315.031545451544
150,default,factory_limited,1.937316940144021e-06,362638431.37861633,253295680.7760036,2757.2881433576213,152.8160312623964,13682344.866027212,411314.9650244438,213786.63853167518,6426.7963285069345
150,default,factory_limited,1.5874329662360128e-06,444837223.37857294,309124242.5160186,2786.183748208725,153.6781201796586,20378447.486215904,612611.3979086637,318413.2419721235,9572.05309232287
150,default,factory_limited,1.3007388569603548e-06,545653778.5417538,377257902.773347,2815.079353059829,154.54020979221193,30351604.64194906,912421.7613266375,474243.8225304541,14256.59002072871
150,default,factory_limited,1.0658223748611395e-06,669301915.2383585,460408811.830955,2843.974957910933,155.4022999810839,45205597.97130287,1358958.50678659,706337.4683016073,21233.72666854047
150,default,factory_limited,8.733323592786795e-07,820948525.4561889,561886901.383071,2872.8705627620375,156.26439064759705,67329095.51406944,2024029.1293387013,1052017.117407335,31625.455145917207
150,default,factory_limited,7.156064910559172e-07,1006928998.9573481,685731640.7353827,2901.766167613141,157.12648170991864,100279772.99670778,3014583.5181522015,1566871.453073559,47102.86747112815
150,default,factory_limited,5.863662838101185e-07,1235011309.8395574,836872833.2128501,2930.6617724642456,157.98857310019486,149356423.03660363,4489912.549274467,2333694.1099469317,70154.88358241355
150,default,factory_limited,4.804671604948061e-07,1514719751.432224,1021326853.4883949,2959.55737731535,158.85066476217088,222451053.04557538,6687263.623231461,3475797.7038371153,104488.49411299158
150,default,factory_limited,3.93693666719584e-07,1857731784.2271345,1246436137.3183699,2988.4529821664537,159.7127566492144,331317997.5457629,9959992.377539972,5176843.711652545,155624.88089906206
150,default,factory_limited,3.22591669023728e-07,2278364499.3018327,1521161456.8898554,3017.3485870175573,160.57484872267477,493464130.62492615,14834385.744272131,7710377.041014471,231787.27725425205
150,default,factory_limited,2.64330858534326e-07,2794170922.4334865,1856438616.185783,3046.244191868662,161.4369409505211,734964143.2617321,22094294.05850779,11483814.738464564,345223.3446641842
150,default,factory_limited,2.1659208678558458e-07,3426670946.1999507,2265613765.097737,3075.1397967197663,162.29903330621175,1094653609.7697191,32907181.892064556,17103962.65265186,514174.7170635087
150,default,factory_limited,1.7747504895287205e-07,4202247267.976153,2764974660.5393057,3104.03540157087,163.16112576775646,1630374129.6330905,49011867.82478071,25474595.77551704,765810.4347621986
150,default,factory_limited,1.45422639710772e-07,5153243562.617419,3374399022.1098633,3132.9310064219744,164.02321831693797,2428274824.888252,72998143.55276185,37941794.138878934,1140595.993011904
150,default,factory_limited,1.1915897060022631e-07,6319310513.734846,4118145790.96181,3161.8266112730785,164.88531093866655,3616665965.1996927,108723237.83292726,56510405.7062452,1698800.5911394884
150,default,factory_limited,9.763858160424957e-08,7749055614.718857,5025820788.974945,3190.7222161241825,165.74740362044446,5386652519.628117,161932096.7571104,84166445.61918932,2530189.01182985
150,default,factory_limited,8.000482523194604e-08,9502065256.308287,6133555217.576068,3219.6178209752866,166.60949635192196,8022865712.900813,241181227.51687145,125357276.7640752,3768456.6799511164
150,default,factory_limited,6.555576653435989e-08,11651383063.765886,7485443907.904961,3248.5134258263906,167.47158912452898,11949234522.312046,359214668.8114242,186706789.41112572,5612729.200178503
150,default,factory_limited,5.371624165727791e-08,14286547373.420538,9135300573.773075,3277.409030677495,168.33368193116996,17797157621.573578,535013357.4565822,278080587.83708715,8359583.710259097
150,default,factory_limited,4.401496268479646e-08,17517313929.329388,11148799937.575893,3306.3046355285987,169.1957747659708,26507038489.847042,796847449.4765989,414172476.40386003,12450741.398071857
150,default,factory_limited,3.6065757401728826e-08,21478218296.41504,13606091999.308504,3335.2002403797032,170.057867624069,39479511528.88133,1186822438.8937614,616867367.6387708,18544100.60771502
150,default,factory_limited,2.9552197198832463e-08,26334167303.12407,16604992513.113407,3364.0958452308073,170.91996050144,58800677833.4017,1767650134.7741358,918760591.1469016,27619533.355845872
150,default,factory_limited,2.4215001214332402e-08,32287291485.71575,20264876672.49092,3392.9914500819114,171.7820533947529,87577570739.14505,2632733336.150479,1368399542.7991414,41136458.37735123
150,default,factory_limited,1.9841715316967552e-08,39585342773.382095,24731430997.45173,3421.8870549330154,172.64414630125145,130437797303.9813,3921185919.612812,2038090582.8747077,61268529.99395019
150,default,factory_limited,1.6258255088856447e-08,48531985691.53245,30182452578.75206,3450.7826597841195,173.5062392186549,194273702980.31857,5840203717.1952095,3035526609.0674777,91253183.08117515
150,default,factory_limited,1.3321976165452046e-08,59499408819.492226,36834926525.78342,3479.6782646352235,174.36833214507635,289350728468.1283,8698383641.474632,4521105132.314505,135912244.39804113
150,default,factory_limited,1.0915996088320412e-08,72943779364.52522,44953663345.2722,3508.5738694863276,175.23042507895462,430958193418.06854,12955349100.495169,6733721772.157321,202427329.695237
150,default,factory_limited,8.944541644597905e-09,89424181482.76779,54861840073.04979,3537.469474337432,176.0925180189984,641867969220.0004,19295661956.713478,10029187019.062506,301494718.0736481
150,default,factory_limited,7.329136487832536e-09,109625823260.19522,66953864762.55734,3566.3650791885357,176.95461096413953,955996419613.1061,28738906799.00921,14937444056.454782,449045418.7345189
150,default,factory_limited,6.005477283424599e-09,134388474029.69464,81711076418.03224,3595.26068403964,177.81670391349462,1423858485139.3875,42803650160.070435,22247788830.30293,668807033.7511005
150,default,factory_limited,4.9208740295126795e-09,164741310252.3734,99720905328.93811,3624.1562888907447,178.67879686633307,2120690981796.6833,63751640931.89736,33135796590.573177,996119389.5608963
150,default,factory_limited,4.032152661898664e-09,201945613485.00125,121700256508.04506,3653.0518937418483,179.54088982205076,3158551420110.744,94951521805.04716,49352365939.23038,1483617528.203862
150,default,factory_limited,3.30393645343254e-09,247547088957.02338,148524047041.7793,3681.947498592953,180.4029827801481,4704337953581.276,141420540103.83087,73505280524.70744,2209695939.1223574
150,default,factory_limited,2.7072377966910252e-09,303439971422.1698,181260033319.73602,3710.8431034440573,181.26507574021213,7006628241223.734,210631370441.0386,109478566269.12085,3291115163.141228
150,default,factory_limited,2.218304314000376e-09,371945572684.1853,221211314487.20648,3739.738708295161,182.12716870190133,10435653176945.047,313713794200.59125,163057080889.76636,4901778034.384238
150,default,factory_limited,1.8176733626899397e-09,455908522675.93353,269968204026.74872,3768.6343131462645,182.98926166493348,15542833654103.354,467244477713.1635,242856775845.3649,7300694964.26818
150,default,factory_limited,1.4893972989099906e-09,558814687879.6235,329471534285.57385,3797.529917997369,183.85135462907527,23149454461828.93,695912663036.5979,361710225966.077,10873635359.946842
150,default,factory_limited,1.2204086606174117e-09,684935647446.1323,402089913869.0224,3826.4255228484735,184.71344759413387,34478734946687.977,1036490440603.9714,538730233541.99963,16195163134.437054
150,default,factory_limited,1e-09,839505705632.986,490714013232.664,3855.321127699578,185.57554055994984,51352534699430.36,1543746062581.5747,802383354678.5994,24121032227.837105
150,qbest,optimistic,0.049999999999999996,1294.5079753113848,9814.28026465328,1283.6122959513104,41.830648950819814,0.020541013879772148,0.00061749842503263,0.0003209533418714398,9.648412891134844e-06
150,qbest,optimistic,0.040969882969123315,1576.9872753414459,11977.432632709433,1312.5079008024145,42.144521576677654,0.030593730589405267,0.0009197004863247726,0.0004780270404594573,1.4370320098824572e-05
150,qbest,optimistic,0.03357062621007322,1922.955335054128,14617.362516920228,1341.4035056535186,42.460921146895366,0.045566219703440165,0.0013697994201383214,0.0007119721828662526,2.140311593966127e-05
150,qbest,optimistic,0.027507692540537677,2346.743009476944,17839.15581103381,1370.2991105046226,42.77948689756126,0.06786620454784298,0.0020401755564024874,0.0010604094460600465,3.1877743068788866e-05
150,qbest,optimistic,0.022539738882729105,2865.9151107074963,21771.06024988913,1399.194715355727,43.09990323394886,0.10107974174083026,0.003038631963008052,0.0015793709647004728,4.7478624422000815e-05
150,qbest,optimistic,0.0184690092836002,3501.9997871880805,26569.59047978821,1428.0903202068312,43.42189582275617,0.150547894323312,0.004525730238085755,0.00235231084880175,7.071453497008992e-05
150,qbest,optimistic,0.01513346297809504,4281.382320912577,32425.758330591554,1456.9859250579352,43.74522749322641,0.22422562716172786,0.006740610392200199,0.003503525424401998,0.0001053220373781281
150,qbest,optimistic,0.012400324142602285,5236.400387811605,39572.6762937412,1485.8815299090393,44.06969416051744,0.33396104344107613,0.01003944691114759,0.005218141303766815,0.0001568663579866811
150,qbest,optimistic,0.010160796578032203,6406.686169249798,48294.83687269119,1514.7771347601433,44.39512091616829,0.4974006760423008,0.014952725112013468,0.00777188556316095,0.00023363632987521044
150,qbest,optimistic,0.008325732933500966,7840.810923218842,58939.43718253752,1543.6727396112474,44.72135837673342,0.7408272233734053,0.022270548393176423,0.011575425365209458,0.0003479773186433816
150,qbest,optimistic,0.0068220860783542074,9598.30014497044,71930.19958948484,1572.5683444623514,45.048279341132044,1.1033860654513385,0.03316969462204121,0.017240407272677165,0.0005182764784693939
150,qbest,optimistic,0.005590001364709142,11752.102786086987,87784.23853894653,1601.463949313456,45.375775777907805,1.6433802255381487,0.0494028535757375,0.025677816024033573,0.0007719195871208985
150,qbest,optimistic,0.004580434034187464,14391.616792319046,107132.64497863536,1630.35955416456,45.70375614322487,2.44764606899861,0.07358047667414923,0.038244469828103284,0.0011496949480335817
150,qbest,optimistic,0.0037531969265689963,17626.396240480364,130745.6077667773,1659.255159015664,46.03214301700328,3.6455174438541866,0.10959056321098742,0.056961210060221666,0.0017123525501716785
150,qbest,optimistic,0.0030753607768321026,21590.693554451675,159563.07205626246,1688.150763866768,46.36087103637007,5.429623834005678,0.16322388883246924,0.08483787240633872,0.002550373263007332
150,qbest,optimistic,0.0025199434222928684,26449.024824939064,194732.15505218323,1717.0463687178724,46.68988510113802,8.086867072465367,0.24310521914466432,0.12635729800727136,0.00379851904913538
150,qbest,optimistic,0.0020648357420030186,32402.988574028353,237652.80852637754,1745.9419735689767,47.01913882419603,12.044557974374062,0.36208025674498445,0.1881962183495947,0.005657504011640382
150,qbest,optimistic,0.0016919215740065319,39699.620141541986,290033.5457456432,1774.8375784200805,47.34859319964338,17.939132113597516,0.5392813563846157,0.2802989392749612,0.00842627119350962
150,qbest,optimistic,0.0013863565775996507,48641.6273663995,353959.4510975599,1803.7331832711848,47.67821546258774,26.718494914781616,0.8032041955517628,0.41747648304346274,0.012550065555496294
150,qbest,optimistic,0.0011359773347546405,59599.931014448695,431975.1796268482,1832.6287881222888,48.00797811629417,39.79445415701605,1.1962901593279671,0.6217883462033758,0.018692033739499486
150,qbest,optimistic,0.0009308171692094851,73029.02867571048,527186.2503883685,1861.5243929733929,48.33785810449552,59.26975253305715,1.7817513320156768,0.926089883329018,0.02783986456274495
150,qbest,optimistic,0.0007627094097632645,89485.81755151204,643382.6657323862,1890.4199978244972,48.66783610893186,88.27620932979909,2.6537356212334324,1.3793157707781107,0.04146461908177238
150,qbest,optimistic,0.0006249623051490014,109652.65449225596,785189.777350923,1919.3156026756014,48.99789595443436,131.4783477338157,3.952466666286301,2.0543491833408702,0.061757291660723454
150,qbest,optimistic,0.0005120926500413626,134365.6067286864,958252.4045073256,1948.2112075267053,49.32802410601447,195.82349597989358,5.886793176798592,3.059742124685837,0.091981143387478
150,qbest,optimistic,0.000419607518830857,164649.061188101,1169459.5335182017,1977.1068123778095,49.65820924441091,291.65898597556486,8.767773856765585,4.557171655868201,0.13699646651196226
150,qbest,optimistic,0.0003438254187892884,201758.12294996832,1427218.5429472146,2006.0024172289136,49.98844190835806,434.39610591483324,13.058698699720294,6.787439154919269,0.2040421671831296
150,qbest,optimistic,0.00028172974339213923,247230.55510868476,1741789.8704065476,2034.8980220800177,50.318714193461396,646.9883868065708,19.449590570642815,10.109193543852669,0.303899852666294
150,qbest,optimistic,0.0002308486923139418,302950.40634495654,2125695.4428198338,2063.7936269311217,50.64901949900133,963.6227557358387,28.96816766082063,15.05660555837248,0.45262761970032234
150,qbest,optimistic,0.0001891568781535471,371225.95511282195,2594217.1282522944,2092.6892317822258,50.979352315245755,1435.21712956116,43.14511066839798,22.425267649393124,0.6741423541937185
150,qbest,optimistic,0.00015499470321511088,454885.1904284556,3166005.050841137,2121.5848366333303,51.30970804494768,2137.6085161177416,64.26021129068458,33.40013306433971,1.0040658014169466
150,qbest,optimistic,0.0001270022970311419,557392.773171695,3863819.983605,2150.480441484434,51.64008285365207,3183.748350032758,95.70898512373091,49.746067969261844,1.4954528925582955
150,qbest,optimistic,0.00010406538492351445,682993.3084277647,4715439.371058177,2179.3760463355384,51.97047354425284,4741.866192947929,142.5487039247013,74.0916592648114,2.227323498823458
150,qbest,optimistic,8.527093282906315e-05,836886.8452540323,5754763.047055731,2208.271651186642,52.30087745194039,7062.522699569246,212.3116545885701,110.35191718076946,3.3173696029464077
150,qbest,optimistic,6.987080277349386e-05,1025443.8501117917,7023162.662427874,2237.1672560377465,52.631292356278216,10518.902232228933,316.21640487132726,164.35784737857708,4.940881326114488
150,qbest,optimistic,5.7251972251774814e-05,1256468.5288635928,8571128.538151834,2266.0628608888505,52.96171640765635,15666.824572180043,470.9718592863828,244.79413394031317,7.358935301349732
150,qbest,optimistic,4.6912132058134204e-05,1539521.3668167493,10460279.499225572,2294.9584657399546,53.29214806580245,23334.12620030162,701.4642150837547,364.5957218797128,10.960378360683666
150,qbest,optimistic,3.843969120507633e-05,1886314.1989767442,12765815.693333678,2323.854070591059,53.62258604839821,34753.78453515408,1044.758907227761,543.0278833617825,16.324357925433766
150,qbest,optimistic,3.149739300082433e-05,2311194.1140952483,15579512.031990122,2352.7496754421627,53.95302928815945,51762.1928135583,1556.0610944371808,808.7842627118484,24.31345460058095
150,qbest,optimistic,2.5808890101525137e-05,2831736.159484046,19013371.41203395,2381.645280293267,54.283476897000774,77094.47016217186,2317.593190993661,1204.6010962839352,36.212393609275956
150,qbest,optimistic,2.1147744140449004e-05,3469469.2998091863,23204083.138781786,2410.540885144371,54.61392813612718,114824.29562043565,3451.8170386381453,1794.129619069307,53.93464122872102
150,qbest,optimistic,1.7328412049903184e-05,4250765.576941309,28318464.0242558,2439.4364899954753,54.94438239108145,171018.9957463191,5141.1269736791355,2672.171808536236,80.33010896373649
150,qbest,optimistic,1.4198860274505597e-05,5207929.145652585,34560098.75058445,2468.332094846579,55.27483915093373,254715.23032686682,7657.180627950998,3979.925473857294,119.64344731173435
150,qbest,optimistic,1.1634512874828548e-05,6380530.098529838,42177443.827006415,2497.227699697684,55.60529799093115,379372.1760400732,11404.584144536171,5927.690250626144,178.19662725837767
150,qbest,optimistic,9.533292617689702e-06,7817038.082100487,51473717.729183026,2526.123304548788,55.9357585580371,565035.8942756882,16985.956820063813,8828.685848057628,265.4055753134971
150,qbest,optimistic,7.811557657143072e-06,9576823.060146466,62818970.91087122,2555.0189093998924,56.26622055888238,841562.9347214047,25298.838207204884,13149.420855021948,395.2943469875763
150,qbest,optimistic,6.400772060394231e-06,11732605.708010418,76664816.15070048,2583.914514250996,56.596683749728854,1253421.5618368194,37680.02129137166,19584.711903700303,588.7503326776822
150,qbest,optimistic,5.244777644527709e-06,14373458.445987705,93562405.59495687,2612.8101191021,56.927147928112,1866842.688595308,56120.52193424011,29169.417009301687,876.8831552225017
150,qbest,optimistic,4.297558525907499e-06,17608480.80294881,114184370.09628436,2641.705723953204,57.25761292588303,2780470.4578837063,83585.75378227579,43444.85090443291,1306.0274028480592
150,qbest,optimistic,3.5214093971877605e-06,21571300.57650461,139351594.17264974,2670.6013288043087,57.58807860341806,4141225.1896710326,124492.39591067757,64706.643588609884,1945.193686104337
150,qbest,optimistic,2.885434617783073e-06,26425586.266049545,170065892.39914498,2699.4969336554122,57.91854484479942,6167929.611674051,185418.63820419635,96373.90018240704,2897.166221940568
150,qbest,optimistic,2.364318372112592e-06,32371797.89902555,207549887.95954573,2728.3925385065168,58.24901155380721,9186497.703494277,276162.0189088988,143539.02661709808,4315.031545451544
150,qbest,optimistic,1.937316940144021e-06,39655454.3617132,253295680.7760036,2757.2881433576213,58.57947865058528,13682344.866027212,411314.9650244438,213786.63853167518,6426.7963285069345
150,qbest,optimistic,1.5874329662360128e-06,48577257.78102498,309124242.5160186,2786.183748208725,58.909946068869125,20378447.486215904,612611.3979086637,318413.2419721235,9572.05309232287
150,qbest,optimistic,1.3007388569603548e-06,59505491.950803295,377257902.773347,2815.079353059829,59.24041375368123,30351604.64194906,912421.7613266375,474243.8225304541,14256.59002072871
150,qbest,optimistic,1.0658223748611395e-06,72891205.39858884,460408811.830955,2843.974957910933,59.5708816594155,45205597.97130287,1358958.50678659,706337.4683016073,21233.72666854047
150,qbest,optimistic,8.733323592786795e-07,89286804.29533935,561886901.383071,2872.8705627620375,59.901349748245536,67329095.51406944,2024029.1293387013,1052017.117407335,31625.455145917207
150,qbest,optimistic,7.156064910559172e-07,109368820.7328887,685731640.7353827,2901.766167613141,60.23181798880214,100279772.99670778,3014583.5181522015,1566871.453073559,47102.86747112815
150,qbest,optimistic,5.863662838101185e-07,133965793.70043081,836872833.2128501,2930.6617724642456,60.56228635507469,149356423.03660363,4489912.549274467,2333694.1099469317,70154.88358241355
150,qbest,optimistic,4.804671604948061e-07,164092410.44390532,1021326853.4883949,2959.55737731535,60.892754825498834,222451053.04557538,6687263.623231461,3475797.7038371153,104488.49411299158
150,qbest,optimistic,3.93693666719584e-07,200991313.4362907,1246436137.3183699,2988.4529821664537,61.22322338219885,331317997.5457629,9959992.377539972,5176843.711652545,155624.88089906206
150,qbest,optimistic,3.22591669023728e-07,246184293.5063937,1521161456.8898554,3017.3485870175573,61.55369201035866,493464130.62492615,14834385.744272131,7710377.041014471,231787.27725425205
150,qbest,optimistic,2.64330858534326e-07,301534975.72569746,1856438616.185783,3046.244191868662,61.88416069769975,734964143.2617321,22094294.05850779,11483814.738464564,345223.3446641842
150,qbest,optimistic,2.1659208678558458e-07,369325577.2990347,2265613765.097737,3075.1397967197663,62.214629434047836,1094653609.7697191,32907181.892064556,17103962.65265186,514174.7170635087
150,qbest,optimistic,1.7747504895287205e-07,452350895.36313355,2764974660.5393057,3104.03540157087,62.54509821097331,1630374129.6330905,49011867.82478071,25474595.77551704,765810.4347621986
150,qbest,optimistic,1.45422639710772e-07,554033391.038253,3374399022.1098633,3132.9310064219744,62.875567021492884,2428274824.888252,72998143.55276185,37941794.138878934,1140595.993011904
150,qbest,optimistic,1.1915897060022631e-07,678564103.4015307,4118145790.96181,3161.8266112730785,63.20603585982217,3616665965.1996927,108723237.83292726,56510405.7062452,1698800.5911394884
150,qbest,optimistic,9.763858160424957e-08,831075188.8782775,5025820788.974945,3190.7222161241825,63.536504721170374,5386652519.628117,161932096.7571104,84166445.61918932,2530189.01182985
150,qbest,optimistic,8.000482523194604e-08,1017851181.4855632,6133555217.576068,3219.6178209752866,63.86697360157007,8022865712.900813,241181227.51687145,125357276.7640752,3768456.6799511164
150,qbest,optimistic,6.555576653435989e-08,1246587660.790701,7485443907.904961,3248.5134258263906,64.19744249773609,11949234522.312046,359214668.8114242,186706789.41112572,5612729.200178503
150,qbest,optimistic,5.371624165727791e-08,1526707962.7085972,9135300573.773075,3277.409030677495,64.52791140694848,17797157621.573578,535013357.4565822,278080587.83708715,8359583.710259097
150,qbest,optimistic,4.401496268479646e-08,1869750953.3430653,11148799937.575893,3306.3046355285987,64.85838032695547,26507038489.847042,796847449.4765989,414172476.40386003,12450741.398071857
150,qbest,optimistic,3.6065757401728826e-08,2289845805.8893228,13606091999.308504,3335.2002403797032,65.18884925589312,39479511528.88133,1186822438.8937614,616867367.6387708,18544100.60771502
150,qbest,optimistic,2.9552197198832463e-08,2804293295.009478,16604992513.113407,3364.0958452308073,65.51931819221865,58800677833.4017,1767650134.7741358,918760591.1469016,27619533.355845872
150,qbest,optimistic,2.4215001214332402e-08,3434277498.776792,20264876672.49092,3392.9914500819114,65.84978713465527,87577570739.14505,2632733336.150479,1368399542.7991414,41136458.37735123
150,qbest,optimistic,1.9841715316967552e-08,4205737154.836086,24731430997.45173,3421.8870549330154,66.18025608214639,130437797303.9813,3921185919.612812,2038090582.8747077,61268529.99395019
150,qbest,optimistic,1.6258255088856447e-08,5150432474.659587,30182452578.75206,3450.7826597841195,66.51072503381772,194273702980.31857,5840203717.1952095,3035526609.0674777,91253183.08117515
150,qbest,optimistic,1.3321976165452046e-08,6307251246.749453,36834926525.78342,3479.6782646352235,66.84119398894593,289350728468.1283,8698383641.474632,4521105132.314505,135912244.39804113
150,qbest,optimistic,1.0915996088320412e-08,7723807885.68673,44953663345.2722,3508.5738694863276,67.1716629469326,430958193418.06854,12955349100.495169,6733721772.157321,202427329.695237
150,qbest,optimistic,8.944541644597905e-09,9458401112.165596,54861840073.04979,3537.469474337432,67.5021319072827,641867969220.0004,19295661956.713478,10029187019.062506,301494718.0736481
150,qbest,optimistic,7.329136487832536e-09,11582410672.996004,66953864762.55734,3566.3650791885357,67.83260086958681,955996419613.1061,28738906799.00921,14937444056.454782,449045418.7345189
150,qbest,optimistic,6.005477283424599e-09,14183231533.445364,81711076418.03224,3595.26068403964,68.16306983350627,1423858485139.3875,42803650160.070435,22247788830.30293,668807033.7511005
150,qbest,optimistic,4.9208740295126795e-09,17367866036.431225,99720905328.93811,3624.1562888907447,68.49353879876101,2120690981796.6833,63751640931.89736,33135796590.573177,996119389.5608963
150,qbest,optimistic,4.032152661898664e-09,21267321528.751938,121700256508.04506,3653.0518937418483,68.82400776511945,3158551420110.744,94951521805.04716,49352365939.23038,1483617528.203862
150,qbest,optimistic,3.30393645343254e-09,26041994011.16382,148524047041.7793,3681.947498592953,69.1544767323901,4704337953581.276,141420540103.83087,73505280524.70744,2209695939.1223574
150,qbest,optimistic,2.7072377966910252e-09,31888258832.11024,181260033319.73602,3710.8431034440573,69.48494570041464,7006628241223.734,210631370441.0386,109478566269.12085,3291115163.141228
150,qbest,optimistic,2.218304314000376e-09,39046538973.2532,221211314487.20648,3739.738708295161,69.81541466906216,10435653176945.047,313713794200.59125,163057080889.76636,4901778034.384238
150,qbest,optimistic,1.8176733626899397e-09,47811182099.11242,269968204026.74872,3768.6343131462645,70.14588363822449,15542833654103.354,467244477713.1635,242856775845.3649,7300694964.26818
150,qbest,optimistic,1.4893972989099906e-09,58542551748.22931,329471534285.57385,3797.529917997369,70.47635260781219,23149454461828.93,695912663036.5979,361710225966.077,10873635359.946842
150,qbest,optimistic,1.2204086606174117e-09,71681828870.94032,402089913869.0224,3826.4255228484735,70.80682157775131,34478734946687.977,1036490440603.9714,538730233541.99963,16195163134.437054
150,qbest,optimistic,1e-09,87769131091.69685,490714013232.664,3855.321127699578,71.13729054798077,51352534699430.36,1543746062581.5747,802383354678.5994,24121032227.837105
150,qbest,moderate,0.049999999999999996,12945.079753113849,9814.28026465328,1283.6122959513104,41.830648950819814,0.020541013879772148,0.00061749842503263,0.0003209533418714398,9.648412891134844e-06
150,qbest,moderate,0.040969882969123315,15769.872753414458,11977.432632709433,1312.5079008024145,42.144521576677654,0.030593730589405267,0.0009197004863247726,0.0004780270404594573,1.4370320098824572e-05
150,qbest,moderate,0.03357062621007322,19229.553350541282,14617.362516920228,1341.4035056535186,42.460921146895366,0.045566219703440165,0.0013697994201383214,0.0007119721828662526,2.140311593966127e-05
150,qbest,moderate,0.027507692540537677,23467.43009476944,17839.15581103381,1370.2991105046226,42.77948689756126,0.06786620454784298,0.0020401755564024874,0.0010604094460600465,3.1877743068788866e-05
150,qbest,moderate,0.022539738882729105,28659.151107074966,21771.06024988913,1399.194715355727,43.09990323394886,0.10107974174083026,0.003038631963008052,0.0015793709647004728,4.7478624422000815e-05
150,qbest,moderate,0.0184690092836002,35019.997871880805,26569.59047978821,1428.0903202068312,43.42189582275617,0.150547894323312,0.004525730238085755,0.00235231084880175,7.071453497008992e-05
150,qbest,moderate,0.01513346297809504,42813.82320912576,32425.758330591554,1456.9859250579352,43.74522749322641,0.22422562716172786,0.006740610392200199,0.003503525424401998,0.0001053220373781281
150,qbest,moderate,0.012400324142602285,52364.00387811604,39572.6762937412,1485.8815299090393,44.06969416051744,0.33396104344107613,0.01003944691114759,0.005218141303766815,0.0001568663579866811
150,qbest,moderate,0.010160796578032203,64066.86169249797,48294.83687269119,1514.7771347601433,44.39512091616829,0.4974006760423008,0.014952725112013468,0.00777188556316095,0.00023363632987521044
150,qbest,moderate,0.008325732933500966,78408.10923218842,58939.43718253752,1543.6727396112474,44.72135837673342,0.7408272233734053,0.022270548393176423,0.011575425365209458,0.0003479773186433816
150,qbest,moderate,0.0068220860783542074,95983.00144970442,71930.19958948484,1572.5683444623514,45.048279341132044,1.1033860654513385,0.03316969462204121,0.017240407272677165,0.0005182764784693939
150,qbest,moderate,0.005590001364709142,117521.02786086989,87784.23853894653,1601.463949313456,45.375775777907805,1.6433802255381487,0.0494028535757375,0.025677816024033573,0.0007719195871208985
150,qbest,moderate,0.004580434034187464,143916.16792319046,107132.64497863536,1630.35955416456,45.70375614322487,2.44764606899861,0.07358047667414923,0.038244469828103284,0.0011496949480335817
150,qbest,moderate,0.0037531969265689963,176263.96240480363,130745.6077667773,1659.255159015664,46.03214301700328,3.6455174438541866,0.10959056321098742,0.056961210060221666,0.0017123525501716785
150,qbest,moderate,0.0030753607768321026,215906.93554451675,159563.07205626246,1688.150763866768,46.36087103637007,5.429623834005678,0.16322388883246924,0.08483787240633872,0.002550373263007332
150,qbest,moderate,0.0025199434222928684,264490.2482493906,194732.15505218323,1717.0463687178724,46.68988510113802,8.086867072465367,0.24310521914466432,0.12635729800727136,0.00379851904913538
150,qbest,moderate,0.0020648357420030186,324029.8857402835,237652.80852637754,1745.9419735689767,47.01913882419603,12.044557974374062,0.36208025674498445,0.1881962183495947,0.005657504011640382
150,qbest,moderate,0.0016919215740065319,396996.20141541987,290033.5457456432,1774.8375784200805,47.34859319964338,17.939132113597516,0.5392813563846157,0.2802989392749612,0.00842627119350962
150,qbest,moderate,0.0013863565775996507,486416.27366399503,353959.4510975599,1803.7331832711848,47.67821546258774,26.718494914781616,0.8032041955517628,0.41747648304346274,0.012550065555496294
150,qbest,moderate,0.0011359773347546405,595999.3101444871,431975.1796268482,1832.6287881222888,48.00797811629417,39.79445415701605,1.1962901593279671,0.6217883462033758,0.018692033739499486
150,qbest,moderate,0.0009308171692094851,730290.2867571047,527186.2503883685,1861.5243929733929,48.33785810449552,59.26975253305715,1.7817513320156768,0.926089883329018,0.02783986456274495
150,qbest,moderate,0.0007627094097632645,894858.1755151203,643382.6657323862,1890.4199978244972,48.66783610893186,88.27620932979909,2.6537356212334324,1.3793157707781107,0.04146461908177238
150,qbest,moderate,0.0006249623051490014,1096526.5449225598,785189.777350923,1919.3156026756014,48.99789595443436,131.4783477338157,3.952466666286301,2.0543491833408702,0.061757291660723454
150,qbest,moderate,0.0005120926500413626,1343656.067286864,958252.4045073256,1948.2112075267053,49.32802410601447,195.82349597989358,5.886793176798592,3.059742124685837,0.091981143387478
150,qbest,moderate,0.000419607518830857,1646490.6118810102,1169459.5335182017,1977.1068123778095,49.65820924441091,291.65898597556486,8.767773856765585,4.557171655868201,0.13699646651196226
150,qbest,moderate,0.0003438254187892884,2017581.229499683,1427218.5429472146,2006.0024172289136,49.98844190835806,434.39610591483324,13.058698699720294,6.787439154919269,0.2040421671831296
150,qbest,moderate,0.00028172974339213923,2472305.5510868477,1741789.8704065476,2034.8980220800177,50.318714193461396,646.9883868065708,19.449590570642815,10.109193543852669,0.303899852666294
150,qbest,moderate,0.0002308486923139418,3029504.0634495653,2125695.4428198338,2063.7936269311217,50.64901949900133,963.6227557358387,28.96816766082063,15.05660555837248,0.45262761970032234
150,qbest,moderate,0.0001891568781535471,3712259.5511282193,2594217.1282522944,2092.6892317822258,50.979352315245755,1435.21712956116,43.14511066839798,22.425267649393124,0.6741423541937185
150,qbest,moderate,0.00015499470321511088,4548851.904284556,3166005.050841137,2121.5848366333303,51.30970804494768,2137.6085161177416,64.26021129068458,33.40013306433971,1.0040658014169466
150,qbest,moderate,0.0001270022970311419,5573927.731716949,3863819.983605,2150.480441484434,51.64008285365207,3183.748350032758,95.70898512373091,49.746067969261844,1.4954528925582955
150,qbest,moderate,0.00010406538492351445,6829933.084277648,4715439.371058177,2179.3760463355384,51.97047354425284,4741.866192947929,142.5487039247013,74.0916592648114,2.227323498823458
150,qbest,moderate,8.527093282906315e-05,8368868.452540323,5754763.047055731,2208.271651186642,52.30087745194039,7062.522699569246,212.3116545885701,110.35191718076946,3.3173696029464077
150,qbest,moderate,6.987080277349386e-05,10254438.501117917,7023162.662427874,2237.1672560377465,52.631292356278216,10518.902232228933,316.21640487132726,164.35784737857708,4.940881326114488
150,qbest,moderate,5.7251972251774814e-05,12564685.288635926,8571128.538151834,2266.0628608888505,52.96171640765635,15666.824572180043,470.9718592863828,244.79413394031317,7.358935301349732
150,qbest,moderate,4.6912132058134204e-05,15395213.668167496,10460279.499225572,2294.9584657399546,53.29214806580245,23334.12620030162,701.4642150837547,364.5957218797128,10.960378360683666
150,qbest,moderate,3.843969120507633e-05,18863141.989767443,12765815.693333678,2323.854070591059,53.62258604839821,34753.78453515408,1044.758907227761,543.0278833617825,16.324357925433766
150,qbest,moderate,3.149739300082433e-05,23111941.140952483,15579512.031990122,2352.7496754421627,53.95302928815945,51762.1928135583,1556.0610944371808,808.7842627118484,24.31345460058095
150,qbest,moderate,2.5808890101525137e-05,28317361.594840463,19013371.41203395,2381.645280293267,54.283476897000774,77094.47016217186,2317.593190993661,1204.6010962839352,36.212393609275956
150,qbest,moderate,2.1147744140449004e-05,34694692.99809187,23204083.138781786,2410.540885144371,54.61392813612718,114824.29562043565,3451.8170386381453,1794.129619069307,53.93464122872102
150,qbest,moderate,1.7328412049903184e-05,42507655.76941309,28318464.0242558,2439.4364899954753,54.94438239108145,171018.9957463191,5141.1269736791355,2672.171808536236,80.33010896373649
150,qbest,moderate,1.4198860274505597e-05,52079291.45652585,34560098.75058445,2468.332094846579,55.27483915093373,254715.23032686682,7657.180627950998,3979.925473857294,119.64344731173435
150,qbest,moderate,1.1634512874828548e-05,63805300.98529837,42177443.827006415,2497.227699697684,55.60529799093115,379372.1760400732,11404.584144536171,5927.690250626144,178.19662725837767
150,qbest,moderate,9.533292617689702e-06,78170380.82100487,51473717.729183026,2526.123304548788,55.9357585580371,565035.8942756882,16985.956820063813,8828.685848057628,265.4055753134971
150,qbest,moderate,7.811557657143072e-06,95768230.60146467,62818970.91087122,2555.0189093998924,56.26622055888238,841562.9347214047,25298.838207204884,13149.420855021948,395.2943469875763
150,qbest,moderate,6.400772060394231e-06,117326057.08010419,76664816.15070048,2583.914514250996,56.596683749728854,1253421.5618368194,37680.02129137166,19584.711903700303,588.7503326776822
150,qbest,moderate,5.244777644527709e-06,143734584.45987704,93562405.59495687,2612.8101191021,56.927147928112,1866842.688595308,56120.52193424011,29169.417009301687,876.8831552225017
150,qbest,moderate,4.297558525907499e-06,176084808.02948812,114184370.09628436,2641.705723953204,57.25761292588303,2780470.4578837063,83585.75378227579,43444.85090443291,1306.0274028480592
150,qbest,moderate,3.5214093971877605e-06,215713005.76504612,139351594.17264974,2670.6013288043087,57.58807860341806,4141225.1896710326,124492.39591067757,64706.643588609884,1945.193686104337
150,qbest,moderate,2.885434617783073e-06,264255862.66049546,170065892.39914498,2699.4969336554122,57.91854484479942,6167929.611674051,185418.63820419635,96373.90018240704,2897.166221940568
150,qbest,moderate,2.364318372112592e-06,323717978.9902555,207549887.95954573,2728.3925385065168,58.24901155380721,9186497.703494277,276162.0189088988,143539.02661709808,4315.031545451544
150,qbest,moderate,1.937316940144021e-06,396554543.617132,253295680.7760036,2757.2881433576213,58.57947865058528,13682344.866027212,411314.9650244438,213786.63853167518,6426.7963285069345
150,qbest,moderate,1.5874329662360128e-06,485772577.81024975,309124242.5160186,2786.183748208725,58.909946068869125,20378447.486215904,612611.3979086637,318413.2419721235,9572.05309232287
150,qbest,moderate,1.3007388569603548e-06,595054919.5080329,377257902.773347,2815.079353059829,59.24041375368123,30351604.64194906,912421.7613266375,474243.8225304541,14256.59002072871
150,qbest,moderate,1.0658223748611395e-06,728912053.9858885,460408811.830955,2843.974957910933,59.5708816594155,45205597.97130287,1358958.50678659,706337.4683016073,21233.72666854047
150,qbest,moderate,8.733323592786795e-07,892868042.9533935,561886901.383071,2872.8705627620375,59.901349748245536,67329095.51406944,2024029.1293387013,1052017.117407335,31625.455145917207
150,qbest,moderate,7.156064910559172e-07,1093688207.328887,685731640.7353827,2901.766167613141,60.23181798880214,100279772.99670778,3014583.5181522015,1566871.453073559,47102.86747112815
150,qbest,moderate,5.863662838101185e-07,1339657937.004308,836872833.2128501,2930.6617724642456,60.56228635507469,149356423.03660363,4489912.549274467,2333694.1099469317,70154.88358241355
150,qbest,moderate,4.804671604948061e-07,1640924104.4390535,1021326853.4883949,2959.55737731535,60.892754825498834,222451053.04557538,6687263.623231461,3475797.7038371153,104488.49411299158
150,qbest,moderate,3.93693666719584e-07,2009913134.3629072,1246436137.3183699,2988.4529821664537,61.22322338219885,331317997.5457629,9959992.377539972,5176843.711652545,155624.88089906206
150,qbest,moderate,3.22591669023728e-07,2461842935.0639367,1521161456.8898554,3017.3485870175573,61.55369201035866,493464130.62492615,14834385.744272131,7710377.041014471,231787.27725425205
150,qbest,moderate,2.64330858534326e-07,3015349757.2569747,1856438616.185783,3046.244191868662,61.88416069769975,734964143.2617321,22094294.05850779,11483814.738464564,345223.3446641842
150,qbest,moderate,2.1659208678558458e-07,3693255772.9903474,2265613765.097737,3075.1397967197663,62.214629434047836,1094653609.7697191,32907181.892064556,17103962.65265186,514174.7170635087
150,qbest,moderate,1.7747504895287205e-07,4523508953.631336,2764974660.5393057,3104.03540157087,62.54509821097331,1630374129.6330905,49011867.82478071,25474595.77551704,765810.4347621986
150,qbest,moderate,1.45422639710772e-07,5540333910.38253,3374399022.1098633,3132.9310064219744,62.875567021492884,2428274824.888252,72998143.55276185,37941794.138878934,1140595.993011904
150,qbest,moderate,1.1915897060022631e-07,6785641034.015307,4118145790.96181,3161.8266112730785,63.20603585982217,3616665965.1996927,108723237.83292726,56510405.7062452,1698800.5911394884
150,qbest,moderate,9.763858160424957e-08,8310751888.782776,5025820788.974945,3190.7222161241825,63.536504721170374,5386652519.628117,161932096.7571104,84166445.61918932,2530189.01182985
150,qbest,moderate,8.000482523194604e-08,10178511814.85563,6133555217.576068,3219.6178209752866,63.86697360157007,8022865712.900813,241181227.51687145,125357276.7640752,3768456.6799511164
150,qbest,moderate,6.555576653435989e-08,12465876607.90701,7485443907.904961,3248.5134258263906,64.19744249773609,11949234522.312046,359214668.8114242,186706789.41112572,5612729.200178503
150,qbest,moderate,5.371624165727791e-08,15267079627.085972,9135300573.773075,3277.409030677495,64.52791140694848,17797157621.573578,535013357.4565822,278080587.83708715,8359583.710259097
150,qbest,moderate,4.401496268479646e-08,18697509533.430653,11148799937.575893,3306.3046355285987,64.85838032695547,26507038489.847042,796847449.4765989,414172476.40386003,12450741.398071857
150,qbest,moderate,3.6065757401728826e-08,22898458058.89323,13606091999.308504,3335.2002403797032,65.18884925589312,39479511528.88133,1186822438.8937614,616867367.6387708,18544100.60771502
150,qbest,moderate,2.9552197198832463e-08,28042932950.09478,16604992513.113407,3364.0958452308073,65.51931819221865,58800677833.4017,1767650134.7741358,918760591.1469016,27619533.355845872
150,qbest,moderate,2.4215001214332402e-08,34342774987.767918,20264876672.49092,3392.9914500819114,65.84978713465527,87577570739.14505,2632733336.150479,1368399542.7991414,41136458.37735123
150,qbest,moderate,1.9841715316967552e-08,42057371548.36086,24731430997.45173,3421.8870549330154,66.18025608214639,130437797303.9813,3921185919.612812,2038090582.8747077,61268529.99395019
150,qbest,moderate,1.6258255088856447e-08,51504324746.59587,30182452578.75206,3450.7826597841195,66.51072503381772,194273702980.31857,5840203717.1952095,3035526609.0674777,91253183.08117515
150,qbest,moderate,1.3321976165452046e-08,63072512467.49452,36834926525.78342,3479.6782646352235,66.84119398894593,289350728468.1283,8698383641.474632,4521105132.314505,135912244.39804113
150,qbest,moderate,1.0915996088320412e-08,77238078856.86731,44953663345.2722,3508.5738694863276,67.1716629469326,430958193418.06854,12955349100.495169,6733721772.157321,202427329.695237
150,qbest,moderate,8.944541644597905e-09,94584011121.65596,54861840073.04979,3537.469474337432,67.5021319072827,641867969220.0004,19295661956.713478,10029187019.062506,301494718.0736481
150,qbest,moderate,7.329136487832536e-09,115824106729.96002,66953864762.55734,3566.3650791885357,67.83260086958681,955996419613.1061,28738906799.00921,14937444056.454782,449045418.7345189
150,qbest,moderate,6.005477283424599e-09,141832315334.4536,81711076418.03224,3595.26068403964,68.16306983350627,1423858485139.3875,42803650160.070435,22247788830.30293,668807033.7511005
150,qbest,moderate,4.9208740295126795e-09,173678660364.31226,99720905328.93811,3624.1562888907447,68.49353879876101,2120690981796.6833,63751640931.89736,33135796590.573177,996119389.5608963
150,qbest,moderate,4.032152661898664e-09,212673215287.51938,121700256508.04506,3653.0518937418483,68.82400776511945,3158551420110.744,94951521805.04716,49352365939.23038,1483617528.203862
150,qbest,moderate,3.30393645343254e-09,260419940111.63818,148524047041.7793,3681.947498592953,69.1544767323901,4704337953581.276,141420540103.83087,73505280524.70744,2209695939.1223574
150,qbest,moderate,2.7072377966910252e-09,318882588321.1025,181260033319.73602,3710.8431034440573,69.48494570041464,7006628241223.734,210631370441.0386,109478566269.12085,3291115163.141228
150,qbest,moderate,2.218304314000376e-09,390465389732.5319,221211314487.20648,3739.738708295161,69.81541466906216,10435653176945.047,313713794200.59125,163057080889.76636,4901778034.384238
150,qbest,moderate,1.8176733626899397e-09,478111820991.1242,269968204026.74872,3768.6343131462645,70.14588363822449,15542833654103.354,467244477713.1635,242856775845.3649,7300694964.26818
150,qbest,moderate,1.4893972989099906e-09,585425517482.2931,329471534285.57385,3797.529917997369,70.47635260781219,23149454461828.93,695912663036.5979,361710225966.077,10873635359.946842
150,qbest,moderate,1.2204086606174117e-09,716818288709.4032,402089913869.0224,3826.4255228484735,70.80682157775131,34478734946687.977,1036490440603.9714,538730233541.99963,16195163134.437054
150,qbest,moderate,1e-09,877691310916.9686,490714013232.664,3855.321127699578,71.13729054798077,51352534699430.36,1543746062581.5747,802383354678.5994,24121032227.837105
150,qbest,factory_limited,0.049999999999999996,4373.050591485512,9814.28026465328,1283.6122959513104,41.830648950819814,0.020541013879772148,0.00061749842503263,0.0003209533418714398,9.648412891134844e-06
150,qbest,factory_limited,0.040969882969123315,5323.414218350103,11977.432632709433,1312.5079008024145,42.144521576677654,0.030593730589405267,0.0009197004863247726,0.0004780270404594573,1.4370320098824572e-05
150,qbest,factory_limited,0.03357062621007322,6489.140132371899,14617.362516920228,1341.4035056535186,42.460921146895366,0.045566219703440165,0.0013697994201383214,0.0007119721828662526,2.140311593966127e-05
150,qbest,factory_limited,0.027507692540537677,7919.314571165728,17839.15581103381,1370.2991105046226,42.77948689756126,0.06786620454784298,0.0020401755564024874,0.0010604094460600465,3.1877743068788866e-05
150,qbest,factory_limited,0.022539738882729105,9674.204100724792,21771.06024988913,1399.194715355727,43.09990323394886,0.10107974174083026,0.003038631963008052,0.0015793709647004728,4.7478624422000815e-05
150,qbest,factory_limited,0.0184690092836002,11827.799430009545,26569.59047978821,1428.0903202068312,43.42189582275617,0.150547894323312,0.004525730238085755,0.00235231084880175,7.071453497008992e-05
150,qbest,factory_limited,0.01513346297809504,14470.937445252493,32425.758330591554,1456.9859250579352,43.74522749322641,0.22422562716172786,0.006740610392200199,0.003503525424401998,0.0001053220373781281
150,qbest,factory_limited,0.012400324142602285,17715.132775760227,39572.6762937412,1485.8815299090393,44.06969416051744,0.33396104344107613,0.01003944691114759,0.005218141303766815,0.0001568663579866811
150,qbest,factory_limited,0.010160796578032203,21697.27999722275,48294.83687269119,1514.7771347601433,44.39512091616829,0.4974006760423008,0.014952725112013468,0.00777188556316095,0.00023363632987521044
150,qbest,factory_limited,0.008325732933500966,26585.424127543858,58939.43718253752,1543.6727396112474,44.72135837673342,0.7408272233734053,0.022270548393176423,0.011575425365209458,0.0003479773186433816
150,qbest,factory_limited,0.0068220860783542074,32585.841904193625,71930.19958948484,1572.5683444623514,45.048279341132044,1.1033860654513385,0.03316969462204121,0.017240407272677165,0.0005182764784693939
150,qbest,factory_limited,0.005590001364709142,39951.731327654066,87784.23853894653,1601.463949313456,45.375775777907805,1.6433802255381487,0.0494028535757375,0.025677816024033573,0.0007719195871208985
150,qbest,factory_limited,0.004580434034187464,48993.874414038044,107132.64497863536,1630.35955416456,45.70375614322487,2.44764606899861,0.07358047667414923,0.038244469828103284,0.0011496949480335817
150,qbest,factory_limited,0.0037531969265689963,60093.72084359428,130745.6077667773,1659.255159015664,46.03214301700328,3.6455174438541866,0.10959056321098742,0.056961210060221666,0.0017123525501716785
150,qbest,factory_limited,0.0030753607768321026,73719.44168137191,159563.07205626246,1688.150763866768,46.36087103637007,5.429623834005678,0.16322388883246924,0.08483787240633872,0.002550373263007332
150,qbest,factory_limited,0.0025199434222928684,90445.62682564618,194732.15505218323,1717.0463687178724,46.68988510113802,8.086867072465367,0.24310521914466432,0.12635729800727136,0.00379851904913538
150,qbest,factory_limited,0.0020648357420030186,110977.45251272287,237652.80852637754,1745.9419735689767,47.01913882419603,12.044557974374062,0.36208025674498445,0.1881962183495947,0.005657504011640382
150,qbest,factory_limited,0.0016919215740065319,136180.33245450168,290033.5457456432,1774.8375784200805,47.34859319964338,17.939132113597516,0.5392813563846157,0.2802989392749612,0.00842627119350962
150,qbest,factory_limited,0.0013863565775996507,167116.29583197762,353959.4510975599,1803.7331832711848,47.67821546258774,26.718494914781616,0.8032041955517628,0.41747648304346274,0.012550065555496294
150,qbest,factory_limited,0.0011359773347546405,205088.6170074347,431975.1796268482,1832.6287881222888,48.00797811629417,39.79445415701605,1.1962901593279671,0.6217883462033758,0.018692033739499486
150,qbest,factory_limited,0.0009308171692094851,251696.56721350795,527186.2503883685,1861.5243929733929,48.33785810449552,59.26975253305715,1.7817513320156768,0.926089883329018,0.02783986456274495
150,qbest,factory_limited,0.0007627094097632645,308902.5820512051,643382.6657323862,1890.4199978244972,48.66783610893186,88.27620932979909,2.6537356212334324,1.3793157707781107,0.04146461908177238
150,qbest,factory_limited,0.0006249623051490014,379114.65806450025,785189.777350923,1919.3156026756014,48.99789595443436,131.4783477338157,3.952466666286301,2.0543491833408702,0.061757291660723454
150,qbest,factory_limited,0.0005120926500413626,465287.42863651516,958252.4045073256,1948.2112075267053,49.32802410601447,195.82349597989358,5.886793176798592,3.059742124685837,0.091981143387478
150,qbest,factory_limited,0.000419607518830857,571046.1505518783,1169459.5335182017,1977.1068123778095,49.65820924441091,291.65898597556486,8.767773856765585,4.557171655868201,0.13699646651196226
150,qbest,factory_limited,0.0003438254187892884,700838.7903788334,1427218.5429472146,2006.0024172289136,49.98844190835806,434.39610591483324,13.058698699720294,6.787439154919269,0.2040421671831296
150,qbest,factory_limited,0.00028172974339213923,860122.5742938209,1741789.8704065476,2034.8980220800177,50.318714193461396,646.9883868065708,19.449590570642815,10.109193543852669,0.303899852666294
150,qbest,factory_limited,0.0002308486923139418,1055592.8050777607,2125695.4428198338,2063.7936269311217,50.64901949900133,963.6227557358387,28.96816766082063,15.05660555837248,0.45262761970032234
150,qbest,factory_limited,0.0001891568781535471,1295463.515799042,2594217.1282522944,2092.6892317822258,50.979352315245755,1435.21712956116,43.14511066839798,22.425267649393124,0.6741423541937185
150,qbest,factory_limited,0.00015499470321511088,1589811.6947679394,3166005.050841137,2121.5848366333303,51.30970804494768,2137.6085161177416,64.26021129068458,33.40013306433971,1.0040658014169466
150,qbest,factory_limited,0.0001270022970311419,1950999.4709303107,3863819.983605,2150.480441484434,51.64008285365207,3183.748350032758,95.70898512373091,49.746067969261844,1.4954528925582955
150,qbest,factory_limited,0.00010406538492351445,2394191.9035719177,4715439.371058177,2179.3760463355384,51.97047354425284,4741.866192947929,142.5487039247013,74.0916592648114,2.227323498823458
150,qbest,factory_limited,8.527093282906315e-05,2937992.010612431,5754763.047055731,2208.271651186642,52.30087745194039,7062.522699569246,212.3116545885701,110.35191718076946,3.3173696029464077
150,qbest,factory_limited,6.987080277349386e-05,3605219.562077834,7023162.662427874,2237.1672560377465,52.631292356278216,10518.902232228933,316.21640487132726,164.35784737857708,4.940881326114488
150,qbest,factory_limited,5.7251972251774814e-05,4423866.163271681,8571128.538151834,2266.0628608888505,52.96171640765635,15666.824572180043,470.9718592863828,244.79413394031317,7.358935301349732
150,qbest,factory_limited,4.6912132058134204e-05,5428266.50542848,10460279.499225572,2294.9584657399546,53.29214806580245,23334.12620030162,701.4642150837547,364.5957218797128,10.960378360683666
150,qbest,factory_limited,3.843969120507633e-05,6660534.6763004465,12765815.693333678,2323.854070591059,53.62258604839821,34753.78453515408,1044.758907227761,543.0278833617825,16.324357925433766
150,qbest,factory_limited,3.149739300082433e-05,8172325.474356773,15579512.031990122,2352.7496754421627,53.95302928815945,51762.1928135583,1556.0610944371808,808.7842627118484,24.31345460058095
150,qbest,factory_limited,2.5808890101525137e-05,10026994.21788107,19013371.41203395,2381.645280293267,54.283476897000774,77094.47016217186,2317.593190993661,1204.6010962839352,36.212393609275956
150,qbest,factory_limited,2.1147744140449004e-05,12302245.14781599,23204083.138781786,2410.540885144371,54.61392813612718,114824.29562043565,3451.8170386381453,1794.129619069307,53.93464122872102
150,qbest,factory_limited,1.7328412049903184e-05,15093378.881464042,28318464.0242558,2439.4364899954753,54.94438239108145,171018.9957463191,5141.1269736791355,2672.171808536236,80.33010896373649
150,qbest,factory_limited,1.4198860274505597e-05,18517274.32968735,34560098.75058445,2468.332094846579,55.27483915093373,254715.23032686682,7657.180627950998,3979.925473857294,119.64344731173435
150,qbest,factory_limited,1.1634512874828548e-05,22717271.080610063,42177443.827006415,2497.227699697684,55.60529799093115,379372.1760400732,11404.584144536171,5927.690250626144,178.19662725837767
150,qbest,factory_limited,9.533292617689702e-06,27869155.74960619,51473717.729183026,2526.123304548788,55.9357585580371,565035.8942756882,16985.956820063813,8828.685848057628,265.4055753134971
150,qbest,factory_limited,7.811557657143072e-06,34188501.75694321,62818970.91087122,2555.0189093998924,56.26622055888238,841562.9347214047,25298.838207204884,13149.420855021948,395.2943469875763
150,qbest,factory_limited,6.400772060394231e-06,41939668.33068405,76664816.15070048,2583.914514250996,56.596683749728854,1253421.5618368194,37680.02129137166,19584.711903700303,588.7503326776822
150,qbest,factory_limited,5.244777644527709e-06,51446833.583850905,93562405.59495687,2612.8101191021,56.927147928112,1866842.688595308,56120.52193424011,29169.417009301687,876.8831552225017
150,qbest,factory_limited,4.297558525907499e-06,63107521.14965294,114184370.09628436,2641.705723953204,57.25761292588303,2780470.4578837063,83585.75378227579,43444.85090443291,1306.0274028480592
150,qbest,factory_limited,3.5214093971877605e-06,77409183.59172817,139351594.17264974,2670.6013288043087,57.58807860341806,4141225.1896710326,124492.39591067757,64706.643588609884,1945.193686104337
150,qbest,factory_limited,2.885434617783073e-06,94949532.94512762,170065892.39914498,2699.4969336554122,57.91854484479942,6167929.611674051,185418.63820419635,96373.90018240704,2897.166221940568
150,qbest,factory_limited,2.364318372112592e-06,116461464.56648692,207549887.95954573,2728.3925385065168,58.24901155380721,9186497.703494277,276162.0189088988,143539.02661709808,4315.031545451544
150,qbest,factory_limited,1.937316940144021e-06,142843611.44640297,253295680.7760036,2757.2881433576213,58.57947865058528,13682344.866027212,411314.9650244438,213786.63853167518,6426.7963285069345
150,qbest,factory_limited,1.5874329662360128e-06,175197800.18920073,309124242.5160186,2786.183748208725,58.909946068869125,20378447.486215904,612611.3979086637,318413.2419721235,9572.05309232287
150,qbest,factory_limited,1.3007388569603548e-06,214874966.70680803,377257902.773347,2815.079353059829,59.24041375368123,30351604.64194906,912421.7613266375,474243.8225304541,14256.59002072871
150,qbest,factory_limited,1.0658223748611395e-06,263531441.20458728,460408811.830955,2843.974957910933,59.5708816594155,45205597.97130287,1358958.50678659,706337.4683016073,21233.72666854047
150,qbest,factory_limited,8.733323592786795e-07,323197942.8392456,561886901.383071,2872.8705627620375,59.901349748245536,67329095.51406944,2024029.1293387013,1052017.117407335,31625.455145917207
150,qbest,factory_limited,7.156064910559172e-07,396364152.36906755,685731640.7353827,2901.766167613141,60.23181798880214,100279772.99670778,3014583.5181522015,1566871.453073559,47102.86747112815
150,qbest,factory_limited,5.863662838101185e-07,486082378.0863742,836872833.2128501,2930.6617724642456,60.56228635507469,149356423.03660363,4489912.549274467,2333694.1099469317,70154.88358241355
150,qbest,factory_limited,4.804671604948061e-07,596094623.1442752,1021326853.4883949,2959.55737731535,60.892754825498834,222451053.04557538,6687263.623231461,3475797.7038371153,104488.49411299158
150,qbest,factory_limited,3.93693666719584e-07,730988333.9289719,1246436137.3183699,2988.4529821664537,61.22322338219885,331317997.5457629,9959992.377539972,5176843.711652545,155624.88089906206
150,qbest,factory_limited,3.22591669023728e-07,896387299.6513857,1521161456.8898554,3017.3485870175573,61.55369201035866,493464130.62492615,14834385.744272131,7710377.041014471,231787.27725425205
150,qbest,factory_limited,2.64330858534326e-07,1099185632.1720057,1856438616.185783,3046.244191868662,61.88416069769975,734964143.2617321,22094294.05850779,11483814.738464564,345223.3446641842
150,qbest,factory_limited,2.1659208678558458e-07,1347834542.6740582,2265613765.097737,3075.1397967197663,62.214629434047836,1094653609.7697191,32907181.892064556,17103962.65265186,514174.7170635087
150,qbest,factory_limited,1.7747504895287205e-07,1652693822.2155786,2764974660.5393057,3104.03540157087,62.54509821097331,1630374129.6330905,49011867.82478071,25474595.77551704,765810.4347621986
150,qbest,factory_limited,1.45422639710772e-07,2026462617.1465802,3374399022.1098633,3132.9310064219744,62.875567021492884,2428274824.888252,72998143.55276185,37941794.138878934,1140595.993011904
150,qbest,factory_limited,1.1915897060022631e-07,2484707379.02396,4118145790.96181,3161.8266112730785,63.20603585982217,3616665965.1996927,108723237.83292726,56510405.7062452,1698800.5911394884
150,qbest,factory_limited,9.763858160424957e-08,3046508898.165783,5025820788.974945,3190.7222161241825,63.536504721170374,5386652519.628117,161932096.7571104,84166445.61918932,2530189.01182985
150,qbest,factory_limited,8.000482523194604e-08,3735255267.1807785,6133555217.576068,3219.6178209752866,63.86697360157007,8022865712.900813,241181227.51687145,125357276.7640752,3768456.6799511164
150,qbest,factory_limited,6.555576653435989e-08,4579613670.058178,7485443907.904961,3248.5134258263906,64.19744249773609,11949234522.312046,359214668.8114242,186706789.41112572,5612729.200178503
150,qbest,factory_limited,5.371624165727791e-08,5614721304.071833,9135300573.773075,3277.409030677495,64.52791140694848,17797157621.573578,535013357.4565822,278080587.83708715,8359583.710259097
150,qbest,factory_limited,4.401496268479646e-08,6883644822.546481,11148799937.575893,3306.3046355285987,64.85838032695547,26507038489.847042,796847449.4765989,414172476.40386003,12450741.398071857
150,qbest,factory_limited,3.6065757401728826e-08,8439168812.173817,13606091999.308504,3335.2002403797032,65.18884925589312,39479511528.88133,1186822438.8937614,616867367.6387708,18544100.60771502
150,qbest,factory_limited,2.9552197198832463e-08,10345987449.310202,16604992513.113407,3364.0958452308073,65.51931819221865,58800677833.4017,1767650134.7741358,918760591.1469016,27619533.355845872
150,qbest,factory_limited,2.4215001214332402e-08,12683390179.346556,20264876672.49092,3392.9914500819114,65.84978713465527,87577570739.14505,2632733336.150479,1368399542.7991414,41136458.37735123
150,qbest,factory_limited,1.9841715316967552e-08,15548552722.463787,24731430997.45173,3421.8870549330154,66.18025608214639,130437797303.9813,3921185919.612812,2038090582.8747077,61268529.99395019
150,qbest,factory_limited,1.6258255088856447e-08,19060569773.885605,30182452578.75206,3450.7826597841195,66.51072503381772,194273702980.31857,5840203717.1952095,3035526609.0674777,91253183.08117515
150,qbest,factory_limited,1.3321976165452046e-08,23365396473.424137,36834926525.78342,3479.6782646352235,66.84119398894593,289350728468.1283,8698383641.474632,4521105132.314505,135912244.39804113
150,qbest,factory_limited,1.0915996088320412e-08,28641903337.07541,44953663345.2722,3508.5738694863276,67.1716629469326,430958193418.06854,12955349100.495169,6733721772.157321,202427329.695237
150,qbest,factory_limited,8.944541644597905e-09,35109295427.54249,54861840073.04979,3537.469474337432,67.5021319072827,641867969220.0004,19295661956.713478,10029187019.062506,301494718.0736481
150,qbest,factory_limited,7.329136487832536e-09,43036202995.39417,66953864762.55734,3566.3650791885357,67.83260086958681,955996419613.1061,28738906799.00921,14937444056.454782,449045418.7345189
150,qbest,factory_limited,6.005477283424599e-09,52751819980.929596,81711076418.03224,3595.26068403964,68.16306983350627,1423858485139.3875,42803650160.070435,22247788830.30293,668807033.7511005
150,qbest,factory_limited,4.9208740295126795e-09,64659551486.072845,99720905328.93811,3624.1562888907447,68.49353879876101,2120690981796.6833,63751640931.89736,33135796590.573177,996119389.5608963
150,qbest,factory_limited,4.032152661898664e-09,79253735105.57605,121700256508.04506,3653.0518937418483,68.82400776511945,3158551420110.744,94951521805.04716,49352365939.23038,1483617528.203862
150,qbest,factory_limited,3.30393645343254e-09,97140128134.07669,148524047041.7793,3681.947498592953,69.1544767323901,4704337953581.276,141420540103.83087,73505280524.70744,2209695939.1223574
150,qbest,factory_limited,2.7072377966910252e-09,119061008390.41463,181260033319.73602,3710.8431034440573,69.48494570041464,7006628241223.734,210631370441.0386,109478566269.12085,3291115163.141228
150,qbest,factory_limited,2.218304314000376e-09,145925927153.55545,221211314487.20648,3739.738708295161,69.81541466906216,10435653176945.047,313713794200.59125,163057080889.76636,4901778034.384238
150,qbest,factory_limited,1.8176733626899397e-09,178849386361.33014,269968204026.74872,3768.6343131462645,70.14588363822449,15542833654103.354,467244477713.1635,242856775845.3649,7300694964.26818
150,qbest,factory_limited,1.4893972989099906e-09,219196998430.03403,329471534285.57385,3797.529917997369,70.47635260781219,23149454461828.93,695912663036.5979,361710225966.077,10873635359.946842
150,qbest,factory_limited,1.2204086606174117e-09,268642037623.6164,402089913869.0224,3826.4255228484735,70.80682157775131,34478734946687.977,1036490440603.9714,538730233541.99963,16195163134.437054
150,qbest,factory_limited,1e-09,329234721304.51465,490714013232.664,3855.321127699578,71.13729054798077,51352534699430.36,1543746062581.5747,802383354678.5994,24121032227.837105
200,default,optimistic,0.049999999999999996,4680.663195424079,13299.632807129543,1327.6990904141662,112.86941273205377,0.04239952468394634,0.001405075446983146,0.0006624925731866615,2.1954303859111656e-05
200,default,optimistic,0.040969882969123315,5709.6187286168615,16230.987060852387,1356.5946952652703,113.69788321277315,0.06314973753933717,0.002092715575501446,0.0009867146490521433,3.2698680867210097e-05
200,default,optimistic,0.03357062621007322,6971.554027622556,19808.43717943344,1385.4903001163743,114.5315577344227,0.0940550485179636,0.0031168849255387198,0.0014696101330931813,4.8701326961542496e-05
200,default,optimistic,0.027507692540537677,8519.420802915021,24174.388287076556,1414.3859049674784,115.36967090938714,0.14008533521150315,0.004642279989110638,0.0021888333626797368,7.253562482985372e-05
200,default,optimistic,0.022539738882729105,10418.197896062276,29502.6328306764,1443.2815098185824,116.21155938968063,0.20864271988091337,0.006914199276565284,0.0032600424981392715,0.00010803436369633256
200,default,optimistic,0.0184690092836002,12747.620614086005,36005.268617573136,1472.1771146696865,117.05665114758779,0.3107519034278661,0.010297989726641744,0.004855498491060408,0.00016090608947877725
200,default,optimistic,0.01513346297809504,15605.528926548533,43941.14164874267,1501.072719520791,117.904455032773,0.4628330455966026,0.015337798083063063,0.007231766337446916,0.00023965309504786036
200,default,optimistic,0.012400324142602285,19111.97474008714,53626.1498255421,1529.968324371895,118.75455090537064,0.6893422879578646,0.022844075036140964,0.010770973249341634,0.00035693867243970256
200,default,optimistic,0.010160796578032203,23414.26020967343,65445.81768265863,1558.863929222999,119.60658052307369,1.0267045417088763,0.03402390365492549,0.01604225846420119,0.0005316234946082108
200,default,optimistic,0.008325732933500966,28693.117972405475,79870.64270110484,1587.7595340741032,120.46023927056345,1.5291709711998187,0.05067511020201974,0.023893296424997167,0.0007917985969065584
200,default,optimistic,0.0068220860783542074,35170.29192192127,97474.82408150741,1616.6551389252072,121.31526875606777,2.277543114076577,0.07547537225685431,0.03558661115744652,0.0011793026915133487
200,default,optimistic,0.005590001364709142,43117.83567022246,118959.11950123063,1645.5507437763115,122.17145025684442,3.392166562256709,0.11241281557358507,0.05300260253526108,0.0017564502433372667
200,default,optimistic,0.004580434034187464,52869.517609225804,145178.7396987238,1674.4463486274155,123.02859896801182,5.052283715277932,0.16742734387816458,0.07894193305121769,0.0026160522480963215
200,default,optimistic,0.0037531969265689963,64834.809478410476,177177.3912658437,1703.3419534785198,123.88655899326304,7.5248577188618855,0.24936583373581248,0.11757590185721696,0.00389634115212207
200,default,optimistic,0.0030753607768321026,79516.04323494175,216228.8227664358,1732.2375583296239,124.74519900828658,11.207502761154881,0.3714047992065568,0.17511723064304502,0.00580319998760245
200,default,optimistic,0.0025199434222928684,97529.45330436071,263887.52797926625,1761.133163180728,125.60440852562544,16.692424339990346,0.5531693047404533,0.26081913031234916,0.008643270386569583
200,default,optimistic,0.0020648357420030186,119630.98347431586,322050.62457481667,1790.028768031832,126.46409469130846,24.861651724241007,0.8238888683203486,0.38846330819126573,0.012873263567505447
200,default,optimistic,0.0016919215740065319,146747.9365362551,393033.3713883537,1818.924372882936,127.32417954748237,37.02887692452548,1.2270978550783365,0.5785762019457106,0.019173403985599007
200,default,optimistic,0.0013863565775996507,180017.78856107764,479661.3303540074,1847.8199777340403,128.18459770045766,55.15070927305872,1.8276362308519174,0.8617298323915425,0.02855681610706121
200,default,optimistic,0.0011359773347546405,220835.78856444408,585382.8417273011,1876.7155825851446,129.045294339362,82.14131742426383,2.722076465620882,1.2834580847541224,0.04253244477532628
200,default,optimistic,0.0009308171692094851,270913.3307168842,714406.2898208313,1905.6111874362484,129.9062235565075,122.34105630060667,4.054253335322194,1.9115790046969792,0.06334770836440928
200,default,optimistic,0.0007627094097632645,332349.5354322292,871867.6232968976,1934.5067922873527,130.7673469263242,182.21443879991904,6.038393966725709,2.847100606248735,0.09434990573008921
200,default,optimistic,0.0006249623051490014,407719.0263159447,1064034.7983834553,1963.4023971384568,131.6286323051094,271.3896929709993,8.993567663795659,4.240463952671864,0.14052449474680717
200,default,optimistic,0.0005120926500413626,500179.5649811556,1298557.2831454729,1992.2980019895608,132.4900528187968,404.20707566301803,13.394995386021488,6.315735557234657,0.20929680290658575
200,default,optimistic,0.000419607518830857,613604.0332221219,1584770.5546585547,2021.193606840665,133.3515860104148,602.0249266928051,19.950469946852188,9.40663947957508,0.31172609291956543
200,default,optimistic,0.0003438254187892884,752742.2663850076,1934067.7099967634,2050.0892116917694,134.21321312287583,896.6542996927493,29.714176050826595,14.010223432699208,0.46428400079416554
200,default,optimistic,0.00028172974339213923,923419.4851696639,2360352.9835005393,2078.9848165428734,135.0749184962405,1335.47449201841,44.25621354943707,20.866788937787657,0.6915033367099542
200,default,optimistic,0.0002308486923139418,1132779.5972231408,2880595.2231782107,2107.8804213939775,135.93668906165277,1989.0521011754117,65.9150849205153,31.07893908086581,1.0299232018830515
200,default,optimistic,0.0001891568781535471,1389583.5080937655,3515503.35809984,2136.7760262450815,136.79851391679577,2962.488826881899,98.17374943803812,46.28888792002967,1.5339648349693455
200,default,optimistic,0.00015499470321511088,1704574.8710387307,4290350.744654648,2165.6716310961856,137.66038397000491,4412.322856808929,146.21971723688023,68.94254463763951,2.2846830818262536
200,default,optimistic,0.0001270022970311419,2090928.5119604028,5235981.205862904,2194.5672359472896,138.52229164213884,6571.701744850032,217.77925189999203,102.68283976328175,3.4028008109373755
200,default,optimistic,0.00010406538492351445,2564800.205982621,6390036.810465099,2223.4628407983937,139.38423061699166,9787.87482802171,324.35982953848657,152.9355441878392,5.068122336538853
200,default,optimistic,8.527093282906315e-05,3146000.698751987,7798456.265155686,2252.3584456494978,140.24619563246296,14578.034330924624,483.10065398952685,227.78178642069724,7.548447718586357
200,default,optimistic,6.987080277349386e-05,3858822.033557168,9517303.565442132,2281.2540505006023,141.10818230592275,21712.484955896252,719.5288091536514,339.25757743587894,11.242637643025803
200,default,optimistic,5.7251972251774814e-05,4733050.579369141,11614999.696990572,2310.1496553517063,141.97018698824442,32338.516445935682,1071.6642648413706,505.28931946774503,16.744754138146416
200,default,optimistic,4.6912132058134204e-05,5805208.917849154,14175046.223275935,2339.0452602028104,142.83220664185504,48164.89904533291,1596.133861393098,752.5765475833267,24.939591584267156
200,default,optimistic,3.843969120507633e-05,7120078.26144197,17299349.17553812,2367.9408650539144,143.69423873889605,71736.67054039123,2377.2774618576536,1120.885477193613,37.14496034152584
200,default,optimistic,3.149739300082433e-05,8732564.73467269,21112275.55687144,2396.8364699050185,144.55628117621126,106844.4033356546,3540.7106304503877,1669.443802119603,55.32360360078731
200,default,optimistic,2.5808890101525137e-05,10709987.14046654,25765603.93494725,2425.7320747561225,145.41833220440972,159133.76573177357,5273.524849214698,2486.465089558962,82.39882576897966
200,default,optimistic,2.1147744140449004e-05,13134881.345486557,31444566.188247748,2454.6276796072266,146.28039036869367,237013.40084627882,7854.373666155088,3703.3343882231065,122.72458853367326
200,default,optimistic,1.7328412049903184e-05,16108437.879464071,38375220.90549506,2483.523284458331,147.1424544595179,353007.11902591854,11698.282923001148,5515.736234779977,182.78567067189294
200,default,optimistic,1.4198860274505597e-05,19754715.64324085,46833451.94617261,2512.418889309435,148.0045234714599,525767.8495732006,17423.390987402778,8215.122649581259,272.2404841781684
200,default,optimistic,1.1634512874828548e-05,24225806.849187575,57155950.36171867,2541.314494160539,148.86659656894523,783077.2150080424,25950.35147449048,12235.581484500663,405.47424178891373
200,default,optimistic,9.533292617689702e-06,29708167.81186365,69753616.82726033,2570.210099011643,149.72867305769444,1166313.0888709319,38650.38339187086,18223.64201360831,603.9122404979822
200,default,optimistic,7.811557657143072e-06,36430378.60320964,85127918.08537729,2599.1057038627473,150.59075236094213,1737103.5642477411,57565.77662568827,27142.243191370955,899.4652597763792
200,default,optimistic,6.400772060394231e-06,44672653.89083643,103890848.49172401,2628.0013087138514,151.45283399963705,2587237.3565174914,85738.31221595561,40425.5836955858,1339.6611283743064
200,default,optimistic,5.244777644527709e-06,54778499.94738132,126789291.25819185,2656.896913564956,152.31491757596078,3853424.330436192,127698.41062754625,60209.7551630655,1995.2876660554102
200,default,optimistic,4.297558525907499e-06,67169001.86399354,154734749.12504086,2685.79251841606,153.1770027596116,5739279.789305681,190193.66786376547,89676.24670790127,2971.7760603713355
200,default,optimistic,3.5214093971877605e-06,82360334.11024138,188839627.93066305,2714.688123267164,154.03908927639358,8548067.815880615,283273.9351860773,133563.5596231346,4426.155237282458
200,default,optimistic,2.885434617783073e-06,100985221.27485515,230461517.3943513,2743.583728118268,154.90117689872437,12731469.115872012,421907.43391774734,198929.2049355002,6592.303654964802
200,default,optimistic,2.364318372112592e-06,123819239.63283934,281257231.7670972,2772.4793329693725,155.76326543774215,18962215.712335743,628387.7924671383,296284.620505246,9818.559257299035
200,default,optimistic,1.937316940144021e-06,151813050.89675385,343248761.50984466,2801.374937820476,156.62535473674257,28242272.863301445,935919.0807685677,441285.5134890851,14623.735637008871
200,default,optimistic,1.5874329662360128e-06,186131905.4321597,418903761.29281574,2830.2705426715806,157.48744466572373,42063964.917680085,1393955.3508950258,657249.4518387513,21780.552357734778
200,default,optimistic,1.3007388569603548e-06,228204053.5280292,511233778.24696225,2859.1661475226847,158.3495351168524,62649955.72983734,2076153.33442418,978905.5582787085,32439.895850377812
200,default,optimistic,1.0658223748611395e-06,279780072.4817244,623914130.5727553,2888.0617523737887,159.2116260006968,93310674.84085023,3092217.168414344,1457979.294388285,48315.893256474126
200,default,optimistic,8.733323592786795e-07,343005569.56024384,761430208.4325747,2916.9573572248933,160.0737172430974,138976667.06743073,4605539.898279424,2171510.422928605,71961.560910616
200,default,optimistic,7.156064910559172e-07,420510275.04722154,929256020.8268368,2945.852962075997,160.9358087825674,206991472.5417444,6859478.684519567,3234241.7584647564,107179.35444561823
200,default,optimistic,5.863662838101185e-07,515517218.5011371,1134072095.7479482,2974.7485669271014,161.79790056813408,308292540.10107565,10216489.024654098,4817070.939079307,159632.64101022028
200,default,optimistic,4.804671604948061e-07,631976513.113873,1384031407.415337,3003.644171778205,162.65999255754684,459170076.50064206,15216411.15766338,7174532.445322532,237756.42433849032
200,default,optimistic,3.93693666719584e-07,774729292.0663081,1689083916.1761858,3032.5397766293095,163.52208471578913,683886671.68035,22663281.67732768,10685729.245005468,354113.776208245
200,default,optimistic,3.22591669023728e-07,949708589.1623578,2061372639.8109956,3061.4353814804135,164.38417701384367,1018578961.5612568,33754630.514648125,15915296.274394637,527416.101791377
200,default,optimistic,2.64330858534326e-07,1164185485.394825,2515717022.3851204,3090.3309863315176,165.24626942766756,1517068754.0758793,50274055.514221676,23704199.282435615,785532.1174097137
200,default,optimistic,2.1659208678558458e-07,1427070716.6731527,3070202841.7814546,3119.226591182622,166.10836193734207,2259518104.58136,74878042.4881327,35304970.38408375,1169969.4138770734
200,default,optimistic,1.7747504895287205e-07,1749284233.15922,3746902137.962283,3148.1221960337257,166.97045452636706,3365320161.8016987,111523154.22949235,52583127.52815154,1742549.284835818
200,default,optimistic,1.45422639710772e-07,2144208012.3603413,4572751819.655076,3177.0178008848297,167.83254718107608,5012298758.954783,166102284.67532822,78317168.10866849,2595348.1980520035
200,default,optimistic,1.1915897060022631e-07,2628240872.4934044,5580625923.561093,3205.913405735934,168.6946398901507,7465304232.917152,247392294.13821217,116645378.6393305,3865504.595909565
200,default,optimistic,9.763858160424957e-08,3221478251.956507,6810644208.780014,3234.8090105870383,169.5567326442184,11118803960.048126,368465414.66059905,173731311.87575197,5757272.10407186
200,default,optimistic,8.000482523194604e-08,3948545089.3119874,8311769176.778965,3263.704615438142,170.4188254355189,16560316585.205387,548791393.337246,258754946.64383417,8574865.520894468
200,default,optimistic,6.555576653435989e-08,4839616269.466593,10143755088.393923,3292.6002202892464,171.28091825762726,24664890791.09922,817368418.9015442,385388918.6109253,12771381.545336628
200,default,optimistic,5.371624165727791e-08,5931666857.186421,12379526561.057907,3321.495825140351,172.1430111052249,36735821722.17309,1217386315.3262901,573997214.4089545,19021661.176973283
200,default,optimistic,4.401496268479646e-08,7270003838.931314,15108081429.458385,3350.3914299914545,173.0051039739095,54714233646.24355,1813171889.7769625,854909900.7225555,28330810.77776504
200,default,optimistic,3.6065757401728826e-08,8910142730.435743,18438033421.82413,3379.2870348425586,173.86719686003744,81491231804.64528,2700533315.0933313,1273300496.9475825,42195833.0483333
200,default,optimistic,2.9552197198832463e-08,10920106660.84667,22501935672.747505,3408.1826396936626,174.72928976059345,121372820534.68661,4022167025.116451,1896450320.8544784,62846359.76744454
200,default,optimistic,2.4215001214332402e-08,13383243002.84806,27461557175.676994,3437.078244544767,175.59138267308236,180772351065.44925,5990604702.973272,2824567985.3976445,93603198.48395738
200,default,optimistic,1.9841715316967552e-08,16401674002.551477,33514322211.2365,3465.9738493958707,176.4534755954397,269241851394.48877,8922390463.445883,4206903928.038887,139412350.99134192
200,default,optimistic,1.6258255088856447e-08,20100524055.40266,40901169081.31559,3494.8694542469752,177.31556852595753,401008086220.4767,13288984256.076557,6265751347.194948,207640379.0011962
200,default,optimistic,1.3321976165452046e-08,24633098355.597466,49916140976.21475,3523.7650590980793,178.17766146322288,597260360457.8427,19792577256.257816,9332193132.153791,309259019.6290284
200,default,optimistic,1.0915996088320412e-08,30187226939.95973,60918090751.972275,3552.6606639491833,179.03975440606695,889557967611.9185,29479011103.93771,13899343243.936226,460609548.4990267
200,default,optimistic,8.944541644597905e-09,36993036273.673096,74344965541.98456,3581.5562688002874,179.90184735352312,1324905234185.0518,43905959512.74243,20701644284.141434,686030617.3866005
200,default,optimistic,7.329136487832536e-09,45332469469.532684,90731239820.741,3610.4518736513915,180.76394030479193,1973310277106.9172,65393417504.329735,30832973079.79558,1021772148.5051521
200,default,optimistic,6.005477283424599e-09,55550948425.19993,110729190865.78812,3639.347478502496,181.6260332592122,2939042996634.3784,97396779397.44238,45922546822.41216,1521824678.0850372
200,default,optimistic,4.9208740295126795e-09,68071659580.97642,135134863515.76675,3668.2430833536005,182.48812621623728,4377402700567.586,145062500157.0835,68396917196.36853,2266601564.9544296
200,default,optimistic,4.032152661898664e-09,83413053289.10101,164919757785.99362,3697.138688204704,183.35021917541513,6519691758466.635,216055695907.0894,101870183726.04117,3375870248.5482717
200,default,optimistic,3.30393645343254e-09,102210279408.39955,201269500708.95328,3726.0342930558086,184.21231213637208,9710411294785.973,321792769898.1386,151725176481.03082,5028012029.658416
200,default,optimistic,2.7072377966910252e-09,125241444161.62785,245631041783.34982,3754.929897906913,185.07440509879916,14462660353759.352,479277282295.0537,225979068027.48987,7488707535.860214
200,default,optimistic,2.218304314000376e-09,153459772210.912,299770250708.87744,3783.8255027580167,185.936498062441,21540647265941.703,713834289679.1711,336572613530.3391,11153660776.23705
200,default,optimistic,1.8176733626899397e-09,188033001516.16122,365842210160.5668,3812.7211076091203,186.7985910270865,32082581854666.324,1063182862917.4854,501290341479.1613,16612232233.085709
200,default,optimistic,1.4893972989099906e-09,230391636879.55957,446477001699.3728,3841.616712460225,187.66068399256125,47783710756398.89,1583501684276.7,746620480568.7327,24742213816.823437
200,default,optimistic,1.2204086606174117e-09,282288053437.0617,544884399640.4115,3870.5123173113293,188.522776958721,71168929732477.06,2358463131381.147,1112014527069.954,36850986427.83042
200,default,optimistic,1e-09,345868888785.3578,664981640356.477,3899.407922162433,189.38486992544665,105998811709865.83,3512688617457.8643,1656231432966.6536,54885759647.77913
200,default,moderate,0.049999999999999996,46806.631954240795,13299.632807129543,1327.6990904141662,112.86941273205377,0.04239952468394634,0.001405075446983146,0.0006624925731866615,2.1954303859111656e-05
200,default,moderate,0.040969882969123315,57096.187286168606,16230.987060852387,1356.5946952652703,113.69788321277315,0.06314973753933717,0.002092715575501446,0.0009867146490521433,3.2698680867210097e-05
200,default,moderate,0.03357062621007322,69715.54027622555,19808.43717943344,1385.4903001163743,114.5315577344227,0.0940550485179636,0.0031168849255387198,0.0014696101330931813,4.8701326961542496e-05
200,default,moderate,0.027507692540537677,85194.20802915022,24174.388287076556,1414.3859049674784,115.36967090938714,0.14008533521150315,0.004642279989110638,0.0021888333626797368,7.253562482985372e-05
200,default,moderate,0.022539738882729105,104181.97896062277,29502.6328306764,1443.2815098185824,116.21155938968063,0.20864271988091337,0.006914199276565284,0.0032600424981392715,0.00010803436369633256
200,default,moderate,0.0184690092836002,127476.20614086006,36005.268617573136,1472.1771146696865,117.05665114758779,0.3107519034278661,0.010297989726641744,0.004855498491060408,0.00016090608947877725
200,default,moderate,0.01513346297809504,156055.28926548533,43941.14164874267,1501.072719520791,117.904455032773,0.4628330455966026,0.015337798083063063,0.007231766337446916,0.00023965309504786036
200,default,moderate,0.012400324142602285,191119.7474008714,53626.1498255421,1529.968324371895,118.75455090537064,0.6893422879578646,0.022844075036140964,0.010770973249341634,0.00035693867243970256
200,default,moderate,0.010160796578032203,234142.6020967343,65445.81768265863,1558.863929222999,119.60658052307369,1.0267045417088763,0.03402390365492549,0.01604225846420119,0.0005316234946082108
200,default,moderate,0.008325732933500966,286931.17972405476,79870.64270110484,1587.7595340741032,120.46023927056345,1.5291709711998187,0.05067511020201974,0.023893296424997167,0.0007917985969065584
200,default,moderate,0.0068220860783542074,351702.91921921266,97474.82408150741,1616.6551389252072,121.31526875606777,2.277543114076577,0.07547537225685431,0.03558661115744652,0.0011793026915133487
200,default,moderate,0.005590001364709142,431178.35670222464,118959.11950123063,1645.5507437763115,122.17145025684442,3.392166562256709,0.11241281557358507,0.05300260253526108,0.0017564502433372667
200,default,moderate,0.004580434034187464,528695.1760922581,145178.7396987238,1674.4463486274155,123.02859896801182,5.052283715277932,0.16742734387816458,0.07894193305121769,0.0026160522480963215
200,default,moderate,0.0037531969265689963,648348.0947841047,177177.3912658437,1703.3419534785198,123.88655899326304,7.5248577188618855,0.24936583373581248,0.11757590185721696,0.00389634115212207
200,default,moderate,0.0030753607768321026,795160.4323494176,216228.8227664358,1732.2375583296239,124.74519900828658,11.207502761154881,0.3714047992065568,0.17511723064304502,0.00580319998760245
200,default,moderate,0.0025199434222928684,975294.5330436071,263887.52797926625,1761.133163180728,125.60440852562544,16.692424339990346,0.5531693047404533,0.26081913031234916,0.008643270386569583
200,default,moderate,0.0020648357420030186,1196309.8347431587,322050.62457481667,1790.028768031832,126.46409469130846,24.861651724241007,0.8238888683203486,0.38846330819126573,0.012873263567505447
200,default,moderate,0.0016919215740065319,1467479.365362551,393033.3713883537,1818.924372882936,127.32417954748237,37.02887692452548,1.2270978550783365,0.5785762019457106,0.019173403985599007
200,default,moderate,0.0013863565775996507,1800177.8856107763,479661.3303540074,1847.8199777340403,128.18459770045766,55.15070927305872,1.8276362308519174,0.8617298323915425,0.02855681610706121
200,default,moderate,0.0011359773347546405,2208357.885644441,585382.8417273011,1876.7155825851446,129.045294339362,82.14131742426383,2.722076465620882,1.2834580847541224,0.04253244477532628
200,default,moderate,0.0009308171692094851,2709133.307168842,714406.2898208313,1905.6111874362484,129.9062235565075,122.34105630060667,4.054253335322194,1.9115790046969792,0.06334770836440928
200,default,moderate,0.0007627094097632645,3323495.3543222924,871867.6232968976,1934.5067922873527,130.7673469263242,182.21443879991904,6.038393966725709,2.847100606248735,0.09434990573008921
200,default,moderate,0.0006249623051490014,4077190.263159447,1064034.7983834553,1963.4023971384568,131.6286323051094,271.3896929709993,8.993567663795659,4.240463952671864,0.14052449474680717
200,default,moderate,0.0005120926500413626,5001795.649811557,1298557.2831454729,1992.2980019895608,132.4900528187968,404.20707566301803,13.394995386021488,6.315735557234657,0.20929680290658575
200,default,moderate,0.000419607518830857,6136040.332221219,1584770.5546585547,2021.193606840665,133.3515860104148,602.0249266928051,19.950469946852188,9.40663947957508,0.31172609291956543
200,default,moderate,0.0003438254187892884,7527422.6638500765,1934067.7099967634,2050.0892116917694,134.21321312287583,896.6542996927493,29.714176050826595,14.010223432699208,0.46428400079416554
200,default,moderate,0.00028172974339213923,9234194.851696638,2360352.9835005393,2078.9848165428734,135.0749184962405,1335.47449201841,44.25621354943707,20.866788937787657,0.6915033367099542
200,default,moderate,0.0002308486923139418,11327795.972231409,2880595.2231782107,2107.8804213939775,135.93668906165277,1989.0521011754117,65.9150849205153,31.07893908086581,1.0299232018830515
200,default,moderate,0.0001891568781535471,13895835.080937656,3515503.35809984,2136.7760262450815,136.79851391679577,2962.488826881899,98.17374943803812,46.28888792002967,1.5339648349693455
200,default,moderate,0.00015499470321511088,17045748.710387304,4290350.744654648,2165.6716310961856,137.66038397000491,4412.322856808929,146.21971723688023,68.94254463763951,2.2846830818262536
200,default,moderate,0.0001270022970311419,20909285.119604025,5235981.205862904,2194.5672359472896,138.52229164213884,6571.701744850032,217.77925189999203,102.68283976328175,3.4028008109373755
200,default,moderate,0.00010406538492351445,25648002.05982621,6390036.810465099,2223.4628407983937,139.38423061699166,9787.87482802171,324.35982953848657,152.9355441878392,5.068122336538853
200,default,moderate,8.527093282906315e-05,31460006.987519875,7798456.265155686,2252.3584456494978,140.24619563246296,14578.034330924624,483.10065398952685,227.78178642069724,7.548447718586357
200,default,moderate,6.987080277349386e-05,38588220.335571684,9517303.565442132,2281.2540505006023,141.10818230592275,21712.484955896252,719.5288091536514,339.25757743587894,11.242637643025803
200,default,moderate,5.7251972251774814e-05,47330505.793691404,11614999.696990572,2310.1496553517063,141.97018698824442,32338.516445935682,1071.6642648413706,505.28931946774503,16.744754138146416
200,default,moderate,4.6912132058134204e-05,58052089.17849155,14175046.223275935,2339.0452602028104,142.83220664185504,48164.89904533291,1596.133861393098,752.5765475833267,24.939591584267156
200,default,moderate,3.843969120507633e-05,71200782.6144197,17299349.17553812,2367.9408650539144,143.69423873889605,71736.67054039123,2377.2774618576536,1120.885477193613,37.14496034152584
200,default,moderate,3.149739300082433e-05,87325647.34672691,21112275.55687144,2396.8364699050185,144.55628117621126,106844.4033356546,3540.7106304503877,1669.443802119603,55.32360360078731
200,default,moderate,2.5808890101525137e-05,107099871.40466538,25765603.93494725,2425.7320747561225,145.41833220440972,159133.76573177357,5273.524849214698,2486.465089558962,82.39882576897966
200,default,moderate,2.1147744140449004e-05,131348813.45486559,31444566.188247748,2454.6276796072266,146.28039036869367,237013.40084627882,7854.373666155088,3703.3343882231065,122.72458853367326
200,default,moderate,1.7328412049903184e-05,161084378.79464072,38375220.90549506,2483.523284458331,147.1424544595179,353007.11902591854,11698.282923001148,5515.736234779977,182.78567067189294
200,default,moderate,1.4198860274505597e-05,197547156.43240848,46833451.94617261,2512.418889309435,148.0045234714599,525767.8495732006,17423.390987402778,8215.122649581259,272.2404841781684
200,default,moderate,1.1634512874828548e-05,242258068.49187577,57155950.36171867,2541.314494160539,148.86659656894523,783077.2150080424,25950.35147449048,12235.581484500663,405.47424178891373
200,default,moderate,9.533292617689702e-06,297081678.1186365,69753616.82726033,2570.210099011643,149.72867305769444,1166313.0888709319,38650.38339187086,18223.64201360831,603.9122404979822
200,default,moderate,7.811557657143072e-06,364303786.0320964,85127918.08537729,2599.1057038627473,150.59075236094213,1737103.5642477411,57565.77662568827,27142.243191370955,899.4652597763792
200,default,moderate,6.400772060394231e-06,446726538.90836436,103890848.49172401,2628.0013087138514,151.45283399963705,2587237.3565174914,85738.31221595561,40425.5836955858,1339.6611283743064
200,default,moderate,5.244777644527709e-06,547784999.4738132,126789291.25819185,2656.896913564956,152.31491757596078,3853424.330436192,127698.41062754625,60209.7551630655,1995.2876660554102
200,default,moderate,4.297558525907499e-06,671690018.6399354,154734749.12504086,2685.79251841606,153.1770027596116,5739279.789305681,190193.66786376547,89676.24670790127,2971.7760603713355
200,default,moderate,3.5214093971877605e-06,823603341.1024139,188839627.93066305,2714.688123267164,154.03908927639358,8548067.815880615,283273.9351860773,133563.5596231346,4426.155237282458
200,default,moderate,2.885434617783073e-06,1009852212.7485515,230461517.3943513,2743.583728118268,154.90117689872437,12731469.115872012,421907.43391774734,198929.2049355002,6592.303654964802
200,default,moderate,2.364318372112592e-06,1238192396.3283935,281257231.7670972,2772.4793329693725,155.76326543774215,18962215.712335743,628387.7924671383,296284.620505246,9818.559257299035
200,default,moderate,1.937316940144021e-06,1518130508.9675384,343248761.50984466,2801.374937820476,156.62535473674257,28242272.863301445,935919.0807685677,441285.5134890851,14623.735637008871
200,default,moderate,1.5874329662360128e-06,1861319054.3215969,418903761.29281574,2830.2705426715806,157.48744466572373,42063964.917680085,1393955.3508950258,657249.4518387513,21780.552357734778
200,default,moderate,1.3007388569603548e-06,2282040535.280292,511233778.24696225,2859.1661475226847,158.3495351168524,62649955.72983734,2076153.33442418,978905.5582787085,32439.895850377812
200,default,moderate,1.0658223748611395e-06,2797800724.817244,623914130.5727553,2888.0617523737887,159.2116260006968,93310674.84085023,3092217.168414344,1457979.294388285,48315.893256474126
200,default,moderate,8.733323592786795e-07,3430055695.602439,761430208.4325747,2916.9573572248933,160.0737172430974,138976667.06743073,4605539.898279424,2171510.422928605,71961.560910616
200,default,moderate,7.156064910559172e-07,4205102750.472215,929256020.8268368,2945.852962075997,160.9358087825674,206991472.5417444,6859478.684519567,3234241.7584647564,107179.35444561823
200,default,moderate,5.863662838101185e-07,5155172185.011371,1134072095.7479482,2974.7485669271014,161.79790056813408,308292540.10107565,10216489.024654098,4817070.939079307,159632.64101022028
200,default,moderate,4.804671604948061e-07,6319765131.13873,1384031407.415337,3003.644171778205,162.65999255754684,459170076.50064206,15216411.15766338,7174532.445322532,237756.42433849032
200,default,moderate,3.93693666719584e-07,7747292920.66308,1689083916.1761858,3032.5397766293095,163.52208471578913,683886671.68035,22663281.67732768,10685729.245005468,354113.776208245
200,default,moderate,3.22591669023728e-07,9497085891.623577,2061372639.8109956,3061.4353814804135,164.38417701384367,1018578961.5612568,33754630.514648125,15915296.274394637,527416.101791377
200,default,moderate,2.64330858534326e-07,11641854853.94825,2515717022.3851204,3090.3309863315176,165.24626942766756,1517068754.0758793,50274055.514221676,23704199.282435615,785532.1174097137
200,default,moderate,2.1659208678558458e-07,14270707166.731527,3070202841.7814546,3119.226591182622,166.10836193734207,2259518104.58136,74878042.4881327,35304970.38408375,1169969.4138770734
200,default,moderate,1.7747504895287205e-07,17492842331.592197,3746902137.962283,3148.1221960337257,166.97045452636706,3365320161.8016987,111523154.22949235,52583127.52815154,1742549.284835818
200,default,moderate,1.45422639710772e-07,21442080123.603416,4572751819.655076,3177.0178008848297,167.83254718107608,5012298758.954783,166102284.67532822,78317168.10866849,2595348.1980520035
200,default,moderate,1.1915897060022631e-07,26282408724.934044,5580625923.561093,3205.913405735934,168.6946398901507,7465304232.917152,247392294.13821217,116645378.6393305,3865504.595909565
200,default,moderate,9.763858160424957e-08,32214782519.565075,6810644208.780014,3234.8090105870383,169.5567326442184,11118803960.048126,368465414.66059905,173731311.87575197,5757272.10407186
200,default,moderate,8.000482523194604e-08,39485450893.11987,8311769176.778965,3263.704615438142,170.4188254355189,16560316585.205387,548791393.337246,258754946.64383417,8574865.520894468
200,default,moderate,6.555576653435989e-08,48396162694.665924,10143755088.393923,3292.6002202892464,171.28091825762726,24664890791.09922,817368418.9015442,385388918.6109253,12771381.545336628
200,default,moderate,5.371624165727791e-08,59316668571.86422,12379526561.057907,3321.495825140351,172.1430111052249,36735821722.17309,1217386315.3262901,573997214.4089545,19021661.176973283
200,default,moderate,4.401496268479646e-08,72700038389.31316,15108081429.458385,3350.3914299914545,173.0051039739095,54714233646.24355,1813171889.7769625,854909900.7225555,28330810.77776504
200,default,moderate,3.6065757401728826e-08,89101427304.35744,18438033421.82413,3379.2870348425586,173.86719686003744,81491231804.64528,2700533315.0933313,1273300496.9475825,42195833.0483333
200,default,moderate,2.9552197198832463e-08,109201066608.4667,22501935672.747505,3408.1826396936626,174.72928976059345,121372820534.68661,4022167025.116451,1896450320.8544784,62846359.76744454
200,default,moderate,2.4215001214332402e-08,133832430028.48062,27461557175.676994,3437.078244544767,175.59138267308236,180772351065.44925,5990604702.973272,2824567985.3976445,93603198.48395738
200,default,moderate,1.9841715316967552e-08,164016740025.51477,33514322211.2365,3465.9738493958707,176.4534755954397,269241851394.48877,8922390463.445883,4206903928.038887,139412350.99134192
200,default,moderate,1.6258255088856447e-08,201005240554.02658,40901169081.31559,3494.8694542469752,177.31556852595753,401008086220.4767,13288984256.076557,6265751347.194948,207640379.0011962
200,default,moderate,1.3321976165452046e-08,246330983555.97467,49916140976.21475,3523.7650590980793,178.17766146322288,597260360457.8427,19792577256.257816,9332193132.153791,309259019.6290284
200,default,moderate,1.0915996088320412e-08,301872269399.5973,60918090751.972275,3552.6606639491833,179.03975440606695,889557967611.9185,29479011103.93771,13899343243.936226,460609548.4990267
200,default,moderate,8.944541644597905e-09,369930362736.73096,74344965541.98456,3581.5562688002874,179.90184735352312,1324905234185.0518,43905959512.74243,20701644284.141434,686030617.3866005
200,default,moderate,7.329136487832536e-09,453324694695.32684,90731239820.741,3610.4518736513915,180.76394030479193,1973310277106.9172,65393417504.329735,30832973079.79558,1021772148.5051521
200,default,moderate,6.005477283424599e-09,555509484251.9993,110729190865.78812,3639.347478502496,181.6260332592122,2939042996634.3784,97396779397.44238,45922546822.41216,1521824678.0850372
200,default,moderate,4.9208740295126795e-09,680716595809.7642,135134863515.76675,3668.2430833536005,182.48812621623728,4377402700567.586,145062500157.0835,68396917196.36853,2266601564.9544296
200,default,moderate,4.032152661898664e-09,834130532891.0103,164919757785.99362,3697.138688204704,183.35021917541513,6519691758466.635,216055695907.0894,101870183726.04117,3375870248.5482717
200,default,moderate,3.30393645343254e-09,1022102794083.9955,201269500708.95328,3726.0342930558086,184.21231213637208,9710411294785.973,321792769898.1386,151725176481.03082,5028012029.658416
200,default,moderate,2.7072377966910252e-09,1252414441616.2786,245631041783.34982,3754.929897906913,185.07440509879916,14462660353759.352,479277282295.0537,225979068027.48987,7488707535.860214
200,default,moderate,2.218304314000376e-09,1534597722109.1199,299770250708.87744,3783.8255027580167,185.936498062441,21540647265941.703,713834289679.1711,336572613530.3391,11153660776.23705
200,default,moderate,1.8176733626899397e-09,1880330015161.6125,365842210160.5668,3812.7211076091203,186.7985910270865,32082581854666.324,1063182862917.4854,501290341479.1613,16612232233.085709
200,default,moderate,1.4893972989099906e-09,2303916368795.5957,446477001699.3728,3841.616712460225,187.66068399256125,47783710756398.89,1583501684276.7,746620480568.7327,24742213816.823437
200,default,moderate,1.2204086606174117e-09,2822880534370.6167,544884399640.4115,3870.5123173113293,188.522776958721,71168929732477.06,2358463131381.147,1112014527069.954,36850986427.83042
200,default,moderate,1e-09,3458688887853.578,664981640356.477,3899.407922162433,189.38486992544665,105998811709865.83,3512688617457.8643,1656231432966.6536,54885759647.77913
200,default,factory_limited,0.049999999999999996,26435.10249333011,13299.632807129543,1327.6990904141662,112.86941273205377,0.04239952468394634,0.001405075446983146,0.0006624925731866615,2.1954303859111656e-05
200,default,factory_limited,0.040969882969123315,32240.781884022053,16230.987060852387,1356.5946952652703,113.69788321277315,0.06314973753933717,0.002092715575501446,0.0009867146490521433,3.2698680867210097e-05
200,default,factory_limited,0.03357062621007322,39365.48548082007,19808.43717943344,1385.4903001163743,114.5315577344227,0.0940550485179636,0.0031168849255387198,0.0014696101330931813,4.8701326961542496e-05
200,default,factory_limited,0.027507692540537677,48110.15247290127,24174.388287076556,1414.3859049674784,115.36967090938714,0.14008533521150315,0.004642279989110638,0.0021888333626797368,7.253562482985372e-05
200,default,factory_limited,0.022539738882729105,58844.32383788405,29502.6328306764,1443.2815098185824,116.21155938968063,0.20864271988091337,0.006914199276565284,0.0032600424981392715,0.00010803436369633256
200,default,factory_limited,0.0184690092836002,72021.76332132977,36005.268617573136,1472.1771146696865,117.05665114758779,0.3107519034278661,0.010297989726641744,0.004855498491060408,0.00016090608947877725
200,default,factory_limited,0.01513346297809504,88199.63175799024,43941.14164874267,1501.072719520791,117.904455032773,0.4628330455966026,0.015337798083063063,0.007231766337446916,0.00023965309504786036
200,default,factory_limited,0.012400324142602285,108062.02224454825,53626.1498255421,1529.968324371895,118.75455090537064,0.6893422879578646,0.022844075036140964,0.010770973249341634,0.00035693867243970256
200,default,factory_limited,0.010160796578032203,132448.84701546005,65445.81768265863,1558.863929222999,119.60658052307369,1.0267045417088763,0.03402390365492549,0.01604225846420119,0.0005316234946082108
200,default,factory_limited,0.008325732933500966,162391.2918071434,79870.64270110484,1587.7595340741032,120.46023927056345,1.5291709711998187,0.05067511020201974,0.023893296424997167,0.0007917985969065584
200,default,factory_limited,0.0068220860783542074,199155.3294487432,97474.82408150741,1616.6551389252072,121.31526875606777,2.277543114076577,0.07547537225685431,0.03558661115744652,0.0011793026915133487
200,default,factory_limited,0.005590001364709142,244295.1229529266,118959.11950123063,1645.5507437763115,122.17145025684442,3.392166562256709,0.11241281557358507,0.05300260253526108,0.0017564502433372667
200,default,factory_limited,0.004580434034187464,299718.5636791157,145178.7396987238,1674.4463486274155,123.02859896801182,5.052283715277932,0.16742734387816458,0.07894193305121769,0.0026160522480963215
200,default,factory_limited,0.0037531969265689963,367767.6995969641,177177.3912658437,1703.3419534785198,123.88655899326304,7.5248577188618855,0.24936583373581248,0.11757590185721696,0.00389634115212207
200,default,factory_limited,0.0030753607768321026,451317.433620269,216228.8227664358,1732.2375583296239,124.74519900828658,11.207502761154881,0.3714047992065568,0.17511723064304502,0.00580319998760245
200,default,factory_limited,0.0025199434222928684,553896.6385701947,263887.52797926625,1761.133163180728,125.60440852562544,16.692424339990346,0.5531693047404533,0.26081913031234916,0.008643270386569583
200,default,factory_limited,0.0020648357420030186,679836.7756421022,322050.62457481667,1790.028768031832,126.46409469130846,24.861651724241007,0.8238888683203486,0.38846330819126573,0.012873263567505447
200,default,factory_limited,0.0016919215740065319,834454.2566333088,393033.3713883537,1818.924372882936,127.32417954748237,37.02887692452548,1.2270978550783365,0.5785762019457106,0.019173403985599007
200,default,factory_limited,0.0013863565775996507,1024274.2048831091,479661.3303540074,1847.8199777340403,128.18459770045766,55.15070927305872,1.8276362308519174,0.8617298323915425,0.02855681610706121
200,default,factory_limited,0.0011359773347546405,1257305.005040496,585382.8417273011,1876.7155825851446,129.045294339362,82.14131742426383,2.722076465620882,1.2834580847541224,0.04253244477532628
200,default,factory_limited,0.0009308171692094851,1543375.1599521195,714406.2898208313,1905.6111874362484,129.9062235565075,122.34105630060667,4.054253335322194,1.9115790046969792,0.06334770836440928
200,default,factory_limited,0.0007627094097632645,1894546.5831058729,871867.6232968976,1934.5067922873527,130.7673469263242,182.21443879991904,6.038393966725709,2.847100606248735,0.09434990573008921
200,default,factory_limited,0.0006249623051490014,2325621.6562461182,1064034.7983834553,1963.4023971384568,131.6286323051094,271.3896929709993,8.993567663795659,4.240463952671864,0.14052449474680717
200,default,factory_limited,0.0005120926500413626,2854765.307733984,1298557.2831454729,1992.2980019895608,132.4900528187968,404.20707566301803,13.394995386021488,6.315735557234657,0.20929680290658575
200,default,factory_limited,0.000419607518830857,3504268.1819412336,1584770.5546585547,2021.193606840665,133.3515860104148,602.0249266928051,19.950469946852188,9.40663947957508,0.31172609291956543
200,default,factory_limited,0.0003438254187892884,4301482.8744957615,1934067.7099967634,2050.0892116917694,134.21321312287583,896.6542996927493,29.714176050826595,14.010223432699208,0.46428400079416554
200,default,factory_limited,0.00028172974339213923,5279972.449051308,2360352.9835005393,2078.9848165428734,135.0749184962405,1335.47449201841,44.25621354943707,20.866788937787657,0.6915033367099542
200,default,factory_limited,0.0002308486923139418,6480919.330666461,2880595.2231782107,2107.8804213939775,135.93668906165277,1989.0521011754117,65.9150849205153,31.07893908086581,1.0299232018830515
200,default,factory_limited,0.0001891568781535471,7954853.559393022,3515503.35809984,2136.7760262450815,136.79851391679577,2962.488826881899,98.17374943803812,46.28888792002967,1.5339648349693455
200,default,factory_limited,0.00015499470321511088,9763772.739576505,4290350.744654648,2165.6716310961856,137.66038397000491,4412.322856808929,146.21971723688023,68.94254463763951,2.2846830818262536
200,default,factory_limited,0.0001270022970311419,11983742.392602347,5235981.205862904,2194.5672359472896,138.52229164213884,6571.701744850032,217.77925189999203,102.68283976328175,3.4028008109373755
200,default,factory_limited,0.00010406538492351445,14708085.496157931,6390036.810465099,2223.4628407983937,139.38423061699166,9787.87482802171,324.35982953848657,152.9355441878392,5.068122336538853
200,default,factory_limited,8.527093282906315e-05,18051294.608553566,7798456.265155686,2252.3584456494978,140.24619563246296,14578.034330924624,483.10065398952685,227.78178642069724,7.548447718586357
200,default,factory_limited,6.987080277349386e-05,22153830.158365972,9517303.565442132,2281.2540505006023,141.10818230592275,21712.484955896252,719.5288091536514,339.25757743587894,11.242637643025803
200,default,factory_limited,5.7251972251774814e-05,27188005.48551588,11614999.696990572,2310.1496553517063,141.97018698824442,32338.516445935682,1071.6642648413706,505.28931946774503,16.744754138146416
200,default,factory_limited,4.6912132058134204e-05,33365204.591831557,14175046.223275935,2339.0452602028104,142.83220664185504,48164.89904533291,1596.133861393098,752.5765475833267,24.939591584267156
200,default,factory_limited,3.843969120507633e-05,40944734.18735985,17299349.17553812,2367.9408650539144,143.69423873889605,71736.67054039123,2377.2774618576536,1120.885477193613,37.14496034152584
200,default,factory_limited,3.149739300082433e-05,50244679.820136726,21112275.55687144,2396.8364699050185,144.55628117621126,106844.4033356546,3540.7106304503877,1669.443802119603,55.32360360078731
200,default,factory_limited,2.5808890101525137e-05,61655219.49190744,25765603.93494725,2425.7320747561225,145.41833220440972,159133.76573177357,5273.524849214698,2486.465089558962,82.39882576897966
200,default,factory_limited,2.1147744140449004e-05,75654950.6716273,31444566.188247748,2454.6276796072266,146.28039036869367,237013.40084627882,7854.373666155088,3703.3343882231065,122.72458853367326
200,default,factory_limited,1.7328412049903184e-05,92830912.2895263,38375220.90549506,2483.523284458331,147.1424544595179,353007.11902591854,11698.282923001148,5515.736234779977,182.78567067189294
200,default,factory_limited,1.4198860274505597e-05,113903137.3572204,46833451.94617261,2512.418889309435,148.0045234714599,525767.8495732006,17423.390987402778,8215.122649581259,272.2404841781684
200,default,factory_limited,1.1634512874828548e-05,139754760.72428203,57155950.36171867,2541.314494160539,148.86659656894523,783077.2150080424,25950.35147449048,12235.581484500663,405.47424178891373
200,default,factory_limited,9.533292617689702e-06,171468938.00590423,69753616.82726033,2570.210099011643,149.72867305769444,1166313.0888709319,38650.38339187086,18223.64201360831,603.9122404979822
200,default,factory_limited,7.811557657143072e-06,210374115.52971956,85127918.08537729,2599.1057038627473,150.59075236094213,1737103.5642477411,57565.77662568827,27142.243191370955,899.4652597763792
200,default,factory_limited,6.400772060394231e-06,258099539.05496922,103890848.49172401,2628.0013087138514,151.45283399963705,2587237.3565174914,85738.31221595561,40425.5836955858,1339.6611283743064
200,default,factory_limited,5.244777644527709e-06,316643315.4792429,126789291.25819185,2656.896913564956,152.31491757596078,3853424.330436192,127698.41062754625,60209.7551630655,1995.2876660554102
200,default,factory_limited,4.297558525907499e-06,388455864.49477124,154734749.12504086,2685.79251841606,153.1770027596116,5739279.789305681,190193.66786376547,89676.24670790127,2971.7760603713355
200,default,factory_limited,3.5214093971877605e-06,476542237.91445225,188839627.93066305,2714.688123267164,154.03908927639358,8548067.815880615,283273.9351860773,133563.5596231346,4426.155237282458
200,default,factory_limited,2.885434617783073e-06,584587569.7836006,230461517.3943513,2743.583728118268,154.90117689872437,12731469.115872012,421907.43391774734,198929.2049355002,6592.303654964802
200,default,factory_limited,2.364318372112592e-06,717110883.0578858,281257231.7670972,2772.4793329693725,155.76326543774215,18962215.712335743,628387.7924671383,296284.620505246,9818.559257299035
200,default,factory_limited,1.937316940144021e-06,879653658.5493459,343248761.50984466,2801.374937820476,156.62535473674257,28242272.863301445,935919.0807685677,441285.5134890851,14623.735637008871
200,default,factory_limited,1.5874329662360128e-06,1079011018.0254083,418903761.29281574,2830.2705426715806,157.48744466572373,42063964.917680085,1393955.3508950258,657249.4518387513,21780.552357734778
200,default,factory_limited,1.3007388569603548e-06,1323515145.8424997,511233778.24696225,2859.1661475226847,158.3495351168524,62649955.72983734,2076153.33442418,978905.5582787085,32439.895850377812
200,default,factory_limited,1.0658223748611395e-06,1623382745.8953352,623914130.5727553,2888.0617523737887,159.2116260006968,93310674.84085023,3092217.168414344,1457979.294388285,48315.893256474126
200,default,factory_limited,8.733323592786795e-07,1991140993.1415803,761430208.4325747,2916.9573572248933,160.0737172430974,138976667.06743073,4605539.898279424,2171510.422928605,71961.560910616
200,default,factory_limited,7.156064910559172e-07,2442149702.019497,929256020.8268368,2945.852962075997,160.9358087825674,206991472.5417444,6859478.684519567,3234241.7584647564,107179.35444561823
200,default,factory_limited,5.863662838101185e-07,2995241433.1160197,1134072095.7479482,2974.7485669271014,161.79790056813408,308292540.10107565,10216489.024654098,4817070.939079307,159632.64101022028
200,default,factory_limited,4.804671604948061e-07,3673506160.378845,1384031407.415337,3003.644171778205,162.65999255754684,459170076.50064206,15216411.15766338,7174532.445322532,237756.42433849032
200,default,factory_limited,3.93693666719584e-07,4505253127.296625,1689083916.1761858,3032.5397766293095,163.52208471578913,683886671.68035,22663281.67732768,10685729.245005468,354113.776208245
200,default,factory_limited,3.22591669023728e-07,5525189880.89792,2061372639.8109956,3061.4353814804135,164.38417701384367,1018578961.5612568,33754630.514648125,15915296.274394637,527416.101791377
200,default,factory_limited,2.64330858534326e-07,6775867492.361428,2515717022.3851204,3090.3309863315176,165.24626942766756,1517068754.0758793,50274055.514221676,23704199.282435615,785532.1174097137
200,default,factory_limited,2.1659208678558458e-07,8309452026.46108,3070202841.7814546,3119.226591182622,166.10836193734207,2259518104.58136,74878042.4881327,35304970.38408375,1169969.4138770734
200,default,factory_limited,1.7747504895287205e-07,10189895867.198456,3746902137.962283,3148.1221960337257,166.97045452636706,3365320161.8016987,111523154.22949235,52583127.52815154,1742549.284835818
200,default,factory_limited,1.45422639710772e-07,12495599105.209852,4572751819.655076,3177.0178008848297,167.83254718107608,5012298758.954783,166102284.67532822,78317168.10866849,2595348.1980520035
200,default,factory_limited,1.1915897060022631e-07,15322671531.715853,5580625923.561093,3205.913405735934,168.6946398901507,7465304232.917152,247392294.13821217,116645378.6393305,3865504.595909565
200,default,factory_limited,9.763858160424957e-08,18788930706.639988,6810644208.780014,3234.8090105870383,169.5567326442184,11118803960.048126,368465414.66059905,173731311.87575197,5757272.10407186
200,default,factory_limited,8.000482523194604e-08,23038802107.546463,8311769176.778965,3263.704615438142,170.4188254355189,16560316585.205387,548791393.337246,258754946.64383417,8574865.520894468
200,default,factory_limited,6.555576653435989e-08,28249324786.1873,10143755088.393923,3292.6002202892464,171.28091825762726,24664890791.09922,817368418.9015442,385388918.6109253,12771381.545336628
200,default,factory_limited,5.371624165727791e-08,34637511810.43599,12379526561.057907,3321.495825140351,172.1430111052249,36735821722.17309,1217386315.3262901,573997214.4089545,19021661.176973283
200,default,factory_limited,4.401496268479646e-08,42469370949.8113,15108081429.458385,3350.3914299914545,173.0051039739095,54714233646.24355,1813171889.7769625,854909900.7225555,28330810.77776504
200,default,factory_limited,3.6065757401728826e-08,52070959898.61884,18438033421.82413,3379.2870348425586,173.86719686003744,81491231804.64528,2700533315.0933313,1273300496.9475825,42195833.0483333
200,default,factory_limited,2.9552197198832463e-08,63841934671.431274,22501935672.747505,3408.1826396936626,174.72928976059345,121372820534.68661,4022167025.116451,1896450320.8544784,62846359.76744454
200,default,factory_limited,2.4215001214332402e-08,78272153141.96562,27461557175.676994,3437.078244544767,175.59138267308236,180772351065.44925,5990604702.973272,2824567985.3976445,93603198.48395738
200,default,factory_limited,1.9841715316967552e-08,95962022304.73595,33514322211.2365,3465.9738493958707,176.4534755954397,269241851394.48877,8922390463.445883,4206903928.038887,139412350.99134192
200,default,factory_limited,1.6258255088856447e-08,117647432957.77896,40901169081.31559,3494.8694542469752,177.31556852595753,401008086220.4767,13288984256.076557,6265751347.194948,207640379.0011962
200,default,factory_limited,1.3321976165452046e-08,144230315551.60382,49916140976.21475,3523.7650590980793,178.17766146322288,597260360457.8427,19792577256.257816,9332193132.153791,309259019.6290284
200,default,factory_limited,1.0915996088320412e-08,176816083785.4741,60918090751.972275,3552.6606639491833,179.03975440606695,889557967611.9185,29479011103.93771,13899343243.936226,460609548.4990267
200,default,factory_limited,8.944541644597905e-09,216759517786.88956,74344965541.98456,3581.5562688002874,179.90184735352312,1324905234185.0518,43905959512.74243,20701644284.141434,686030617.3866005
200,default,factory_limited,7.329136487832536e-09,265720988179.65393,90731239820.741,3610.4518736513915,180.76394030479193,1973310277106.9172,65393417504.329735,30832973079.79558,1021772148.5051521
200,default,factory_limited,6.005477283424599e-09,325735350479.506,110729190865.78812,3639.347478502496,181.6260332592122,2939042996634.3784,97396779397.44238,45922546822.41216,1521824678.0850372
200,default,factory_limited,4.9208740295126795e-09,399296363753.1812,135134863515.76675,3668.2430833536005,182.48812621623728,4377402700567.586,145062500157.0835,68396917196.36853,2266601564.9544296
200,default,factory_limited,4.032152661898664e-09,489460130016.9445,164919757785.99362,3697.138688204704,183.35021917541513,6519691758466.635,216055695907.0894,101870183726.04117,3375870248.5482717
200,default,factory_limited,3.30393645343254e-09,599971837989.434,201269500708.95328,3726.0342930558086,184.21231213637208,9710411294785.973,321792769898.1386,151725176481.03082,5028012029.658416
200,default,factory_limited,2.7072377966910252e-09,735421059078.1628,245631041783.34982,3754.929897906913,185.07440509879916,14462660353759.352,479277282295.0537,225979068027.48987,7488707535.860214
200,default,factory_limited,2.218304314000376e-09,901432024710.1935,299770250708.87744,3783.8255027580167,185.936498062441,21540647265941.703,713834289679.1711,336572613530.3391,11153660776.23705
200,default,factory_limited,1.8176733626899397e-09,1104896761113.8335,365842210160.5668,3812.7211076091203,186.7985910270865,32082581854666.324,1063182862917.4854,501290341479.1613,16612232233.085709
200,default,factory_limited,1.4893972989099906e-09,1354260730189.6277,446477001699.3728,3841.616712460225,187.66068399256125,47783710756398.89,1583501684276.7,746620480568.7327,24742213816.823437
200,default,factory_limited,1.2204086606174117e-09,1659872796381.7795,544884399640.4115,3870.5123173113293,188.522776958721,71168929732477.06,2358463131381.147,1112014527069.954,36850986427.83042
200,default,factory_limited,1e-09,2034413999138.1062,664981640356.477,3899.407922162433,189.38486992544665,105998811709865.83,3512688617457.8643,1656231432966.6536,54885759647.77913
200,qbest,optimistic,0.049999999999999996,2371.434658057664,13299.632807129543,1327.6990904141662,43.266608213953944,0.04239952468394634,0.001405075446983146,0.0006624925731866615,2.1954303859111656e-05
200,qbest,optimistic,0.040969882969123315,2892.6986973529015,16230.987060852387,1356.5946952652703,43.58418856489637,0.06314973753933717,0.002092715575501446,0.0009867146490521433,3.2698680867210097e-05
200,qbest,optimistic,0.03357062621007322,3531.217031927684,19808.43717943344,1385.4903001163743,43.903763798195364,0.0940550485179636,0.0031168849255387198,0.0014696101330931813,4.8701326961542496e-05
200,qbest,optimistic,0.027507692540537677,4313.447222353244,24174.388287076556,1414.3859049674784,44.225040515265064,0.14008533521150315,0.004642279989110638,0.0021888333626797368,7.253562482985372e-05
200,qbest,optimistic,0.022539738882729105,5271.814815635489,29502.6328306764,1443.2815098185824,44.547764432710906,0.20864271988091337,0.006914199276565284,0.0032600424981392715,0.00010803436369633256
200,qbest,optimistic,0.0184690092836002,6446.05881380484,36005.268617573136,1472.1771146696865,44.87171627324198,0.3107519034278661,0.010297989726641744,0.004855498491060408,0.00016090608947877725
200,qbest,optimistic,0.01513346297809504,7884.880324724682,43941.14164874267,1501.072719520791,45.19670776256298,0.4628330455966026,0.015337798083063063,0.007231766337446916,0.00023965309504786036
200,qbest,optimistic,0.012400324142602285,9647.962680377546,53626.1498255421,1529.968324371895,45.52257784705874,0.6893422879578646,0.022844075036140964,0.010770973249341634,0.00035693867243970256
200,qbest,optimistic,0.010160796578032203,11808.446680558096,65445.81768265863,1558.863929222999,45.84918920051158,1.0267045417088763,0.03402390365492549,0.01604225846420119,0.0005316234946082108
200,qbest,optimistic,0.008325732933500966,14455.963451833408,79870.64270110484,1587.7595340741032,46.17642505371599,1.5291709711998187,0.05067511020201974,0.023893296424997167,0.0007917985969065584
200,qbest,optimistic,0.0068220860783542074,17700.35048091931,97474.82408150741,1616.6551389252072,46.50418635649264,2.277543114076577,0.07547537225685431,0.03558661115744652,0.0011793026915133487
200,qbest,optimistic,0.005590001364709142,21676.20464130819,118959.11950123063,1645.5507437763115,46.83238926512369,3.392166562256709,0.11241281557358507,0.05300260253526108,0.0017564502433372667
200,qbest,optimistic,0.004580434034187464,26548.460649378634,145178.7396987238,1674.4463486274155,47.160962937737864,5.052283715277932,0.16742734387816458,0.07894193305121769,0.0026160522480963215
200,qbest,optimistic,0.0037531969265689963,32519.225791050572,177177.3912658437,1703.3419534785198,47.48984761408416,7.5248577188618855,0.24936583373581248,0.11757590185721696,0.00389634115212207
200,qbest,optimistic,0.0030753607768321026,39836.15370344491,216228.8227664358,1732.2375583296239,47.81899295317652,11.207502761154881,0.3714047992065568,0.17511723064304502,0.00580319998760245
200,qbest,optimistic,0.0025199434222928684,48802.703622700115,263887.52797926625,1761.133163180728,48.14835660148975,16.692424339990346,0.5531693047404533,0.26081913031234916,0.008643270386569583
200,qbest,optimistic,0.0020648357420030186,59790.70944588062,322050.62457481667,1790.028768031832,48.477902965001576,24.861651724241007,0.8238888683203486,0.38846330819126573,0.012873263567505447
200,qbest,optimistic,0.0016919215740065319,73255.77841893185,393033.3713883537,1818.924372882936,48.80760215986824,37.02887692452548,1.2270978550783365,0.5785762019457106,0.019173403985599007
200,qbest,optimistic,0.0013863565775996507,89756.15619403964,479661.3303540074,1847.8199777340403,49.13742911850877,55.15070927305872,1.8276362308519174,0.8617298323915425,0.02855681610706121
200,qbest,optimistic,0.0011359773347546405,109975.8382240881,585382.8417273011,1876.7155825851446,49.46736283008876,82.14131742426383,2.722076465620882,1.2834580847541224,0.04253244477532628
200,qbest,optimistic,0.0009308171692094851,134752.88288903818,714406.2898208313,1905.6111874362484,49.79738569666121,122.34105630060667,4.054253335322194,1.9115790046969792,0.06334770836440928
200,qbest,optimistic,0.0007627094097632645,165114.09661667873,871867.6232968976,1934.5067922873527,50.127482988424276,182.21443879991904,6.038393966725709,2.847100606248735,0.09434990573008921
200,qbest,optimistic,0.0006249623051490014,202317.52443214718,1064034.7983834553,1963.4023971384568,50.45764238362526,271.3896929709993,8.993567663795659,4.240463952671864,0.14052449474680717
200,qbest,optimistic,0.0005120926500413626,247904.5017019889,1298557.2831454729,1992.2980019895608,50.78785358053878,404.20707566301803,13.394995386021488,6.315735557234657,0.20929680290658575
200,qbest,optimistic,0.000419607518830857,303763.4176229357,1584770.5546585547,2021.193606840665,51.118107970659004,602.0249266928051,19.950469946852188,9.40663947957508,0.31172609291956543
200,qbest,optimistic,0.0003438254187892884,372207.82452274143,1934067.7099967634,2050.0892116917694,51.448398363769066,896.6542996927493,29.714176050826595,14.010223432699208,0.46428400079416554
200,qbest,optimistic,0.00028172974339213923,456072.1192266279,2360352.9835005393,2078.9848165428734,51.77871875689219,1335.47449201841,44.25621354943707,20.866788937787657,0.6915033367099542
200,qbest,optimistic,0.0002308486923139418,558828.7480121172,2880595.2231782107,2107.8804213939775,52.10906414030022,1989.0521011754117,65.9150849205153,31.07893908086581,1.0299232018830515
200,qbest,optimistic,0.0001891568781535471,684731.7749241596,3515503.35809984,2136.7760262450815,52.43943033477171,2962.488826881899,98.17374943803812,46.28888792002967,1.5339648349693455
200,qbest,optimistic,0.00015499470321511088,838992.7410623118,4290350.744654648,2165.6716310961856,52.76981385516855,4412.322856808929,146.21971723688023,68.94254463763951,2.2846830818262536
200,qbest,optimistic,0.0001270022970311419,1027996.0747142076,5235981.205862904,2194.5672359472896,53.10021179615322,6571.701744850032,217.77925189999203,102.68283976328175,3.4028008109373755
200,qbest,optimistic,0.00010406538492351445,1259562.9437931762,6390036.810465099,2223.4628407983937,53.43062173651346,9787.87482802171,324.35982953848657,152.9355441878392,5.068122336538853
200,qbest,optimistic,8.527093282906315e-05,1543274.4401672736,7798456.265155686,2252.3584456494978,53.761041659110795,14578.034330924624,483.10065398952685,227.78178642069724,7.548447718586357
200,qbest,optimistic,6.987080277349386e-05,1890867.432459614,9517303.565442132,2281.2540505006023,54.09146988393706,21712.484955896252,719.5288091536514,339.25757743587894,11.242637643025803
200,qbest,optimistic,5.7251972251774814e-05,2316719.420553375,11614999.696990572,2310.1496553517063,54.42190501216036,32338.516445935682,1071.6642648413706,505.28931946774503,16.744754138146416
200,qbest,optimistic,4.6912132058134204e-05,2838442.3947742917,14175046.223275935,2339.0452602028104,54.752345879377756,48164.89904533291,1596.133861393098,752.5765475833267,24.939591584267156
200,qbest,optimistic,3.843969120507633e-05,3477610.1966795535,17299349.17553812,2367.9408650539144,55.08279151657681,71736.67054039123,2377.2774618576536,1120.885477193613,37.14496034152584
200,qbest,optimistic,3.149739300082433e-05,4260649.381607755,21112275.55687144,2396.8364699050185,55.41324111754764,106844.4033356546,3540.7106304503877,1669.443802119603,55.32360360078731
200,qbest,optimistic,2.5808890101525137e-05,5219930.322227385,25765603.93494725,2425.7320747561225,55.74369401169039,159133.76573177357,5273.524849214698,2486.465089558962,82.39882576897966
200,qbest,optimistic,2.1147744140449004e-05,6395103.54470158,31444566.188247748,2454.6276796072266,56.07414964133257,237013.40084627882,7854.373666155088,3703.3343882231065,122.72458853367326
200,qbest,optimistic,1.7328412049903184e-05,7834736.394468136,38375220.90549506,2483.523284458331,56.404607542815185,353007.11902591854,11698.282923001148,5515.736234779977,182.78567067189294
200,qbest,optimistic,1.4198860274505597e-05,9598317.5029502,46833451.94617261,2512.418889309435,56.73506733072628,525767.8495732006,17423.390987402778,8215.122649581259,272.2404841781684
200,qbest,optimistic,1.1634512874828548e-05,11758711.679031609,57155950.36171867,2541.314494160539,57.065528684762334,783077.2150080424,25950.35147449048,12235.581484500663,405.47424178891373
200,qbest,optimistic,9.533292617689702e-06,14405166.403386798,69753616.82726033,2570.210099011643,57.39599133878286,1166313.0888709319,38650.38339187086,18223.64201360831,603.9122404979822
200,qbest,optimistic,7.811557657143072e-06,17646993.82318561,85127918.08537729,2599.1057038627473,57.726455071694474,1737103.5642477411,57565.77662568827,27142.243191370955,899.4652597763792
200,qbest,optimistic,6.400772060394231e-06,21618079.964009978,103890848.49172401,2628.0013087138514,58.05691969986087,2587237.3565174914,85738.31221595561,40425.5836955858,1339.6611283743064
200,qbest,optimistic,5.244777644527709e-06,26482406.939439368,126789291.25819185,2656.896913564956,58.387385070784966,3853424.330436192,127698.41062754625,60209.7551630655,1995.2876660554102
200,qbest,optimistic,4.297558525907499e-06,32440815.64780686,154734749.12504086,2685.79251841606,58.717851057851114,5739279.789305681,190193.66786376547,89676.24670790127,2971.7760603713355
200,qbest,optimistic,3.5214093971877605e-06,39739287.5155424,188839627.93066305,2714.688123267164,59.04831755595087,8548067.815880615,283273.9351860773,133563.5596231346,4426.155237282458
200,qbest,optimistic,2.885434617783073e-06,48679086.37748914,230461517.3943513,2743.583728118268,59.37878447784434,12731469.115872012,421907.43391774734,198929.2049355002,6592.303654964802
200,qbest,optimistic,2.364318372112592e-06,59629178.147888,281257231.7670972,2772.4793329693725,59.70925175113448,18962215.712335743,628387.7924671383,296284.620505246,9818.559257299035
200,qbest,optimistic,1.937316940144021e-06,73041439.6792883,343248761.50984466,2801.374937820476,60.039719315751306,28242272.863301445,935919.0807685677,441285.5134890851,14623.735637008871
200,qbest,optimistic,1.5874329662360128e-06,89469282.98439735,418903761.29281574,2830.2705426715806,60.37018712186076,42063964.917680085,1393955.3508950258,657249.4518387513,21780.552357734778
200,qbest,optimistic,1.3007388569603548e-06,109590461.5259836,511233778.24696225,2859.1661475226847,60.70065512812674,62649955.72983734,2076153.33442418,978905.5582787085,32439.895850377812
200,qbest,optimistic,1.0658223748611395e-06,134234997.33858863,623914130.5727553,2888.0617523737887,61.0311233002671,93310674.84085023,3092217.168414344,1457979.294388285,48315.893256474126
200,qbest,optimistic,8.733323592786795e-07,164419378.4043538,761430208.4325747,2916.9573572248933,61.361591609854,138976667.06743073,4605539.898279424,2171510.422928605,71961.560910616
200,qbest,optimistic,7.156064910559172e-07,201388433.62063482,929256020.8268368,2945.852962075997,61.692060033317496,206991472.5417444,6859478.684519567,3234241.7584647564,107179.35444561823
200,qbest,optimistic,5.863662838101185e-07,246666608.46709538,1134072095.7479482,2974.7485669271014,62.022528551118064,308292540.10107565,10216489.024654098,4817070.939079307,159632.64101022028
200,qbest,optimistic,4.804671604948061e-07,302120751.0784497,1384031407.415337,3003.644171778205,62.35299714705962,459170076.50064206,15216411.15766338,7174532.445322532,237756.42433849032
200,qbest,optimistic,3.93693666719584e-07,370036991.73827726,1689083916.1761858,3032.5397766293095,62.683465807719166,683886671.68035,22663281.67732768,10685729.245005468,354113.776208245
200,qbest,optimistic,3.22591669023728e-07,453214878.2720189,2061372639.8109956,3061.4353814804135,63.0139345219734,1018578961.5612568,33754630.514648125,15915296.274394637,527416.101791377
200,qbest,optimistic,2.64330858534326e-07,555082639.2343174,2515717022.3851204,3090.3309863315176,63.34440328060589,1517068754.0758793,50274055.514221676,23704199.282435615,785532.1174097137
200,qbest,optimistic,2.1659208678558458e-07,679838315.2931149,3070202841.7814546,3119.226591182622,63.67487207598112,2259518104.58136,74878042.4881327,35304970.38408375,1169969.4138770734
200,qbest,optimistic,1.7747504895287205e-07,832622562.4766409,3746902137.962283,3148.1221960337257,64.00534090177403,3365320161.8016987,111523154.22949235,52583127.52815154,1742549.284835818
200,qbest,optimistic,1.45422639710772e-07,1019730232.6295644,4572751819.655076,3177.0178008848297,64.33580975274582,5012298758.954783,166102284.67532822,78317168.10866849,2595348.1980520035
200,qbest,optimistic,1.1915897060022631e-07,1248869429.9658856,5580625923.561093,3205.913405735934,64.66627862455776,7465304232.917152,247392294.13821217,116645378.6393305,3865504.595909565
200,qbest,optimistic,9.763858160424957e-08,1529478693.4305336,6810644208.780014,3234.8090105870383,64.99674751361705,11118803960.048126,368465414.66059905,173731311.87575197,5757272.10407186
200,qbest,optimistic,8.000482523194604e-08,1873115342.771392,8311769176.778965,3263.704615438142,65.3272164169489,16560316585.205387,548791393.337246,258754946.64383417,8574865.520894468
200,qbest,optimistic,6.555576653435989e-08,2293930949.8059087,10143755088.393923,3292.6002202892464,65.65768533209044,24664890791.09922,817368418.9015442,385388918.6109253,12771381.545336628
200,qbest,optimistic,5.371624165727791e-08,2809253475.3336744,12379526561.057907,3321.495825140351,65.98815425700288,36735821722.17309,1217386315.3262901,573997214.4089545,19021661.176973283
200,qbest,optimistic,4.401496268479646e-08,3440299993.3757696,15108081429.458385,3350.3914299914545,66.31862318999865,54714233646.24355,1813171889.7769625,854909900.7225555,28330810.77776504
200,qbest,optimistic,3.6065757401728826e-08,4213049287.698237,18438033421.82413,3379.2870348425586,66.64909212968102,81491231804.64528,2700533315.0933313,1273300496.9475825,42195833.0483333
200,qbest,optimistic,2.9552197198832463e-08,5159310170.9640875,22501935672.747505,3408.1826396936626,66.97956107489415,121372820534.68661,4022167025.116451,1896450320.8544784,62846359.76744454
200,qbest,optimistic,2.4215001214332402e-08,6318029413.718988,27461557175.676994,3437.078244544767,67.31003002468157,180772351065.44925,5990604702.973272,2824567985.3976445,93603198.48395738
200,qbest,optimistic,1.9841715316967552e-08,7736893008.455147,33514322211.2365,3465.9738493958707,67.64049897825188,269241851394.48877,8922390463.445883,4206903928.038887,139412350.99134192
200,qbest,optimistic,1.6258255088856447e-08,9474286536.775831,40901169081.31559,3494.8694542469752,67.97096793495038,401008086220.4767,13288984256.076557,6265751347.194948,207640379.0011962
200,qbest,optimistic,1.3321976165452046e-08,11601695149.154936,49916140976.21475,3523.7650590980793,68.30143689423542,597260360457.8427,19792577256.257816,9332193132.153791,309259019.6290284
200,qbest,optimistic,1.0915996088320412e-08,14206641711.545023,60918090751.972275,3552.6606639491833,68.63190585565899,889557967611.9185,29479011103.93771,13899343243.936226,460609548.4990267
200,qbest,optimistic,8.944541644597905e-09,17396283761.13922,74344965541.98456,3581.5562688002874,68.96237481885053,1324905234185.0518,43905959512.74243,20701644284.141434,686030617.3866005
200,qbest,optimistic,7.329136487832536e-09,21301816950.67673,90731239820.741,3610.4518736513915,69.29284378350357,1973310277106.9172,65393417504.329735,30832973079.79558,1021772148.5051521
200,qbest,optimistic,6.005477283424599e-09,26083865755.38106,110729190865.78812,3639.347478502496,69.62331274936467,2939042996634.3784,97396779397.44238,45922546822.41216,1521824678.0850372
200,qbest,optimistic,4.9208740295126795e-09,31939082725.77307,135134863515.76675,3668.2430833536005,69.95378171622428,4377402700567.586,145062500157.0835,68396917196.36853,2266601564.9544296
200,qbest,optimistic,4.032152661898664e-09,39108227153.892494,164919757785.99362,3697.138688204704,70.28425068390914,6519691758466.635,216055695907.0894,101870183726.04117,3375870248.5482717
200,qbest,optimistic,3.30393645343254e-09,47886054712.42925,201269500708.95328,3726.0342930558086,70.61471965227595,9710411294785.973,321792769898.1386,151725176481.03082,5028012029.658416
200,qbest,optimistic,2.7072377966910252e-09,58633423913.56459,245631041783.34982,3754.929897906913,70.94518862120634,14462660353759.352,479277282295.0537,225979068027.48987,7488707535.860214
200,qbest,optimistic,2.218304314000376e-09,71792116161.60316,299770250708.87744,3783.8255027580167,71.27565759060238,21540647265941.703,713834289679.1711,336572613530.3391,11153660776.23705
200,qbest,optimistic,1.8176733626899397e-09,87902977467.04056,365842210160.5668,3812.7211076091203,71.60612656038316,32082581854666.324,1063182862917.4854,501290341479.1613,16612232233.085709
200,qbest,optimistic,1.4893972989099906e-09,107628126110.13457,446477001699.3728,3841.616712460225,71.9365955304818,47783710756398.89,1583501684276.7,746620480568.7327,24742213816.823437
200,qbest,optimistic,1.2204086606174117e-09,131778137270.88545,544884399640.4115,3870.5123173113293,72.26706450084305,71168929732477.06,2358463131381.147,1112014527069.954,36850986427.83042
200,qbest,optimistic,1e-09,161345319710.6264,664981640356.477,3899.407922162433,72.59753347142122,105998811709865.83,3512688617457.8643,1656231432966.6536,54885759647.77913
200,qbest,moderate,0.049999999999999996,23714.346580576635,13299.632807129543,1327.6990904141662,43.266608213953944,0.04239952468394634,0.001405075446983146,0.0006624925731866615,2.1954303859111656e-05
200,qbest,moderate,0.040969882969123315,28926.986973529012,16230.987060852387,1356.5946952652703,43.58418856489637,0.06314973753933717,0.002092715575501446,0.0009867146490521433,3.2698680867210097e-05
200,qbest,moderate,0.03357062621007322,35312.17031927684,19808.43717943344,1385.4903001163743,43.903763798195364,0.0940550485179636,0.0031168849255387198,0.0014696101330931813,4.8701326961542496e-05
200,qbest,moderate,0.027507692540537677,43134.47222353244,24174.388287076556,1414.3859049674784,44.225040515265064,0.14008533521150315,0.004642279989110638,0.0021888333626797368,7.253562482985372e-05
200,qbest,moderate,0.022539738882729105,52718.148156354895,29502.6328306764,1443.2815098185824,44.547764432710906,0.20864271988091337,0.006914199276565284,0.0032600424981392715,0.00010803436369633256
200,qbest,moderate,0.0184690092836002,64460.5881380484,36005.268617573136,1472.1771146696865,44.87171627324198,0.3107519034278661,0.010297989726641744,0.004855498491060408,0.00016090608947877725
200,qbest,moderate,0.01513346297809504,78848.80324724682,43941.14164874267,1501.072719520791,45.19670776256298,0.4628330455966026,0.015337798083063063,0.007231766337446916,0.00023965309504786036
200,qbest,moderate,0.012400324142602285,96479.62680377546,53626.1498255421,1529.968324371895,45.52257784705874,0.6893422879578646,0.022844075036140964,0.010770973249341634,0.00035693867243970256
200,qbest,moderate,0.010160796578032203,118084.46680558096,65445.81768265863,1558.863929222999,45.84918920051158,1.0267045417088763,0.03402390365492549,0.01604225846420119,0.0005316234946082108
200,qbest,moderate,0.008325732933500966,144559.63451833406,79870.64270110484,1587.7595340741032,46.17642505371599,1.5291709711998187,0.05067511020201974,0.023893296424997167,0.0007917985969065584
200,qbest,moderate,0.0068220860783542074,177003.5048091931,97474.82408150741,1616.6551389252072,46.50418635649264,2.277543114076577,0.07547537225685431,0.03558661115744652,0.0011793026915133487
200,qbest,moderate,0.005590001364709142,216762.04641308193,118959.11950123063,1645.5507437763115,46.83238926512369,3.392166562256709,0.11241281557358507,0.05300260253526108,0.0017564502433372667
200,qbest,moderate,0.004580434034187464,265484.6064937863,145178.7396987238,1674.4463486274155,47.160962937737864,5.052283715277932,0.16742734387816458,0.07894193305121769,0.0026160522480963215
200,qbest,moderate,0.0037531969265689963,325192.2579105057,177177.3912658437,1703.3419534785198,47.48984761408416,7.5248577188618855,0.24936583373581248,0.11757590185721696,0.00389634115212207
200,qbest,moderate,0.0030753607768321026,398361.53703444905,216228.8227664358,1732.2375583296239,47.81899295317652,11.207502761154881,0.3714047992065568,0.17511723064304502,0.00580319998760245
200,qbest,moderate,0.0025199434222928684,488027.0362270012,263887.52797926625,1761.133163180728,48.14835660148975,16.692424339990346,0.5531693047404533,0.26081913031234916,0.008643270386569583
200,qbest,moderate,0.0020648357420030186,597907.0944588062,322050.62457481667,1790.028768031832,48.477902965001576,24.861651724241007,0.8238888683203486,0.38846330819126573,0.012873263567505447
200,qbest,moderate,0.0016919215740065319,732557.7841893185,393033.3713883537,1818.924372882936,48.80760215986824,37.02887692452548,1.2270978550783365,0.5785762019457106,0.019173403985599007
200,qbest,moderate,0.0013863565775996507,897561.5619403964,479661.3303540074,1847.8199777340403,49.13742911850877,55.15070927305872,1.8276362308519174,0.8617298323915425,0.02855681610706121
200,qbest,moderate,0.0011359773347546405,1099758.382240881,585382.8417273011,1876.7155825851446,49.46736283008876,82.14131742426383,2.722076465620882,1.2834580847541224,0.04253244477532628
200,qbest,moderate,0.0009308171692094851,1347528.8288903818,714406.2898208313,1905.6111874362484,49.79738569666121,122.34105630060667,4.054253335322194,1.9115790046969792,0.06334770836440928
200,qbest,moderate,0.0007627094097632645,1651140.9661667873,871867.6232968976,1934.5067922873527,50.127482988424276,182.21443879991904,6.038393966725709,2.847100606248735,0.09434990573008921
200,qbest,moderate,0.0006249623051490014,2023175.2443214718,1064034.7983834553,1963.4023971384568,50.45764238362526,271.3896929709993,8.993567663795659,4.240463952671864,0.14052449474680717
200,qbest,moderate,0.0005120926500413626,2479045.0170198884,1298557.2831454729,1992.2980019895608,50.78785358053878,404.20707566301803,13.394995386021488,6.315735557234657,0.20929680290658575
200,qbest,moderate,0.000419607518830857,3037634.1762293573,1584770.5546585547,2021.193606840665,51.118107970659004,602.0249266928051,19.950469946852188,9.40663947957508,0.31172609291956543
200,qbest,moderate,0.0003438254187892884,3722078.245227414,1934067.7099967634,2050.0892116917694,51.448398363769066,896.6542996927493,29.714176050826595,14.010223432699208,0.46428400079416554
200,qbest,moderate,0.00028172974339213923,4560721.192266279,2360352.9835005393,2078.9848165428734,51.77871875689219,1335.47449201841,44.25621354943707,20.866788937787657,0.6915033367099542
200,qbest,moderate,0.0002308486923139418,5588287.480121173,2880595.2231782107,2107.8804213939775,52.10906414030022,1989.0521011754117,65.9150849205153,31.07893908086581,1.0299232018830515
200,qbest,moderate,0.0001891568781535471,6847317.749241596,3515503.35809984,2136.7760262450815,52.43943033477171,2962.488826881899,98.17374943803812,46.28888792002967,1.5339648349693455
200,qbest,moderate,0.00015499470321511088,8389927.410623118,4290350.744654648,2165.6716310961856,52.76981385516855,4412.322856808929,146.21971723688023,68.94254463763951,2.2846830818262536
200,qbest,moderate,0.0001270022970311419,10279960.747142076,5235981.205862904,2194.5672359472896,53.10021179615322,6571.701744850032,217.77925189999203,102.68283976328175,3.4028008109373755
200,qbest,moderate,0.00010406538492351445,12595629.437931761,6390036.810465099,2223.4628407983937,53.43062173651346,9787.87482802171,324.35982953848657,152.9355441878392,5.068122336538853
200,qbest,moderate,8.527093282906315e-05,15432744.401672736,7798456.265155686,2252.3584456494978,53.761041659110795,14578.034330924624,483.10065398952685,227.78178642069724,7.548447718586357
200,qbest,moderate,6.987080277349386e-05,18908674.32459614,9517303.565442132,2281.2540505006023,54.09146988393706,21712.484955896252,719.5288091536514,339.25757743587894,11.242637643025803
200,qbest,moderate,5.7251972251774814e-05,23167194.20553375,11614999.696990572,2310.1496553517063,54.42190501216036,32338.516445935682,1071.6642648413706,505.28931946774503,16.744754138146416
200,qbest,moderate,4.6912132058134204e-05,28384423.94774292,14175046.223275935,2339.0452602028104,54.752345879377756,48164.89904533291,1596.133861393098,752.5765475833267,24.939591584267156
200,qbest,moderate,3.843969120507633e-05,34776101.966795534,17299349.17553812,2367.9408650539144,55.08279151657681,71736.67054039123,2377.2774618576536,1120.885477193613,37.14496034152584
200,qbest,moderate,3.149739300082433e-05,42606493.81607755,21112275.55687144,2396.8364699050185,55.41324111754764,106844.4033356546,3540.7106304503877,1669.443802119603,55.32360360078731
200,qbest,moderate,2.5808890101525137e-05,52199303.22227384,25765603.93494725,2425.7320747561225,55.74369401169039,159133.76573177357,5273.524849214698,2486.465089558962,82.39882576897966
200,qbest,moderate,2.1147744140449004e-05,63951035.44701579,31444566.188247748,2454.6276796072266,56.07414964133257,237013.40084627882,7854.373666155088,3703.3343882231065,122.72458853367326
200,qbest,moderate,1.7328412049903184e-05,78347363.94468138,38375220.90549506,2483.523284458331,56.404607542815185,353007.11902591854,11698.282923001148,5515.736234779977,182.78567067189294
200,qbest,moderate,1.4198860274505597e-05,95983175.029502,46833451.94617261,2512.418889309435,56.73506733072628,525767.8495732006,17423.390987402778,8215.122649581259,272.2404841781684
200,qbest,moderate,1.1634512874828548e-05,117587116.79031609,57155950.36171867,2541.314494160539,57.065528684762334,783077.2150080424,25950.35147449048,12235.581484500663,405.47424178891373
200,qbest,moderate,9.533292617689702e-06,144051664.03386799,69753616.82726033,2570.210099011643,57.39599133878286,1166313.0888709319,38650.38339187086,18223.64201360831,603.9122404979822
200,qbest,moderate,7.811557657143072e-06,176469938.2318561,85127918.08537729,2599.1057038627473,57.726455071694474,1737103.5642477411,57565.77662568827,27142.243191370955,899.4652597763792
200,qbest,moderate,6.400772060394231e-06,216180799.6400998,103890848.49172401,2628.0013087138514,58.05691969986087,2587237.3565174914,85738.31221595561,40425.5836955858,1339.6611283743064
200,qbest,moderate,5.244777644527709e-06,264824069.39439368,126789291.25819185,2656.896913564956,58.387385070784966,3853424.330436192,127698.41062754625,60209.7551630655,1995.2876660554102
200,qbest,moderate,4.297558525907499e-06,324408156.4780686,154734749.12504086,2685.79251841606,58.717851057851114,5739279.789305681,190193.66786376547,89676.24670790127,2971.7760603713355
200,qbest,moderate,3.5214093971877605e-06,397392875.15542406,188839627.93066305,2714.688123267164,59.04831755595087,8548067.815880615,283273.9351860773,133563.5596231346,4426.155237282458
200,qbest,moderate,2.885434617783073e-06,486790863.7748914,230461517.3943513,2743.583728118268,59.37878447784434,12731469.115872012,421907.43391774734,198929.2049355002,6592.303654964802
200,qbest,moderate,2.364318372112592e-06,596291781.4788799,281257231.7670972,2772.4793329693725,59.70925175113448,18962215.712335743,628387.7924671383,296284.620505246,9818.559257299035
200,qbest,moderate,1.937316940144021e-06,730414396.7928829,343248761.50984466,2801.374937820476,60.039719315751306,28242272.863301445,935919.0807685677,441285.5134890851,14623.735637008871
200,qbest,moderate,1.5874329662360128e-06,894692829.8439736,418903761.29281574,2830.2705426715806,60.37018712186076,42063964.917680085,1393955.3508950258,657249.4518387513,21780.552357734778
200,qbest,moderate,1.3007388569603548e-06,1095904615.259836,511233778.24696225,2859.1661475226847,60.70065512812674,62649955.72983734,2076153.33442418,978905.5582787085,32439.895850377812
200,qbest,moderate,1.0658223748611395e-06,1342349973.3858864,623914130.5727553,2888.0617523737887,61.0311233002671,93310674.84085023,3092217.168414344,1457979.294388285,48315.893256474126
200,qbest,moderate,8.733323592786795e-07,1644193784.0435379,761430208.4325747,2916.9573572248933,61.361591609854,138976667.06743073,4605539.898279424,2171510.422928605,71961.560910616
200,qbest,moderate,7.156064910559172e-07,2013884336.2063484,929256020.8268368,2945.852962075997,61.692060033317496,206991472.5417444,6859478.684519567,3234241.7584647564,107179.35444561823
200,qbest,moderate,5.863662838101185e-07,2466666084.6709538,1134072095.7479482,2974.7485669271014,62.022528551118064,308292540.10107565,10216489.024654098,4817070.939079307,159632.64101022028
200,qbest,moderate,4.804671604948061e-07,3021207510.7844973,1384031407.415337,3003.644171778205,62.35299714705962,459170076.50064206,15216411.15766338,7174532.445322532,237756.42433849032
200,qbest,moderate,3.93693666719584e-07,3700369917.3827724,1689083916.1761858,3032.5397766293095,62.683465807719166,683886671.68035,22663281.67732768,10685729.245005468,354113.776208245
200,qbest,moderate,3.22591669023728e-07,4532148782.720189,2061372639.8109956,3061.4353814804135,63.0139345219734,1018578961.5612568,33754630.514648125,15915296.274394637,527416.101791377
200,qbest,moderate,2.64330858534326e-07,5550826392.343175,2515717022.3851204,3090.3309863315176,63.34440328060589,1517068754.0758793,50274055.514221676,23704199.282435615,785532.1174097137
200,qbest,moderate,2.1659208678558458e-07,6798383152.931149,3070202841.7814546,3119.226591182622,63.67487207598112,2259518104.58136,74878042.4881327,35304970.38408375,1169969.4138770734
200,qbest,moderate,1.7747504895287205e-07,8326225624.76641,3746902137.962283,3148.1221960337257,64.00534090177403,3365320161.8016987,111523154.22949235,52583127.52815154,1742549.284835818
200,qbest,moderate,1.45422639710772e-07,10197302326.295643,4572751819.655076,3177.0178008848297,64.33580975274582,5012298758.954783,166102284.67532822,78317168.10866849,2595348.1980520035
200,qbest,moderate,1.1915897060022631e-07,12488694299.658857,5580625923.561093,3205.913405735934,64.66627862455776,7465304232.917152,247392294.13821217,116645378.6393305,3865504.595909565
200,qbest,moderate,9.763858160424957e-08,15294786934.305338,6810644208.780014,3234.8090105870383,64.99674751361705,11118803960.048126,368465414.66059905,173731311.87575197,5757272.10407186
200,qbest,moderate,8.000482523194604e-08,18731153427.713924,8311769176.778965,3263.704615438142,65.3272164169489,16560316585.205387,548791393.337246,258754946.64383417,8574865.520894468
200,qbest,moderate,6.555576653435989e-08,22939309498.059086,10143755088.393923,3292.6002202892464,65.65768533209044,24664890791.09922,817368418.9015442,385388918.6109253,12771381.545336628
200,qbest,moderate,5.371624165727791e-08,28092534753.336742,12379526561.057907,3321.495825140351,65.98815425700288,36735821722.17309,1217386315.3262901,573997214.4089545,19021661.176973283
200,qbest,moderate,4.401496268479646e-08,34402999933.7577,15108081429.458385,3350.3914299914545,66.31862318999865,54714233646.24355,1813171889.7769625,854909900.7225555,28330810.77776504
200,qbest,moderate,3.6065757401728826e-08,42130492876.98237,18438033421.82413,3379.2870348425586,66.64909212968102,81491231804.64528,2700533315.0933313,1273300496.9475825,42195833.0483333
200,qbest,moderate,2.9552197198832463e-08,51593101709.64088,22501935672.747505,3408.1826396936626,66.97956107489415,121372820534.68661,4022167025.116451,1896450320.8544784,62846359.76744454
200,qbest,moderate,2.4215001214332402e-08,63180294137.18989,27461557175.676994,3437.078244544767,67.31003002468157,180772351065.44925,5990604702.973272,2824567985.3976445,93603198.48395738
200,qbest,moderate,1.9841715316967552e-08,77368930084.55147,33514322211.2365,3465.9738493958707,67.64049897825188,269241851394.48877,8922390463.445883,4206903928.038887,139412350.99134192
200,qbest,moderate,1.6258255088856447e-08,94742865367.75832,40901169081.31559,3494.8694542469752,67.97096793495038,401008086220.4767,13288984256.076557,6265751347.194948,207640379.0011962
200,qbest,moderate,1.3321976165452046e-08,116016951491.54936,49916140976.21475,3523.7650590980793,68.30143689423542,597260360457.8427,19792577256.257816,9332193132.153791,309259019.6290284
200,qbest,moderate,1.0915996088320412e-08,142066417115.45023,60918090751.972275,3552.6606639491833,68.63190585565899,889557967611.9185,29479011103.93771,13899343243.936226,460609548.4990267
200,qbest,moderate,8.944541644597905e-09,173962837611.3922,74344965541.98456,3581.5562688002874,68.96237481885053,1324905234185.0518,43905959512.74243,20701644284.141434,686030617.3866005
200,qbest,moderate,7.329136487832536e-09,213018169506.7673,90731239820.741,3610.4518736513915,69.29284378350357,1973310277106.9172,65393417504.329735,30832973079.79558,1021772148.5051521
200,qbest,moderate,6.005477283424599e-09,260838657553.8106,110729190865.78812,3639.347478502496,69.62331274936467,2939042996634.3784,97396779397.44238,45922546822.41216,1521824678.0850372
200,qbest,moderate,4.9208740295126795e-09,319390827257.73065,135134863515.76675,3668.2430833536005,69.95378171622428,4377402700567.586,145062500157.0835,68396917196.36853,2266601564.9544296
200,qbest,moderate,4.032152661898664e-09,391082271538.9249,164919757785.99362,3697.138688204704,70.28425068390914,6519691758466.635,216055695907.0894,101870183726.04117,3375870248.5482717
200,qbest,moderate,3.30393645343254e-09,478860547124.29254,201269500708.95328,3726.0342930558086,70.61471965227595,9710411294785.973,321792769898.1386,151725176481.03082,5028012029.658416
200,qbest,moderate,2.7072377966910252e-09,586334239135.6459,245631041783.34982,3754.929897906913,70.94518862120634,14462660353759.352,479277282295.0537,225979068027.48987,7488707535.860214
200,qbest,moderate,2.218304314000376e-09,717921161616.0317,299770250708.87744,3783.8255027580167,71.27565759060238,21540647265941.703,713834289679.1711,336572613530.3391,11153660776.23705
200,qbest,moderate,1.8176733626899397e-09,879029774670.4056,365842210160.5668,3812.7211076091203,71.60612656038316,32082581854666.324,1063182862917.4854,501290341479.1613,16612232233.085709
200,qbest,moderate,1.4893972989099906e-09,1076281261101.3457,446477001699.3728,3841.616712460225,71.9365955304818,47783710756398.89,1583501684276.7,746620480568.7327,24742213816.823437
200,qbest,moderate,1.2204086606174117e-09,1317781372708.8545,544884399640.4115,3870.5123173113293,72.26706450084305,71168929732477.06,2358463131381.147,1112014527069.954,36850986427.83042
200,qbest,moderate,1e-09,1613453197106.264,664981640356.477,3899.407922162433,72.59753347142122,105998811709865.83,3512688617457.8643,1656231432966.6536,54885759647.77913
200,qbest,factory_limited,0.049999999999999996,10430.044053274802,13299.632807129543,1327.6990904141662,43.266608213953944,0.04239952468394634,0.001405075446983146,0.0006624925731866615,2.1954303859111656e-05
200,qbest,factory_limited,0.040969882969123315,12720.04111812201,16230.987060852387,1356.5946952652703,43.58418856489637,0.06314973753933717,0.002092715575501446,0.0009867146490521433,3.2698680867210097e-05
200,qbest,factory_limited,0.03357062621007322,15529.856194965272,19808.43717943344,1385.4903001163743,43.903763798195364,0.0940550485179636,0.0031168849255387198,0.0014696101330931813,4.8701326961542496e-05
200,qbest,factory_limited,0.027507692540537677,18977.977360651923,24174.388287076556,1414.3859049674784,44.225040515265064,0.14008533521150315,0.004642279989110638,0.0021888333626797368,7.253562482985372e-05
200,qbest,factory_limited,0.022539738882729105,23209.879494530218,29502.6328306764,1443.2815098185824,44.547764432710906,0.20864271988091337,0.006914199276565284,0.0032600424981392715,0.00010803436369633256
200,qbest,factory_limited,0.0184690092836002,28404.164281401114,36005.268617573136,1472.1771146696865,44.87171627324198,0.3107519034278661,0.010297989726641744,0.004855498491060408,0.00016090608947877725
200,qbest,factory_limited,0.01513346297809504,34780.095822284464,43941.14164874267,1501.072719520791,45.19670776256298,0.4628330455966026,0.015337798083063063,0.007231766337446916,0.00023965309504786036
200,qbest,factory_limited,0.012400324142602285,42606.84878065544,53626.1498255421,1529.968324371895,45.52257784705874,0.6893422879578646,0.022844075036140964,0.010770973249341634,0.00035693867243970256
200,qbest,factory_limited,0.010160796578032203,52214.85789996636,65445.81768265863,1558.863929222999,45.84918920051158,1.0267045417088763,0.03402390365492549,0.01604225846420119,0.0005316234946082108
200,qbest,factory_limited,0.008325732933500966,64009.74593857139,79870.64270110484,1587.7595340741032,46.17642505371599,1.5291709711998187,0.05067511020201974,0.023893296424997167,0.0007917985969065584
200,qbest,factory_limited,0.0068220860783542074,78489.41527356708,97474.82408150741,1616.6551389252072,46.50418635649264,2.277543114076577,0.07547537225685431,0.03558661115744652,0.0011793026915133487
200,qbest,factory_limited,0.005590001364709142,96265.02115445513,118959.11950123063,1645.5507437763115,46.83238926512369,3.392166562256709,0.11241281557358507,0.05300260253526108,0.0017564502433372667
200,qbest,factory_limited,0.004580434034187464,118086.70739489746,145178.7396987238,1674.4463486274155,47.160962937737864,5.052283715277932,0.16742734387816458,0.07894193305121769,0.0026160522480963215
200,qbest,factory_limited,0.0037531969265689963,144875.1849870498,177177.3912658437,1703.3419534785198,47.48984761408416,7.5248577188618855,0.24936583373581248,0.11757590185721696,0.00389634115212207
200,qbest,factory_limited,0.0030753607768321026,177760.47906008386,216228.8227664358,1732.2375583296239,47.81899295317652,11.207502761154881,0.3714047992065568,0.17511723064304502,0.00580319998760245
200,qbest,factory_limited,0.0025199434222928684,218129.47002427033,263887.52797926625,1761.133163180728,48.14835660148975,16.692424339990346,0.5531693047404533,0.26081913031234916,0.008643270386569583
200,qbest,factory_limited,0.0020648357420030186,267684.2232030519,322050.62457481667,1790.028768031832,48.477902965001576,24.861651724241007,0.8238888683203486,0.38846330819126573,0.012873263567505447
200,qbest,factory_limited,0.0016919215740065319,328513.5531572866,393033.3713883537,1818.924372882936,48.80760215986824,37.02887692452548,1.2270978550783365,0.5785762019457106,0.019173403985599007
200,qbest,factory_limited,0.0013863565775996507,403180.82313053816,479661.3303540074,1847.8199777340403,49.13742911850877,55.15070927305872,1.8276362308519174,0.8617298323915425,0.02855681610706121
200,qbest,factory_limited,0.0011359773347546405,494831.6597443063,585382.8417273011,1876.7155825851446,49.46736283008876,82.14131742426383,2.722076465620882,1.2834580847541224,0.04253244477532628
200,qbest,factory_limited,0.0009308171692094851,607326.0966348661,714406.2898208313,1905.6111874362484,49.79738569666121,122.34105630060667,4.054253335322194,1.9115790046969792,0.06334770836440928
200,qbest,factory_limited,0.0007627094097632645,745400.6829544947,871867.6232968976,1934.5067922873527,50.127482988424276,182.21443879991904,6.038393966725709,2.847100606248735,0.09434990573008921
200,qbest,factory_limited,0.0006249623051490014,914867.3462331169,1064034.7983834553,1963.4023971384568,50.45764238362526,271.3896929709993,8.993567663795659,4.240463952671864,0.14052449474680717
200,qbest,factory_limited,0.0005120926500413626,1122857.3363314432,1298557.2831454729,1992.2980019895608,50.78785358053878,404.20707566301803,13.394995386021488,6.315735557234657,0.20929680290658575
200,qbest,factory_limited,0.000419607518830857,1378120.4622579764,1584770.5546585547,2021.193606840665,51.118107970659004,602.0249266928051,19.950469946852188,9.40663947957508,0.31172609291956543
200,qbest,factory_limited,0.0003438254187892884,1691392.1451100195,1934067.7099967634,2050.0892116917694,51.448398363769066,896.6542996927493,29.714176050826595,14.010223432699208,0.46428400079416554
200,qbest,factory_limited,0.00028172974339213923,2075843.6447427464,2360352.9835005393,2078.9848165428734,51.77871875689219,1335.47449201841,44.25621354943707,20.866788937787657,0.6915033367099542
200,qbest,factory_limited,0.0002308486923139418,2547634.2931624935,2880595.2231782107,2107.8804213939775,52.10906414030022,1989.0521011754117,65.9150849205153,31.07893908086581,1.0299232018830515
200,qbest,factory_limited,0.0001891568781535471,3126588.828973531,3515503.35809984,2136.7760262450815,52.43943033477171,2962.488826881899,98.17374943803812,46.28888792002967,1.5339648349693455
200,qbest,factory_limited,0.00015499470321511088,3837028.152103551,4290350.744654648,2165.6716310961856,52.76981385516855,4412.322856808929,146.21971723688023,68.94254463763951,2.2846830818262536
200,qbest,factory_limited,0.0001270022970311419,4708788.224231761,5235981.205862904,2194.5672359472896,53.10021179615322,6571.701744850032,217.77925189999203,102.68283976328175,3.4028008109373755
200,qbest,factory_limited,0.00010406538492351445,5778469.6947581,6390036.810465099,2223.4628407983937,53.43062173651346,9787.87482802171,324.35982953848657,152.9355441878392,5.068122336538853
200,qbest,factory_limited,8.527093282906315e-05,7090970.461968453,7798456.265155686,2252.3584456494978,53.761041659110795,14578.034330924624,483.10065398952685,227.78178642069724,7.548447718586357
200,qbest,factory_limited,6.987080277349386e-05,8701365.185329217,9517303.565442132,2281.2540505006023,54.09146988393706,21712.484955896252,719.5288091536514,339.25757743587894,11.242637643025803
200,qbest,factory_limited,5.7251972251774814e-05,10677210.239191549,11614999.696990572,2310.1496553517063,54.42190501216036,32338.516445935682,1071.6642648413706,505.28931946774503,16.744754138146416
200,qbest,factory_limited,4.6912132058134204e-05,13101370.343182312,14175046.223275935,2339.0452602028104,54.752345879377756,48164.89904533291,1596.133861393098,752.5765475833267,24.939591584267156
200,qbest,factory_limited,3.843969120507633e-05,16075484.858802002,17299349.17553812,2367.9408650539144,55.08279151657681,71736.67054039123,2377.2774618576536,1120.885477193613,37.14496034152584
200,qbest,factory_limited,3.149739300082433e-05,19724218.410531882,21112275.55687144,2396.8364699050185,55.41324111754764,106844.4033356546,3540.7106304503877,1669.443802119603,55.32360360078731
200,qbest,factory_limited,2.5808890101525137e-05,24200473.182668403,25765603.93494725,2425.7320747561225,55.74369401169039,159133.76573177357,5273.524849214698,2486.465089558962,82.39882576897966
200,qbest,factory_limited,2.1147744140449004e-05,29691780.320124064,31444566.188247748,2454.6276796072266,56.07414964133257,237013.40084627882,7854.373666155088,3703.3343882231065,122.72458853367326
200,qbest,factory_limited,1.7328412049903184e-05,36428136.98938312,38375220.90549506,2483.523284458331,56.404607542815185,353007.11902591854,11698.282923001148,5515.736234779977,182.78567067189294
200,qbest,factory_limited,1.4198860274505597e-05,44691615.877540454,46833451.94617261,2512.418889309435,56.73506733072628,525767.8495732006,17423.390987402778,8215.122649581259,272.2404841781684
200,qbest,factory_limited,1.1634512874828548e-05,54828147.72658556,57155950.36171867,2541.314494160539,57.065528684762334,783077.2150080424,25950.35147449048,12235.581484500663,405.47424178891373
200,qbest,factory_limited,9.533292617689702e-06,67261967.98525757,69753616.82726033,2570.210099011643,57.39599133878286,1166313.0888709319,38650.38339187086,18223.64201360831,603.9122404979822
200,qbest,factory_limited,7.811557657143072e-06,82513329.57239288,85127918.08537729,2599.1057038627473,57.726455071694474,1737103.5642477411,57565.77662568827,27142.243191370955,899.4652597763792
200,qbest,factory_limited,6.400772060394231e-06,101220219.69225365,103890848.49172401,2628.0013087138514,58.05691969986087,2587237.3565174914,85738.31221595561,40425.5836955858,1339.6611283743064
200,qbest,factory_limited,5.244777644527709e-06,124164985.27166718,126789291.25819185,2656.896913564956,58.387385070784966,3853424.330436192,127698.41062754625,60209.7551630655,1995.2876660554102
200,qbest,factory_limited,4.297558525907499e-06,152306975.822077,154734749.12504086,2685.79251841606,58.717851057851114,5739279.789305681,190193.66786376547,89676.24670790127,2971.7760603713355
200,qbest,factory_limited,3.5214093971877605e-06,186822562.84850997,188839627.93066305,2714.688123267164,59.04831755595087,8548067.815880615,283273.9351860773,133563.5596231346,4426.155237282458
200,qbest,factory_limited,2.885434617783073e-06,229154201.72558317,230461517.3943513,2743.583728118268,59.37878447784434,12731469.115872012,421907.43391774734,198929.2049355002,6592.303654964802
200,qbest,factory_limited,2.364318372112592e-06,281070577.97467226,281257231.7670972,2772.4793329693725,59.70925175113448,18962215.712335743,628387.7924671383,296284.620505246,9818.559257299035
200,qbest,factory_limited,1.937316940144021e-06,344740340.7134133,343248761.50984466,2801.374937820476,60.039719315751306,28242272.863301445,935919.0807685677,441285.5134890851,14623.735637008871
200,qbest,factory_limited,1.5874329662360128e-06,422822490.83365524,418903761.29281574,2830.2705426715806,60.37018712186076,42063964.917680085,1393955.3508950258,657249.4518387513,21780.552357734778
200,qbest,factory_limited,1.3007388569603548e-06,518577183.63131124,511233778.24696225,2859.1661475226847,60.70065512812674,62649955.72983734,2076153.33442418,978905.5582787085,32439.895850377812
200,qbest,factory_limited,1.0658223748611395e-06,636001553.876442,623914130.5727553,2888.0617523737887,61.0311233002671,93310674.84085023,3092217.168414344,1457979.294388285,48315.893256474126
200,qbest,factory_limited,8.733323592786795e-07,779996210.8593624,761430208.4325747,2916.9573572248933,61.361591609854,138976667.06743073,4605539.898279424,2171510.422928605,71961.560910616
200,qbest,factory_limited,7.156064910559172e-07,956569324.8905678,929256020.8268368,2945.852962075997,61.692060033317496,206991472.5417444,6859478.684519567,3234241.7584647564,107179.35444561823
200,qbest,factory_limited,5.863662838101185e-07,1173086787.892839,1134072095.7479482,2974.7485669271014,62.022528551118064,308292540.10107565,10216489.024654098,4817070.939079307,159632.64101022028
200,qbest,factory_limited,4.804671604948061e-07,1438578843.825796,1384031407.415337,3003.644171778205,62.35299714705962,459170076.50064206,15216411.15766338,7174532.445322532,237756.42433849032
200,qbest,factory_limited,3.93693666719584e-07,1764115929.0272062,1689083916.1761858,3032.5397766293095,62.683465807719166,683886671.68035,22663281.67732768,10685729.245005468,354113.776208245
200,qbest,factory_limited,3.22591669023728e-07,2163269335.301964,2061372639.8109956,3061.4353814804135,63.0139345219734,1018578961.5612568,33754630.514648125,15915296.274394637,527416.101791377
200,qbest,factory_limited,2.64330858534326e-07,2652675828.7797556,2515717022.3851204,3090.3309863315176,63.34440328060589,1517068754.0758793,50274055.514221676,23704199.282435615,785532.1174097137
200,qbest,factory_limited,2.1659208678558458e-07,3252729671.0423326,3070202841.7814546,3119.226591182622,63.67487207598112,2259518104.58136,74878042.4881327,35304970.38408375,1169969.4138770734
200,qbest,factory_limited,1.7747504895287205e-07,3988430774.4760675,3746902137.962283,3148.1221960337257,64.00534090177403,3365320161.8016987,111523154.22949235,52583127.52815154,1742549.284835818
200,qbest,factory_limited,1.45422639710772e-07,4890424200.149856,4572751819.655076,3177.0178008848297,64.33580975274582,5012298758.954783,166102284.67532822,78317168.10866849,2595348.1980520035
200,qbest,factory_limited,1.1915897060022631e-07,5996274141.949697,5580625923.561093,3205.913405735934,64.66627862455776,7465304232.917152,247392294.13821217,116645378.6393305,3865504.595909565
200,qbest,factory_limited,9.763858160424957e-08,7352025263.789824,6810644208.780014,3234.8090105870383,64.99674751361705,11118803960.048126,368465414.66059905,173731311.87575197,5757272.10407186
200,qbest,factory_limited,8.000482523194604e-08,9014116169.992996,8311769176.778965,3263.704615438142,65.3272164169489,16560316585.205387,548791393.337246,258754946.64383417,8574865.520894468
200,qbest,factory_limited,6.555576653435989e-08,11051724385.513435,10143755088.393923,3292.6002202892464,65.65768533209044,24664890791.09922,817368418.9015442,385388918.6109253,12771381.545336628
200,qbest,factory_limited,5.371624165727791e-08,13549640106.667013,12379526561.057907,3321.495825140351,65.98815425700288,36735821722.17309,1217386315.3262901,573997214.4089545,19021661.176973283
200,qbest,factory_limited,4.401496268479646e-08,16611787894.480291,15108081429.458385,3350.3914299914545,66.31862318999865,54714233646.24355,1813171889.7769625,854909900.7225555,28330810.77776504
200,qbest,factory_limited,3.6065757401728826e-08,20365542328.24172,18438033421.82413,3379.2870348425586,66.64909212968102,81491231804.64528,2700533315.0933313,1273300496.9475825,42195833.0483333
200,qbest,factory_limited,2.9552197198832463e-08,24967016526.880222,22501935672.747505,3408.1826396936626,66.97956107489415,121372820534.68661,4022167025.116451,1896450320.8544784,62846359.76744454
200,qbest,factory_limited,2.4215001214332402e-08,30607542740.807434,27461557175.676994,3437.078244544767,67.31003002468157,180772351065.44925,5990604702.973272,2824567985.3976445,93603198.48395738
200,qbest,factory_limited,1.9841715316967552e-08,37521613583.281815,33514322211.2365,3465.9738493958707,67.64049897825188,269241851394.48877,8922390463.445883,4206903928.038887,139412350.99134192
200,qbest,factory_limited,1.6258255088856447e-08,45996612949.48871,40901169081.31559,3494.8694542469752,67.97096793495038,401008086220.4767,13288984256.076557,6265751347.194948,207640379.0011962
200,qbest,factory_limited,1.3321976165452046e-08,56384739763.83902,49916140976.21475,3523.7650590980793,68.30143689423542,597260360457.8427,19792577256.257816,9332193132.153791,309259019.6290284
200,qbest,factory_limited,1.0915996088320412e-08,69117618464.31581,60918090751.972275,3552.6606639491833,68.63190585565899,889557967611.9185,29479011103.93771,13899343243.936226,460609548.4990267
200,qbest,factory_limited,8.944541644597905e-09,84724201328.71988,74344965541.98456,3581.5562688002874,68.96237481885053,1324905234185.0518,43905959512.74243,20701644284.141434,686030617.3866005
200,qbest,factory_limited,7.329136487832536e-09,103852703966.73805,90731239820.741,3610.4518736513915,69.29284378350357,1973310277106.9172,65393417504.329735,30832973079.79558,1021772148.5051521
200,qbest,factory_limited,6.005477283424599e-09,127297482172.5815,110729190865.78812,3639.347478502496,69.62331274936467,2939042996634.3784,97396779397.44238,45922546822.41216,1521824678.0850372
200,qbest,factory_limited,4.9208740295126795e-09,156031962749.80267,135134863515.76675,3668.2430833536005,69.95378171622428,4377402700567.586,145062500157.0835,68396917196.36853,2266601564.9544296
200,qbest,factory_limited,4.032152661898664e-09,191248991327.1963,164919757785.99362,3697.138688204704,70.28425068390914,6519691758466.635,216055695907.0894,101870183726.04117,3375870248.5482717
200,qbest,factory_limited,3.30393645343254e-09,234410266925.18866,201269500708.95328,3726.0342930558086,70.61471965227595,9710411294785.973,321792769898.1386,151725176481.03082,5028012029.658416
200,qbest,factory_limited,2.7072377966910252e-09,287306908773.71985,245631041783.34982,3754.929897906913,70.94518862120634,14462660353759.352,479277282295.0537,225979068027.48987,7488707535.860214
200,qbest,factory_limited,2.218304314000376e-09,352133661140.78406,299770250708.87744,3783.8255027580167,71.27565759060238,21540647265941.703,713834289679.1711,336572613530.3391,11153660776.23705
200,qbest,factory_limited,1.8176733626899397e-09,431579805708.2877,365842210160.5668,3812.7211076091203,71.60612656038316,32082581854666.324,1063182862917.4854,501290341479.1613,16612232233.085709
200,qbest,factory_limited,1.4893972989099906e-09,528940541602.5558,446477001699.3728,3841.616712460225,71.9365955304818,47783710756398.89,1583501684276.7,746620480568.7327,24742213816.823437
200,qbest,factory_limited,1.2204086606174117e-09,648253439054.9968,544884399640.4115,3870.5123173113293,72.26706450084305,71168929732477.06,2358463131381.147,1112014527069.954,36850986427.83042
200,qbest,factory_limited,1e-09,794465608744.018,664981640356.477,3899.407922162433,72.59753347142122,105998811709865.83,3512688617457.8643,1656231432966.6536,54885759647.77913
